dosar,year_from,year_to,title_ro,title_en,title_fr,title_ru,county,villages,microfilm,image_range,image_count,confidence,familysearch_url,inventory_page
1,1834,1834,Catagrafii cu ţărani din satele judeţului Akkerman pentru anii 1834 - 1836.,"Revision lists of peasants from the villages of Akkerman county, for the years 1834-1836.","Listes de revision des paysans des villages du judet d'Akkerman, pour les annees 1834-1836.",Ревизские сказки крестьян сёл Аккерманского уезда за 1834-1836 годы.,,28,2359501 · 2359502,5–1055 · 5–720,1767,deduit,,2
2,1835,1835,"Catagrafii cu ţărani liberi, cu colonişti, cu negustori, cu mazili, cu ruptaşi, şi cu boernaşi din satele judeţului Orhei şi din judeţul Iaşi pentru anul 1835","Revision lists of free peasants, colonists, merchants, mazili, ruptasi and boiernasi from the villages of Orhei county and of Iasi county for the year 1835.","Listes de revision des paysans libres, des colons, des negociants, des mazili, des ruptasi et des boiernasi des villages du comte d'Orhei et du comte de Iasi pour l'annee 1835.","Ревизские сказки вольных крестьян, колонистов, купцов, мазилов, рупташей и боерношей сел Оргеевского уезда и Ясского уезда за 1835 год.",,11,2359502 · 2359503,722–1053 · 5–273,601,sur,https://www.familysearch.org/ark:/61903/3:1:3QS7-893Y-ZQYC?i=1&cc=1985804&wc=M6CB-VTL%3A264175701%2C264722601%2C264869701,2-3
3,1835,1836,"Catagrafii suplimentare cu colonişti din satele din domeniul statului din judeţul Akkerman pentru anii 1835, 1836","Supplementary revision lists of colonists from the state-domain villages of Akkerman county, for the years 1835, 1836.","Listes de revision supplementaires des colons des villages du domaine de l'Etat du judet d'Akkerman, pour les annees 1835, 1836.","Дополнительные ревизские сказки колонистов казённых сел Аккерманского уезда, за 1835, 1836 годы.",,12,2359503,276–361,86,sur,https://www.familysearch.org/ark:/61903/3:1:3QS7-993Y-8SBW?i=1&cc=1985804&wc=M6ZM-9MS%3A264175701%2C264722601%2C265219201,3
4,1835,1835,"Catagrafii cu locuitorii şi ţăranii din comunităţile de romi (țigani), de moldoveni şi de maloruşi din suburbiile oraşului Akkerman pentru anul 1835.","Revision lists of the inhabitants and peasants of the Roma (gypsy), Moldavian and Little Russian communities of the suburbs of the town of Akkerman, for the year 1835.","Listes de revision des habitants et des paysans des communautes de roms (tsiganes), de moldaves et de petits-russiens des faubourgs de la ville d'Akkerman, pour l'annee 1835.","Ревизские сказки жителей и крестьян общин цыган, молдаван и малороссов предместий города Аккермана, за 1835 год.",,5,2359503 · 2359862,364–1101 · 5–339,1073,deduit,https://www.familysearch.org/ark:/61903/3:1:3QSQ-G93Y-8SVH?i=1&cc=1985804&wc=M6CB-2M9%3A264175701%2C264722601%2C264874501,3
5,1835,1835,"Catagrafii cu listele coloniştilor de stat, cu dvoreni, cu mazili şi cu ruptaşi din satele judeţului Akkerman pentru anul 1835.","Revision lists with the lists of state colonists, dvoreni, mazili and ruptaşi from the villages of Akkerman county for the year 1835.","Listes de revision avec les listes des colons d'Etat, des dvoreni, des mazili et des ruptaşi des villages du comte d'Akkerman pour l'annee 1835.","Ревизские сказки со списками государственных колонистов, дворян, мазилов и рупташей сёл Аккерманского уезда за 1835 год.",,32,2359861 · 2359862 · 2375772,5–803 · 341–1048 · 5–1004,2507,incertain,,3-4
6,1835,1835,Catagrafii cu slujitorii cultelor din bisericile oraşului Akkerman şi satele judeţului Akkerman şi din oraşul Chilia judeţul Ismail pentru anul 1835.,"Revision lists of clergy from the churches of the town of Akkerman and the villages of Akkerman county, and from the town of Chilia, Ismail county, for the year 1835.","Listes de revision des desservants des cultes des eglises de la ville d'Akkerman et des villages du judet d'Akkerman, et de la ville de Chilia, judet d'Ismail, pour l'annee 1835.","Ревизские сказки духовенства церквей города Аккермана и сёл Аккерманского уезда, а также города Килии Измаильского уезда за 1835 год.",Akkerman,44,2359861,806–1033,228,sur,https://www.familysearch.org/ark:/61903/3:1:3QS7-993Y-BQ7V?i=1&cc=1985804&wc=M6CB-GNL%3A264175701%2C264722601%2C264894301,4-5
7,1835,1835,"Catagrafii cu mici burghezi şi cu dvorenii societăţilor de velicoruşi, şleahtici şi maloruşi din oraşul Akkerman pentru anul 1835.","Revision lists of petty bourgeois and nobility (dvoreni) of the societies of Great Russians, szlachta and Little Russians of the town of Akkerman for the year 1835.","Listes de revision des petits bourgeois et de la noblesse (dvoreni) des societes de grands-russiens, de szlachta et de petits-russiens de la ville d'Akkerman pour l'annee 1835.","Ревизские сказки мещан и дворян обществ великороссиян, шляхтичей и малороссиян города Аккермана за 1835 год.",,5,2359859 · 2359860 · 2359861,5–59 · 5–1064 · 1036–1063,1143,deduit,https://www.familysearch.org/ark:/61903/3:1:3QS7-L93Y-B4GF?i=1&cc=1985804&wc=M6CB-G38%3A264175701%2C264722601%2C264895701,5-6
8,1835,1835,"Catagrafii cu dvoreni, cu mazili, cu ruptaşi şi cu şleahtici din satele judeţului Akkerman pentru anul 1835.","Revision lists of dvoreni, mazili, ruptaşi and şleahtici from the villages of Akkerman county for the year 1835.","Listes de revision des dvoreni, des mazili, des ruptaşi et des şleahtici des villages du comte d'Akkerman pour l'annee 1835.","Ревизские сказки дворян, мазилов, рупташей и шляхтичей сёл Аккерманского уезда за 1835 год.",,10,2359859,62–170,109,sur,https://www.familysearch.org/ark:/61903/3:1:3QS7-993Y-B28J?i=1&cc=1985804&wc=M6CB-5NL%3A264175701%2C264722601%2C264903501,6
9,1835,1835,Catagrafii cu coloniştii din coloniile germane din judeţul Akkerman pentru anul 1835.,Revision lists of the colonists from the German colonies of Akkerman county for the year 1835.,Listes de revision des colons des colonies allemandes du comte d'Akkerman pour l'annee 1835.,Ревизские сказки колонистов немецких колоний Аккерманского уезда за 1835 год.,,22,2359858 · 2359859,5–708 · 173–1019,1551,sur,https://www.familysearch.org/ark:/61903/3:1:3QSQ-G93Y-BLXX?i=1&cc=1985804&wc=M6CB-538%3A264175701%2C264722601%2C264904501,6-7
10,1835,1835,Catagrafii cu locuitorii satelor din judeţele Akkerman şi Iaşi pe anul 1835.,Revision lists of the inhabitants of the villages of Akkerman and Iaşi counties for the year 1835.,Listes de revision des habitants des villages des judete d'Akkerman et de Iaşi pour l'annee 1835.,Ревизские сказки жителей сёл Аккерманского и Ясского уездов за 1835 год.,Akkerman · Iaşi,5,2359858,711–869,159,sur,https://www.familysearch.org/ark:/61903/3:1:3QS7-893Y-YQVY?i=1&cc=1985804&wc=M6CB-5WL%3A264175701%2C264722601%2C264914501,7
11,1835,1835,"Catagrafii cu slujitori de curte din oraşul Akkerman şi cu slujitorii de curte de la moşia Cădăeşti, judeţul Akkerman pentru anul 1835.","Revision lists of court servants from the town of Akkerman and court servants from the estate of Cădăeşti, Akkerman county, for the year 1835.","Listes de revision des serviteurs de cour de la ville d'Akkerman et des serviteurs de cour du domaine de Cădăeşti, judet d'Akkerman, pour l'annee 1835.",Ревизские сказки дворовых слуг города Аккермана и дворовых слуг имения Кэдэешть Аккерманского уезда за 1835 год.,,2,2359858,872–919,48,sur,https://www.familysearch.org/ark:/61903/3:1:3QS7-993Y-YH47?i=1&cc=1985804&wc=M6CB-529%3A264175701%2C264722601%2C264915201,7
12,1859,1859,Catagrafii cu locuitorii şi cu coloniştii de stat din satele din domeniul statului a judeţului Akkerman. Lista membrilor comunităţilor de moldoveni şi şleahtici din oraşul Akkerman pentru anul 1859.,"Revision lists of the inhabitants and state colonists of the villages of the state domain of Akkerman county. List of the members of the Moldavian and szlachta communities of the town of Akkerman, for the year 1859.","Listes de revision des habitants et des colons d'Etat des villages du domaine de l'Etat du judet d'Akkerman. Liste des membres des communautes de moldaves et de szlachta de la ville d'Akkerman, pour l'annee 1859.","Ревизские сказки жителей и государственных колонистов сёл государственного домена Аккерманского уезда. Список членов молдавской и шляхетской общин города Аккермана, за 1859 год.",,4,2359857 · 2359858,5–50 · 922–1052,177,sur,https://www.familysearch.org/ark:/61903/3:1:3QSQ-G93Y-Y4BN?i=1&cc=1985804&wc=M6ZS-2W5%3A264175701%2C264722601%2C265818701,7
13,1835,1835,"Catagrafii cu listele membrilor din societăţile de maloruşi, a tagmei bisericeşti velicoruse, din comunităţile de moldoveni şi evrei, din societatea velicorusă de ceasornicari şi a clasei privilegiate din oraşul Bender pentru anul 1835.","Revision lists with the lists of members of the Little Russian societies, of the Great Russian ecclesiastical order, of the Moldavian and Jewish communities, of the Great Russian society of clockmakers, and of the privileged class of the city of Bender for the year 1835.","Listes de revision avec les listes des membres des societes de Petits-Russiens, de l'ordre ecclesiastique grand-russien, des communautes moldave et juive, de la societe grand-russienne des horlogers et de la classe privilegiee de la ville de Bender pour l'annee 1835.","Ревизские сказки со списками членов малороссийских обществ, великорусского духовного сословия, молдавских и еврейских общин, великорусского общества часовщиков и привилегированного сословия города Бендер за 1835 год.",,3,2359857,53–798,746,sur,,7
14,1835,1835,"Catagrafii cu membrii comunităţilor tagmei bisericeşti de velicoruşi, a comunităţilor de maloruşi, de moldoveni şi evrei, a comunităţii creştine de negustori de ghilda a III, a cominăţii evrei-negustori de ghilda a III, comunităţii de ceasornicari velicoruţi şi a clasei privilegiate din oraşul Bender pentru anul 1835.","Revision lists of members of the Velikorussian ecclesiastical estate communities, of the Malorussian, Moldavian and Jewish communities, of the Christian merchant community of the 3rd guild, of the Jewish merchant community of the 3rd guild, of the Velikorussian watchmakers' community, and of the privileged class of the town of Bender for the year 1835.","Listes de revision des membres des communautes du clerge velikorusse, des communautes malorusse, moldave et juive, de la communaute chretienne des negociants de la 3e guilde, de la communaute juive des negociants de la 3e guilde, de la communaute des horlogers velikorusses et de la classe privilegiee de la ville de Bender pour l'annee 1835.","Ревизские сказки членов великорусской духовной общины, малорусской, молдавской и еврейской общин, христианской купеческой общины 3-й гильдии, еврейской купеческой общины 3-й гильдии, великорусской общины часовщиков и привилегированного сословия города Бендер за 1835 год.",,4,2359857 · 2359868,801–1123 · 5–352,671,sur,https://www.familysearch.org/ark:/61903/3:1:3QSQ-G93B-MSHZ?i=1&cc=1985804&wc=M6CB-R6D%3A264175701%2C264722601%2C264919701,8
15,1835,1836,"Catagrafii cu negustori de ghilda a III a comunităţilor de creştini şi de evrei din oraşul Bender, cu slujitori de curte, cu ţărani din oraşele Bender şi Ismail şi din satele judeţului Bender pentru anii 1835-1836.","Revision lists with 3rd guild merchants of the Christian and Jewish communities of the town of Bender, with court servants, with peasants from the towns of Bender and Ismail and from the villages of Bender district, for the years 1835-1836.","Listes de révision des marchands de la 3e guilde des communautés chrétienne et juive de la ville de Bender, avec des serviteurs de cour, des paysans des villes de Bender et Ismail et des villages du district (judeţ) de Bender, pour les années 1835-1836.","Ревизские сказки о купцах 3-й гильдии христианской и еврейской общин города Бендеры, о дворовых слугах, о крестьянах городов Бендеры и Измаил и сёл Бендерского уезда, за 1835-1836 годы.",,7,,,,volum,https://www.familysearch.org/ark:/61903/3:1:3QS7-893Y-PGL9?i=1&cc=1985804&wc=M6CB-RZ9%3A264175701%2C264722601%2C264923101,8
16,1835,1836,"Catagrafii ce completează datele omise din listele cu ţărani şi cu mici burghezi, cu tagma bisericească velicorusă, cu societatea velicorusă de ceasornicari şi cu membrii comunităţilor de maloruşi de moldoveni şi de evrei din oraşele Chişinău şi Bender, pentru anii 1835-1836.","Revision lists completing the data omitted from the lists of peasants and petty bourgeois, of the Great Russian ecclesiastical order, of the Great Russian community of clockmakers, and of the members of the communities of Little Russians, Moldavians and Jews of the towns of Chişinău and Bender, for the years 1835-1836.","Listes de revision completant les donnees omises des listes de paysans et de petits bourgeois, du clerge grand-russe, de la societe grand-russe d'horlogers, et des membres des communautes de petits-russiens, de moldaves et de juifs des villes de Chişinău et de Bender, pour les annees 1835-1836.","Ревизские сказки, дополняющие пропущенные сведения из списков крестьян и мещан, великорусского духовного сословия, великорусского общества часовщиков, а также членов малороссийских, молдавских и еврейских общин городов Кишинёва и Бендер, за 1835-1836 годы.",,2,2359868,355–458,104,sur,https://www.familysearch.org/ark:/61903/3:1:3QS7-893Y-1GGC?i=1&cc=1985804&wc=M6ZM-9TL%3A264175701%2C264722601%2C265219301,8
17,1835,1835,"Catagrafii cu slujitorii de curte şi cu ţărani din oraşele Akkerman, Bender Ismail, Leova şi Chişinău, şi din satele judeţelor Akkerman, Bender, Hotin, Leova, Orhei şi din toate cetăţile din regiunea Basarabia pentru anul 1835.","Revision lists of court servants and peasants from the towns of Akkerman, Bender, Ismail, Leova and Chişinău, and from the villages of Akkerman, Bender, Hotin, Leova, Orhei counties and all the fortresses of the Bessarabia region, for the year 1835.","Listes de revision des serviteurs de cour et des paysans des villes d'Akkerman, Bender, Ismail, Leova et Chişinău, et des villages des judets d'Akkerman, Bender, Hotin, Leova, Orhei et de toutes les citadelles de la region de Bessarabie, pour l'annee 1835.","Ревизские сказки дворовых слуг и крестьян городов Аккермана, Бендер, Измаила, Леово и Кишинёва, а также сёл Аккерманского, Бендерского, Хотинского, Леовского, Оргеевского уездов и всех крепостей Бессарабской области за 1835 год.",Bender · Hotin · Ismail · Orhei,28,2359868,461–743,283,sur,https://www.familysearch.org/ark:/61903/3:1:3QS7-L93B-M3J7?i=1&cc=1985804&wc=M6CB-TM9%3A264175701%2C264722601%2C264924001,8-9
18,1835,1835,Catagrafii cu oamenii claselor privilegiate din satele judeţului Bender pentru anul 1835.,Revision lists of people of the privileged classes from the villages of Bender county for the year 1835.,Listes de revision des personnes des classes privilegiees des villages du comte de Bender pour l'annee 1835.,Ревизские сказки лиц привилегированных сословий сёл Бендерского уезда за 1835 год.,,9,2359868,746–799,54,sur,https://www.familysearch.org/ark:/61903/3:1:3QS7-L93B-MSM8?i=1&cc=1985804&wc=M6CB-T29%3A264175701%2C264722601%2C264925901,9
19,1835,1835,Catagrafii ce completează datele despre slujitorii cultelor din bisericile din satele judeţului Bender şi despre slujitorii cultelor (noi veniţi şi cei plecaţi ) din bisericile din oraşul Bender şi din satele judeţului Bender pentru anul 1835.,"Revision lists completing the data on the desservants of the cults from the churches of the villages of Bender county, and on the desservants of the cults (newly arrived and departed) from the churches of the town of Bender and of the villages of Bender county, for the year 1835.","Listes de revision completant les donnees sur les desservants des cultes des eglises des villages du comte de Bender, et sur les desservants des cultes (nouveaux arrives et partis) des eglises de la ville de Bender et des villages du comte de Bender, pour l'annee 1835.","Ревизские сказки, дополняющие сведения о служителях культов церквей сел Бендерского уезда, а также о служителях культов (вновь прибывших и выбывших) церквей города Бендеры и сел Бендерского уезда, за 1835 год.",,49,2359867 · 2359868,5–30 · 802–1056,281,sur,https://www.familysearch.org/ark:/61903/3:1:3QS7-993B-M9PJ?i=1&cc=1985804&wc=M6CB-TZ9%3A264175701%2C264722601%2C264926101,10-11
20,,,"Listele cu locuitori înscrişi greşit în procesul recensămîntului popular nr. 8, din oraşul Tucicov şi suburbiile sale,(cu indicarea vîrstei, a localităţii de unde a sosit şi cu indicarea anului în care a fost înscris acest eveniment)","Lists of inhabitants wrongly registered in the process of popular census no. 8, from the town of Tucicov and its suburbs (indicating age, the locality from which they came, and the year in which this event was recorded)","Listes des habitants inscrits par erreur au cours du recensement populaire n° 8, de la ville de Tucicov et de ses faubourgs (avec indication de l'age, de la localite de provenance et de l'annee ou cet evenement a ete inscrit)","Списки жителей, ошибочно внесённых в ходе народной переписи № 8, города Тучкова и его предместий (с указанием возраста, местности прибытия и года, в котором это событие было записано)",,6,2359867,33–1006,974,sur,https://www.familysearch.org/ark:/61903/3:1:3QS7-L93Y-1HZ2?i=1&cc=1985804&wc=M6CB-TP8%3A264175701%2C264722601%2C264928301,11
21,1835,1835,"Catagrafii cu reprezentanţii clasei privilegiate, cu boernaşi, cu mazili, cu răzeşi, cu ruptaşi, cu locuitori şi cu ţărani din satele judeţului Bender pentru anul 1835.","Revision lists of representatives of the privileged class, with boernaşi, with mazili, with răzeşi, with ruptaşi, with inhabitants and with peasants from the villages of Bender county for the year 1835.","Listes de revision des representants de la classe privilegiee, avec des boernaşi, des mazili, des răzeşi, des ruptaşi, des habitants et des paysans des villages du comte de Bender pour l'annee 1835.","Ревизские сказки представителей привилегированного сословия, с боернашами (boernaşi), мазилами (mazili), рэзешами (răzeşi), рупташами (ruptaşi), жителями и крестьянами сёл Бендерского уезда за 1835 год.",,27,2359865 · 2359866 · 2361952,5–345 · 5–1111 · 5–580,2024,probable,,11-12
22,1835,1836,"Catagrafii cu reprezentanţii clasei privilegiate şi coloniştii de stat cu reprezentanţii comunităţilor de evrei, moldoveni şi velicoruşi din satele judeţului Bender şi din tîrgurile Căuşeni şi Cimişlia, judeşul Bender pentru anii 1835, 1836.","Revision lists of representatives of the privileged class and state colonists, with representatives of the Jewish, Moldavian and Great Russian communities, from the villages of Bender county and from the market towns of Căuşeni and Cimişlia, Bender county, for the years 1835, 1836.","Listes de revision des representants de la classe privilegiee et des colonistes d'Etat, avec les representants des communautes juives, moldaves et grand-russiennes, des villages du comte de Bender et des bourgs de Căuşeni et Cimişlia, comte de Bender, pour les annees 1835, 1836.","Ревизские сказки представителей привилегированного сословия и государственных колонистов, с представителями еврейских, молдавских и великороссийских общин, сёл Бендерского уезда и местечек Кэушень и Чимишлия, Бендерский уезд, за 1835, 1836 годы.",,28,2359864 · 2359865,5–1011 · 348–1108,1768,sur,https://www.familysearch.org/ark:/61903/3:1:3QS7-893Y-T4RS?i=1&cc=1985804&wc=M6CB-BM9%3A264175701%2C264722601%2C264941901,12-13
23,1835,1835,"Catagrafii cu listele de colonişti din coloniile judeţului Leova, districtul colonist Ismail pentru anul 1835.","Revision lists with the lists of colonists from the colonies of Leova county, Ismail colonial district, for the year 1835.","Listes de revision avec les listes des colons des colonies du comte de Leova, district colonial d'Ismail, pour l'annee 1835.","Ревизские сказки со списками колонистов колоний Леовского уезда, Измаильского колониального округа, за 1835 год.",,16,2359863 · 2359864,5–119 · 1014–1053,155,sur,https://www.familysearch.org/ark:/61903/3:1:3QS7-993Y-14FV?i=1&cc=1985804&wc=M6CB-B6D%3A264175701%2C264722601%2C264950501,13
24,1835,1836,"Catagrafii cu listele de colonişti din coloniile judeţului Leova, districtul Bugeacul de Jos pentru anii 1835, 1836.","Revision lists with the lists of colonists from the colonies of Leova county, Bugeacul de Jos district, for the years 1835, 1836.","Listes de revision avec les listes des colons des colonies du comte de Leova, district de Bugeacul de Jos, pour les annees 1835, 1836.","Ревизские сказки со списками колонистов колоний Леовского уезда, Нижнебуджакского округа, за 1835, 1836 годы.",,24,2359863,122–308,187,sur,https://www.familysearch.org/ark:/61903/3:1:3QS7-L93Y-Y8T9?i=1&cc=1985804&wc=M6CB-BP8%3A264175701%2C264722601%2C264951401,13-14
25,1836,1836,"Catagrafii cu membrii societăţilor de necrasovţi şi maloruşi, cu mici burghezi înscrişi în cîrmuirea oraşenească Ismail, în suburbiile oraşului Tucicov, judeţul Ismail pentru anul 1836.","Revision lists of members of the Nekrasovite and Malorussian societies, petty bourgeois registered under the town administration of Ismail, in the suburbs of the town of Tucicov, Ismail county, for the year 1836.","Listes de revision des membres des societes de necrasoviens et de malorusses, des petits bourgeois inscrits aupres de l'administration municipale d'Ismail, dans les faubourgs de la ville de Tucicov, comte d'Ismail, pour l'annee 1836.","Ревизские сказки членов некрасовского и малорусского обществ, мещан, числящихся в измаильском городском управлении, в предместьях города Тучкова, Измаильского уезда, за 1836 год.",,4,2359863,311–497,187,sur,https://www.familysearch.org/ark:/61903/3:1:3QS7-L93Y-YCG2?i=1&cc=1985804&wc=M6CB-BTL%3A264175701%2C264722601%2C264953601,14
26,1835,1836,"Catagrafii cu negustorii oraşului Chilia a cîrmuirii orăşăneşti Ismail, regiunea Basarabia pentru anii 1835, 1836.","Revision lists of merchants of the town of Chilia of the town administration of Ismail, region of Bessarabia, for the years 1835, 1836.","Listes de revision des marchands de la ville de Chilia de l'administration urbaine d'Ismail, region de Bessarabie, pour les annees 1835, 1836.","Ревизские сказки купцов города Килия городского управления Измаила, область Бессарабия, за 1835, 1836 годы.",,1,2359863,500–530,31,sur,https://www.familysearch.org/ark:/61903/3:1:3QS7-893Y-YHVL?i=1&cc=1985804&wc=M6CB-B68%3A264175701%2C264722601%2C264954301,14
27,1836,1836,"Catagrafii cu mici burghezi din societăţile de velicoruşi, de maloruşi, moldoveni şi evrei, din oraşul Chilia, cu colonişti din societăţile de velicoruşi şi maloruşi din satul Vilcov a cîrmuirii oraşului Ismail pentru anul 1836.","Revision lists of petty bourgeois of the societies of Velikorussians, Malorussians, Moldavians and Jews of the town of Chilia, with colonists of the societies of Velikorussians and Malorussians of the village of Vilcov of the town administration of Ismail for the year 1836.","Listes de revision des petits bourgeois des societes de Velikorusses, de Malorusses, de Moldaves et de Juifs de la ville de Chilia, avec des colons des societes de Velikorusses et de Malorusses du village de Vilcov de l'administration de la ville d'Ismail pour l'annee 1836.","Ревизские сказки мещан обществ великороссов, малороссов, молдаван и евреев города Килии, а также колонистов обществ великороссов и малороссов села Вилково городского управления Измаила за 1836 год.",,3,2359863,533–945,413,sur,https://www.familysearch.org/ark:/61903/3:1:3QS7-893Y-YH6F?i=1&cc=1985804&wc=M6CB-B29%3A264175701%2C264722601%2C264954601,14
28,1836,1850,"Catagrafii cu mici burghezi din societăţile de velicoruşi, de maloruşi, de moldoveni şi de evrei din cîrmuirea oraşului Chilia şi cu mici burghezi, cu colonişti şi cu ţărani ai statului clasaţi în societăţile de velicoruşi, de maloruşi şi de evrei din oraşul Chilia şi din tîrgul Vilcov pentru anii 1836,1840,1842,1845,1849,1850.","Revision lists of petty bourgeois of the societies of Velikorussians, Malorussians, Moldavians and Jews of the town administration of Chilia, and of petty bourgeois, colonists and state peasants classed in the societies of Velikorussians, Malorussians and Jews of the town of Chilia and of the market town of Vilcov for the years 1836, 1840, 1842, 1845, 1849, 1850.","Listes de revision des petits bourgeois des societes de Velikorusses, de Malorusses, de Moldaves et de Juifs de l'administration de la ville de Chilia, et des petits bourgeois, colons et paysans d'Etat classes dans les societes de Velikorusses, de Malorusses et de Juifs de la ville de Chilia et du bourg de Vilcov pour les annees 1836, 1840, 1842, 1845, 1849, 1850.","Ревизские сказки мещан обществ великороссов, малороссов, молдаван и евреев городского управления Килии, а также мещан, колонистов и государственных крестьян, причисленных к обществам великороссов, малороссов и евреев города Килии и местечка Вилково за 1836, 1840, 1842, 1845, 1849, 1850 годы.",,4,2359827 · 2359863,5–363 · 948–1091,503,sur,https://www.familysearch.org/ark:/61903/3:1:3QSQ-G93Y-Z2NF?i=1&cc=1985804&wc=M6ZM-M68%3A264175701%2C264722601%2C265229201,15
29,1835,1836,"Catagrafii cu locuitori, cu slujitori de curte, cu cetăţeni străini, cu negustori, cu ţărani şi cu mici burghezi din oraşele Bălţi, Bender şi Chişinău şi din satele judeţelor Orhei, Hotin şi Soroca pentru anii 1835,1836.","Revision lists with inhabitants, court servants, foreign citizens, merchants, peasants and petty bourgeois from the cities of Bălţi, Bender and Chişinău and from the villages of Orhei, Hotin and Soroca counties for the years 1835, 1836.","Listes de revision avec les habitants, les serviteurs de cour, les citoyens etrangers, les negociants, les tarani et les petits bourgeois des villes de Bălţi, Bender et Chişinău et des villages des comtes d'Orhei, de Hotin et de Soroca pour les annees 1835, 1836.","Ревизские сказки жителей, дворовых служителей, иностранных граждан, купцов, крестьян и мещан городов Бельцы, Бендеры и Кишинёв и сёл Орхейского, Хотинского и Сорокского уездов за 1835, 1836 годы.",Bender · Hotin · Orhei · Soroca,10,2359827,366–481,116,sur,https://www.familysearch.org/ark:/61903/3:1:3QS7-993Y-ZVKT?i=1&cc=1985804&wc=M6CB-1M9%3A264175701%2C264722601%2C264956501,15
30,1835,1835,Catagrafii cu listele membrilor societăţii de moldoveni din oraşul Chişinău pentru anul 1835.,Revision lists with the lists of members of the Moldavian society of the city of Chişinău for the year 1835.,Listes de revision avec les listes des membres de la societe moldave de la ville de Chişinău pour l'annee 1835.,Ревизские сказки со списками членов молдавского общества города Кишинёва за 1835 год.,,1,2359827,484–567,84,sur,https://www.familysearch.org/ark:/61903/3:1:3QS7-893Y-ZVG1?i=1&cc=1985804&wc=M6CB-BNL%3A264175701%2C264722601%2C264957301,15
31,1835,1835,"Catagrafii cu mici burghezi din societarea de evrei din oraşul Chişinău, pentru anul 1835.","Revision lists of petty bourgeois of the Jewish society of the town of Chisinau, for the year 1835.","Listes de revision des petits bourgeois de la societe juive de la ville de Chisinau, pour l'annee 1835.",Ревизские сказки мещан еврейского общества города Кишинёва за 1835 год.,,7,2359827 · 2359828,570–1091 · 5–729,1247,probable,https://www.familysearch.org/ark:/61903/3:1:3QS7-L93Y-87Q1?i=1&cc=1985804&wc=M6CB-BNG%3A264175701%2C264722601%2C264958101,15
32,1835,1835,"Catagrafii cu romi (țigani) ai coroanei din clasele de lăieşi, lingurari şi ursari, nomazi şi migratori din loc în loc pe teritoriul Basarabiei pentru anul 1835.","Revision lists of crown Roma (gypsies) of the classes of lăieşi, lingurari and ursari, nomadic and moving from place to place on the territory of Bessarabia, for the year 1835.","Listes de revision des Roms (tsiganes) de la couronne des classes de lăieşi, lingurari et ursari, nomades et se deplacant de lieu en lieu sur le territoire de la Bessarabie, pour l'annee 1835.","Ревизские сказки коронных цыган из разрядов лэешь (lăieşi), лингурарь (lingurari) и урсарь (ursari), кочующих и перемещающихся с места на место по территории Бессарабии, за 1835 год.",,2,2359828,731–958,228,probable,https://www.familysearch.org/ark:/61903/3:1:3QSQ-G93Y-8744?i=1&cc=1985804&wc=M6CB-1P8%3A264175701%2C264722601%2C264965301,16
33,1835,1835,Catagrafii cu negustori de ghilda a III din oraşul Chişinău şi cu foşti negustori de ghilda III din oraşul Chişinău pentru anul 1835.,Revision lists of merchants of the 3rd guild of the town of Chişinău and of former merchants of the 3rd guild of the town of Chişinău for the year 1835.,Listes de revision des negociants de la 3e guilde de la ville de Chişinău et des anciens negociants de la 3e guilde de la ville de Chişinău pour l'annee 1835.,Ревизские сказки купцов 3-й гильдии города Кишинёва и бывших купцов 3-й гильдии города Кишинёва за 1835 год.,,1,2359828 · 2359829,961–979 · 5–31,46,sur,https://www.familysearch.org/ark:/61903/3:1:3QS7-L93Y-PKS?i=1&cc=1985804&wc=M6CB-1PD%3A264175701%2C264722601%2C264966201,16
34,1835,1835,"Catagrafii cu negustori de ghilda I, II şi III din oraşul Chişinău, pentru anul 1835.","Revision lists of merchants of the 1st, 2nd and 3rd guild of the town of Chişinău, for the year 1835.","Listes de revision des negociants de la 1re, 2e et 3e guilde de la ville de Chişinău, pour l'annee 1835.","Ревизские сказки купцов 1-й, 2-й и 3-й гильдии города Кишинёва за 1835 год.",,5,2359829,34–874,841,sur,https://www.familysearch.org/ark:/61903/3:1:3QS7-993Y-P9T5?i=1&cc=1985804&wc=M6CB-1NL%3A264175701%2C264722601%2C264966901,16
35,1835,1835,"Catagrafii cu locuitorii din partea I şi II a oraşului Chişinău din societatea de moldoveni, pentru anul 1835.","Revision lists of the inhabitants of the 1st and 2nd parts of the town of Chişinău, from the Moldavian society, for the year 1835.","Listes de revision des habitants de la 1re et 2e partie de la ville de Chişinău, de la societe des moldaves, pour l'annee 1835.","Ревизские сказки жителей 1-й и 2-й части города Кишинёва, из молдавского общества, за 1835 год.",,1,2359829 · 2359830,877–1042 · 5–161,323,probable,https://www.familysearch.org/ark:/61903/3:1:3QS7-893Y-PHFQ?i=1&cc=1985804&wc=M6CB-1TL%3A264175701%2C264722601%2C264971801,16
36,1835,1835,"Catagrafii cu locuitorii părţii a III-a şi a părţii noi a oraşul Chişinău din societatea de maldoveni, pentru anul 1835.","Revision lists of the inhabitants of the 3rd part and the new part of the town of Chişinău, from the Moldavian society, for the year 1835.","Listes de revision des habitants de la 3e partie et de la partie nouvelle de la ville de Chişinău, de la societe des moldaves, pour l'annee 1835.","Ревизские сказки жителей 3-й части и новой части города Кишинёва, из молдавского общества, за 1835 год.",,1,2359830,164–197,34,sur,https://www.familysearch.org/ark:/61903/3:1:3QSQ-G93Y-P4VZ?i=1&cc=1985804&wc=M6C1-968%3A264175701%2C264722601%2C264974101,16
37,1835,1835,"Catagrafii cu membrii societăţii de cetăţeni străini din oraşul Chişinău, cu slujitori de curte, cu colonişti liberi, cu ţărani şi cu romi (țigani) şerbi din oraşele Bălţi,Chişinău şi Hotin şi din satele judeţulor Iaşi şi Hotin, pentru anul 1835.","Revision lists of members of the society of foreign citizens of the town of Chisinau, court servants, free colonists, peasants and Roma (gypsy) serfs from the towns of Balti, Chisinau and Hotin and from the villages of Iasi and Hotin counties, for the year 1835.","Listes de revision des membres de la societe des citoyens etrangers de la ville de Chisinau, des serviteurs de cour, des colons libres, des paysans et des roms (tsiganes) serfs des villes de Balti, Chisinau et Hotin et des villages des comtes de Iasi et Hotin, pour l'annee 1835.","Ревизские сказки членов общества иностранных подданных города Кишинёва, дворовых слуг, вольных колонистов, крестьян и цыган-крепостных городов Бельцы, Кишинёв и Хотин и сел Ясского и Хотинского уездов за 1835 год.",,16,2359830,200–352,153,sur,https://www.familysearch.org/ark:/61903/3:1:3QS7-L93Y-P4HK?i=1&cc=1985804&wc=M6C1-9WL%3A264175701%2C264722601%2C264974401,16-17
38,1835,1835,"Catagrafii cu negustori de ghilda I, II şi III din oraşul Chişinău pentru anul 1835","Revision lists of merchants of the 1st, 2nd and 3rd guild of the town of Chişinău for the year 1835.","Listes de revision des negociants de la 1re, 2e et 3e guilde de la ville de Chişinău pour l'annee 1835.","Ревизские сказки купцов 1-й, 2-й и 3-й гильдии города Кишинёва за 1835 год.",,4,2359830,355–1032,678,sur,https://www.familysearch.org/ark:/61903/3:1:3QS7-993Y-PZWZ?i=1&cc=1985804&wc=M6C1-M68%3A264175701%2C264722601%2C264975001,17
39,1835,1835,"Catagrafii cu negustori de ghilda II şi a III din oraşul Leova, pentru anul 1835.","Revision lists with 2nd and 3rd guild merchants from the town of Leova, for the year 1835.","Listes de révision des marchands de la 2e et 3e guilde de la ville de Leova, pour l'année 1835.","Ревизские сказки о купцах 2-й и 3-й гильдии города Леово, за 1835 год.",,1,2359831,5–33,29,sur,https://www.familysearch.org/ark:/61903/3:1:3QS7-L93Y-PJDH?i=1&cc=1985804&wc=M6C1-9Z9%3A264175701%2C264722601%2C264979601,17
40,1835,1835,"Catagrafii cu boiernaşi şi mazili din satul Hănăşeni, judeţul Leova pentru anul 1835.","Revision lists of boiernaşi and mazili from the village of Hănăşeni, Leova county, for the year 1835.","Listes de revision des boiernaşi et des mazili du village de Hănăşeni, comte de Leova, pour l'annee 1835.","Ревизские сказки боернашей (boiernaşi) и мазылов (mazili) села Хэнэшень, Леовский уезд, за 1835 год.",,1,2359831,36–61,26,sur,https://www.familysearch.org/ark:/61903/3:1:3QS7-993Y-PNM3?i=1&cc=1985804&wc=M6C1-9WG%3A264175701%2C264722601%2C264980101,17
41,1835,1835,"Catagrafii cu boiernaşi şi cu mazili din satul Hănăşenii Noi, judeţul Leova pentru anul 1835","Revision lists of boiernaşi and of mazili from the village of Hănăşenii Noi, Leova county, for the year 1835.","Listes de revision des boiernaşi et des mazili du village de Hănăşenii Noi, comte de Leova, pour l'annee 1835.","Ревизские сказки боернашей (boiernaşi) и мазылов (mazili) села Хэнэшений Ной, Леовский уезд, за 1835 год.",,43,2359831,64–183,120,sur,https://www.familysearch.org/ark:/61903/3:1:3QS7-L93Y-PNVJ?i=1&cc=1985804&wc=M6C1-MTL%3A264175701%2C264722601%2C264980601,17-18
42,1835,1835,"Catagrafii cu locuitorii comunităţilor de velicoruşi şi de moldoveni, cu reprezentanţii secţiei de marinari liberi, cu ruptaşi, cu membri ai societăţilor de bulgari, de greci, de armeni şi de evrei din oraşul Akkerman pentru anul 1835.","Revision lists of the inhabitants of the communities of Great Russians and Moldavians, with representatives of the free sailors' section, with ruptasi, with members of the Bulgarian, Greek, Armenian and Jewish societies of the town of Akkerman, for the year 1835.","Listes de revision des habitants des communautes de grands-russiens et de moldaves, avec les representants de la section des marins libres, avec les ruptasi, avec les membres des societes de bulgares, de grecs, d'armeniens et de juifs de la ville d'Akkerman, pour l'annee 1835.","Ревизские сказки жителей общин великороссов и молдаван, с представителями секции вольных матросов, с рупташами, с членами болгарского, греческого, армянского и еврейского обществ города Аккермана, за 1835 год.",,7,2359831 · 2359832,186–1024 · 5–127,962,probable,https://www.familysearch.org/ark:/61903/3:1:3QSQ-G93Y-5ZCF?i=1&cc=1985804&wc=M6C1-MZ9%3A264175701%2C264722601%2C264981201,19
43,1835,1835,Catagrafii cu colonişti emigranţi transdanubeni din districtul colonist al Bugeacului de Sus pentru anul 1835.,"Revision lists of trans-Danubian emigrant colonists from the colonist district of Bugeacul de Sus, for the year 1835","Listes de revision des colons emigres transdanubiens du district colon de Bugeacul de Sus, pour l'annee 1835","Ревизские сказки задунайских переселенцев-колонистов колонистского округа Bugeacul de Sus, за 1835 год",,16,2359832,130–240,111,sur,https://www.familysearch.org/ark:/61903/3:1:3QSQ-G93Y-5HKT?i=1&cc=1985804&wc=M6C1-S38%3A264175701%2C264722601%2C264985701,19
44,1835,1835,"Catagrafii cu colonişti emigranţi transdanubeni din districtul colonist Cahul-Prut, judeţul Leova pentru anul 1835.","Revision lists of trans-Danubian emigrant colonists from the colonist district of Cahul-Prut, Leova county, for the year 1835","Listes de revision des colons emigres transdanubiens du district colon de Cahul-Prut, comte de Leova, pour l'annee 1835","Ревизские сказки задунайских переселенцев-колонистов колонистского округа Cahul-Prut, Леовский уезд, за 1835 год",,16,2359832 · 2374744,243–376 · 5–175,305,estime,https://www.familysearch.org/ark:/61903/3:1:3QSQ-G93Y-54HG?i=1&cc=1985804&wc=M6C1-SWL%3A264175701%2C264722601%2C264986301,19-20
45,1835,1850,"Catagrafii cu colonişti emigranţi transdanubeni şi cu slujitori ai cultului din districtul colonist Bugeacul de Sus, judeţul Leova pentru anul 1835.","Revision lists of trans-Danubian emigrant colonists and clergy from the colonist district of Bugeacul de Sus, Leova county, for the year 1835","Listes de revision des colons emigres transdanubiens et des desservants du culte du district colon de Bugeacul de Sus, comte de Leova, pour l'annee 1835","Ревизские сказки задунайских переселенцев-колонистов и духовенства колонистского округа Bugeacul de Sus, Леовский уезд, за 1835 год",,12,2359832 · 2359833,379–1052 · 5–681,1351,sur,https://www.familysearch.org/ark:/61903/3:1:3QS7-993Y-BHK4?i=1&cc=1985804&wc=M6C1-S3D%3A264175701%2C264722601%2C264987201,20
46,1835,1835,"Catagrafii cu colonişti şi emigranţi transdanubeni, cu slujitori ai cultului din districtul colonist Bugeacul de Sus, judeţul Leova pentru anul 1835.","Revision lists of colonists and trans-Danubian emigrants, with clergy, from the colonist district of Bugeacul de Sus, Leova county, for the year 1835","Listes de revision des colons et des emigres transdanubiens, avec les desservants du culte, du district colon de Bugeacul de Sus, comte de Leova, pour l'annee 1835","Ревизские сказки колонистов и задунайских переселенцев, с духовенством, колонистского округа Bugeacul de Sus, Леовский уезд, за 1835 год",,12,2359833 · 2359834,684–1074 · 5–413,800,sur,https://www.familysearch.org/ark:/61903/3:1:3QS7-893Y-57C3?i=1&cc=1985804&wc=M6C1-SZ9%3A264175701%2C264722601%2C264993801,20
47,1835,1835,"Catagrafii cu emigranţi transdanubeni, cu ruptaşi şi cu slujitori ai cultului din districtul colonist Bugeacul de Jos, judeţul Leova pentru anul 1835.","Revision lists of trans-Danubian emigrants, ruptaşi and cult servants (clergy) from the Bugeacul de Jos colonial district, Leova county, for the year 1835.","Listes de revision des emigres transdanubiens, des ruptaşi et des desservants des cultes (clerge) du district colonial de Bugeacul de Jos, comte de Leova, pour l'annee 1835.","Ревизские сказки задунайских переселенцев, рупташей и служителей культа (духовенства) Нижнебуджакского колониального округа Леовского уезда за 1835 год.",,17,2359834 · 2360600,416–1120 · 5–282,983,sur,,20-21
48,1835,1835,"Catagrafii cu ţărani-plugari liberi, cu mazili, cu ruptaşi, cu cetăţeni străini şi cu colonişti din satele judeţului Leova pentru anul 1835.","Revision lists of free peasant-ploughmen, mazili, ruptasi, foreign citizens and colonists from the villages of Leova county, for the year 1835.","Listes de revision des paysans-laboureurs libres, des mazili, des ruptasi, des citoyens etrangers et des colons des villages du judet de Leova, pour l'annee 1835.","Ревизские сказки свободных крестьян-пахарей, мазилов, рупташей, иностранных подданных и колонистов сел Леовского уезда, за 1835 год.",,13,2360600,285–633,349,probable,,21
49,1835,1835,"Catagrafii cu supuşi străini, cu şleahtici, cu mazili, cu ruptaşi, cu boiernaşi, cu răzeşi, cu cetăţeni străini, cu colonişti şi cu nobili din oraşul Leova şi din satele judeţului Leova pentru anul 1835.","Revision lists with foreign subjects, with szlachta, with mazyls, with ruptashi, with petty boyars, with răzeşi, with foreign citizens, with colonists and with nobles from the town of Leova and from the villages of Leova district, for the year 1835.","Listes de révision des sujets étrangers, des szlachta, des mazili, des ruptaşi, des petits boyards, des răzeşi, des citoyens étrangers, des colons et des nobles de la ville de Leova et des villages du district (judeţ) de Leova, pour l'année 1835.","Ревизские сказки об иностранных подданных, шляхтичах, мазилах, рупташах, боеринашах, резешах, иностранных подданных, колонистах и дворянах города Леово и сёл Леовского уезда, за 1835 год.",,22,2360600,636–834,199,deduit,,21-22
50,1835,1836,"Catagrafii suplimentare cu colonişti emigranţi transdanubeni din coloniile districtelor coloniste Ismail, Cahul-Prut, Bugeacul de Sus şi Bugeacul de Jos, judeţul Leova pentru anii 1835,1836.","Supplementary revision lists of trans-Danubian emigrant colonists from the colonies of the colonist districts of Ismail, Cahul-Prut, Upper Bugeac and Lower Bugeac, Leova county, for the years 1835, 1836.","Listes de revision supplementaires des colons emigres transdanubiens des colonies des districts colonistes d'Ismail, Cahul-Prut, Bugeacul de Sus et Bugeacul de Jos, judet de Leova, pour les annees 1835, 1836.","Дополнительные ревизские сказки задунайских переселенцев-колонистов колоний колонистских округов Измаил, Кагул-Прут, Верхний Буджак и Нижний Буджак, Леовского уезда, за 1835, 1836 годы.",,14,2360600,837–1065,229,incertain,,22
51,1835,1835,"Catagrafii cu ţărani-plugari liberi, cu ruptaşi şi cu mazili din satele judeţului","Revision lists of free peasant-ploughmen, ruptasi and mazili from the villages of the county [name missing]","Listes de revision des paysans-laboureurs libres, des ruptasi et des mazili des villages du judet [nom manquant]","Ревизские сказки свободных крестьян-пахарей, рупташей и мазилов сел уезда [название отсутствует]",,3,2360601,5–39,35,sur,https://www.familysearch.org/ark:/61903/3:1:3QS7-893Y-ZZ55?i=1&cc=1985804&wc=M6C1-338%3A264175701%2C264722601%2C265005102,23
52,1835,1835,"Catagrafii cu colonişti emigranţi transdanubeni şi cu slujitori ai cultului din districtul colonist Ismail, judeţul Leova pentru anul 1835.","Revision lists of trans-Danubian emigrant colonists and clergy from the colonist district of Ismail, Leova county, for the year 1835","Listes de revision des colons emigres transdanubiens et des desservants du culte du district colon d'Ismail, comte de Leova, pour l'annee 1835","Ревизские сказки задунайских переселенцев-колонистов и духовенства колонистского округа Ismail, Леовский уезд, за 1835 год",,9,2360601,42–950,909,sur,https://www.familysearch.org/ark:/61903/3:1:3QSQ-G93Y-ZZMF?i=1&cc=1985804&wc=M6C1-3WL%3A264175701%2C264722601%2C265005901,23
53,1835,1835,"Catagrafii cu colonişti emigranţi transdanubeni şi cu slujitori ai cultului din coloniile districtului colonist Ismail, judeţul Leova pentru anul 1835.","Revision lists of trans-Danubian emigrant colonists and clergy from the colonies of the colonist district of Ismail, Leova county, for the year 1835","Listes de revision des colons emigres transdanubiens et des desservants du culte des colonies du district colon d'Ismail, comte de Leova, pour l'annee 1835","Ревизские сказки задунайских переселенцев-колонистов и духовенства колоний колонистского округа Ismail, Леовский уезд, за 1835 год",,9,2360601 · 2360602 · 2375773,953–1061 · 5–935 · 5–706,1742,probable,,23
54,1835,1835,"Catagrafii cu colonişti emigranţi transdanubeni şi cu slujitori ai cultului din coloniile districtului colonist Cahul-Prut, judeţul Leova pentru anul 1835","Revision lists of trans-Danubian emigrant colonists and clergy from the colonies of the colonist district of Cahul-Prut, Leova county, for the year 1835","Listes de revision des colons emigres transdanubiens et des desservants du culte des colonies du district colon de Cahul-Prut, comte de Leova, pour l'annee 1835","Ревизские сказки задунайских переселенцев-колонистов и духовенства колоний колонистского округа Cahul-Prut, Леовский уезд, за 1835 год",,10,2360602 · 2360603,938–1098 · 5–833,990,sur,https://www.familysearch.org/ark:/61903/3:1:3QSQ-G93Y-ZZPP?i=1&cc=1985804&wc=M6C1-QTL%3A264175701%2C264722601%2C265015601,23-24
55,1835,1835,"Catagrafii cu ţărani-agricultori liberi, cu mazili, cu ruptaşi, cu boiernaşi şi cu cetăţeni străini din satele judeţului Leova, pentru anul 1835.","Revision lists of free peasant-farmers, mazili, ruptasi, boiernasi (petty boyars) and foreign citizens from the villages of Leova county, for the year 1835.","Listes de revision des paysans-agriculteurs libres, des mazili, des ruptasi, des boiernasi (petits boyards) et des citoyens etrangers des villages du judet de Leova, pour l'annee 1835.","Ревизские сказки свободных крестьян-земледельцев, мазилов, рупташей, боернашей (мелких бояр) и иностранных подданных сел Леовского уезда, за 1835 год.",Leova,40,2360603 · 2360604,836–1064 · 5–870,1095,sur,https://www.familysearch.org/ark:/61903/3:1:3QS7-993Y-ZDPF?i=1&cc=1985804&wc=M6C1-7WL%3A264175701%2C264722601%2C265021001,24-25
56,1835,1835,"Catagrafii cu colonişti şi cu slujitori ai bisericii din coloniile districtului colonist Cahul-Prut, judeţul Leova pentru anul 1835.","Revision lists of colonists and church clergy from the colonies of the colonist district of Cahul-Prut, Leova county, for the year 1835","Listes de revision des colons et des desservants de l'eglise des colonies du district colon de Cahul-Prut, comte de Leova, pour l'annee 1835","Ревизские сказки колонистов и церковнослужителей колоний колонистского округа Cahul-Prut, Леовский уезд, за 1835 год",,9,2360604 · 2360605,873–1021 · 5–1069,1214,probable,,25
57,1835,1835,"Catagrafii cu reprezentanţii slujitorilor bisericii şi familiile lor din regiunea Basarabia, judeţul Leova pentru anul 1835.","Revision lists with representatives of church servants and their families from the Bessarabia region, Leova district, for the year 1835.","Listes de révision des représentants des serviteurs de l'église et de leurs familles de la région de Bessarabie, district (judeţ) de Leova, pour l'année 1835.","Ревизские сказки о представителях церковнослужителей и их семьях, Бессарабская область, Леовский уезд, за 1835 год.",,48,,,,volum,https://www.familysearch.org/ark:/61903/3:1:3QSQ-G93Y-ZCDL?i=1&cc=1985804&wc=M6C1-4Z9%3A264175701%2C264722601%2C265030801,25-26
58,1835,1835,Catagrafii cu slujitori de curte şi cu slujitori ai bisericii din oraşul Chişinău şi satele judeţului Orhei pentru anul 1835.,"Revision lists of court servants and church servants from the town of Chişinău and the villages of Orhei county, for the year 1835.","Listes de revision des serviteurs de cour et des desservants de l'eglise de la ville de Chişinău et des villages du judet d'Orhei, pour l'annee 1835.",Ревизские сказки дворовых слуг и церковнослужителей города Кишинёва и сёл Оргеевского уезда за 1835 год.,,43,2360606,5–247,243,estime,,27-28
59,1835,1835,Catagrafii cu slujitori ai bisericii din oraşul Chişinău şi din satele judeţului Orhei pentru anul 1835.,"Revision lists of church servants from the town of Chişinău and the villages of Orhei county, for the year 1835.","Listes de revision des desservants de l'eglise de la ville de Chişinău et des villages du judet d'Orhei, pour l'annee 1835.",Ревизские сказки церковнослужителей города Кишинёва и сёл Оргеевского уезда за 1835 год.,,28,2360606,248–424,177,estime,https://www.familysearch.org/ark:/61903/3:1:3QSQ-G93Y-ZK9F?i=1&cc=1985804&wc=M6C1-H38%3A264175701%2C264722601%2C265032501,28
60,1835,1835,"Catagrafii cu boiernaşi, cu mazili şi cu ruptaşi din satele judeţului Orhei pentru anul 1835","Revision lists of boiernaşi, of mazili and of ruptaşi from the villages of Orhei county, for the year 1835.","Listes de revision des boiernaşi, des mazili et des ruptaşi des villages du comte d'Orhei, pour l'annee 1835.","Ревизские сказки боернашей (boiernaşi), мазылов (mazili) и рупташей (ruptaşi) сел Орхейского уезда за 1835 год.",,34,2360606,425–747,323,estime,,29
61,1835,1835,"Catagrafii cu romi (țigani) şerbi, cu cetăţeni străini şi cu şleahtici din satele judeţelor Orhei şi Hotin pentru anul 1835.","Revision lists of serf Roma (gypsies), of foreign citizens and of szlachta from the villages of Orhei and Hotin counties for the year 1835.","Listes de revision des Roms (tsiganes) serfs, des citoyens etrangers et des szlachta des villages des comtes d'Orhei et de Hotin pour l'annee 1835.","Ревизские сказки крепостных цыган, иностранных подданных и шляхтичей сёл Орхейского и Хотинского уездов за 1835 год.",Hotin · Orhei,10,2360606,748–780,33,estime,https://www.familysearch.org/ark:/61903/3:1:3QS7-L93Y-Z27Q?i=1&cc=1985804&wc=M6C1-ZTL%3A264175701%2C264722601%2C265034401,29-30
62,1835,1835,Catagrafii cu slujitori ai bisericii din satele judeţului Orhei pentru anul 1835.,"Revision lists of church servants from the villages of Orhei county, for the year 1835.","Listes de revision des desservants de l'eglise des villages du judet d'Orhei, pour l'annee 1835.",Ревизские сказки церковнослужителей сёл Оргеевского уезда за 1835 год.,,7,2360606,781–816,36,estime,https://www.familysearch.org/ark:/61903/3:1:3QS7-L93Y-Z2ZG?i=1&cc=1985804&wc=M6C1-C68%3A264175701%2C264722601%2C265034701,30
63,1835,1835,Catagrafii cu slujitori ai bisericii din satele judeţului Orhei pentru anul 1835.,"Revision lists of church servants from the villages of Orhei county, for the year 1835.","Listes de revision des desservants de l'eglise des villages du judet d'Orhei, pour l'annee 1835.",Ревизские сказки церковнослужителей сёл Оргеевского уезда за 1835 год.,,8,2360606,817–851,35,estime,https://www.familysearch.org/ark:/61903/3:1:3QS7-993Y-ZKJ2?i=1&cc=1985804&wc=M6C1-C6D%3A264175701%2C264722601%2C265034901,30
64,1835,1835,Catagrafii cu slujitori ai bisericii din satele judeţului Orhei pentru anul 1835.,"Revision lists of church servants from the villages of Orhei county, for the year 1835.","Listes de revision des desservants de l'eglise des villages du judet d'Orhei, pour l'annee 1835.",Ревизские сказки церковнослужителей сёл Оргеевского уезда за 1835 год.,,29,2360606,852–980,129,estime,https://www.familysearch.org/ark:/61903/3:1:3QSQ-G93Y-ZKRQ?i=1&cc=1985804&wc=M6C1-C66%3A264175701%2C264722601%2C265035101,30-31
65,1835,1835,"Catagrafie cu mazilii, cu ruptaşii şi cu ţăranii satului Oniţcani, judeţul Orhei pentru anul 1835.","Revision list of mazili, ruptaşi and peasants of the village of Oniţcani, Orhei county, for the year 1835.","Liste de revision des mazili, des ruptaşi (petite noblesse exempte) et des paysans du village d'Oniţcani, comte d'Orhei, pour l'annee 1835.","Ревизская сказка мазылов, рупташей (мелкое привилегированное сословие) и крестьян села Оницканы, Оргеевского уезда, за 1835 год.",,1,2360606,981–996,16,estime,https://www.familysearch.org/ark:/61903/3:1:3QSQ-G93Y-ZKWJ?i=1&cc=1985804&wc=M6C1-838%3A264175701%2C264722601%2C265035601,31
66,1835,1835,"Catagrafie cu ţăranii satului Holercani, judeţul Orhei pentru anul 1835.","Revision list of the peasants of the village of Holercani, Orhei county, for the year 1835.","Liste de revision des paysans du village de Holercani, comte d'Orhei, pour l'annee 1835.","Ревизская сказка крестьян села Холеркани, Орхейский уезд, за 1835 год.",,1,2360606,997–1012,16,estime,https://www.familysearch.org/ark:/61903/3:1:3QS7-993Y-ZK9L?i=1&cc=1985804&wc=M6C1-CNL%3A264175701%2C264722601%2C265035801,31
67,1858,1859,"Catagrafie cu reprezentanţii societăţilor de moldoveni şi de odnodvorţi şi cu negustori de ghilda III din oraşul Akkerman pentru anii 1858,1859.","Revision list of representatives of the Moldavian and odnodvortsy societies and of third-guild merchants of the town of Akkerman for the years 1858, 1859.","Liste de revision des representants des societes moldave et des odnodvortsy et des marchands de la troisieme guilde de la ville d'Akkerman pour les annees 1858, 1859.","Ревизская сказка представителей молдавского и однодворческого обществ и купцов третьей гильдии города Аккермана за 1858, 1859 годы.",,1,2360607,5–55,51,sur,https://www.familysearch.org/ark:/61903/3:1:3QSQ-G93Y-PGRJ?i=1&cc=1985804&wc=M6ZS-3P8%3A264175701%2C264722601%2C265544801,31
68,1835,1835,"Catagrafii cu răzeşi, cu boiernaşi, cu mazili, cu dvoreni, cu ruptaşi şi cu şleahtici din satele judeţului Orhei pentru anul 1835.","Revision lists of răzeşi, boiernaşi, mazili, dvoreni (nobility), ruptaşi and şleahtici from the villages of Orhei county, for the year 1835.","Listes de revision des răzeşi, des boiernaşi, des mazili, des dvoreni (noblesse), des ruptaşi et des şleahtici des villages du judet d'Orhei, pour l'annee 1835.","Ревизские сказки резешей, боернашей, мазылов, дворян, рупташей и шляхтичей сёл Оргеевского уезда за 1835 год.",,63,2360607,58–871,814,probable,https://www.familysearch.org/ark:/61903/3:1:3QS7-993Y-PLVG?i=1&cc=1985804&wc=M6C1-CM9%3A264175701%2C264722601%2C265036201,31-33
69,1835,1835,"Catagrafii cu ţărani-liberi agricultori, cu mazili şi cu ruptaşi din satele judeţului Orhei pentru anul 1835.","Revision lists of free peasant-farmers, mazili and ruptasi from the villages of Orhei county, for the year 1835.","Listes de revision des paysans-agriculteurs libres, des mazili et des ruptasi des villages du judet d'Orhei, pour l'annee 1835.","Ревизские сказки свободных крестьян-земледельцев, мазилов и рупташей сел Оргеевского уезда, за 1835 год.",,13,2360567 · 2360607,5–253 · 874–1044,420,sur,https://www.familysearch.org/ark:/61903/3:1:3QS7-L93Y-CDG7?i=1&cc=1985804&wc=M6C1-ZWL%3A264175701%2C264722601%2C265039701,33
70,1835,1835,Catagrafii cu persoane convertite la religia creştină din satele judeţului Orhei pentru anul 1835.,Revision lists of persons converted to the Christian religion from the villages of Orhei county for the year 1835.,Listes de revision des personnes converties a la religion chretienne des villages du comte d'Orhei pour l'annee 1835.,"Ревизские сказки лиц, обращённых в христианскую религию, сёл Орхейского уезда за 1835 год.",,7,2360567,256–300,45,sur,https://www.familysearch.org/ark:/61903/3:1:3QS7-L93Y-C6LY?i=1&cc=1985804&wc=M6C1-8P8%3A264175701%2C264722601%2C265041501,33-34
71,1835,1835,Catagrafii cu mazili şi cu ruptaşi din satele judeţului Orhei pentru anul 1835.,"Revision lists of mazili and ruptasi from the villages of Orhei county, for the year 1835.","Listes de revision des mazili et des ruptasi des villages du judet d'Orhei, pour l'annee 1835.","Ревизские сказки мазылов и рупташей сёл Оргеевского уезда, за 1835 год.",,50,2360567,303–823,521,sur,https://www.familysearch.org/ark:/61903/3:1:3QS7-993Y-C6TW?i=1&cc=1985804&wc=M6C1-8NL%3A264175701%2C264722601%2C265041801,34-35
72,1835,1835,Catagrafii cu romi (țigani) şerbi şi cu slujitori de curte din oraşul Chişinău şi din satele judeţului Orhei pentru anul 1835.,Revision lists of serf Roma (gypsies) and of court servants from the town of Chişinău and from the villages of Orhei county for the year 1835.,Listes de revision des Roms (tsiganes) serfs et des serviteurs de cour de la ville de Chişinău et des villages du comte d'Orhei pour l'annee 1835.,Ревизские сказки крепостных цыган и придворных служителей города Кишинёв и сёл Орхейского уезда за 1835 год.,,81,2360567 · 2360568,826–1023 · 5–528,722,sur,https://www.familysearch.org/ark:/61903/3:1:3QS7-893Y-C6FQ?i=1&cc=1985804&wc=M6C1-829%3A264175701%2C264722601%2C265043601,35-37
73,1835,1835,"Catagrafii cu agricultori-plugari liberi, cu mazili şi cu ruptaşi din satele judeţului Orhei pentru anul 1835.","Revision lists of free farmer-ploughmen, of mazili and of ruptaşi from the villages of Orhei county, for the year 1835.","Listes de revision des agriculteurs-laboureurs libres, des mazili et des ruptaşi des villages du comte d'Orhei, pour l'annee 1835.","Ревизские сказки свободных земледельцев-пахарей, мазылов (mazili) и рупташей (ruptaşi) сел Орхейского уезда за 1835 год.",,41,2360568 · 2360569,531–1112 · 5–822,1400,sur,https://www.familysearch.org/ark:/61903/3:1:3QS7-993Y-ZHY1?i=1&cc=1985804&wc=M6C1-8TL%3A264175701%2C264722601%2C265046202,37-38
74,1835,1835,Catagrafii cu persoane convertite la religia creştină din satele judeţului Orhei pentru anul 1835.,Revision lists of persons converted to the Christian religion from the villages of Orhei county for the year 1835.,Listes de revision des personnes converties a la religion chretienne des villages du comte d'Orhei pour l'annee 1835.,"Ревизские сказки лиц, обращённых в христианскую религию, сёл Орхейского уезда за 1835 год.",,6,2360569,792–824,33,deduit,https://www.familysearch.org/ark:/61903/3:1:3QS7-993Y-CXCJ?i=1&cc=1985804&wc=M6C1-XM9%3A264175701%2C264722601%2C265050301,38
75,1835,1835,"Catagrafii cu agricultori liberi, cu mazili şi cu ruptaşi din satele judeţului Orhei pentru anul 1835.","Revision lists of free farmers, of mazili and of ruptaşi from the villages of Orhei county, for the year 1835.","Listes de revision des agriculteurs libres, des mazili et des ruptaşi des villages du comte d'Orhei, pour l'annee 1835.","Ревизские сказки свободных земледельцев, мазылов (mazili) и рупташей (ruptaşi) сел Орхейского уезда за 1835 год.",,21,2360569 · 2360570,825–1139 · 5–441,752,probable,https://www.familysearch.org/ark:/61903/3:1:3QS7-L93Y-CXQP?i=1&cc=1985804&wc=M6C1-D29%3A264175701%2C264722601%2C265050601,38-39
76,1835,1835,Catagrafii cu slujitori ai bisericii din satele judeţului Orhei pentru anul 1835.,"Revision lists of church servants from the villages of Orhei county, for the year 1835.","Listes de revision des desservants de l'eglise des villages du judet d'Orhei, pour l'annee 1835.",Ревизские сказки церковнослужителей сёл Оргеевского уезда за 1835 год.,,64,2360570,444–695,252,sur,https://www.familysearch.org/ark:/61903/3:1:3QS7-993Y-ZQLH?i=1&cc=1985804&wc=M6C1-638%3A264175701%2C264722601%2C265053501,39-40
77,1835,1835,Catagrafii cu slujitori ai bisericii din oraşul Chişinău şi din satele judeţului Orhei pentru anul 1835.,"Revision lists of church servants from the town of Chişinău and the villages of Orhei county, for the year 1835.","Listes de revision des desservants de l'eglise de la ville de Chişinău et des villages du judet d'Orhei, pour l'annee 1835.",Ревизские сказки церковнослужителей города Кишинёва и сёл Оргеевского уезда за 1835 год.,Orhei,47,2360570,698–877,180,deduit,https://www.familysearch.org/ark:/61903/3:1:3QSQ-G93Y-ZQ4R?i=1&cc=1985804&wc=M6C1-6Z9%3A264175701%2C264722601%2C265054501,41-42
78,1835,1835,"Catagrafii cu ţărani, cu mazili şi cu ruptaşi din satele judeţului Orhei pentru anul 1835.","Revision lists of peasants, mazili (petty nobility exempt from taxes) and ruptaşi from the villages of Orhei county, for the year 1835.","Listes de revision des tarani (paysans), mazili (petite noblesse exempte) et ruptaşi des villages du judet d'Orhei, pour l'annee 1835.","Ревизские сказки крестьян, мазылов (мелкой знати, освобождённой от податей) и рупташей сел Орхейского уезда, за 1835 год.",,21,2360570 · 2360571,880–1118 · 5–444,679,sur,https://www.familysearch.org/ark:/61903/3:1:3QS7-893Y-Z35K?i=1&cc=1985804&wc=M6C1-X38%3A264175701%2C264722601%2C265055001,42
79,1835,1835,Catagrafii cu ţărani-agricultori liberi şi cu mazili din satele judeţului Orhei pentru anul 1835.,"Revision lists of free peasant farmers and mazili (petty nobility exempt from taxes) from the villages of Orhei county, for the year 1835.","Listes de revision des tarani-agriculteurs libres et des mazili (petite noblesse exempte) des villages du judet d'Orhei, pour l'annee 1835.","Ревизские сказки свободных крестьян-земледельцев и мазылов (мелкой знати, освобождённой от податей) сел Орхейского уезда, за 1835 год.",,4,2360571,447–491,45,sur,https://www.familysearch.org/ark:/61903/3:1:3QS7-893Y-ZS67?i=1&cc=1985804&wc=M6C1-XZS%3A264175701%2C264722601%2C265057601,42-43
80,1835,1835,Catagrafii cu slujitori ai bisericii din satele judeţului Orhei pentru anul 1835.,"Revision lists of church servants from the villages of Orhei county, for the year 1835.","Listes de revision des desservants de l'eglise des villages du judet d'Orhei, pour l'annee 1835.",Ревизские сказки церковнослужителей сёл Оргеевского уезда за 1835 год.,,6,2360571,494–519,26,probable,https://www.familysearch.org/ark:/61903/3:1:3QS7-L93Y-Z9GJ?i=1&cc=1985804&wc=M6C1-6TL%3A264175701%2C264722601%2C265057901,43
81,1835,1835,"Catagrafii cu ţărani, cu mazili, cu ruptaşi şi cu locuitori din comunitatea evreiască din satele judeţului Orhei şi cu ţărani liberi din satul Ineşti, judeţul Iaşi pentru anul 1835.","Revision lists of peasants, mazili (petty nobility exempt from taxes), ruptaşi and inhabitants of the Jewish community from the villages of Orhei county, and of free peasants from the village of Ineşti, Iaşi county, for the year 1835.","Listes de revision des tarani (paysans), mazili (petite noblesse exempte), ruptaşi et habitants de la communaute juive des villages du judet d'Orhei, et de tarani libres du village d'Ineşti, judet de Iaşi, pour l'annee 1835.","Ревизские сказки крестьян, мазылов (мелкой знати, освобождённой от податей), рупташей и жителей еврейской общины сел Орхейского уезда, а также свободных крестьян села Инешти, Ясский уезд, за 1835 год.",,16,2360571 · 2360572,522–1093 · 5–57,625,sur,https://www.familysearch.org/ark:/61903/3:1:3QS7-L93Y-Z9PP?i=1&cc=1985804&wc=M6C1-6TG%3A264175701%2C264722601%2C265058101,43
82,1835,1836,"Catagrafii cu agricultori liberi, cu mazili, cu ruptaşi, cu mici burghezi, cu evrei şi cu armeni din satele judeţului Orhei (din ianuarie 1836 unele sate au trecut din judeţul Orhei în judeţul Chişinău) pentru anii 1835-1836.","Revision lists of free farmers, of mazili, of ruptaşi, of petty bourgeois, of Jews and of Armenians from the villages of Orhei county (from January 1836 some villages passed from Orhei county to Chişinău county), for the years 1835-1836.","Listes de revision des agriculteurs libres, des mazili, des ruptaşi, des petits bourgeois, des juifs et des armeniens des villages du comte d'Orhei (a partir de janvier 1836 certains villages sont passes du comte d'Orhei au comte de Chişinău), pour les annees 1835-1836.","Ревизские сказки свободных земледельцев, мазылов (mazili), рупташей (ruptaşi), мещан, евреев и армян сел Орхейского уезда (с января 1836 года некоторые села перешли из Орхейского уезда в Кишинёвский уезд), за 1835-1836 годы.",Chişinău · Orhei,54,2360572,60–396,337,sur,https://www.familysearch.org/ark:/61903/3:1:3QS7-893Y-ZHVQ?i=1&cc=1985804&wc=M6ZM-M23%3A264175701%2C264722601%2C265219601,43-45
83,1835,1835,"Catagrafii cu ţărani, cu mazili şi cu ruptaşi din satele judeţului Orhei pentru anul 1835.","Revision lists of peasants, mazili (petty nobility exempt from taxes) and ruptaşi from the villages of Orhei county, for the year 1835.","Listes de revision des tarani (paysans), mazili (petite noblesse exempte) et ruptaşi des villages du judet d'Orhei, pour l'annee 1835.","Ревизские сказки крестьян, мазылов (мелкой знати, освобождённой от податей) и рупташей сел Орхейского уезда, за 1835 год.",,20,2360572,399–973,575,sur,https://www.familysearch.org/ark:/61903/3:1:3QS7-L93Y-ZCRJ?i=1&cc=1985804&wc=M6C1-6TP%3A264175701%2C264722601%2C265060801,45-46
84,1835,1835,Catagrafii cu agricultori liberi şi cu mazili din satele judeţului Orhei pentru anul 1835.,"Revision lists of free farmers and of mazili from the villages of Orhei county, for the year 1835.","Listes de revision des agriculteurs libres et des mazili des villages du comte d'Orhei, pour l'annee 1835.",Ревизские сказки свободных земледельцев и мазылов (mazili) сел Орхейского уезда за 1835 год.,,24,2360572 · 2360573 · 2360574,976–995 · 5–1066 · 5–156,1234,sur,https://www.familysearch.org/ark:/61903/3:1:3QS7-893Y-ZZK4?i=1&cc=1985804&wc=M6C1-XZ9%3A264175701%2C264722601%2C265063101,46
85,1835,1835,"Catagrafii cu ţărani, cu mazili şi cu ruptaşi din satele judeţului Orhei pentru anul 1835.","Revision lists of peasants, mazili (petty nobility exempt from taxes) and ruptaşi from the villages of Orhei county, for the year 1835.","Listes de revision des tarani (paysans), mazili (petite noblesse exempte) et ruptaşi des villages du judet d'Orhei, pour l'annee 1835.","Ревизские сказки крестьян, мазылов (мелкой знати, освобождённой от податей) и рупташей сел Орхейского уезда, за 1835 год.",,33,2360574,159–1077,919,sur,,47
86,1835,1835,"Catagrafii cu mazili, cu ruptaşi, cu boiernaşi, cu postelniceni şi cu şleahtici din satele judeţului Orhei şi din tîrgul Orhei, judeţul Orhei pentru anul 1835.","Revision lists of mazili, ruptasi, boiernasi, postelniceni and szlachta from the villages of Orhei county and from the market town of Orhei, Orhei county, for the year 1835.","Listes de revision des mazili, des ruptasi, des boiernasi, des postelniceni et des szlachta des villages du judet d'Orhei et du bourg d'Orhei, judet d'Orhei, pour l'annee 1835.","Ревизские сказки мазылов, рупташей, боернашей, постельничен и шляхты сёл Оргеевского уезда и местечка Оргеев, Оргеевского уезда, за 1835 год.",,11,2360588,154–358,205,probable,https://www.familysearch.org/ark:/61903/3:1:3QSQ-G93Y-ZF2R?i=1&cc=1985804&wc=M6C1-XNG%3A264175701%2C264722601%2C265072401,48
87,1835,1835,"Catagrafii cu reprezentanţi ai comunităţilor de armeni, cu reprezentanţi ai clasei privilegiate, cu ţărani şi cu locuitori ai societăţii de velicoruşi din tîrgul Orhei, judeţul Orhei pentru anul 1835.","Revision lists of representatives of the Armenian communities, of representatives of the privileged class, of peasants and of inhabitants of the Great Russian society from the market town of Orhei, Orhei county, for the year 1835.","Listes de revision des representants des communautes armeniennes, des representants de la classe privilegiee, des paysans et des habitants de la societe des Grands-Russiens du bourg d'Orhei, comte d'Orhei, pour l'annee 1835.","Ревизские сказки представителей армянских общин, представителей привилегированного сословия, крестьян и жителей великороссийского общества местечка Орхей, Орхейский уезд, за 1835 год.",,1,2360588,360–530,171,sur,https://www.familysearch.org/ark:/61903/3:1:3QS7-L93Y-ZV96?i=1&cc=1985804&wc=M6C1-X29%3A264175701%2C264722601%2C265073101,48
88,1835,1835,"Catagrafii cu mazili, cu ruptaşi şi cu ţărani din satele judeţelor Orhei şi Iaşi pentru anul 1835.","Revision lists of mazili, ruptasi and peasants from the villages of Orhei and Iaşi counties, for the year 1835.","Listes de revision des mazili, des ruptasi et des paysans des villages des judete d'Orhei et de Iaşi, pour l'annee 1835.","Ревизские сказки мазылов, рупташей и крестьян сёл Оргеевского и Ясского уездов, за 1835 год.",,15,2360588 · 2360588,5–151 · 533–994,609,probable,https://www.familysearch.org/ark:/61903/3:1:3QS7-L93Y-ZJVJ?i=1&cc=1985804&wc=M6C1-XNL%3A264175701%2C264722601%2C265074001,48
89,1835,1836,"Catagrafii cu ţărani, cu mazili şi cu ruptaşi din satele judeţelor Orhei, Iaşi şi Chişinău pentru anii 1835-1836.","Revision lists of peasants, mazili (petty nobility exempt from taxes) and ruptaşi from the villages of Orhei, Iaşi and Chişinău counties, for the years 1835-1836.","Listes de revision des tarani (paysans), mazili (petite noblesse exempte) et ruptaşi des villages des judets d'Orhei, Iaşi et Chişinău, pour les annees 1835-1836.","Ревизские сказки крестьян, мазылов (мелкой знати, освобождённой от податей) и рупташей сел Орхейского, Ясского и Кишинёвского уездов, за 1835-1836 годы.",Chişinău · Iaşi,93,2360588 · 2360589,997–1060 · 5–1065,1125,sur,,48-51
90,1835,1835,"Catagrafii cu ţărani liberi, cu ruptaşi şi cu mazili din satele judeţelor Orhei şi Iaşi pentru anul 1835.","Revision lists of free peasants, ruptasi and mazili from the villages of Orhei and Iasi counties for the year 1835.","Listes de revision des paysans libres, des ruptasi et des mazili des villages des comtes d'Orhei et de Iasi pour l'annee 1835.","Ревизские сказки вольных крестьян, рупташей и мазилов сел Оргеевского и Ясского уездов за 1835 год.",Iaşi,28,2360590,5–268,264,sur,,51-52
91,1835,1835,"Catagrafii cu cetăţeni străini, cu ţărani liberi, cu mazili şi cu ruptaşi din satul Găuzeni, judeţul Iaşi şi din satele judeţului Orhei pentru anul 1835.","Revision lists of foreign citizens, of free peasants, of mazili and of ruptaşi from the village of Găuzeni, Iaşi county, and from the villages of Orhei county, for the year 1835.","Listes de revision des citoyens etrangers, des paysans libres, des mazili et des ruptaşi du village de Găuzeni, comte de Iaşi, et des villages du comte d'Orhei, pour l'annee 1835.","Ревизские сказки иностранных подданных, свободных крестьян, мазылов (mazili) и рупташей (ruptaşi) села Гэузень, Ясский уезд, и сел Орхейского уезда, за 1835 год.",,35,2360590 · 2360591,271–1047 · 5–767,1540,sur,,52-53
93,1835,1835,"Catagrafii cu boiernaşi şi cu mazili din satul Ruseni şi din tîrgul Lipcani, judeţul Hotin pentru anul 1835.","Revision lists of boiernaşi and of mazili from the village of Ruseni and the market town of Lipcani, Hotin county, for the year 1835.","Listes de revision des boiernaşi et des mazili du village de Ruseni et du bourg de Lipcani, comte de Hotin, pour l'annee 1835.","Ревизские сказки боернашей (boiernaşi) и мазылов (mazili) села Русены и местечка Липканы, Хотинский уезд, за 1835 год.",,2,2360591,769–775,7,probable,https://www.familysearch.org/ark:/61903/3:1:3QSQ-G93Y-ZN5K?i=1&cc=1985804&wc=M6C1-JZ9%3A264175701%2C264722601%2C265087101,53
94,1835,1835,"Catagrafii cu mazili, cu ruptaşi, cu boiernaşi şi cu ţărani liberi din satele judeţului Hotin pentru anul 1835.","Revision lists of mazili, ruptasi, boiernasi and free peasants from the villages of Hotin county, for the year 1835.","Listes de revision des mazili, des ruptasi, des boiernasi et des paysans libres des villages du judet de Hotin, pour l'annee 1835.","Ревизские сказки мазылов, рупташей, боернашей и вольных крестьян сёл Хотинского уезда, за 1835 год.",,25,2360591,778–1087,310,probable,https://www.familysearch.org/ark:/61903/3:1:3QSQ-G93Y-ZNRY?i=1&cc=1985804&wc=M6C1-NTL%3A264175701%2C264722601%2C265087201,53
95,1835,1835,Catagrafii cu romi (țigani) şerbi din oraşul Hotin şi din satele judeţului Hotin pentru anul 1835.,Revision lists of serf Roma (gypsies) from the town of Hotin and from the villages of Hotin county for the year 1835.,Listes de revision des Roms (tsiganes) serfs de la ville de Hotin et des villages du comte de Hotin pour l'annee 1835.,Ревизские сказки крепостных цыган города Хотин и сёл Хотинского уезда за 1835 год.,,47,2361070,5–246,242,sur,,54-55
96,1835,1835,"Catagrafii cu ţărani liberi, cu mazili, cu ruptaşi, cu boiernaşi, cu cetăţeni străini şi cu reprezentanţi ai societăţii de evrei din satele judeţelor Hotin şi Iaşi pentru anul 1835.","Revision lists of free peasants, mazili, ruptasi, boiernasi, foreign citizens and representatives of the Jewish community from the villages of Hotin and Iasi counties for the year 1835.","Listes de revision des paysans libres, des mazili, des ruptasi, des boiernasi, des citoyens etrangers et des representants de la communaute juive des villages des comtes de Hotin et de Iasi pour l'annee 1835.","Ревизские сказки вольных крестьян, мазилов, рупташей, боерношей, иностранных подданных и представителей еврейского общества сел Хотинского и Ясского уездов за 1835 год.",Hotin · Iaşi,18,2361070 · 2361071,249–1101 · 5–56,905,sur,https://www.familysearch.org/ark:/61903/3:1:3QS7-893Y-TJCC?i=1&cc=1985804&wc=M6C1-N29%3A264175701%2C264722601%2C265089301,55
97,1834,1834,"Catagrafii cu ţărani liberi din satele judeţului Hotin şi cu ţărani ai statului din gubernia Cernigov, judeţul Surajsc pentru anul 1834.","Revision lists of free peasants from the villages of Hotin county and of state peasants from Chernigov guberniya, Surazh county, for the year 1834.","Listes de revision des paysans libres des villages du comte de Hotin et des paysans d'Etat de la gouvernance de Tchernigov, comte de Surazh, pour l'annee 1834.","Ревизские сказки вольных крестьян сел Хотинского уезда и государственных крестьян Черниговской губернии, Суражского уезда, за 1834 год.",,66,2361071,59–307,249,sur,https://www.familysearch.org/ark:/61903/3:1:3QS7-893Y-RSF?i=1&cc=1985804&wc=M6C1-JM9%3A264175701%2C264722601%2C265093401,55-57
98,1835,1835,"Catagrafii cu ţărani liberi, cu mazili, cu ruptaşi şi cu boiernaşi din satele judeţului Hotin pentru anul 1835.","Revision lists of free peasants, mazili, ruptasi and boiernasi from the villages of Hotin county for the year 1835.","Listes de revision des paysans libres, des mazili, des ruptasi et des boiernasi des villages du comte de Hotin pour l'annee 1835.","Ревизские сказки вольных крестьян, мазилов, рупташей и боерношей сел Хотинского уезда за 1835 год.",,21,2361071,310–1042,733,sur,https://www.familysearch.org/ark:/61903/3:1:3QS7-893Y-R3ZZ?i=1&cc=1985804&wc=M6C1-J68%3A264175701%2C264722601%2C265094601,57-58
99,1835,1836,"Catagrafii cu ţărani liberi, cu ruptaşi, cu mici burghezi şi cu evrei din satele judeţelor Iaşi şi Hotin pentru anii 1835,1836.","Revision lists of free peasants, ruptasi, petty bourgeois and Jews from the villages of Iasi and Hotin counties for the years 1835,1836.","Listes de revision des paysans libres, des ruptasi, des petits bourgeois et des juifs des villages des comtes de Iasi et de Hotin pour les annees 1835,1836.","Ревизские сказки вольных крестьян, рупташей, мещан и евреев сел Ясского и Хотинского уездов за 1835,1836 годы.",Hotin · Iaşi,73,2361072,5–339,335,sur,https://www.familysearch.org/ark:/61903/3:1:3QS7-L93Y-T8W4?i=1&cc=1985804&wc=M6C1-VNL%3A264175701%2C264722601%2C265098201,58-59
100,1835,1835,Catagrafii cu slujitori ai bisericii din oraşul Hotin şi din satele judeţului Hotin pentru anul 1835.,"Revision lists of church servants from the town of Hotin and the villages of Hotin county, for the year 1835.","Listes de revision des desservants de l'eglise de la ville de Hotin et des villages du judet de Hotin, pour l'annee 1835.",Ревизские сказки церковнослужителей города Хотина и сёл Хотинского уезда за 1835 год.,,194,2361072,342–992,651,sur,https://www.familysearch.org/ark:/61903/3:1:3QS7-L93Y-THVZ?i=1&cc=1985804&wc=M6C1-VNG%3A264175701%2C264722601%2C265099701,60-64
101,1835,1835,Liste cu persoane înscrise conform recensămîntului nr. 8 din anul 1835 în oraşul Hotin şi din satele judeţului Hotin (persoane venite din alte localităţi ale regiunii Basarabia din Rusia şi de după hotarele ei) pentru anul 1846.,"Lists of persons registered according to census no. 8 of the year 1835 in the town of Hotin and in the villages of Hotin county (persons who came from other localities of the Bessarabia region of Russia and from beyond its borders), for the year 1846","Listes des personnes inscrites conformement au recensement n° 8 de l'annee 1835 dans la ville de Hotin et dans les villages du comte de Hotin (personnes venues d'autres localites de la region de Bessarabie de Russie et de l'exterieur de ses frontieres), pour l'annee 1846","Списки лиц, внесённых согласно переписи № 8 1835 года в городе Хотине и в сёлах Хотинского уезда (лица, прибывшие из других местностей Бессарабской области России и из-за её пределов), за 1846 год",,313,2361072 · 2361073,995–1064 · 5–422,488,sur,https://www.familysearch.org/ark:/61903/3:1:3QSQ-G93Y-TCRW?i=1&cc=1985804&wc=M6C1-V68%3A264175701%2C264722601%2C265102101,64-72
102,1835,1835,"Catagrafii cu ţărani, cu ruptaşi, cu mazili şi cu răzeşi din satele judeţelor Iaşi şi Hotin pentru anul 1835.","Revision lists of peasants, ruptaşi, mazili (petty nobility exempt from taxes) and răzeşi (free landholding peasants) from the villages of Iaşi and Hotin counties, for the year 1835.","Listes de revision des tarani (paysans), ruptaşi, mazili (petite noblesse exempte) et răzeşi (paysans libres proprietaires) des villages des judets de Iaşi et Hotin, pour l'annee 1835.","Ревизские сказки крестьян, рупташей, мазылов (мелкой знати, освобождённой от податей) и разешей (свободных крестьян-землевладельцев) сел Ясского и Хотинского уездов, за 1835 год.",Hotin · Iaşi,31,2361073 · 2361074,425–1074 · 5–659,1305,sur,https://www.familysearch.org/ark:/61903/3:1:3QS7-993Y-TS3C?i=1&cc=1985804&wc=M6C1-VP8%3A264175701%2C264722601%2C265104201,72-73
103,1835,1835,"Catagrafii cu dvoreni moldavi, cu agricultori liberi, cu mazili şi cu ruptaşi din satele judeţelor Iaşi şi Hotin pentru anul 1835.","Revision lists of Moldavian dvoreni, free farmers, mazili and ruptaşi from the villages of Iaşi and Hotin counties for the year 1835.","Listes de revision des dvoreni moldaves, des agriculteurs libres, des mazili et des ruptaşi des villages des comtes de Iaşi et de Hotin pour l'annee 1835.","Ревизские сказки молдавских дворян, вольных земледельцев, мазилов и рупташей сёл Ясского и Хотинского уездов за 1835 год.",,20,2361074 · 2361075,662–1055 · 5–510,900,probable,https://www.familysearch.org/ark:/61903/3:1:3QS7-L93Y-RSJD?i=1&cc=1985804&wc=M6C1-2M9%3A264175701%2C264722601%2C265110001,73
104,1835,1836,"Catagrafii cu dvoreni, cu mazili, cu ruptaşi şi cu agricultori liberi din satele judeţului Iaşi pentru anii 1835,1836.","Revision lists of dvoreni, mazili, ruptaşi and free farmers from the villages of Iaşi county for the years 1835, 1836.","Listes de revision des dvoreni, des mazili, des ruptaşi et des agriculteurs libres des villages du comte de Iaşi pour les annees 1835, 1836.","Ревизские сказки дворян, мазилов, рупташей и вольных земледельцев сёл Ясского уезда за 1835, 1836 годы.",,14,2361075,513–577,65,sur,https://www.familysearch.org/ark:/61903/3:1:3QS7-993Y-YWKX?i=1&cc=1985804&wc=M6ZM-M2Q%3A264175701%2C264722601%2C265220301,74
105,1835,1835,"Catagrafii cu dvoreni, cu mazili, cu ruptaşi, cu şleahtici, cu supuşi ai Austriei şi cu agricultori liberi din satele judeţului Iaşi pentru anul 1835.","Revision lists of dvoreni, mazili, ruptaşi, şleahtici, Austrian subjects and free farmers from the villages of Iaşi county for the year 1835.","Listes de revision des dvoreni, des mazili, des ruptaşi, des şleahtici, des sujets autrichiens et des agriculteurs libres des villages du comte de Iaşi pour l'annee 1835.","Ревизские сказки дворян, мазилов, рупташей, шляхтичей, австрийских подданных и вольных земледельцев сёл Ясского уезда за 1835 год.",,22,2361075,580–709,130,sur,https://www.familysearch.org/ark:/61903/3:1:3QS7-893Y-YWL4?i=1&cc=1985804&wc=M6C1-2P8%3A264175701%2C264722601%2C265112501,74
106,1835,1835,"Catagrafii cu dvoreni, cu boiernaşi, cu mazili, cu ruptaşi şi cu agricultori liberi din satele judeţelor Iaşi şi Hotin, pentru anul 1835.","Revision lists of dvoreni, boiernaşi, mazili, ruptaşi and free farmers from the villages of Iaşi and Hotin counties for the year 1835.","Listes de revision des dvoreni, des boiernaşi, des mazili, des ruptaşi et des agriculteurs libres des villages des comtes de Iaşi et de Hotin pour l'annee 1835.","Ревизские сказки дворян, боернашей, мазилов, рупташей и вольных земледельцев сёл Ясского и Хотинского уездов за 1835 год.",,6,2361075,712–896,185,sur,https://www.familysearch.org/ark:/61903/3:1:3QS7-993Y-Y75Q?i=1&cc=1985804&wc=M6C1-LM9%3A264175701%2C264722601%2C265113101,75
107,1835,1835,"Catagrafii cu dvoreni, cu boiernaşi, cu ruptaşi, cu mazili, cu şleahtici, cu supuşi ai Austriei, cu ţărani, cu agricultori liberi şi cu colonişti din satele judeţelor Iaşi şi Hotin pentru anul 1835.","Revision lists of dvoreni, boiernaşi, ruptaşi, mazili, şleahtici, Austrian subjects, peasants, free farmers and colonists from the villages of Iaşi and Hotin counties for the year 1835.","Listes de revision des dvoreni, des boiernaşi, des ruptaşi, des mazili, des şleahtici, des sujets autrichiens, des tarani, des agriculteurs libres et des colons des villages des comtes de Iaşi et de Hotin pour l'annee 1835.","Ревизские сказки дворян, боернашей, рупташей, мазилов, шляхтичей, австрийских подданных, крестьян, вольных земледельцев и колонистов сёл Ясского и Хотинского уездов за 1835 год.",Hotin · Iaşi,18,2361075 · 2361076,899–1074 · 5–370,542,sur,https://www.familysearch.org/ark:/61903/3:1:3QS7-993Y-YQ6M?i=1&cc=1985804&wc=M6C1-2TL%3A264175701%2C264722601%2C265114001,75
108,1835,1835,Catagrafii cu slujitori ai bisericii din satele judeţului Iaşi pentru anul 1835.,"Revision lists of church servants from the villages of Iaşi county, for the year 1835.","Listes de revision des desservants de l'eglise des villages du judet de Iaşi, pour l'annee 1835.",Ревизские сказки церковнослужителей сёл Ясского уезда за 1835 год.,,117,2361076,373–761,389,sur,https://www.familysearch.org/ark:/61903/3:1:3QS7-893Y-Y15C?i=1&cc=1985804&wc=M6C1-L38%3A264175701%2C264722601%2C265115601,75-78
109,1835,1835,"Catagrafii cu dvoreni, cu mazili, cu ruptaşi, cu cetăţeni străini, cu dvoreni străini, cu mici burghezi, cu mici burghezi evrei şi cu agricultori liberi din tîrgul Soroca pentru anul 1835.","Revision lists of dvoreni, mazili, ruptaşi, foreign citizens, foreign dvoreni, petty bourgeois, Jewish petty bourgeois and free farmers from the market town of Soroca for the year 1835.","Listes de revision des dvoreni, des mazili, des ruptaşi, des citoyens etrangers, des dvoreni etrangers, des petits bourgeois, des petits bourgeois juifs et des agriculteurs libres du bourg de Soroca pour l'annee 1835.","Ревизские сказки дворян, мазилов, рупташей, иностранных граждан, иностранных дворян, мещан, мещан-евреев и вольных земледельцев местечка Сорока за 1835 год.",,1,2361076,764–956,193,sur,https://www.familysearch.org/ark:/61903/3:1:3QS7-893Y-YYJ5?i=1&cc=1985804&wc=M6C1-LWL%3A264175701%2C264722601%2C265117601,78
110,1835,1835,"Catagrafii cu cetăţeni străini, cu ţărani liberi, cu mazili, cu ruptaşi, cu răzeşi, cu boiernaşi, cu mici burghezi, cu birnici şi cu evrei din satele judeţelor Iaşi şi Hotin pentru anul 1835.","Revision lists of foreign citizens, of free peasants, of mazili, of ruptaşi, of răzeşi, of boiernaşi, of petty bourgeois, of taxpayers and of Jews from the villages of Iaşi and Hotin counties, for the year 1835.","Listes de revision des citoyens etrangers, des paysans libres, des mazili, des ruptaşi, des răzeşi, des boiernaşi, des petits bourgeois, des contribuables et des juifs des villages des comtes de Iaşi et de Hotin, pour l'annee 1835.","Ревизские сказки иностранных подданных, свободных крестьян, мазылов (mazili), рупташей (ruptaşi), рэзешей (răzeşi), боернашей (boiernaşi), мещан, податных людей и евреев сел Ясского и Хотинского уездов за 1835 год.",Iaşi,29,2361076 · 2361077 · 2361078,959–1083 · 5–1041 · 5–172,1330,sur,https://www.familysearch.org/ark:/61903/3:1:3QS7-L93Y-Y9SX-9?i=1&cc=1985804&wc=M6C1-LZ9%3A264175701%2C264722601%2C265118701,78-79
111,1835,1835,"Catagrafii cu dvoreni, cu mazili, cu ruptaşi, cu şleahtici, cu boiernaşi şi cu agricultori din satele judeţelor Iaşi şi Hotin pentru anul 1835.","Revision lists of dvoreni, mazili, ruptaşi, şleahtici, boiernaşi and farmers from the villages of Iaşi and Hotin counties for the year 1835.","Listes de revision des dvoreni, des mazili, des ruptaşi, des şleahtici, des boiernaşi et des agriculteurs des villages des comtes de Iaşi et de Hotin pour l'annee 1835.","Ревизские сказки дворян, мазилов, рупташей, шляхтичей, боернашей и земледельцев сёл Ясского и Хотинского уездов за 1835 год.",Hotin · Iaşi,10,2361078,175–444,270,sur,https://www.familysearch.org/ark:/61903/3:1:3QS7-L93Y-TPXZ?i=1&cc=1985804&wc=M6C1-L68%3A264175701%2C264722601%2C265124301,79-80
112,1835,1835,"Catagrafii cu dvoreni, cu boiernaşi, cu mazili, cu ruptaşi, cu şleahtici şi cu agricultori liberi din satele judeţelor Iaşi şi Hotin pentru anul 1835.","Revision lists of dvoreni, boiernaşi, mazili, ruptaşi, şleahtici (szlachta) and free farmers from the villages of Iaşi and Hotin counties for the year 1835.","Listes de revision des dvoreni, des boiernaşi, des mazili, des ruptaşi, des şleahtici (petite noblesse polonaise) et des agriculteurs libres des villages des comtes de Iaşi et de Hotin pour l'annee 1835.","Ревизские сказки дворян, боернашей, мазилов, рупташей, шляхтичей и вольных земледельцев сёл Ясского и Хотинского уездов за 1835 год.",Hotin · Iaşi,7,2361078,447–762,316,sur,https://www.familysearch.org/ark:/61903/3:1:3QS7-893Y-TLMD?i=1&cc=1985804&wc=M6C1-LNL%3A264175701%2C264722601%2C265125101,80
113,1835,1835,"Catagrafii cu mazili, cu ruptaşi, cu cetăţeni străini, cu dvoreni, cu colonişti liberi, cu boieri moldoveni, cu şleahtici, cu evrei şi cu ţărani liberi din satele judeţelor Iaşi şi Hotin pentru anul 1835.","Revision lists of mazili, ruptasi, foreign citizens, dvoreni, free colonists, Moldavian boyars, szlachta, Jews and free peasants from the villages of Iaşi and Hotin counties, for the year 1835.","Listes de revision des mazili, des ruptasi, des citoyens etrangers, des dvoreni, des colons libres, des boyards moldaves, des szlachta, des juifs et des paysans libres des villages des judete de Iaşi et de Hotin, pour l'annee 1835.","Ревизские сказки мазылов, рупташей, иностранных подданных, дворян, вольных колонистов, молдавских бояр, шляхты, евреев и вольных крестьян сёл Ясского и Хотинского уездов, за 1835 год.",Hotin · Iaşi,22,2361078 · 2361079,765–1043 · 5–679,954,probable,https://www.familysearch.org/ark:/61903/3:1:3QSQ-G93Y-TRP1?i=1&cc=1985804&wc=M6C1-LP8%3A264175701%2C264722601%2C265126401,80-81
114,1835,1835,"Catagrafie cu slujitorii bisericii din schitul de femei din satul Coşeleuca, judeţul Iaşi pentru anul 1835.","Revision list of church servants of the women's hermitage in the village of Coşeleuca, Iaşi county, for the year 1835.","Liste de revision des desservants de l'eglise du skite de femmes du village de Coşeleuca, comte de Iaşi, pour l'annee 1835.","Ревизская сказка церковнослужителей женского скита села Кошелеука, Ясского уезда, за 1835 год.",,1,2361079,682–688,7,sur,https://www.familysearch.org/ark:/61903/3:1:3QSQ-G93Y-YVK6?i=1&cc=1985804&wc=M6C1-GM9%3A264175701%2C264722601%2C265133801,81
115,1835,1835,"Catagrafii cu ruptaşi, cu mazili, cu dvoreni, cu boiernaşi şi cu ţărani liberi din satele judeţelor Iaşi şi Hotin pentru anul 1835.","Revision lists of ruptaşi, mazili, dvoreni (nobility), boiernaşi and free peasants from the villages of Iaşi and Hotin counties, for the year 1835.","Listes de revision des ruptaşi, des mazili, des dvoreni (noblesse), des boiernaşi et des paysans libres des villages des judets de Iaşi et de Hotin, pour l'annee 1835.","Ревизские сказки рупташей, мазылов, дворян, боернашей и свободных крестьян сёл Ясского и Хотинского уездов за 1835 год.",Hotin · Iaşi,10,2361079,691–937,247,sur,https://www.familysearch.org/ark:/61903/3:1:3QS7-L93Y-YVG2?i=1&cc=1985804&wc=M6C1-LTL%3A264175701%2C264722601%2C265133901,81
116,1859,1859,"Catagrafii cu ţărani din satele judeţului Chişinău pentru anii 1859,1859.","Revision lists of peasants from the villages of Chişinău county for the years 1859, 1859.","Listes de revision des paysans des villages du comte de Chişinău pour les annees 1859, 1859.","Ревизские сказки крестьян сёл Кишинёвского уезда за 1859, 1859 годы.",Chişinău,14,2361079 · 2361080,940–1092 · 5–456,605,sur,https://www.familysearch.org/ark:/61903/3:1:3QS7-993Y-YN97?i=1&cc=1985804&wc=M6C1-LTG%3A264175701%2C264722601%2C265135401,81-82
117,1835,1837,"Catagrafii cu dvoreni, cu mazili şi cu ruptaşi din satele judeţului Iaşi pentru anii 1835-1837.","Revision lists of dvoreni, mazili and ruptaşi from the villages of Iaşi county for the years 1835-1837.","Listes de revision des dvoreni, des mazili et des ruptaşi des villages du comte de Iaşi pour les annees 1835-1837.","Ревизские сказки дворян, мазилов и рупташей сёл Ясского уезда за 1835-1837 годы.",Iaşi,31,2361080,459–816,358,sur,https://www.familysearch.org/ark:/61903/3:1:3QS7-893Y-B8R7?i=1&cc=1985804&wc=M6C1-G38%3A264175701%2C264722601%2C265138501,82
118,1835,1835,"Catagrafii cu ţărani liberi, cu mazili, cu ruptaşi, cu cetăţeni străini, cu boiernaşi şi cu dvoreni din satele judeţelor Iaşi şi Hotin pentru anul 1835.","Revision lists of free peasants, mazili, ruptasi, foreign citizens, boiernasi and dvoreni (nobility) from the villages of Iasi and Hotin counties for the year 1835.","Listes de revision des paysans libres, des mazili, des ruptasi, des citoyens etrangers, des boiernasi et des dvoreni (noblesse) des villages des comtes de Iasi et de Hotin pour l'annee 1835.","Ревизские сказки вольных крестьян, мазилов, рупташей, иностранных подданных, боерношей и дворян сел Ясского и Хотинского уездов за 1835 год.",Hotin · Iaşi,30,2361080 · 2361081 · 2361082,819–1056 · 5–1050 · 5–97,1377,sur,https://www.familysearch.org/ark:/61903/3:1:3QS7-993Y-B6JT?i=1&cc=1985804&wc=M6C1-GWL%3A264175701%2C264722601%2C265139601,83
119,1835,1835,"Catagrafii cu dvoreni, cu mazili, cu ruptaşi, cu şleahtici, cu boiernaşi, cu cetăţeni străini, cu persoane rebotezate din evrei şi convertite la religia creştină cu agricultori şi cu colonişti liberi din satele judeţelor Iaşi şi Hotin pentru anul 1835.","Revision lists of dvoreni, mazili, ruptaşi, şleahtici, boiernaşi, foreign citizens, persons rebaptized from Jews and converted to the Christian religion, farmers and free colonists from the villages of Iaşi and Hotin counties for the year 1835.","Listes de revision des dvoreni, des mazili, des ruptaşi, des şleahtici, des boiernaşi, des citoyens etrangers, des personnes rebaptisees issues des Juifs et converties a la religion chretienne, des agriculteurs et des colons libres des villages des comtes de Iaşi et de Hotin pour l'annee 1835.","Ревизские сказки дворян, мазилов, рупташей, шляхтичей, боернашей, иностранных граждан, лиц, перекрещённых из евреев и обращённых в христианскую веру, земледельцев и вольных колонистов сёл Ясского и Хотинского уездов за 1835 год.",Hotin · Iaşi,32,2361046 · 2361082,5–260 · 100–1046,1203,probable,https://www.familysearch.org/ark:/61903/3:1:3QS7-993Y-R33L?i=1&cc=1985804&wc=M6C1-GZ9%3A264175701%2C264722601%2C265145201,84
120,1835,1835,Catagrafii cu slujitori ai bisericii din oraşul Bălţi şi din satele judeţului Iaşi pentru anul 1835.,"Revision lists of church servants from the town of Bălţi and the villages of Iaşi county, for the year 1835.","Listes de revision des desservants de l'eglise de la ville de Bălţi et des villages du judet de Iaşi, pour l'annee 1835.",Ревизские сказки церковнослужителей города Бэлць и сёл Ясского уезда за 1835 год.,,105,2361046,263–679,417,sur,https://www.familysearch.org/ark:/61903/3:1:3QS7-893Y-R7GG?i=1&cc=1985804&wc=M6C1-GNL%3A264175701%2C264722601%2C265148901,84-87
121,1835,1835,"Catagrafii cu mici burghezi, cu negustori, cu persoane rebotezate din evrei şi convertite la religia creştină şi cu ţărani liberi din oraşul Bălţi, judeţul Iaşi pentru anul 1835.","Revision lists of petty bourgeois, merchants, persons rebaptized from Judaism and converted to the Christian religion, and free peasants of the town of Bălţi, Iaşi county, for the year 1835.","Listes de revision des petits bourgeois, des negociants, des personnes rebaptisees d'origine juive et converties a la religion chretienne, et des paysans libres de la ville de Bălţi, comte d'Iaşi, pour l'annee 1835.","Ревизские сказки мещан, купцов, лиц, перекрещённых из иудеев и обращённых в христианскую веру, и свободных крестьян города Бельцы Ясского уезда за 1835 год.",,1,2361046,682–751,70,sur,https://www.familysearch.org/ark:/61903/3:1:3QSQ-G93Y-R3Z6?i=1&cc=1985804&wc=M6C1-G29%3A264175701%2C264722601%2C265151001,87
122,1835,1835,"Catagrafie cu o faţă bisericească privată lipsită de preoţie din satul Dănuţeni, judeţul Iaşi pentru anul 1835.","Revision list of a private churchman without priesthood from the village of Dănuţeni, Iaşi county, for the year 1835.","Liste de revision d'un desservant d'eglise prive, sans charge sacerdotale, du village de Dănuţeni, comte de Iaşi, pour l'annee 1835.","Ревизская сказка частного духовного лица без священнического сана села Дэнуцень, Ясского уезда, за 1835 год.",,1,2361046,754–757,4,sur,https://www.familysearch.org/ark:/61903/3:1:3QSQ-G93Y-R3M1?i=1&cc=1985804&wc=M6C1-GP8%3A264175701%2C264722601%2C265151101,87
123,1835,1835,"Catagrafii cu ţărani liberi, cu cetăţeni străini, cu mazili, cu ruptaşi, cu boiernaşi şi cu colonişti din satele judeţelor Iaşi şi Hotin pentru anul 1835.","Revision lists of free peasants, foreign citizens, mazili, ruptasi, boiernasi and colonists from the villages of Iasi and Hotin counties for the year 1835.","Listes de revision des paysans libres, des citoyens etrangers, des mazili, des ruptasi, des boiernasi et des colons des villages des comtes de Iasi et de Hotin pour l'annee 1835.","Ревизские сказки вольных крестьян, иностранных подданных, мазилов, рупташей, боерношей и колонистов сел Ясского и Хотинского уездов за 1835 год.",Hotin · Iaşi,32,2361046 · 2361047,760–963 · 5–1042,1242,sur,,87-88
124,1835,1835,"Catagrafii cu mazili, cu ruptaşi, cu cetăţeni străini, cu ţărani liberi, cu boiernaşi şi cu dvoreni din satele judeţelor Iaşi şi Hotin pentru anul 1835.","Revision lists of mazili, ruptasi, foreign citizens, free peasants, boiernasi and dvoreni (nobility) from the villages of Iasi and Hotin counties for the year 1835.","Listes de revision des mazili, ruptasi, citoyens etrangers, paysans libres, boiernasi et dvoreni (noblesse) des villages des comtes de Iasi et Hotin pour l'annee 1835.","Ревизские сказки мазылов, рупташей, иностранных подданных, вольных крестьян, боярнашей и дворян сел Ясского и Хотинского уездов за 1835 год.",Hotin · Iaşi,29,2361048,5–831,827,sur,,88-89
125,1835,1835,"Catagrafii cu mazili, cu ruptaşi, cu cetăţeni străini şi cu agricultori liberi din satele judeţului Hotin pentru anul 1835. judeţul Hotin","Revision lists of mazili, ruptasi, foreign citizens and free farmers from the villages of Hotin county, for the year 1835. Hotin county.","Listes de revision des mazili, des ruptasi, des citoyens etrangers et des agriculteurs libres des villages du judet de Hotin, pour l'annee 1835. Judet de Hotin.","Ревизские сказки мазылов, рупташей, иностранных подданных и вольных земледельцев сёл Хотинского уезда, за 1835 год. Хотинский уезд.",Hotin,24,2361048 · 2361049,834–1061 · 5–840,1064,sur,https://www.familysearch.org/ark:/61903/3:1:3QS7-993Y-RVFF?i=1&cc=1985804&wc=M6C1-PM9%3A264175701%2C264722601%2C265161301,89-90
126,1835,1835,"Catagrafii cu mazili, cu ruptaşi, cu mici burghezi şi cu ţărani liberi din satele judeţelor Iaşi şi Hotin pentru anul 1835. judeţul Hotin","Revision lists of mazili, ruptasi, petty bourgeois and free peasants from the villages of Iasi and Hotin counties for the year 1835. Hotin county","Listes de revision des mazili, ruptasi, petits bourgeois et paysans libres des villages des comtes de Iasi et Hotin pour l'annee 1835. Comte de Hotin","Ревизские сказки мазылов, рупташей, мещан и вольных крестьян сел Ясского и Хотинского уездов за 1835 год. Хотинский уезд",Hotin · Iaşi,30,2361049 · 2361050,843–1073 · 5–858,1085,sur,https://www.familysearch.org/ark:/61903/3:1:3QSQ-G93Y-RWFR?i=1&cc=1985804&wc=M6C1-PZ9%3A264175701%2C264722601%2C265166001,90-91
127,1835,1836,"Catagrafii cu colonişti de stat din satele judeţului Bender pentru anii 1835,1836.","Revision lists of state colonists from the villages of Bender county, for the years 1835, 1836.","Listes de revision des colons d'Etat des villages du comte de Bender, pour les annees 1835, 1836.","Ревизские сказки государственных колонистов сел Бендерского уезда за 1835, 1836 годы.",,15,2361050,861–910,50,sur,https://www.familysearch.org/ark:/61903/3:1:3QS7-L93Y-P21Y?i=1&cc=1985804&wc=M6ZM-M27%3A264175701%2C264722601%2C265227001,91
128,1835,1836,"Catagrafii cu negustori din oraşul Tucicov, cîrmuirea orăşenească Ismail pentru anii 1835,1836.","Revision lists of merchants of the town of Tucicov, under the town administration of Ismail, for the years 1835, 1836.","Listes de revision des negociants de la ville de Tucicov, sous l'administration urbaine d'Ismail, pour les annees 1835, 1836.","Ревизские сказки купцов города Тучиков, состоящего в подчинении измаильского городского управления, за 1835, 1836 годы.",,1,2361050,913–970,58,sur,https://www.familysearch.org/ark:/61903/3:1:3QS7-893Y-PKWQ?i=1&cc=1985804&wc=M6C1-PTL%3A264175701%2C264722601%2C265171001,91
129,1836,1836,"Catagrafii cu mici burghezi din societăţile de velicoruşi, de maloruşi, de moldoveni, de greci, de armeni, de necrasovţi, de evrei şi de marinari liberi din oraşul Tucicov a cîrmuirii orăşeneşti Ismail pentru anul 1836.","Revision lists of petty bourgeois of the societies of Velikorussians, Malorussians, Moldavians, Greeks, Armenians, Nekrasovites, Jews and free sailors of the town of Tucicov of the town administration of Ismail for the year 1836.","Listes de revision des petits bourgeois des societes de Velikorusses, de Malorusses, de Moldaves, de Grecs, d'Armeniens, de Nekrassoviens, de Juifs et de marins libres de la ville de Tucicov de l'administration de la ville d'Ismail pour l'annee 1836.","Ревизские сказки мещан обществ великороссов, малороссов, молдаван, греков, армян, некрасовцев, евреев и вольных матросов города Тучков городского управления Измаила за 1836 год.",,6,2361050 · 2361051 · 2361052,973–1062 · 5–1071 · 5–183,1336,probable,https://www.familysearch.org/ark:/61903/3:1:3QSQ-G93Y-PKBC?i=1&cc=1985804&wc=M6C1-5M9%3A264175701%2C264722601%2C265171401,91-92
130,1836,1836,Catagrafii cu colonişti din satele cîrmuirii orăşeneşti Ismail pentru anul 1836.,"Revision lists of colonists from the villages under the town administration of Ismail, for the year 1836","Listes de revision des colons des villages relevant de l'administration urbaine d'Ismail, pour l'annee 1836","Ревизские сказки колонистов сёл, подведомственных городскому управлению Измаила, за 1836 год",,5,2361052,186–396,211,sur,https://www.familysearch.org/ark:/61903/3:1:3QSQ-G93Y-R9DD?i=1&cc=1985804&wc=M6C1-R38%3A264175701%2C264722601%2C265174901,92
131,1836,1836,Catagrafii cu colonişti din satele cîrmuirii orăşeneşti Ismail (Tucicov) pentru anul 1836.,"Revision lists of colonists from the villages under the town administration of Ismail (Tucicov), for the year 1836","Listes de revision des colons des villages relevant de l'administration urbaine d'Ismail (Tucicov), pour l'annee 1836","Ревизские сказки колонистов сёл, подведомственных городскому управлению Измаила (Tucicov), за 1836 год",,2,2361052,399–545,147,sur,https://www.familysearch.org/ark:/61903/3:1:3QS7-893Y-52W6?i=1&cc=1985804&wc=M6ZM-MP6%3A264175701%2C264722601%2C265227101,92
132,1835,1846,"Catagrafii cu locuitori din comunităţile de velicoruşi, de moldoveni, de cetăţeni străini şi de bulgari, cu mici burghezi, cu dvoreni străini, cu persoane rebotezate din evrei şi convertite la religia creştină din oraşele Bălţi, Bender, Chişinău şi din satele judeţelor Bender, Chişinău, Iaşi Orhei şi Akkerman, şi cu persoane eliberate din munca de şerbie din cetatea Ismail pentru anii 1835-1846.","Revision lists with inhabitants of the Great Russian, Moldavian, foreign citizen and Bulgarian communities, petty bourgeois, foreign dvoreni, persons rebaptized from Jews and converted to the Christian religion, from the cities of Bălţi, Bender, Chişinău and from the villages of Bender, Chişinău, Iaşi, Orhei and Akkerman counties, and with persons freed from serfdom labor at the Ismail fortress, for the years 1835-1846.","Listes de revision avec les habitants des communautes grand-russienne, moldave, des citoyens etrangers et bulgare, des petits bourgeois, des dvoreni etrangers, des personnes rebaptisees issues des Juifs et converties a la religion chretienne, des villes de Bălţi, Bender, Chişinău et des villages des comtes de Bender, Chişinău, Iaşi, Orhei et Akkerman, et avec des personnes liberees du travail servile de la forteresse d'Ismail, pour les annees 1835-1846.","Ревизские сказки жителей великорусской, молдавской, иностранных граждан и болгарской общин, мещан, иностранных дворян, лиц, перекрещённых из евреев и обращённых в христианскую веру, городов Бельцы, Бендеры, Кишинёв и сёл Бендерского, Кишинёвского, Ясского, Орхейского и Аккерманского уездов, а также лиц, освобождённых от крепостного труда в крепости Измаил, за 1835-1846 годы.",Akkerman · Bender · Chişinău · Iaşi,25,2361052 · 2361556,548–1058 · 5–237,744,sur,https://www.familysearch.org/ark:/61903/3:1:3QS7-893Y-RQKW?i=1&cc=1985804&wc=M6ZM-MNG%3A264175701%2C264722601%2C265228501,92-93
133,1835,1836,"Catagrafii cu ţărani, cu colonişti, cu răzeşi şi cu mazili din satele judeţului Leova pentru anii 1835-1836.","Revision lists of peasants, colonists, răzeşi (free landholding peasants) and mazili (petty nobility exempt from taxes) from the villages of Leova county, for the years 1835-1836.","Listes de revision des tarani (paysans), colonistes, răzeşi (paysans libres proprietaires) et mazili (petite noblesse exempte) des villages du judet de Leova, pour les annees 1835-1836.","Ревизские сказки крестьян, колонистов, разешей (свободных крестьян-землевладельцев) и мазылов (мелкой знати, освобождённой от податей) сел Леовского уезда, за 1835-1836 годы.",,16,2361556,240–313,74,sur,https://www.familysearch.org/ark:/61903/3:1:3QS7-893Y-TWYG?i=1&cc=1985804&wc=M6ZM-929%3A264175701%2C264722601%2C265220601,93
134,1835,1842,"Catagrafii cu colonişti din judeţul Akkerman şi cu colonişti transferaţi din alte colonii din gubernia Herson, judeţele Odesa şi Tiraspol pentru anii 1835,1842,1844,1846,1847,1850","Revision lists of colonists from Akkerman county and of colonists transferred from other colonies of Kherson gubernia, Odesa and Tiraspol counties, for the years 1835, 1842, 1844, 1846, 1847, 1850","Listes de revision des colons du comte d'Akkerman et des colons transferes d'autres colonies du gouvernement de Kherson, comtes d'Odesa et de Tiraspol, pour les annees 1835, 1842, 1844, 1846, 1847, 1850","Ревизские сказки колонистов Аккерманского уезда и колонистов, переселённых из других колоний Херсонской губернии, Одесского и Тираспольского уездов, за 1835, 1842, 1844, 1846, 1847, 1850 годы",Akkerman · Odesa · Tiraspol,31,2361556,316–475,160,sur,https://www.familysearch.org/ark:/61903/3:1:3QS7-993Y-TZR4?i=1&cc=1985804&wc=M6ZM-H3X%3A264175701%2C264722601%2C265237701,94-95
135,1835,1835,"Catagrafii cu ţărani, cu evrei, cu cetăţeni străini, cu mazili, cu ruptaşi şi cu boiernaşi din satele judeţului Hotin pentru anul 1835.","Revision lists of peasants, Jews, foreign citizens, mazili (petty nobility exempt from taxes), ruptaşi and boiernaşi (petty boyars) from the villages of Hotin county, for the year 1835.","Listes de revision des tarani (paysans), juifs, citoyens etrangers, mazili (petite noblesse exempte), ruptaşi et boiernaşi (petits boyards) des villages du judet de Hotin, pour l'annee 1835.","Ревизские сказки крестьян, евреев, иностранных подданных, мазылов (мелкой знати, освобождённой от податей), рупташей и боернашей (мелких бояр) сел Хотинского уезда, за 1835 год.",,16,2361556 · 2361557,478–1063 · 5–189,771,sur,https://www.familysearch.org/ark:/61903/3:1:S3HT-DT4Q-T92?i=1&cc=1985804&wc=M6C1-5TL%3A264175701%2C264722601%2C265175401,95
136,1848,1848,Catagrafii cu negustori şi cu mici burghezi din comunitatea de evrei din oraşul Bender şi satele judeţului Bender pentru anul 1848.,Revision lists of merchants and petty bourgeois of the Jewish community of the town of Bender and of the villages of Bender county for the year 1848.,Listes de revision des negociants et des petits bourgeois de la communaute juive de la ville de Bender et des villages du comte de Bender pour l'annee 1848.,Ревизские сказки купцов и мещан еврейской общины города Бендеры и сёл Бендерского уезда за 1848 год.,,2,2361557,192–392,201,sur,https://www.familysearch.org/ark:/61903/3:1:S3HT-DT47-MXL?i=1&cc=1985804&wc=M6ZM-W6D%3A264175701%2C264722601%2C265241001,95
137,1848,1850,"Catagrafii cu agricultori liberi şi cu negustori din comunitatea de evrei din oraşul Bender şi din satele judeţului Bender, din satele judeţului Gaisin, gubernia Podolsc pentru anii 1848,1850,1851, 1853-1856.","Revision lists of free farmers and of merchants of the Jewish community of the town of Bender and of the villages of Bender county, and of the villages of Gaisin county, Podolsk governorate, for the years 1848, 1850, 1851, 1853-1856.","Listes de revision des agriculteurs libres et des negociants de la communaute juive de la ville de Bender et des villages du comte de Bender, ainsi que des villages du comte de Gaisin, gouvernement de Podolie, pour les annees 1848, 1850, 1851, 1853-1856.","Ревизские сказки свободных земледельцев и купцов еврейской общины города Бендеры и сел Бендерского уезда, а также сел Гайсинского уезда Подольской губернии, за 1848, 1850, 1851, 1853-1856 годы.",Bender · gubernia Podolsc,7,2361557,395–736,342,sur,https://www.familysearch.org/ark:/61903/3:1:S3HT-DT4Q-B77?i=1&cc=1985804&wc=M6ZM-4ZS%3A264175701%2C264722601%2C265241401,96
138,1848,1848,Catagrafii cu negustori şi cu mici burghezi din comunităţile vechi şi celei noi de evrei din oraşul Ismail pentru anul 1848.,Revision lists of merchants and petty bourgeois of the old and new Jewish communities of the town of Ismail for the year 1848.,Listes de revision des negociants et des petits bourgeois des communautes juives ancienne et nouvelle de la ville d'Ismail pour l'annee 1848.,Ревизские сказки купцов и мещан старой и новой еврейских общин города Измаила за 1848 год.,,4,2361557,739–1064,326,sur,https://www.familysearch.org/ark:/61903/3:1:S3HT-DT4Q-1T3?i=1&cc=1985804&wc=M6ZM-H68%3A264175701%2C264722601%2C265241801,96
139,1848,1848,Catagrafii cu negustori şi cu mici burghezi din comunitatea de evrei din oraşul Chişinău pentru anul 1848.,Revision lists of merchants and petty bourgeois of the Jewish community of the town of Chişinău for the year 1848.,Listes de revision des negociants et des petits bourgeois de la communaute juive de la ville de Chişinău pour l'annee 1848.,Ревизские сказки купцов и мещан еврейской общины города Кишинёва за 1848 год.,,2,2361558,5–1059,1055,deduit,https://www.familysearch.org/ark:/61903/3:1:3QS7-L93B-R85D?i=1&cc=1985804&wc=M6ZM-438%3A264175701%2C264722601%2C265242501,96
140,1848,1848,"Catagrafii cu romi (țigani) şerbi din satul Bărboeni, judeţul Chişinău pe anul 1848.","Revision lists of serf Roma (gypsies) from the village of Bărboeni, Chişinău county, for the year 1848.","Listes de revision des Roms (tsiganes) serfs du village de Bărboeni, comte de Chişinău, pour l'annee 1848.","Ревизские сказки крепостных цыган села Бэрбоень, Кишинёвский уезд, за 1848 год.",,2,2361559,5–80,76,sur,https://www.familysearch.org/ark:/61903/3:1:33SQ-G5Y5-RMB?i=1&cc=1985804&wc=M6ZM-C29%3A264175701%2C264722601%2C265262901,96
141,1848,1848,"Catagrafii cu mici burghezi evrei din tîrgul Hînceşti, judeţul Chişinău pentru anul 1848.","Revision lists of Jewish petty bourgeois of the market town of Hincesti, Chisinau county, for the year 1848.","Listes de revision des petits bourgeois juifs du bourg de Hincesti, comte de Chisinau, pour l'annee 1848.","Ревизские сказки еврейских мещан местечка Хынчешть, Кишинёвского уезда, за 1848 год.",,1,2361559,83–166,84,sur,https://www.familysearch.org/ark:/61903/3:1:33S7-95Y5-5D9?i=1&cc=1985804&wc=M6ZM-4P8%3A264175701%2C264722601%2C265244901,96
142,1848,1858,"Catagrafii cu membrii societăţilor de negustori şi mici burghezi de origine evreiască din oraşele Bender, Chilia şi Chişinău, din tîrgul Căuşeni, judeţul Bender, din tîrgurile Crasneni, Ladîjina, Grinova-Teplina, judeţul Gaisina, gubernia Podolsc pentru anii 1848-1853,1858.","Revision lists of members of the merchant and petty bourgeois societies of Jewish origin from the towns of Bender, Chilia and Chisinau, from the market town of Causeni, Bender county, from the market towns of Crasneni, Ladijina, Grinova-Teplina, Gaisin county, Podolsk governorate, for the years 1848-1853,1858.","Listes de revision des membres des societes de negociants et de petits bourgeois d'origine juive des villes de Bender, Chilia et Chisinau, du bourg de Causeni, comte de Bender, des bourgs de Crasneni, Ladijina, Grinova-Teplina, comte de Gaisin, gouvernorat de Podolie, pour les annees 1848-1853,1858.","Ревизские сказки членов купеческого и мещанского обществ еврейского происхождения городов Бендеры, Килия и Кишинёв, местечка Каушаны Бендерского уезда, местечек Красное, Ладыжин, Гринова-Теплина Гайсинского уезда Подольской губернии за 1848-1853,1858 годы.",Bender · Gaisina · gubernia Podolsc,8,2361559,169–320,152,sur,https://www.familysearch.org/ark:/61903/3:1:33S7-95Y5-PDR?i=1&cc=1985804&wc=M6ZM-WTG%3A264175701%2C264722601%2C265256701,96-97
143,1848,1848,Catagrafii cu negustori de origine evreiască din oraşul Orhei pe anul 1848.,Revision lists of merchants of Jewish origin of the town of Orhei for the year 1848.,Listes de revision des negociants d'origine juive de la ville d'Orhei pour l'annee 1848.,Ревизские сказки купцов еврейского происхождения города Орхей за 1848 год.,,2,2361559,323–744,422,sur,https://www.familysearch.org/ark:/61903/3:1:33S7-95Y5-L6R?i=1&cc=1985804&wc=M6ZM-WNL%3A264175701%2C264722601%2C265245101,97
144,1848,1849,"Catagrafii cu romi (țigani) şerbi din satele judeţului Orhei pe anuii 1848,1849.","Revision lists of serf Roma (gypsies) from the villages of Orhei county for the years 1848, 1849.","Listes de revision des Roms (tsiganes) serfs des villages du comte d'Orhei pour les annees 1848, 1849.","Ревизские сказки крепостных цыган сёл Орхейского уезда за 1848, 1849 годы.",,9,2361559,747–860,114,sur,https://www.familysearch.org/ark:/61903/3:1:33S7-95Y5-5RK?i=1&cc=1985804&wc=M6ZM-4WG%3A264175701%2C264722601%2C265257001,97
145,1848,1848,"Catagrafii cu mici burghezi de origine evreiască din tîrgul Teleneşti, judeţul Orhei pentru anul 1848.","Revision lists of petty bourgeois of Jewish origin from the market town of Telenesti, Orhei county, for the year 1848.","Listes de revision des petits bourgeois d'origine juive du bourg de Telenesti, comte d'Orhei, pour l'annee 1848.","Ревизские сказки мещан еврейского происхождения местечка Теленешты, Оргеевского уезда, за 1848 год.",,1,2361559 · 2361560,863–1081 · 5–74,289,sur,https://www.familysearch.org/ark:/61903/3:1:33S7-95Y5-59L?i=1&cc=1985804&wc=M6ZM-W66%3A264175701%2C264722601%2C265246101,97
146,1848,1848,"Catagrafie cu ţărani din satul Ineşti, judeţul Orhei pentru anul 1848.","Revision list of peasants from the village of Ineşti, Orhei county, for the year 1848.","Liste de revision des paysans du village d'Ineşti, comte d'Orhei, pour l'annee 1848.","Ревизская сказка крестьян села Инешть, Оргеевского уезда, за 1848 год.",,1,2361560,77–134,58,sur,https://www.familysearch.org/ark:/61903/3:1:3QS7-L93Y-YN72?i=1&cc=1985804&wc=M6ZM-4WP%3A264175701%2C264722601%2C265246801,97
147,1848,1848,"Catagrafie cu mici burghezi evrei din tîrgul Tuzara, judeţul Orhei pentru anul 1848.","Revision list of Jewish petty bourgeois from the market town of Tuzara, Orhei county, for the year 1848.","Liste de revision des petits bourgeois juifs du bourg de Tuzara, comte d'Orhei, pour l'annee 1848.","Ревизская сказка мещан-евреев местечка Тузара, Оргеевского уезда, за 1848 год.",,1,2361560,137–182,46,sur,https://www.familysearch.org/ark:/61903/3:1:3QS7-L93Y-YFDX?i=1&cc=1985804&wc=M6ZM-4NL%3A264175701%2C264722601%2C265247001,98
148,1849,1851,"Catagrafii cu romi (țigani) şerbi din satele judeţelor Chişinău, Iaşi, Hotin, Orhei şi Soroca pentru anii 1849,1851.","Revision lists of serf Roma (gypsies) from the villages of Chişinău, Iaşi, Hotin, Orhei and Soroca counties for the years 1849, 1851.","Listes de revision des Roms (tsiganes) serfs des villages des comtes de Chişinău, Iaşi, Hotin, Orhei et Soroca pour les annees 1849, 1851.","Ревизские сказки крепостных цыган сёл Кишинёвского, Ясского, Хотинского, Орхейского и Сорокского уездов за 1849, 1851 годы.",Chişinău · Hotin · Iaşi · Orhei · Soroca,42,2361560,185–880,696,sur,https://www.familysearch.org/ark:/61903/3:1:3QS7-L93Y-YF9N?i=1&cc=1985804&wc=M6ZM-WZ3%3A264175701%2C264722601%2C265259001,98-99
149,1848,1848,Catagrafii cu mici burghezi evrei din satele judeţului Soroca pentru anul 1848.,Revision lists of Jewish petty bourgeois of the villages of Soroca county for the year 1848.,Listes de revision des petits bourgeois juifs des villages du comte de Soroca pour l'annee 1848.,Ревизские сказки еврейских мещан сёл Сорокского уезда за 1848 год.,,3,2361560 · 2361561,883–1102 · 5–386,602,sur,https://www.familysearch.org/ark:/61903/3:1:33SQ-G5YB-5TQ?i=1&cc=1985804&wc=M6ZM-W36%3A264175701%2C264722601%2C265247101,99
150,1848,1854,"Catagrafii cu mici burghezi evrei din oraşele Akkerman, Chilia şi Hotin, din tîrgul Briceni, judeţul Hotin şi tîrgul Cransc, gubernia Grodno pentru anii 1848-1854.","Revision lists of Jewish petty bourgeois of the towns of Akkerman, Chilia and Hotin, of the market town of Briceni, Hotin county, and of the market town of Cransc, Grodno province, for the years 1848-1854.","Listes de revision des petits bourgeois juifs des villes d'Akkerman, de Chilia et de Hotin, du bourg de Briceni, comte de Hotin, et du bourg de Cransc, gouvernement de Grodno, pour les annees 1848-1854.","Ревизские сказки еврейских мещан городов Аккермана, Килии и Хотина, местечка Бричаны Хотинского уезда и местечка Кранск Гродненской губернии за 1848-1854 годы.",Hotin · gubernia  Grodno,5,2361561,389–538,150,probable,https://www.familysearch.org/ark:/61903/3:1:33SQ-G5YB-L37?i=1&cc=1985804&wc=M6ZM-WTT%3A264175701%2C264722601%2C265257901,99
151,1848,1848,"Catagrafii cu mici burghezi evrei şi cu colonişti de origine evreiască din tîrgurile judeţului Hotin şi din colonia Vişneva (Lomacineţ), judeţul Hotin pentru anul 1848.","Revision lists of Jewish petty bourgeois and of colonists of Jewish origin of the market towns of Hotin county and of the colony of Visneva (Lomacinet), Hotin county, for the year 1848.","Listes de revision des petits bourgeois juifs et des colons d'origine juive des bourgs du comte de Hotin et de la colonie de Visneva (Lomacinet), comte de Hotin, pour l'annee 1848.","Ревизские сказки еврейских мещан и колонистов еврейского происхождения местечек Хотинского уезда и колонии Вишнева (Ломачинец), Хотинского уезда, за 1848 год.",,4,2361561 · 2361562,541–1074 · 5–180,710,probable,https://www.familysearch.org/ark:/61903/3:1:33SQ-G5Y5-ZHS?i=1&cc=1985804&wc=M6ZM-WWL%3A264175701%2C264722601%2C265248301,99
152,1848,1848,Catagrafie cu mici burghezi din tagma negustorească de evrei din oraşul Hotin pentru anul 1848.,Revision list of petty bourgeois from the Jewish merchant estate of the town of Hotin for the year 1848.,Liste de revision des petits bourgeois de la corporation marchande juive de la ville de Hotin pour l'annee 1848.,Ревизская сказка мещан еврейского купеческого сословия города Хотина за 1848 год.,,2,2361562,182–960,779,sur,https://www.familysearch.org/ark:/61903/3:1:33SQ-G5Y5-HND?i=1&cc=1985804&wc=M6ZM-W29%3A264175701%2C264722601%2C265249801,100
153,1848,1848,Catagrafie cu negustori din comunitatea de evrei din oraşul Bălţi pentru anul 1848.,Revision list of merchants from the Jewish community of the town of Bălţi for the year 1848.,Liste de revision des marchands de la communaute juive de la ville de Bălţi pour l'annee 1848.,Ревизская сказка купцов еврейской общины города Бельцы за 1848 год.,,1,2361562,963–987,25,sur,https://www.familysearch.org/ark:/61903/3:1:33S7-95Y5-HJF?i=1&cc=1985804&wc=M6ZM-CWL%3A264175701%2C264722601%2C265251201,100
154,1848,1848,"Catagrafie cu mici burghezi din tîrgul Sculeni, judeţul Iaşi pentru anul 1848.","Revision list of petty bourgeois from the market town of Sculeni, Iaşi county, for the year 1848.","Liste de revision des petits bourgeois du bourg de Sculeni, comte de Iaşi, pour l'annee 1848.","Ревизская сказка мещан местечка Скулень, Ясского уезда, за 1848 год.",,1,2361562 · 2361563,990–1033 · 5–49,89,sur,https://www.familysearch.org/ark:/61903/3:1:33SQ-G5Y5-H3W?i=1&cc=1985804&wc=M6ZM-H38%3A264175701%2C264722601%2C265251401,100
155,1839,1849,"Catagrafii cu ţărani proveniţi din ţigani, cu ţigani şerbi şi cu ţigani-slujitori de curte din or. Chişinău, din satele judeţului Chişinău, şi cu ţigani cumpăraţi conform hotărîrilor judecăţii judeţene din or. Hotin, pentru anii 1839, 1849.","Revision lists with peasants descended from Gypsies, with serf Gypsies and with Gypsy court servants from the town of Chişinău and from the villages of Chişinău district, and with Gypsies purchased according to the decisions of the county court of the town of Hotin, for the years 1839, 1849.","Listes de révision des paysans d'origine tsigane, des Tsiganes serfs et des Tsiganes serviteurs de cour de la ville de Chişinău et des villages du district (judeţ) de Chişinău, et des Tsiganes achetés selon les décisions du tribunal du district (judeţ) de la ville de Hotin, pour les années 1839, 1849.","Ревизские сказки о крестьянах из цыган, о цыганах-крепостных и о цыганах-дворовых слугах города Кишинёва и сёл Кишинёвского уезда, и о цыганах, купленных по решениям уездного суда города Хотина, за 1839, 1849 годы.",,1,2361563,52–80,29,sur,https://www.familysearch.org/ark:/61903/3:1:3QS7-L93Y-T5CL?i=1&cc=1985804&wc=M6ZM-CM9%3A264175701%2C264722601%2C265263901,
156,1839,1848,"Catagrafii cu ţărani proveniţi din romi (țigani), cu romi (țigani) şerbi şi cu romi (țigani)-slujitori de curte din oraşul Chişinău şi din satele judeţului Chişinău pentru anii 1839,1848,1849.","Revision lists of peasants of Roma (Gypsy) origin, serf Roma and court-servant Roma from the town of Chisinau and from the villages of Chisinau county for the years 1839,1848,1849.","Listes de revision des paysans d'origine rom (tsigane), des roms (tsiganes) serfs et des roms (tsiganes) serviteurs de cour de la ville de Chisinau et des villages du comte de Chisinau pour les annees 1839,1848,1849.","Ревизские сказки крестьян из цыган, цыган-крепостных и цыган-дворовых слуг города Кишинёва и сел Кишинёвского уезда за 1839,1848,1849 годы.",Chişinău,6,2361563,83–130,48,sur,https://www.familysearch.org/ark:/61903/3:1:3QSQ-G93Y-T5NP?i=1&cc=1985804&wc=M6ZM-968%3A264175701%2C264722601%2C265223601,100
157,1849,1849,Catagrafii cu ţărani proveniţi din romi (țigani) din satele judeţului Chişinău pentru anul 1849.,Revision lists of peasants of Roma (Gypsy) origin from the villages of Chisinau county for the year 1849.,Listes de revision des paysans d'origine rom (tsigane) des villages du comte de Chisinau pour l'annee 1849.,Ревизские сказки крестьян из цыган сел Кишинёвского уезда за 1849 год.,,2,2361563,133–142,10,sur,https://www.familysearch.org/ark:/61903/3:1:3QS7-L93Y-Y9YF?i=1&cc=1985804&wc=M6ZM-CMS%3A264175701%2C264722601%2C265264101,100
158,1849,1849,"Catagrafie cu romi (țigani) şerbi din satul Şişcani, judeţul Chişinău pentru anii 1849.","Revision list of serf Roma (Gypsies) from the village of Şişcani, Chişinău county, for the year 1849.","Liste de revision des roms (tsiganes) serfs du village de Şişcani, comte de Chişinău, pour l'annee 1849.","Ревизская сказка цыган-крепостных (роми) села Шишкань, Кишинёвского уезда, за 1849 год.",,1,2361563,145–171,27,sur,https://www.familysearch.org/ark:/61903/3:1:3QSQ-G93Y-YSMT?i=1&cc=1985804&wc=M6ZM-CM3%3A264175701%2C264722601%2C265264201,100
159,1835,1835,"Catagrafie cu ţăranii satului Ohrincea, judeţul Orhei pentru anul 1835.","Revision list of the peasants of the village of Ohrincea, Orhei county, for the year 1835.","Liste de revision des paysans du village de Ohrincea, comte d'Orhei, pour l'annee 1835.","Ревизская сказка крестьян села Охринча, Орхейский уезд, за 1835 год.",,1,2361563,174–189,16,sur,https://www.familysearch.org/ark:/61903/3:1:3QS7-893Y-Y92M?i=1&cc=1985804&wc=M6C1-RNL%3A264175701%2C264722601%2C265177201,100
160,1849,1849,Catagrafii cu romi (țigani) şerbi din satele judeţului Orhei pentru anul 1849.,Revision lists of serf Roma (gypsies) from the villages of Orhei county for the year 1849.,Listes de revision des Roms (tsiganes) serfs des villages du comte d'Orhei pour l'annee 1849.,Ревизские сказки крепостных цыган сёл Орхейского уезда за 1849 год.,,5,2361563,192–283,92,sur,https://www.familysearch.org/ark:/61903/3:1:3QS7-993Y-Y9XQ?i=1&cc=1985804&wc=M6ZM-CTL%3A264175701%2C264722601%2C265264301,101
161,1849,1849,Catagrafii cu romi (țigani) şerbi din satele judeţului Orhei pentru anul 1849.,Revision lists of serf Roma (gypsies) from the villages of Orhei county for the year 1849.,Listes de revision des Roms (tsiganes) serfs des villages du comte d'Orhei pour l'annee 1849.,Ревизские сказки крепостных цыган сёл Орхейского уезда за 1849 год.,,16,2361563,286–450,165,sur,https://www.familysearch.org/ark:/61903/3:1:3QS7-L93Y-YHJ?i=1&cc=1985804&wc=M6ZM-HP8%3A264175701%2C264722601%2C265264501,101
162,1849,1849,"Catagrafii cu romi (țigani) şerbi din satele judeţelor Iaşi, Orhei şi Soroca pentru anul 1849.","Revision lists of serf Roma (gypsies) from the villages of Iaşi, Orhei and Soroca counties for the year 1849.","Listes de revision des Roms (tsiganes) serfs des villages des comtes de Iaşi, Orhei et Soroca pour l'annee 1849.","Ревизские сказки крепостных цыган сёл Ясского, Орхейского и Сорокского уездов за 1849 год.",Iaşi · Orhei · Soroca,6,2361563,453–493,41,sur,https://www.familysearch.org/ark:/61903/3:1:3QS7-993Y-Y4C?i=1&cc=1985804&wc=M6ZM-H2S%3A264175701%2C264722601%2C265264701,101-102
163,1849,1855,"Catagrafii cu romi (țigani) şerbi din oraşul Soroca şi din satele judeţului Soroca pentru anii 1849,1855.","Revision lists of serf Roma (gypsies) from the town of Soroca and from the villages of Soroca county for the years 1849, 1855.","Listes de revision des Roms (tsiganes) serfs de la ville de Soroca et des villages du comte de Soroca pour les annees 1849, 1855.","Ревизские сказки крепостных цыган города Сорока и сёл Сорокского уезда за 1849, 1855 годы.",,4,2361563,496–516,21,probable,,102
164,1849,1849,Catagrafii cu romi (țigani) şerbi şi cu colonişti din satele judeţului Soroca pentru anul 1849.,Revision lists of serf Roma (gypsies) and of colonists from the villages of Soroca county for the year 1849.,Listes de revision des Roms (tsiganes) serfs et des colonistes des villages du comte de Soroca pour l'annee 1849.,Ревизские сказки крепостных цыган и колонистов сёл Сорокского уезда за 1849 год.,,7,2361563,519–723,205,sur,https://www.familysearch.org/ark:/61903/3:1:3QS7-893Y-T5RG?i=1&cc=1985804&wc=M6ZM-H23%3A264175701%2C264722601%2C265264801,102
165,1848,1853,"Catagrafii cu mici burghezi evrei, cu colonişti şi cu romi (țigani) din oraşul Orhei, din satele judeţelor Chişinău, Orhei şi Soroca şi din guberniile Kiev şi Podolsc pentru anii 1848-1853.","Revision lists of Jewish petty bourgeois, of colonists and of Roma (gypsies) of the town of Orhei, of the villages of Chisinau, Orhei and Soroca counties, and of Kiev and Podolsk provinces, for the years 1848-1853.","Listes de revision des petits bourgeois juifs, des colons et des Roms (tsiganes) de la ville d'Orhei, des villages des comtes de Chisinau, d'Orhei et de Soroca, et des gouvernements de Kiev et de Podolie, pour les annees 1848-1853.","Ревизские сказки еврейских мещан, колонистов и цыган города Оргеева, сёл Кишинёвского, Оргеевского и Сорокского уездов, а также Киевской и Подольской губерний за 1848-1853 годы.",Chişinău · Hotin · Orhei · Soroca · gubernia Kiev · gubernia Podolsc,17,2361563,726–875,150,sur,https://www.familysearch.org/ark:/61903/3:1:3QS7-893Y-TPYV?i=1&cc=1985804&wc=M6ZM-HTL%3A264175701%2C264722601%2C265265201,102-103
166,1849,1849,Catagrafii cu romi (țigani) şerbi – slujitori de curte din oraşul Soroca şi din satele judeţului Soroca pentru anul 1849.,Revision lists of serf Roma (gypsies) – court servants – from the town of Soroca and from the villages of Soroca county for the year 1849.,Listes de revision des Roms (tsiganes) serfs – serviteurs de cour – de la ville de Soroca et des villages du comte de Soroca pour l'annee 1849.,Ревизские сказки крепостных цыган – придворных служителей – города Сорока и сёл Сорокского уезда за 1849 год.,,9,2361563,878–999,122,sur,https://www.familysearch.org/ark:/61903/3:1:3QS7-893Y-TG1R?i=1&cc=1985804&wc=M6ZM-CZ9%3A264175701%2C264722601%2C265265801,103
167,1849,1849,Catagrafii cu romi (țigani) şerbi din satele judeţului Soroca pentru anul 1849.,Revision lists of serf Roma (gypsies) from the villages of Soroca county for the year 1849.,Listes de revision des Roms (tsiganes) serfs des villages du comte de Soroca pour l'annee 1849.,Ревизские сказки крепостных цыган сёл Сорокского уезда за 1849 год.,,3,2361563,1002–1034,33,sur,https://www.familysearch.org/ark:/61903/3:1:3QS7-993Y-YTT?i=1&cc=1985804&wc=M6ZM-CZS%3A264175701%2C264722601%2C265266001,103
168,1849,1849,Catagrafii cu romi (țigani) şerbi – slujitori de curte din satele judeţului Soroca pentru anul 1849.,Revision lists of serf Roma (gypsies) – court servants – from the villages of Soroca county for the year 1849.,Listes de revision des Roms (tsiganes) serfs – serviteurs de cour – des villages du comte de Soroca pour l'annee 1849.,Ревизские сказки крепостных цыган – придворных служителей – сёл Сорокского уезда за 1849 год.,,6,2361564,5–132,128,sur,https://www.familysearch.org/ark:/61903/3:1:3QS7-993Y-R8ZN?i=1&cc=1985804&wc=M6ZM-H2Q%3A264175701%2C264722601%2C265266101,103-104
169,1849,1850,"Catagrafie cu colonişti evrei din colonia Lomacineţ (Vişineva), judeţul Hotin pentru anul 1849,1850,1854.","Revision list of Jewish colonists from the colony of Lomacineţ (Vişineva), Hotin county, for the years 1849, 1850, 1854.","Liste de revision des colons juifs de la colonie de Lomacineţ (Vişineva), comte de Hotin, pour les annees 1849, 1850, 1854.","Ревизская сказка евреев-колонистов колонии Ломачинец (Вишнёва), Хотинского уезда, за 1849, 1850, 1854 годы.",,1,2361564,135–203,69,sur,https://www.familysearch.org/ark:/61903/3:1:3QS7-893Y-RC5J?i=1&cc=1985804&wc=M6ZM-XPD%3A264175701%2C264722601%2C265280001,104
170,1849,1849,Catagrafii cu romi (țigani) şerbi – slujitori de curte din oraşul Hotin şi din satele judeţului Hotin pentru anul 1849.,Revision lists of serf Roma (gypsies) – court servants – from the town of Hotin and from the villages of Hotin county for the year 1849.,Listes de revision des Roms (tsiganes) serfs – serviteurs de cour – de la ville de Hotin et des villages du comte de Hotin pour l'annee 1849.,Ревизские сказки крепостных цыган – придворных служителей – города Хотин и сёл Хотинского уезда за 1849 год.,,31,2361564,206–400,195,sur,https://www.familysearch.org/ark:/61903/3:1:3QSQ-G93Y-RHLM?i=1&cc=1985804&wc=M6ZM-CP8%3A264175701%2C264722601%2C265266701,104
171,1849,1849,Catagrafii cu romi (țigani) şerbi – slujitori de curte din oraşul Bălţi şi din satele judeţului Iaşi pentru anul 1849.,Revision lists of serf Roma (gypsies) – court servants – from the town of Bălţi and from the villages of Iaşi county for the year 1849.,Listes de revision des Roms (tsiganes) serfs – serviteurs de cour – de la ville de Bălţi et des villages du comte de Iaşi pour l'annee 1849.,Ревизские сказки крепостных цыган – придворных служителей – города Бэлць и сёл Ясского уезда за 1849 год.,,27,2361564 · 2361564,403–643 · 935–1000,307,probable,https://www.familysearch.org/ark:/61903/3:1:3QS7-993Y-R457?i=1&cc=1985804&wc=M6ZM-C38%3A264175701%2C264722601%2C265267201,105
172,1849,1849,Catagrafii cu romi (țigani) şerbi – slujitori de curte din oraşul Bălţi şi din satul Alexăndreni pentru anul 1849.,Revision lists of serf Roma (gypsies) – court servants – from the town of Bălţi and from the village of Alexăndreni for the year 1849.,Listes de revision des Roms (tsiganes) serfs – serviteurs de cour – de la ville de Bălţi et du village d'Alexăndreni pour l'annee 1849.,Ревизские сказки крепостных цыган – придворных служителей – города Бэлць и села Алексэндрень за 1849 год.,,3,2361564,646–667,22,sur,https://www.familysearch.org/ark:/61903/3:1:3QS7-L93Y-RWXM?i=1&cc=1985804&wc=M6ZM-CNL%3A264175701%2C264722601%2C265268101,105
173,1835,1849,"Catagrafii cu romi (țigani) şerbi – slujitori de curte din oraşul Bălţi şi din satele judeţului Iaşi pentru anii 1835,1849","Revision lists of serf Roma (gypsies) – court servants – from the town of Bălţi and from the villages of Iaşi county for the years 1835, 1849.","Listes de revision des Roms (tsiganes) serfs – serviteurs de cour – de la ville de Bălţi et des villages du comte de Iaşi pour les annees 1835, 1849.","Ревизские сказки крепостных цыган – придворных служителей – города Бэлць и сёл Ясского уезда за 1835, 1849 годы.",,6,2361564,671–751,81,sur,https://www.familysearch.org/ark:/61903/3:1:3QS7-L93Y-RWXX?i=1&cc=1985804&wc=M6ZM-CNG%3A264175701%2C264722601%2C265268201,106
174,1849,1849,Catagrafii cu romi (țigani) şerbi – slujitori de curte din oraşul Chişinău şi din satele judeţului Chişinău pentru anul 1849.,Revision lists of serf Roma (gypsies) – court servants – from the town of Chişinău and from the villages of Chişinău county for the year 1849.,Listes de revision des Roms (tsiganes) serfs – serviteurs de cour – de la ville de Chişinău et des villages du comte de Chişinău pour l'annee 1849.,Ревизские сказки крепостных цыган – придворных служителей – города Кишинёв и сёл Кишинёвского уезда за 1849 год.,,6,2361564,754–837,84,sur,https://www.familysearch.org/ark:/61903/3:1:3QS7-L93Y-R83V?i=1&cc=1985804&wc=M6ZM-Z38%3A264175701%2C264722601%2C265268301,106
175,1849,1849,Catagrafie cu romi (țigani) şerbi – slujitori de curte din oraşul Chişinău pentru anul 1849.,Revision list of serf Roma (Gypsies) – court servants – from the town of Chişinău for the year 1849.,Liste de revision des roms (tsiganes) serfs – domestiques de cour – de la ville de Chişinău pour l'annee 1849.,Ревизская сказка цыган-крепостных (роми) – дворовых слуг – города Кишинёва за 1849 год.,,1,2361564,840–844,5,sur,https://www.familysearch.org/ark:/61903/3:1:3QS7-893Y-RZRQ?i=1&cc=1985804&wc=M6ZM-ZP8%3A264175701%2C264722601%2C265268601,106
176,1849,1849,"Catagrafie cu romi (țigani) şerbi – slujitori de curte din satul Hansca, judeţul Chişinău pentru anul 1849.","Revision list of serf Roma (Gypsies) – court servants – from the village of Hansca, Chişinău county, for the year 1849.","Liste de revision des roms (tsiganes) serfs – domestiques de cour – du village de Hansca, comte de Chişinău, pour l'annee 1849.","Ревизская сказка цыган-крепостных (роми) – дворовых слуг – села Ганска, Кишинёвского уезда, за 1849 год.",,1,2361564,847–866,20,sur,https://www.familysearch.org/ark:/61903/3:1:3QS7-993Y-RZQY?i=1&cc=1985804&wc=M6ZM-ZZ9%3A264175701%2C264722601%2C265268701,106
177,1849,1849,Catagrafii cu romi (țigani) şerbi – slujitori de curte din satele judeţului Chişinău pentru anul 1849.,Revision lists of serf Roma (gypsies) – court servants – from the villages of Chişinău county for the year 1849.,Listes de revision des Roms (tsiganes) serfs – serviteurs de cour – des villages du comte de Chişinău pour l'annee 1849.,Ревизские сказки крепостных цыган – придворных служителей – сёл Кишинёвского уезда за 1849 год.,,3,2361564,869–891,23,sur,https://www.familysearch.org/ark:/61903/3:1:3QS7-993Y-RZ68?i=1&cc=1985804&wc=M6ZM-ZZS%3A264175701%2C264722601%2C265268801,106
178,1849,1849,"Catagrafii cu mici burghezi evrei din oraşul Chişinău şi cu romi (țigani) şerbi – slujitori de curte din satul Lăpuşniţa, judeţul Chişinău şi de la moşia Frăsineşti, judeţul Chişinău pentru anul 1849.","Revision lists of Jewish petty bourgeois of the town of Chisinau, and of serf Roma (gypsies) - court servants of the village of Lapusnita, Chisinau county, and of the estate of Frasinesti, Chisinau county, for the year 1849.","Listes de revision des petits bourgeois juifs de la ville de Chisinau, et des Roms (tsiganes) serfs, serviteurs de cour, du village de Lapusnita, comte de Chisinau, et du domaine de Frasinesti, comte de Chisinau, pour l'annee 1849.","Ревизские сказки еврейских мещан города Кишинёва и крепостных цыган - дворовых слуг села Лэпушница, Кишинёвского уезда, и имения Фрэсинешть, Кишинёвского уезда, за 1849 год.",,3,2361564,894–932,39,sur,https://www.familysearch.org/ark:/61903/3:1:3QS7-993Y-RCVV?i=1&cc=1985804&wc=M6ZM-ZNL%3A264175701%2C264722601%2C265268901,106
179,1849,1849,"Catagrafii cu romi (țigani) şerbi din satele Căpriana şi Sipoteni, judeţul Chişinău pentru anul 1849.","Revision lists of serf Roma (gypsies) from the villages of Căpriana and Sipoteni, Chişinău county, for the year 1849.","Listes de revision des Roms (tsiganes) serfs des villages de Căpriana et Sipoteni, comte de Chişinău, pour l'annee 1849.","Ревизские сказки крепостных цыган сёл Кэприана и Шипотень, Кишинёвский уезд, за 1849 год.",,2,2361565,5–56,52,sur,,107
180,1850,1850,Catagrafii cu colonişti de stat din satele judeţului Akkerman pe anul 1850.,"Revision lists of state colonists from the villages of Akkerman county, for the year 1850.","Listes de revision des colons d'Etat des villages du comte d'Akkerman, pour l'annee 1850.",Ревизские сказки государственных колонистов сел Аккерманского уезда за 1850 год.,,11,2361565,59–924,866,sur,https://www.familysearch.org/ark:/61903/3:1:3QS7-993Y-R4LG?i=1&cc=1985804&wc=M6ZM-FZ9%3A264175701%2C264722601%2C265280701,107
181,1850,1851,"Catagrafie cu mici burghezi din societatea de moldoveni din tîrgul Popuşoi, judeţul Akkerman pentru anul 1850,1851.","Revision list of petty bourgeois from the society of Moldavians of the market town of Popuşoi, Akkerman county, for the years 1850, 1851.","Liste de revision des petits bourgeois de la societe des Moldaves du bourg de Popuşoi, comte d'Akkerman, pour les annees 1850, 1851.","Ревизская сказка мещан общества молдаван местечка Попушой, Аккерманского уезда, за 1850, 1851 годы.",,1,2361565 · 2361566,927–1008 · 5–225,303,sur,https://www.familysearch.org/ark:/61903/3:1:3QSQ-G93Y-PGXY?i=1&cc=1985804&wc=M6Z9-HTL%3A264175701%2C264722601%2C265429001,107
182,1850,1850,Catagrafii cu ţărani din satele judeţului Akkerman pentru anul 1850.,"Revision lists of peasants from the villages of Akkerman county, for the year 1850.","Listes de revision des paysans des villages du judet d'Akkerman, pour l'annee 1850.",Ревизские сказки крестьян сёл Аккерманского уезда за 1850 год.,,8,2361566,228–537,310,sur,https://www.familysearch.org/ark:/61903/3:1:3QS7-L93Y-PLK4?i=1&cc=1985804&wc=M6ZM-XP6%3A264175701%2C264722601%2C265282701,107
183,1850,1850,"Catagrafii cu coloniştii din coloniile districtului colonial Cleastiţi, judeţul Akkerman pentru anul 1850.","Revision lists of colonists from the colonies of the colonist district of Cleastiţi, Akkerman county, for the year 1850","Listes de revision des colons des colonies du district colon de Cleastiţi, comte d'Akkerman, pour l'annee 1850","Ревизские сказки колонистов колоний колонистского округа Cleastiţi, Аккерманский уезд, за 1850 год",,11,2361566 · 2361567,540–1043 · 5–365,865,sur,https://www.familysearch.org/ark:/61903/3:1:3QS7-993Y-PR88?i=1&cc=1985804&wc=M6ZM-F29%3A264175701%2C264722601%2C265283001,107-108
184,1850,1854,"Catagrafii cu coloniştii din coloniile districtului colonial Cleastiţi, judeţul Akkerman şi din colonia Glicstal, judeţul Tiraspol, gubernia Herson pentru anii 1850,1854,1860.","Revision lists of the colonists from the colonies of the Cleastiţi colonial district, Akkerman county, and from the Glicstal colony, Tiraspol county, Kherson gubernia, for the years 1850, 1854, 1860.","Listes de revision des colons des colonies du district colonial de Cleastiţi, comte d'Akkerman, et de la colonie de Glicstal, comte de Tiraspol, gouvernement de Kherson, pour les annees 1850, 1854, 1860.","Ревизские сказки колонистов колоний Клястицкого колониального округа Аккерманского уезда и колонии Гликсталь Тираспольского уезда Херсонской губернии за 1850, 1854, 1860 годы.",,11,2361567,368–1050,683,sur,https://www.familysearch.org/ark:/61903/3:1:3QS7-993Y-P5QJ?i=1&cc=1985804&wc=M6ZM-N38%3A264175701%2C264722601%2C265285101,108
185,1850,1850,"Catagrafii cu colonişti de stat din satele din domeniul statului al judeţului Akkerman şi din satul Ceamaşir, judeţul Cahul pe anul 1850.","Revision lists of state colonists from the villages of the state domain of Akkerman county and from the village of Ceamaşir, Cahul county, for the year 1850.","Listes de revision des colons d'Etat des villages du domaine de l'Etat du comte d'Akkerman et du village de Ceamaşir, comte de Cahul, pour l'annee 1850.","Ревизские сказки государственных колонистов сел государственного имения Аккерманского уезда и села Чамашир, Кагульский уезд, за 1850 год.",,14,2361568 · 2361569,5–1085 · 5–166,1243,deduit,https://www.familysearch.org/ark:/61903/3:1:3QS7-993Y-Y57D?i=1&cc=1985804&wc=M6ZM-FM9%3A264175701%2C264722601%2C265286201,108-109
186,1850,1850,Catagrafii cu colonişti de stat din satele din domeniul statului al judeţului Akkerman pentru anul 1850.,"Revision lists of state colonists from the villages of the state domain of Akkerman county, for the year 1850.","Listes de revision des colons d'Etat des villages du domaine de l'Etat du comte d'Akkerman, pour l'annee 1850.",Ревизские сказки государственных колонистов сел государственного имения Аккерманского уезда за 1850 год.,,16,2361569 · 2361570,169–1079 · 5–146,1053,sur,https://www.familysearch.org/ark:/61903/3:1:3QSQ-G93Y-TDYR?i=1&cc=1985804&wc=M6ZM-FMS%3A264175701%2C264722601%2C265289201,109
187,1850,1851,"Catagrafii cu mici burghezi din societăţile de mici burghezi, de odnodvorţi, de velicoruşi, de moldoveni, de şleahtici, de greci, de armeni şi de bulgari din oraşul Akkerman pentru anii 1850,1851.","Revision lists of petty bourgeois of the societies of petty bourgeois, odnodvortsi, Velikorussians, Moldavians, szlachta, Greeks, Armenians and Bulgarians of the town of Akkerman for the years 1850, 1851.","Listes de revision des petits bourgeois des societes de petits bourgeois, d'odnodvortsi, de Velikorusses, de Moldaves, de szlachta (petite noblesse polonaise), de Grecs, d'Armeniens et de Bulgares de la ville d'Akkerman pour les annees 1850, 1851.","Ревизские сказки мещан обществ мещан, однодворцев, великороссов, молдаван, шляхтичей, греков, армян и болгар города Аккермана за 1850, 1851 годы.",,9,2361570 · 2361571 · 2361572,149–1069 · 5–1059 · 5–492,2464,deduit,https://www.familysearch.org/ark:/61903/3:1:3QS7-L93Y-1G49?i=1&cc=1985804&wc=M6ZM-FM3%3A264175701%2C264722601%2C265291301,109-110
188,1850,1851,"Catagrafii cu mici burghezi şi colonişti din societăţile de maloruşi şi de moldoveni din tîrgurile şi coloniile Şabo, Tuzla, Turlachi şi Păpuşoi, judeţul Akkerman pentru anii 1850,1851.","Revision lists of petty bourgeois and colonists of the societies of Little Russians and of Moldavians from the market towns and colonies of Şabo, Tuzla, Turlachi and Păpuşoi, Akkerman county, for the years 1850, 1851.","Listes de revision des petits bourgeois et des colons des societes de petits-russiens et de moldaves des bourgs et colonies de Şabo, Tuzla, Turlachi et Păpuşoi, comte d'Akkerman, pour les annees 1850, 1851.","Ревизские сказки мещан и колонистов обществ малороссиян и молдаван местечек и колоний Şabo, Tuzla, Turlachi и Păpuşoi Аккерманского уезда за 1850, 1851 годы.",,7,2361572 · 2361573 · 2361574,495–1026 · 5–1131 · 5–207,1862,sur,https://www.familysearch.org/ark:/61903/3:1:3QSQ-G93Y-1JMY?i=1&cc=1985804&wc=M6ZM-F38%3A264175701%2C264722601%2C265294001,110
189,1850,1850,"Catagrafii cu colonişti din coloniile districtelor Sărata şi Maloiaroslaveţi, judeţul Akkerman pentru anul 1850.","Revision lists of colonists from the colonies of the districts of Sărata and Maloiaroslaveţi, Akkerman county, for the year 1850","Listes de revision des colons des colonies des districts de Sărata et Maloiaroslaveţi, comte d'Akkerman, pour l'annee 1850","Ревизские сказки колонистов колоний округов Sărata и Maloiaroslaveţi, Аккерманский уезд, за 1850 год",Akkerman,14,2361574,210–1081,872,sur,https://www.familysearch.org/ark:/61903/3:1:3QSQ-G93Y-1FZ5?i=1&cc=1985804&wc=M6ZM-F68%3A264175701%2C264722601%2C265297801,110
190,1850,1850,"Catagrafie cu colonişti din colonia Ferşampenoise I, districtul Maloiaroslaveţi, judeţul Akkerman pentru anul 1850.","Revision list of colonists from the colony of Ferşampenoise I, Maloiaroslaveţi district, Akkerman county, for the year 1850.","Liste de revision des colons de la colonie de Ferşampenoise I, district de Maloiaroslaveţi, comte d'Akkerman, pour l'annee 1850.","Ревизская сказка колонистов колонииফершампенуаз I, Малоярославецкого округа, Аккерманского уезда, за 1850 год.",,1,2361574 · 2361575,1084–1114 · 5–18,45,sur,https://www.familysearch.org/ark:/61903/3:1:3QS7-893B-MZC2?i=1&cc=1985804&wc=M6ZM-FP8%3A264175701%2C264722601%2C265299401,110
191,1850,1850,"Catagrafie cu colonişti din colonia Tepliţ, districtul Maloiaroslaveţi, judeţul Akkerman pentru anul 1850.","Revision list of colonists from the colony of Tepliţ, Maloiaroslaveţi district, Akkerman county, for the year 1850.","Liste de revision des colons de la colonie de Tepliţ, district de Maloiaroslaveţi, comte d'Akkerman, pour l'annee 1850.","Ревизская сказка колонистов колонии Теплиц, Малоярославецкого округа, Аккерманского уезда, за 1850 год.",,1,2361575,21–63,43,probable,,111
192,1850,1850,"Catagrafie cu colonişti din colonia Crasna, districtul Maloiaroslaveţi, judeţul Akkerman pentru anul 1850.","Revision list with colonists from the colony of Crasna, Maloiaroslaveţi district, Akkerman county, for the year 1850.","Liste de revision des colons de la colonie de Crasna, district de Maloiaroslaveţi, comte d'Akkerman, pour l'annee 1850.","Ревизская сказка о колонистах колонии Красна, Малоярославецкий округ, Аккерманский уезд, за 1850 год.",,1,2361575,66–130,65,sur,https://www.familysearch.org/ark:/61903/3:1:3QS7-L93B-MZ4P?i=1&cc=1985804&wc=M6ZM-NM9%3A264175701%2C264722601%2C265299501,111
193,1850,1850,"Catagrafie cu colonişti din colonia Deneviţ, districtul Maloiaroslaveţi, judeţul Akkerman pentru anul 1850.","Revision list of colonists from the colony of Deneviţ, Maloiaroslaveţi district, Akkerman county, for the year 1850.","Liste de revision des colons de la colonie de Deneviţ, district de Maloiaroslaveţi, comte d'Akkerman, pour l'annee 1850.","Ревизская сказка колонистов колонии Деневиц, Малоярославецкого округа, Аккерманского уезда, за 1850 год.",,1,2361575,133–166,34,sur,https://www.familysearch.org/ark:/61903/3:1:3QS7-L93B-MC69?i=1&cc=1985804&wc=M6ZM-N68%3A264175701%2C264722601%2C265299601,111
194,1850,1850,"Catagrafii cu mici burghezi din societăţile de negustori, de şleahtici, de velicoruşi, de molocani, de ceasornicari ai tagmei bisericeşti velicoruse din oraşul Bender pentru anul 1850.","Revision lists of petty bourgeois of the societies of merchants, szlachta, Velikorussians, Molokans, and clockmakers of the Velikorussian clerical estate of the town of Bender for the year 1850.","Listes de revision des petits bourgeois des societes de negociants, de szlachta, de Velikorusses, de Molokanes, et des horlogers de l'ordre ecclesiastique velikorusse de la ville de Bender pour l'annee 1850.","Ревизские сказки мещан обществ купцов, шляхтичей, великороссов, молокан, часовщиков великороссийского духовного сословия города Бендеры за 1850 год.",,5,2361575 · 2361979,169–1092 · 5–402,1322,estime,,111
195,1849,1851,Catagrafii cu colonişti din satele din domeniul statului al judeţului Bender pentru anii 1849-1851.,"Revision lists of colonists from the state-domain villages of Bender county, for the years 1849-1851","Listes de revision des colons des villages du domaine de l'Etat du comte de Bender, pour les annees 1849-1851","Ревизские сказки колонистов сёл государственного домена Бендерского уезда, за 1849-1851 годы",,29,2361979 · 2361980 · 2361981,403–1083 · 5–1093 · 5–494,2260,estime,,111-112
196,1849,1851,"Catagrafii cu colonişti de stat din satele judeţului Bender pentru anii 1849,1851.","Revision lists of state colonists from the villages of Bender county, for the years 1849, 1851.","Listes de revision des colons d'Etat des villages du comte de Bender, pour les annees 1849, 1851.","Ревизские сказки государственных колонистов сел Бендерского уезда за 1849, 1851 годы.",,28,2361981 · 2361982 · 2361983,497–1095 · 5–1044 · 5–201,1836,sur,https://www.familysearch.org/ark:/61903/3:1:3QS7-893Y-B9TB?i=1&cc=1985804&wc=M6ZM-NWL%3A264175701%2C264722601%2C265302001,112-113
197,1849,1850,Catagrafii cu ţărani din satele judeţului Bender pentru anul 1849-1850.,"Revision lists of peasants from the villages of Bender county, for the years 1849-1850.","Listes de revision des paysans des villages du judet de Bender, pour les annees 1849-1850.",Ревизские сказки крестьян сёл Бендерского уезда за 1849-1850 годы.,,33,2361983 · 2361984 · 2361985,204–1051 · 5–1051 · 5–321,2212,sur,https://www.familysearch.org/ark:/61903/3:1:3QS7-893Y-5W33?i=1&cc=1985804&wc=M6ZM-KP8%3A264175701%2C264722601%2C265305701,113-114
198,1858,1858,"Catagrafie cu ţăranii cătunului Fontonouca (Curugica), judeţul Bender pentru anul1858.","Revision list of the peasants of the hamlet of Fontonouca (Curugica), Bender county, for the year 1858.","Liste de revision des paysans du hameau de Fontonouca (Curugica), comte de Bender, pour l'annee 1858.","Ревизская сказка крестьян хутора Фонтоноука (Куруджика), Бендерский уезд, за 1858 год.",,1,2361985,324–336,13,sur,https://www.familysearch.org/ark:/61903/3:1:3QS7-L93Y-RH2Z?i=1&cc=1985804&wc=M6ZM-G38%3A264175701%2C264722601%2C265309101,114
199,1850,1850,Catagrafie cu mici burghezi din societatea de ceasornicari velicoruşi din oraşul Bender pentru anul 1850.,Revision list of petty bourgeois from the society of Great Russian watchmakers of the town of Bender for the year 1850.,Liste de revision des petits bourgeois de la societe des horlogers grands-russes de la ville de Bender pour l'annee 1850.,Ревизская сказка мещан общества великорусских часовщиков города Бендеры за 1850 год.,,1,2361985,339–480,142,sur,https://www.familysearch.org/ark:/61903/3:1:3QS7-993Y-RHV7?i=1&cc=1985804&wc=M6ZM-KTG%3A264175701%2C264722601%2C265309301,114
200,1850,1850,"Catagrafie cu ţăranii satului Baccealia, judeţul Bender pentru anul 1850","Revision list of the peasants of the village of Baccealia, Bender county, for the year 1850.","Liste de revision des paysans du village de Baccealia, comte de Bender, pour l'annee 1850.","Ревизская сказка крестьян села Баккялия, Бендерский уезд, за 1850 год.",,1,2361985,483–590,108,sur,https://www.familysearch.org/ark:/61903/3:1:3QSQ-G93Y-R4BL?i=1&cc=1985804&wc=M6ZM-L29%3A264175701%2C264722601%2C265309801,114
201,1850,1850,"Catagrafie cu ţăranii satului Şerpeni, judeţul Bender pentru anul 1850.","Revision list of the peasants of the village of Şerpeni, Bender county, for the year 1850.","Liste de revision des paysans du village de Şerpeni, comte de Bender, pour l'annee 1850.","Ревизская сказка крестьян села Шерпены, Бендерский уезд, за 1850 год.",,1,2361985,593–630,38,sur,https://www.familysearch.org/ark:/61903/3:1:3QS7-893Y-R4KP?i=1&cc=1985804&wc=M6ZM-L2S%3A264175701%2C264722601%2C265310101,114
202,1849,1853,"Catagrafii cu ţăranii satelor Bogdanovca şi Baccealia, judeţul Bender pentru anii 1849-1853.","Revision lists of peasants of the villages of Bogdanovca and Baccealia, Bender county, for the years 1849-1853.","Listes de revision des paysans des villages de Bogdanovca et Baccealia, judet de Bender, pour les annees 1849-1853.","Ревизские сказки крестьян сел Богдановка и Баккялия, Бендерского уезда, за 1849-1853 годы.",,2,2361985,633–654,22,sur,https://www.familysearch.org/ark:/61903/3:1:3QS7-993Y-R44R?i=1&cc=1985804&wc=M6Z9-D68%3A264175701%2C264722601%2C265441701,114
203,1850,1850,Catagrafie cu mici burghezi din societatea bisericească velicorusă din oraşul Bender pentru anul 1850.,Revision list of petty bourgeois from the Great Russian church society of the town of Bender for the year 1850.,Liste de revision des petits bourgeois de la societe ecclesiastique grand-russe de la ville de Bender pour l'annee 1850.,Ревизская сказка мещан великорусского церковного общества города Бендеры за 1850 год.,,1,2361985,657–888,232,sur,https://www.familysearch.org/ark:/61903/3:1:3QS7-993Y-R4S4?i=1&cc=1985804&wc=M6ZM-26X%3A264175701%2C264722601%2C265310501,114
204,1850,1850,Catagrafie cu mici burghezi din oraşul Bender pentru anul 1850.,Revision list of petty bourgeois from the town of Bender for the year 1850.,Liste de revision des petits bourgeois de la ville de Bender pour l'annee 1850.,Ревизская сказка мещан города Бендеры за 1850 год.,,2,2361985 · 2361986,891–1039 · 5–212,357,sur,https://www.familysearch.org/ark:/61903/3:1:3QS7-L93Y-RZJN?i=1&cc=1985804&wc=M6ZM-268%3A264175701%2C264722601%2C265310901,114
205,1850,1850,"Catagrafii cu mici burghezi din oraşul Bender şi cu boiernaşi, cu persoane privilegiate şi cu locuitori din satele judeţului Bender pentru anul 1850","Revision lists of petty bourgeois of the town of Bender and of boiernasi, privileged persons and inhabitants of the villages of Bender county for the year 1850.","Listes de revision des petits bourgeois de la ville de Bender et des boiernasi, des personnes privilegiees et des habitants des villages du comte de Bender pour l'annee 1850.","Ревизские сказки мещан города Бендер и боярнашей, привилегированных лиц и жителей сел Бендерского уезда за 1850 год.",,5,2361986,215–243,29,sur,https://www.familysearch.org/ark:/61903/3:1:3QS7-993Y-52SF?i=1&cc=1985804&wc=M6ZM-L38%3A264175701%2C264722601%2C265311601,115
206,1858,1858,Catagrafii cu colonişti de stat din satele judeţului Bender pentru anii 185-1858.,"Revision lists of state colonists from the villages of Bender county, for the years 1854-1858.","Listes de revision des colons d'Etat des villages du comte de Bender, pour les annees 1854-1858.",Ревизские сказки государственных колонистов сел Бендерского уезда за 1854-1858 годы.,,14,2361986,246–312,67,probable,https://www.familysearch.org/ark:/61903/3:1:3QSQ-G93Y-5K5X?i=1&cc=1985804&wc=M6Z9-DZ3%3A264175701%2C264722601%2C265450801,115
207,1850,1850,Catagrafii cu ţărani ce aparţin proprietarilor din satele judeţului Bender pentru anul 1850.,"Revision lists of peasants belonging to landowners from the villages of Bender county, for the year 1850.","Listes de revision des paysans appartenant aux proprietaires des villages du judet de Bender, pour l'annee 1850.","Ревизские сказки крестьян, принадлежащих помещикам, сёл Бендерского уезда за 1850 год.",,37,2361950 · 2361986 · 2361987,5–327 · 314–1093 · 5–1091,2190,sur,https://www.familysearch.org/ark:/61903/3:1:3QSQ-G93Y-BKJM?i=1&cc=1985804&wc=M6ZM-KPD%3A264175701%2C264722601%2C265311801,115-116
208,1850,1850,"Catagrafie cu mici burghezi din societatea de necrasovţi din satul Cuhurlui, suburbia oraşului Ismail pentru anul 1850.","Revision list of petty bourgeois from the society of Nekrasovtsy of the village of Cuhurlui, suburb of the town of Ismail, for the year 1850.","Liste de revision des petits bourgeois de la societe des necrasovtsy du village de Cuhurlui, faubourg de la ville d'Ismail, pour l'annee 1850.","Ревизская сказка мещан общества некрасовцев села Кугурлуй, предместья города Измаила, за 1850 год.",,1,2361950,330–390,61,sur,https://www.familysearch.org/ark:/61903/3:1:3QS7-993Y-B2HS?i=1&cc=1985804&wc=M6ZM-LWG%3A264175701%2C264722601%2C265316101,116
209,1850,1850,Catagrafie cu mici burghezi din societatea de colonişti transdanubeni din oraşul Ismail pentru anul 1850.,Revision list of petty bourgeois from the society of Trans-Danubian colonists of the town of Ismail for the year 1850.,Liste de revision des petits bourgeois de la societe des colons transdanubiens de la ville d'Ismail pour l'annee 1850.,Ревизская сказка мещан общества задунайских колонистов города Измаила за 1850 год.,,1,2361950,393–450,58,sur,https://www.familysearch.org/ark:/61903/3:1:3QSQ-G93Y-BLLC?i=1&cc=1985804&wc=M6ZM-KTP%3A264175701%2C264722601%2C265316201,116
210,1850,1851,"Catagrafie cu mici burghezi, cu meşteşugari, cu negustori de ghilda III şi cu reprezentanţi din comunităţile de moldoveni şi de maloruşi din oraşul Chilia pentru anii 1850,1851.","Revision list of petty bourgeois, craftsmen, third-guild merchants and representatives of the Moldavian and Little Russian communities of the town of Chilia for the years 1850, 1851.","Liste de revision des petits bourgeois, artisans, marchands de la troisieme guilde et representants des communautes moldave et petite-russienne de la ville de Chilia pour les annees 1850, 1851.","Ревизская сказка мещан, ремесленников, купцов третьей гильдии и представителей молдавской и малороссийской общин города Килии за 1850, 1851 годы.",,3,2361950 · 2361951,453–1083 · 5–29,656,sur,https://www.familysearch.org/ark:/61903/3:1:3QS7-993Y-BKZW?i=1&cc=1985804&wc=M6Z9-C29%3A264175701%2C264722601%2C265431101,116-117
211,1850,1851,"Catagrafii cu mici burghezi din breasla de marinari liberi, cu mici burghezi membri ai societăţilor de bulgari, de maloruşi, de moldoveni largieni, de armeni, de greci, de originari transdanubeni, de urmaşi ai cetăţenilor de onoare, de velicoruşi, de starobejenari, de necrasovţi şi de negustori din oraşul Ismail şi suburbiile oraşului Ismail: Broasca, Cuhurlui, Novonecrasovca şi Sofiana pentru anii 1850,1851.","Revision lists of petty bourgeois of the free sailors' guild, and petty bourgeois members of the Bulgarian, Malorussian, Moldavian-Larguian, Armenian, Greek, Trans-Danubian, descendants of honorary citizens, Velikorussian, starobejenari and Nekrasovite societies, and of merchants from the town of Ismail and its suburbs Broasca, Cuhurlui, Novonecrasovca and Sofiana for the years 1850,1851.","Listes de revision des petits bourgeois de la corporation des mariniers libres, et des petits bourgeois membres des societes de bulgares, de malorusses, de moldaves-larguiens, d'armeniens, de grecs, d'originaires transdanubiens, de descendants de citoyens d'honneur, de velikorusses, de starobejenari et de necrasoviens, et des negociants de la ville d'Ismail et des faubourgs de la ville d'Ismail : Broasca, Cuhurlui, Novonecrasovca et Sofiana pour les annees 1850,1851.","Ревизские сказки мещан цеха вольных матросов, мещан-членов болгарского, малорусского, молдавско-ларгинского, армянского, греческого обществ, выходцев из-за Дуная, потомков почётных граждан, великорусского общества, старобеженцев и некрасовцев, и купцов города Измаила и предместий города Измаила: Броска, Кагурлуй, Новонекрасовка и Софьяна за 1850,1851 годы.",,11,2361951,32–1010,979,deduit,https://www.familysearch.org/ark:/61903/3:1:3QS7-993B-R3ZF?i=1&cc=1985804&wc=M6Z9-CP8%3A264175701%2C264722601%2C265431801,117
212,1850,1850,Catagrafie cu membrii societăţii de novonecrasovţi din oraşul Ismail pentru anul 1850.,Revision list of members of the society of Novonekrasovtsy of the town of Ismail for the year 1850.,Liste de revision des membres de la societe des novonecrasovtsy de la ville d'Ismail pour l'annee 1850.,Ревизская сказка членов общества новонекрасовцев города Измаила за 1850 год.,,1,2361952,583–703,121,sur,https://www.familysearch.org/ark:/61903/3:1:3QSQ-G93Y-BL8C?i=1&cc=1985804&wc=M6ZM-2Z9%3A264175701%2C264722601%2C265316301,117
213,1850,1850,Catagrafii cu mici burghezi din societatea de bulgari din oraşul Ismail pentru anul 1850.,Revision lists of petty bourgeois of the Bulgarian society of the town of Ismail for the year 1850.,Listes de revision des petits bourgeois de la societe bulgare de la ville d'Ismail pour l'annee 1850.,Ревизские сказки мещан болгарского общества города Измаила за 1850 год.,,1,2361952,706–754,49,sur,https://www.familysearch.org/ark:/61903/3:1:3QS7-993Y-BVYZ?i=1&cc=1985804&wc=M6ZM-26D%3A264175701%2C264722601%2C265316501,117
214,1850,1850,Catagrafie cu mici burghezi din societatea de greci din oraşul Ismail pentru anul 1850.,Revision list of petty bourgeois from the Greek society of the town of Ismail for the year 1850.,Liste de revision des petits bourgeois de la societe des Grecs de la ville d'Ismail pour l'annee 1850.,Ревизская сказка мещан греческого общества города Измаила за 1850 год.,,1,2361952,757–879,123,sur,https://www.familysearch.org/ark:/61903/3:1:3QS7-L93Y-B2B2?i=1&cc=1985804&wc=M6ZM-266%3A264175701%2C264722601%2C265316801,118
215,1850,1850,Catagrafie cu membrii societăţii de negustori din oraşul Ismail pentru anul 1850.,Revision list of members of the merchant society of the town of Ismail for the year 1850.,Liste de revision des membres de la societe des marchands de la ville d'Ismail pour l'annee 1850.,Ревизская сказка членов купеческого общества города Измаила за 1850 год.,,1,2361952,882–929,48,sur,https://www.familysearch.org/ark:/61903/3:1:3QS7-L93Y-BK5N?i=1&cc=1985804&wc=M6ZM-LZ9%3A264175701%2C264722601%2C265317101,118
216,1850,1850,Catagrafie cu mici burghezi din societatea de maloruşi din oraşul Ismail pentru anul 1850.,Revision list of petty bourgeois from the society of Little Russians of the town of Ismail for the year 1850.,Liste de revision des petits bourgeois de la societe des Petits-Russiens de la ville d'Ismail pour l'annee 1850.,Ревизская сказка мещан общества малороссов города Измаила за 1850 год.,,2,2361952 · 2361953,932–1066 · 5–202,333,sur,https://www.familysearch.org/ark:/61903/3:1:3QSQ-G93Y-BF1?i=1&cc=1985804&wc=M6ZM-2P8%3A264175701%2C264722601%2C265317201,118
217,1850,1850,Catagrafie cu mici burghezi din satul Sofiana – suburbia oraşului Ismail pentru anul 1850.,"Revision list of petty bourgeois from the village of Sofiana – suburb of the town of Ismail, for the year 1850.","Liste de revision des petits bourgeois du village de Sofiana – faubourg de la ville d'Ismail, pour l'annee 1850.","Ревизская сказка мещан села Софьяна – предместья города Измаила, за 1850 год.",,1,2361953,205–282,78,sur,https://www.familysearch.org/ark:/61903/3:1:3QSQ-G93Y-BQCZ?i=1&cc=1985804&wc=M6ZM-LWL%3A264175701%2C264722601%2C265318101,118
218,1850,1850,Catagrafie cu mici burghezi din societatea de maloruşi din tîrgul Vilcov a cîrmuirii orăşeneşti Ismail pentru anul 1850.,"Revision list of petty bourgeois from the society of Little Russians of the market town of Vilcov, under the town administration of Ismail, for the year 1850.","Liste de revision des petits bourgeois de la societe des Petits-Russiens du bourg de Vilcov, relevant de l'administration urbaine d'Ismail, pour l'annee 1850.","Ревизская сказка мещан общества малороссов местечка Вилково, Измаильского городского управления, за 1850 год.",,1,2361953,285–334,50,sur,https://www.familysearch.org/ark:/61903/3:1:3QS7-993Y-B3Q6?i=1&cc=1985804&wc=M6ZM-LNL%3A264175701%2C264722601%2C265318301,118
219,1850,1850,Catagrafie cu mici burghezi din societatea de velicoruşi din tîrgul Vilcov a cîrmuirii orăşeneşti Ismail pentru anul 1850.,"Revision list of petty bourgeois from the society of Great Russians of the market town of Vilcov, under the town administration of Ismail, for the year 1850.","Liste de revision des petits bourgeois de la societe des Grands-Russiens du bourg de Vilcov, relevant de l'administration urbaine d'Ismail, pour l'annee 1850.","Ревизская сказка мещан общества великороссов местечка Вилково, Измаильского городского управления, за 1850 год.",,1,2361953,337–429,93,sur,https://www.familysearch.org/ark:/61903/3:1:3QSQ-G93Y-B3M1?i=1&cc=1985804&wc=M6ZM-L68%3A264175701%2C264722601%2C265318501,118
220,1850,1850,Catagrafie cu mici burghezi din satul Broasca – suburbie a oraşului Ismail pentru anul 1850.,"Revision list of petty bourgeois from the village of Broasca – suburb of the town of Ismail, for the year 1850.","Liste de revision des petits bourgeois du village de Broasca – faubourg de la ville d'Ismail, pour l'annee 1850.","Ревизская сказка мещан села Броаска – предместья города Измаила, за 1850 год.",,1,2361953,432–512,81,sur,https://www.familysearch.org/ark:/61903/3:1:3QS7-L93Y-BSC1?i=1&cc=1985804&wc=M6ZM-KP6%3A264175701%2C264722601%2C265318601,118
221,1850,1850,Catagrafie cu mici burghezi din Necrasovca Veche (Staro Necrasovca) – suburbia oraşului Ismail pentru anul 1850.,"Revision list of petty bourgeois from Necrasovca Veche (Staro Necrasovca) – suburb of the town of Ismail, for the year 1850.","Liste de revision des petits bourgeois de Necrasovca Veche (Staro Necrasovca) – faubourg de la ville d'Ismail, pour l'annee 1850.","Ревизская сказка мещан Некрасовки Старой (Старо-Некрасовка) – предместья города Измаила, за 1850 год.",,1,2361953,515–588,74,sur,https://www.familysearch.org/ark:/61903/3:1:3QS7-L93Y-BSSQ?i=1&cc=1985804&wc=M6ZM-23D%3A264175701%2C264722601%2C265318901,118
222,1850,1850,"Catagrafii cu odnodvorţi, cu mici burghezi din societăţile de negustori, de bulgari, de moldoveni, de greci, de maloruşi şi de velicoruşi din oraşul-port Reni a cîrmuirii orăşeneşti Ismail pentru anul 1850.","Revision lists of odnodvortsi, petty bourgeois from the merchant, Bulgarian, Moldavian, Greek, Little Russian and Great Russian communities of the port town of Reni of the town administration of Ismail for the year 1850.","Listes de revision des odnodvorţi, des petits bourgeois des societes de marchands, de Bulgares, de Moldaves, de Grecs, de Petits-Russiens et de Grands-Russiens de la ville-port de Reni de l'administration urbaine d'Ismail pour l'annee 1850.","Ревизские сказки однодворцев, мещан из купеческих, болгарских, молдавских, греческих, малороссийских и великороссийских обществ портового города Рени городского управления Измаила за 1850 год.",,5,2361953 · 2361954,591–1065 · 5–396,867,sur,https://www.familysearch.org/ark:/61903/3:1:3QS7-893Y-B9JX?i=1&cc=1985804&wc=M6ZM-236%3A264175701%2C264722601%2C265319001,119
223,1849,1859,"Catagrafii cu ţărani liberi, cu mici burghezi, cu odnodvorţi, cu şleahtici, cu cetăţeni străini, cu negustori şi cu colonişti de stat din oraşele Bender şi Soroca şi din satele judeţelor Akkerman, Bender, Cahul, Chişinău, Iaşi, Soroca, Tiraspol şi Hotin pentru anii 1849-1859.","Revision lists of free peasants, petty bourgeois (meshchane), odnodvortsy, szlachta, foreign citizens, merchants and state colonists from the towns of Bender and Soroca and from the villages of Akkerman, Bender, Cahul, Chisinau, Iasi, Soroca, Tiraspol and Hotin counties for the years 1849-1859.","Listes de revision des paysans libres, des petits bourgeois, des odnodvortsy, des szlachta, des citoyens etrangers, des negociants et des colons d'Etat des villes de Bender et de Soroca et des villages des comtes d'Akkerman, Bender, Cahul, Chisinau, Iasi, Soroca, Tiraspol et Hotin pour les annees 1849-1859.","Ревизские сказки вольных крестьян, мещан, однодворцев, шляхтичей, иностранных подданных, купцов и государственных колонистов городов Бендеры и Сороки и сел Аккерманского, Бендерского, Кагульского, Кишинёвского, Ясского, Сорокского, Тираспольского и Хотинского уездов за 1849-1859 годы.",Akkerman · Bender · Cahul · Tiraspol,181,2361954 · 2361955,399–967 · 6–454,1018,probable,https://www.familysearch.org/ark:/61903/3:1:3QS7-L93B-MDP1?i=1&cc=1985804&wc=M6Z9-DNG%3A264175701%2C264722601%2C265450901,119-123
224,1850,1850,"Catagrafii cu ţărani din satele judeţului Chişinău, litera V pentru anul 1850.","Revision lists of peasants from the villages of Chişinău county, letter V, for the year 1850.","Listes de revision des paysans des villages du comte de Chişinău, lettre V, pour l'annee 1850.","Ревизские сказки крестьян сёл Кишинёвского уезда, буква V, за 1850 год.",,12,2361955 · 2361956,456–1028 · 5–344,913,probable,https://www.familysearch.org/ark:/61903/3:1:3QS7-993B-M3CD?i=1&cc=1985804&wc=M6ZM-238%3A264175701%2C264722601%2C265320401,124
225,1850,1851,"Catagrafii cu ţărani din satele judeţului Chişinău, litera L pentru anii1850,1851.","Revision lists of peasants from the villages of Chişinău county, letter L, for the years 1850, 1851.","Listes de revision des paysans des villages du comte de Chişinău, lettre L, pour les annees 1850, 1851.","Ревизские сказки крестьян сёл Кишинёвского уезда, буква L, за 1850, 1851 годы.",,4,2361956,347–823,477,sur,https://www.familysearch.org/ark:/61903/3:1:3QS7-L93Y-BW6Q?i=1&cc=1985804&wc=M6ZM-2M9%3A264175701%2C264722601%2C265322201,124
226,1850,1850,"Catagrafii cu ţărani şi cu odnodvorţi din satele judeţului Chişinău, literele T, U, F, Ţ pentru anul 1850.","Revision lists of peasants and odnodvortsy from the villages of Chisinau county, letters T, U, F, T (Ts), for the year 1850.","Listes de revision des paysans et des odnodvortsy des villages du comte de Chisinau, lettres T, U, F, Ţ, pour l'annee 1850.","Ревизские сказки крестьян и однодворцев сел Кишинёвского уезда, буквы Т, У, Ф, Ц, за 1850 год.",,10,2361956 · 2361957,826–1064 · 5–208,443,probable,https://www.familysearch.org/ark:/61903/3:1:3QS7-993Y-BHC9?i=1&cc=1985804&wc=M6ZM-LM9%3A264175701%2C264722601%2C265322901,124
227,1850,1850,"Catagrafii cu ţărani şi cu odnodvorţi din satele judeţului Chişinău, litera S pentru anul 1850.","Revision lists of peasants and odnodvortsy from the villages of Chisinau county, letter S, for the year 1850.","Listes de revision des paysans et des odnodvortsy des villages du comte de Chisinau, lettre S, pour l'annee 1850.","Ревизские сказки крестьян и однодворцев сел Кишинёвского уезда, буква С, за 1850 год.",,14,2361957,211–1007,797,sur,https://www.familysearch.org/ark:/61903/3:1:3QS7-893B-M931?i=1&cc=1985804&wc=M6ZM-KTL%3A264175701%2C264722601%2C265323901,125
228,1850,1850,"Catagrafii cu ţărani şi cu odnodvorţi din satele judeţului Chişinău, litera G pentru anul 1850.","Revision lists of peasants and odnodvortsy from the villages of Chisinau county, letter G, for the year 1850.","Listes de revision des paysans et des odnodvortsy des villages du comte de Chisinau, lettre G, pour l'annee 1850.","Ревизские сказки крестьян и однодворцев сел Кишинёвского уезда, буква Г, за 1850 год.",,9,2361957 · 2361958,1010–1078 · 5–432,497,sur,https://www.familysearch.org/ark:/61903/3:1:3QS7-893B-MT8?i=1&cc=1985804&wc=M6ZM-2MS%3A264175701%2C264722601%2C265325301,125
229,1850,1850,"Catagrafii cu ţărani şi cu odnodvorţi din satele judeţului Chişinău, litera B pentru anul 1850.","Revision lists of peasants and odnodvortsy from the villages of Chisinau county, letter B, for the year 1850.","Listes de revision des paysans et des odnodvortsy des villages du comte de Chisinau, lettre B, pour l'annee 1850.","Ревизские сказки крестьян и однодворцев сел Кишинёвского уезда, буква Б, за 1850 год.",,22,2361958 · 2361959,435–1078 · 5–608,1248,sur,https://www.familysearch.org/ark:/61903/3:1:3QS7-893Y-Y9SL-Z?i=1&cc=1985804&wc=M6ZM-2M3%3A264175701%2C264722601%2C265326401,125-126
230,1850,1850,"Catagrafii cu ţărani şi cu odnodvorţi din satele judeţului Chişinău, literele N, O, P pentru anul 1850.","Revision lists of peasants and odnodvortsy from the villages of Chisinau county, letters N, O, P, for the year 1850.","Listes de revision des paysans et des odnodvortsy des villages du comte de Chisinau, lettres N, O, P, pour l'annee 1850.","Ревизские сказки крестьян и однодворцев сел Кишинёвского уезда, буквы Н, О, П, за 1850 год.",,14,2361959 · 2361960,611–1045 · 5–350,781,sur,https://www.familysearch.org/ark:/61903/3:1:3QSQ-G93Y-YNWL?i=1&cc=1985804&wc=M6ZM-2TL%3A264175701%2C264722601%2C265328501,126
231,1850,1850,"Catagrafii cu ţărani şi cu odnodvorţi din satele judeţului Chişinău, litera Ch (K) pentru anul 1850.","Revision lists of peasants and odnodvortsy from the villages of Chisinau county, letter Ch (K), for the year 1850.","Listes de revision des paysans et des odnodvortsy des villages du comte de Chisinau, lettre Ch (K), pour l'annee 1850.","Ревизские сказки крестьян и однодворцев сел Кишинёвского уезда, буква Ч (К), за 1850 год.",,20,2361960 · 2362333,353–1050 · 5–364,1058,sur,https://www.familysearch.org/ark:/61903/3:1:3QS7-893Y-RHHW?i=1&cc=1985804&wc=M6ZM-GM9%3A264175701%2C264722601%2C265329601,126-127
233,1850,1850,"Catagrafii cu ţărani şi cu odnodvorţi din satele judeţului Chişinău, litera R pentru anul 1850.","Revision lists of peasants and odnodvortsy from the villages of Chisinau county, letter R, for the year 1850.","Listes de revision des paysans et des odnodvortsy des villages du comte de Chisinau, lettre R, pour l'annee 1850.","Ревизские сказки крестьян и однодворцев сел Кишинёвского уезда, буква Р, за 1850 год.",,7,2362333,367–704,338,sur,https://www.familysearch.org/ark:/61903/3:1:3QS7-L93Y-RQBL?i=1&cc=1985804&wc=M6ZM-LP8%3A264175701%2C264722601%2C265331202,127
234,1850,1850,"Catagrafii cu ţărani şi cu odnodvorţi din satele judeţului Chişinău, literele Ce, Ş, Iu, Ia (Ч, Ш, Ю, Я) pentru anul 1850.","Revision lists of peasants and odnodvortsy from the villages of Chisinau county, letters Ce, S, Iu, Ia (Ч, Ш, Ю, Я), for the year 1850.","Listes de revision des paysans et des odnodvortsy des villages du comte de Chisinau, lettres Ce, S, Iu, Ia (Ч, Ш, Ю, Я), pour l'annee 1850.","Ревизские сказки крестьян и однодворцев сел Кишинёвского уезда, буквы Ч, Ш, Ю, Я, за 1850 год.",,10,2362333 · 2362334,707–1064 · 5–224,578,sur,https://www.familysearch.org/ark:/61903/3:1:3QS7-L93Y-RH4X?i=1&cc=1985804&wc=M6ZM-GZ9%3A264175701%2C264722601%2C265332001,127-128
235,1850,1851,"Catagrafii cu mici burghezi din societatea moldovenească de ruptaşi din oraşul Chişinău pentru anii 1850,1851.","Revision lists of petty bourgeois of the Moldavian society of ruptasi of the town of Chisinau for the years 1850, 1851.","Listes de revision des petits bourgeois de la societe moldave de ruptasi de la ville de Chisinau pour les annees 1850, 1851.","Ревизские сказки мещан молдавского общества рупташей города Кишинёва за 1850, 1851 годы.",,2,2362334,227–774,548,sur,https://www.familysearch.org/ark:/61903/3:1:3QS7-993Y-56YJ?i=1&cc=1985804&wc=M6Z9-629%3A264175701%2C264722601%2C265433201,128
236,1850,1851,"Catagrafii cu mici burghezi din societatea moldovenească şi din cea nouă moldovenească din oraşul Chişinău pentru anii 1850,1851.","Revision lists of petty bourgeois of the Moldavian society and of the new Moldavian society of the town of Chisinau for the years 1850, 1851.","Listes de revision des petits bourgeois de la societe moldave et de la nouvelle societe moldave de la ville de Chisinau pour les annees 1850, 1851.","Ревизские сказки мещан молдавского общества и нового молдавского общества города Кишинёва за 1850, 1851 годы.",,4,2362334 · 2362335,777–1039 · 5–648,907,sur,https://www.familysearch.org/ark:/61903/3:1:3QSQ-G93Y-5Z89?i=1&cc=1985804&wc=M6ZM-LPD%3A264175701%2C264722601%2C265333301,128
237,1850,1851,"Catagrafii cu mici burghezi din tagma negustorească din oraşele Chişinău şi Ismail pentru anii 1850,1851.","Revision lists of petty bourgeois of the merchant estate of the towns of Chisinau and Ismail for the years 1850, 1851.","Listes de revision des petits bourgeois de l'ordre des negociants des villes de Chisinau et d'Ismail pour les annees 1850, 1851.","Ревизские сказки мещан купеческого сословия городов Кишинёва и Измаила за 1850, 1851 годы.",,2,2362335,651–745,95,sur,https://www.familysearch.org/ark:/61903/3:1:3QS7-L93Y-5S3Z?i=1&cc=1985804&wc=M6ZM-LTL%3A264175701%2C264722601%2C265334501,128
238,1850,1851,"Catagrafii cu slujitori de curte din oraşele Akkerman, Bender, Cahul, Chilia, Chişinău, Hotin şi din satele judeţelor Akkerman, Hotin, Iaşi şi Orhei pentru anii 1850,1851.","Revision lists of court servants from the towns of Akkerman, Bender, Cahul, Chilia, Chişinău, Hotin and from the villages of Akkerman, Hotin, Iaşi and Orhei counties, for the years 1850, 1851.","Listes de revision des serviteurs de cour des villes d'Akkerman, Bender, Cahul, Chilia, Chişinău, Hotin et des villages des judets d'Akkerman, Hotin, Iaşi et Orhei, pour les annees 1850, 1851.","Ревизские сказки дворовых слуг городов Аккермана, Бендер, Кагула, Килии, Кишинёва, Хотина и сёл Аккерманского, Хотинского, Ясского и Оргеевского уездов за 1850, 1851 годы.",Akkerman · Chişinău · Hotin · Iaşi,19,2362335,748–981,234,sur,https://www.familysearch.org/ark:/61903/3:1:3QS7-993Y-59BF?i=1&cc=1985804&wc=M6ZM-GWL%3A264175701%2C264722601%2C265433701,128-129
239,1850,1851,"Catagrafii cu mici burghezi din societăţile de bulgari simpli, de bulgari ruptaşi, de greci, de dricari, de mici burghezi din breasla tăbăcărească şi cea de cibotari din oraşul Chişinău pentru anii 1850,1851.","Revision lists of petty bourgeois of the societies of simple Bulgarians, Bulgarian ruptasi, Greeks, hearse-drivers, and of petty bourgeois of the tanners' guild and the cobblers' guild of the town of Chisinau for the years 1850, 1851.","Listes de revision des petits bourgeois des societes de Bulgares simples, de Bulgares ruptasi, de Grecs, de croque-morts, et des petits bourgeois de la corporation des tanneurs et de celle des cordonniers de la ville de Chisinau pour les annees 1850, 1851.","Ревизские сказки мещан обществ простых болгар, болгар-рупташей, греков, катафалыциков, а также мещан кожевенного и сапожного цехов города Кишинёва за 1850, 1851 годы.",,4,2362335 · 2362336,984–1138 · 5–486,637,sur,https://www.familysearch.org/ark:/61903/3:1:3QS7-993Y-5JH?i=1&cc=1985804&wc=M6Z9-8TL%3A264175701%2C264722601%2C265433901,129
240,1850,1851,"Catagrafii cu mici burghezi din comunitatea de moldoveni de gradul I şi din societatea veche moldovenească din oraşul Chişinău pentru anii 1850,1851.","Revision lists of petty bourgeois of the 1st degree Moldavian community and of the old Moldavian society of the town of Chisinau for the years 1850,1851.","Listes de revision des petits bourgeois de la communaute moldave de 1er degre et de l'ancienne societe moldave de la ville de Chisinau pour les annees 1850,1851.","Ревизские сказки мещан молдавской общины 1-й степени и старого молдавского общества города Кишинёва за 1850,1851 годы.",,4,2362336 · 2362337,489–1043 · 5–367,918,sur,https://www.familysearch.org/ark:/61903/3:1:3QSQ-G93Y-5956?i=1&cc=1985804&wc=M6Z9-DP8%3A264175701%2C264722601%2C265434801,129
241,1850,1851,"Catagrafii cu mici burghezi din societatea ortodoxă de rit vechi, din secţiile de tăbăcărie, de cojocărie, de fabricare a lumînărilor şi săpunului, de dulgherie, de croitorie şi de clădire a sobelor, din comunităţile de velicoruşi, de maloruşi şi de moldoveni din oraşul Chişinău pentru anii 1850,1851.","Revision lists of petty bourgeois of the Old Rite Orthodox society, of the tanning, furrier, candle- and soap-making, carpentry, tailoring and stove-building sections, of the Velikorussian, Malorussian and Moldavian communities of the town of Chisinau for the years 1850, 1851.","Listes de revision des petits bourgeois de la societe orthodoxe de vieux rite, des sections de tannerie, de pelleterie, de fabrication de bougies et de savon, de menuiserie, de couture et de construction de poeles, des communautes de Velikorusses, de Malorusses et de Moldaves de la ville de Chisinau pour les annees 1850, 1851.","Ревизские сказки мещан старообрядческого православного общества, кожевенного, скорняжного, свечного и мыловаренного, столярного, портняжного и печного цехов, общин великороссов, малороссов и молдаван города Кишинёва за 1850, 1851 годы.",,5,2362337 · 2362338,370–1055 · 5–167,849,probable,https://www.familysearch.org/ark:/61903/3:1:3QS7-893Y-BZCS?i=1&cc=1985804&wc=M6Z9-DZ9%3A264175701%2C264722601%2C265436001,129
242,1848,1859,"Catagrafii cu mici burghezi din societăţile veche moldovenească şi de cetăţeni străini, cu persoane rebotezate din alte religii şi convertite la religia creştină din societăţile ortodoxe de rit vechi, de bulgari, de ruptaşi, de armeni, cu ţărani şi cu romi (țigani) eliberaţi din şerbie din oraşul Chişinău şi din satele judeţelor Bender, Chişinău, Orhei şi Soroca pentru anii 1848- 1859.","Revision lists of petty bourgeois of the old Moldavian society and of foreign citizens, with persons rebaptized from other religions and converted to the Christian religion of the Old Rite Orthodox societies, of Bulgarians, of ruptasi, of Armenians, with peasants and with Roma (gypsies) freed from serfdom of the town of Chisinau and of the villages of Bender, Chisinau, Orhei and Soroca counties for the years 1848-1859.","Listes de revision des petits bourgeois de l'ancienne societe moldave et des citoyens etrangers, avec des personnes rebaptisees d'autres religions et converties a la religion chretienne des societes orthodoxes de vieux rite, de Bulgares, de ruptasi, d'Armeniens, avec des paysans et des Roms (tsiganes) affranchis du servage de la ville de Chisinau et des villages des comtes de Bender, Chisinau, Orhei et Soroca pour les annees 1848-1859.","Ревизские сказки мещан старого молдавского общества и иностранных подданных, с лицами, перекрещёнными из других вероисповеданий и обращёнными в христианство, старообрядческих православных обществ, болгар, рупташей, армян, а также крестьян и цыган, освобождённых от крепостной зависимости, города Кишинёва и сёл Бендерского, Кишинёвского, Оргеевского и Сорокского уездов за 1848-1859 годы.",Bender · Chişinău · Orhei · Soroca,12,2362338 · 2362339,170–1060 · 5–173,1060,sur,https://www.familysearch.org/ark:/61903/3:1:3QS7-893Y-53KR?i=1&cc=1985804&wc=M6Z9-6Z9%3A264175701%2C264722601%2C265451701,130
243,1850,1850,"Catagrafii cu colonişti din coloniile districtului Bugeacul de Jos, judeţul Cahul pentru anul 1850.","Revision lists of colonists from the colonies of the district of Bugeacul de Jos, Cahul county, for the year 1850","Listes de revision des colons des colonies du district de Bugeacul de Jos, comte de Cahul, pour l'annee 1850","Ревизские сказки колонистов колоний округа Bugeacul de Jos, Кагульский уезд, за 1850 год",,9,2362339,176–675,500,sur,https://www.familysearch.org/ark:/61903/3:1:3QS7-993Y-B7B8?i=1&cc=1985804&wc=M6ZM-Y29%3A264175701%2C264722601%2C265335501,130
244,1850,1851,"Catagrafii cu ţărani din satele judeţului Cahul, literele Ţ, Ce (Ч), Ş şi Ia (Я) pentru anii 1850,1851.","Revision lists of peasants from the villages of Cahul county, letters Ţ, Ce (Ч), Ş and Ia (Я), for the years 1850, 1851.","Listes de revision des paysans des villages du judet de Cahul, lettres Ţ, Ce (Ч), Ş et Ia (Я), pour les annees 1850, 1851.","Ревизские сказки крестьян сёл Кагульского уезда, буквы Ц, Ч, Ш и Я, за 1850, 1851 годы.",,7,2362339,678–965,288,sur,https://www.familysearch.org/ark:/61903/3:1:3QS7-993Y-B451?i=1&cc=1985804&wc=M6ZM-TNP%3A264175701%2C264722601%2C265336301,130-131
245,1850,1850,"Catagrafii cu colonişti din coloniile districtului Ismail, judeţul Cahul pentru anul 1850.","Revision lists of colonists from the colonies of the district of Ismail, Cahul county, for the year 1850","Listes de revision des colons des colonies du district d'Ismail, comte de Cahul, pour l'annee 1850","Ревизские сказки колонистов колоний округа Ismail, Кагульский уезд, за 1850 год",,7,2362339 · 2362340,968–1118 · 5–496,643,sur,https://www.familysearch.org/ark:/61903/3:1:3QSQ-G93Y-RLS4?i=1&cc=1985804&wc=M6ZM-Y38%3A264175701%2C264722601%2C265336801,131
246,1850,1850,"Catagrafii cu ţărani din satele judeţului Cahul, literele A, B, V, G pe anul 1850.","Revision lists of peasants from the villages of Cahul county, letters A, B, V, G, for the year 1850.","Listes de revision des paysans des villages du judet de Cahul, lettres A, B, V, G, pour l'annee 1850.","Ревизские сказки крестьян сёл Кагульского уезда, буквы А, Б, В, Г, за 1850 год.",,16,2362340 · 2362341,499–1077 · 5–27,602,sur,https://www.familysearch.org/ark:/61903/3:1:3QS7-L93Y-54B9?i=1&cc=1985804&wc=M6ZM-T68%3A264175701%2C264722601%2C265338001,131
247,1850,1850,"Catagrafii cu colonişti din satele districtului Bugeacul de Sus, judeţul Cahul pentru anul 1850.","Revision lists of colonists from the villages of the district of Bugeacul de Sus, Cahul county, for the year 1850","Listes de revision des colons des villages du district de Bugeacul de Sus, comte de Cahul, pour l'annee 1850","Ревизские сказки колонистов сёл округа Bugeacul de Sus, Кагульский уезд, за 1850 год",,13,2362341 · 2362409,30–1058 · 5–91,1116,sur,https://www.familysearch.org/ark:/61903/3:1:3QS7-L93Y-54JV?i=1&cc=1985804&wc=M6ZM-TP8%3A264175701%2C264722601%2C265339001,132
248,1850,1851,"Catagrafii cu colonişti şi cu odnodvorţi din satele judeţului Cahul pentru anii 1850,1851.","Revision lists of colonists and odnodvortsy from the villages of Cahul county, for the years 1850, 1851","Listes de revision des colons et des odnodvortsy des villages du comte de Cahul, pour les annees 1850, 1851","Ревизские сказки колонистов и однодворцев сёл Кагульского уезда, за 1850, 1851 годы",,3,2362409,94–354,261,sur,https://www.familysearch.org/ark:/61903/3:1:3QS7-89QM-FKMR?i=1&cc=1985804&wc=M6Z9-6TL%3A264175701%2C264722601%2C265436701,132
249,1850,1851,"Catagrafii cu ţărani, cu odnodvorţi, cu colonişti şi cu negustorimea din satele judeţului Cahul şi din tîrgul Leova, judeţul Cahul pentru anii 1850,1851.","Revision lists of peasants, odnodvortsy, colonists and merchants from the villages of Cahul county and from the market town of Leova, Cahul county, for the years 1850, 1851.","Listes de revision des tarani (paysans), odnodvorţi, colonistes et marchands des villages du judet de Cahul et du bourg de Leova, judet de Cahul, pour les annees 1850, 1851.","Ревизские сказки крестьян, однодворцев, колонистов и купечества сел Кагульского уезда и местечка Леова, Кагульский уезд, за 1850, 1851 годы.",,12,2362409 · 2362410,357–1034 · 5–133,807,sur,https://www.familysearch.org/ark:/61903/3:1:3QS7-L9QM-FL43?i=1&cc=1985804&wc=M6ZM-YZ9%3A264175701%2C264722601%2C265340901,132-133
250,1850,1850,"Catagrafii cu colonişti din coloniile districtului Prut, judeţul Cahul pentru anul 1850.","Revision lists of colonists from the colonies of the district of Prut, Cahul county, for the year 1850","Listes de revision des colons des colonies du district du Prut, comte de Cahul, pour l'annee 1850","Ревизские сказки колонистов колоний округа Prut, Кагульский уезд, за 1850 год",,9,2362410,136–662,527,sur,https://www.familysearch.org/ark:/61903/3:1:3QS7-89QM-JBBP?i=1&cc=1985804&wc=M6ZM-TPD%3A264175701%2C264722601%2C265342701,133
251,1850,1850,"Catagrafii cu mici burghezi, cu ţărani, cu negustori de ghilda III, cu colonişti şi cu odnodvorţi, cu membrii societăţii moldoveneşti noi şi a societăţii de maloruşi din oraşul Cahul pentru anul 1850.","Revision lists of petty bourgeois, peasants, merchants of the 3rd guild, colonists and odnodvortsy, members of the new Moldavian society and of the society of Little Russians of the town of Cahul for the year 1850.","Listes de revision des petits bourgeois, des paysans, des negociants de la 3e guilde, des colons et des odnodvortsy, membres de la nouvelle societe moldave et de la societe de petits-russiens de la ville de Cahul pour l'annee 1850.","Ревизские сказки мещан, крестьян, купцов 3-й гильдии, колонистов и однодворцев, членов нового молдавского общества и общества малороссиян города Кагул за 1850 год.",,2,2362410,665–994,330,sur,https://www.familysearch.org/ark:/61903/3:1:3QSQ-G9QM-JTTH?i=1&cc=1985804&wc=M6ZM-Y68%3A264175701%2C264722601%2C265343401,133
252,1850,1851,"Catagrafii cu ţărani şi cu odnodvorţi din satele judeţului Orhei, literele D-K pentru anii 1850,1851.","Revision lists of peasants and odnodvortsy from the villages of Orhei county, letters D-K, for the years 1850, 1851.","Listes de revision des tarani (paysans) et odnodvorţi des villages du judet d'Orhei, lettres D-K, pour les annees 1850, 1851.","Ревизские сказки крестьян и однодворцев сел Орхейского уезда, буквы D-K, за 1850, 1851 годы.",,47,2362410 · 2362411 · 2362412,997–1106 · 5–1146 · 6–529,1776,probable,https://www.familysearch.org/ark:/61903/3:1:3QS7-99QM-JBRM?i=1&cc=1985804&wc=M6ZM-TNL%3A264175701%2C264722601%2C265344101,133-134
253,1850,1851,"Catagrafii cu ţărani şi cu odnodvorţi din satele judeţului Orhei, literele U-Ş pentru anii 1850,1851.","Revision lists of peasants and odnodvortsy from the villages of Orhei county, letters U-Ş, for the years 1850, 1851.","Listes de revision des tarani (paysans) et odnodvorţi des villages du judet d'Orhei, lettres U-Ş, pour les annees 1850, 1851.","Ревизские сказки крестьян и однодворцев сел Орхейского уезда, буквы U-Ş, за 1850, 1851 годы.",,19,2362412 · 2362451,531–1043 · 5–344,853,probable,https://www.familysearch.org/ark:/61903/3:1:3QS7-893B-S8MG?i=1&cc=1985804&wc=M6ZM-TTL%3A264175701%2C264722601%2C265347101,135
254,1850,1851,"Catagrafii cu ţărani şi cu odnodvorţi din satele judeţului Orhei, literele P-R pentru anii 1850,1851.","Revision lists of peasants and odnodvortsy from the villages of Orhei county, letters P-R, for the years 1850, 1851.","Listes de revision des tarani (paysans) et odnodvorţi des villages du judet d'Orhei, lettres P-R, pour les annees 1850, 1851.","Ревизские сказки крестьян и однодворцев сел Орхейского уезда, буквы P-R, за 1850, 1851 годы.",,26,2362451 · 2362452,347–1027 · 5–383,1060,sur,https://www.familysearch.org/ark:/61903/3:1:3QS7-993B-Q8TG?i=1&cc=1985804&wc=M6ZM-YMS%3A264175701%2C264722601%2C265348901,135-136
255,1850,1858,Catagrafii cu ţărani şi cu odnodvorţi din oraşele Hotin şi Orhei şi din satele judeţelor Hotin şi Orhei pentru anii 1850-1858.,Revision lists of peasants and odnodvortsy from the towns of Hotin and Orhei and from the villages of Hotin and Orhei counties for the years 1850-1858.,Listes de revision des paysans et des odnodvortsy des villes de Hotin et d'Orhei et des villages des comtes de Hotin et d'Orhei pour les annees 1850-1858.,Ревизские сказки крестьян и однодворцев городов Хотина и Оргеева и сел Хотинского и Оргеевского уездов за 1850-1858 годы.,Hotin,57,2362452,386–622,237,sur,https://www.familysearch.org/ark:/61903/3:1:3QS7-893B-QDK5?i=1&cc=1985804&wc=M6Z9-6ZS%3A264175701%2C264722601%2C265453101,136-137
256,1850,1850,"Catagrafii cu ţărani, cu ruptaşi, cu odnodvorţi, cu meşteşugari, cu armeni, cu velicoruşi şi cu moldoveni din satele judeţului Orhei pentru anul 1850.","Revision lists of peasants, ruptaşi, odnodvortsy, craftsmen, Armenians, Great Russians and Moldovans from the villages of Orhei county, for the year 1850.","Listes de revision des tarani (paysans), ruptaşi, odnodvorţi, artisans, armeniens, grands-russiens et moldaves des villages du judet d'Orhei, pour l'annee 1850.","Ревизские сказки крестьян, рупташей, однодворцев, ремесленников, армян, великороссов и молдаван сел Орхейского уезда, за 1850 год.",,20,2362452 · 2362453,625–1114 · 5–472,958,estime,,137-138
257,1850,1850,"Catagrafii cu ţărani, cu odnodvorţi, cu persoane rebotezate din alte religii şi convertite la religia creştină şi cu urmaşii cetăţenilor de onoare din satele judeţului orhei, literele L-O pentru anul 1850.","Revision lists of peasants, odnodvortsy, persons re-baptized from other religions and converted to the Christian religion, and descendants of honorary citizens from the villages of Orhei county, letters L-O, for the year 1850.","Listes de revision des tarani (paysans), odnodvorţi, personnes rebaptisees d'autres religions et converties a la religion chretienne, et descendants de citoyens honoraires des villages du judet d'Orhei, lettres L-O, pour l'annee 1850.","Ревизские сказки крестьян, однодворцев, лиц, перекрещённых из иных вероисповеданий и обращённых в христианство, и потомков почётных граждан сел Орхейского уезда, буквы L-O, за 1850 год.",,34,2362453 · 2362454,473–1053 · 5–994,1571,estime,,138-139
258,1850,1850,"Catagrafii cu ţărani şi cu odnodvorţi din satele judeţului Orhei, literele A-G pentru anul 1850.","Revision lists of peasants and odnodvortsy from the villages of Orhei county, letters A-G, for the year 1850.","Listes de revision des paysans et des odnodvortsy des villages du comte d'Orhei, lettres A-G, pour l'annee 1850.","Ревизские сказки крестьян и однодворцев сел Оргеевского уезда, буквы А-Г, за 1850 год.",,54,2362454 · 2362455 · 2362456,997–1068 · 5–1114 · 6–835,2012,sur,https://www.familysearch.org/ark:/61903/3:1:3QS7-993Y-57C?i=1&cc=1985804&wc=M6ZM-YPD%3A264175701%2C264722601%2C265357901,139-140
259,1850,1851,"Catagrafii suplimentare cu ţărani şi cu odnodvorţi din oraşul Orhei şi din satele judeţului Orhei pentru anii 1850,1851.","Supplementary revision lists of peasants and of odnodvortsy from the town of Orhei and from the villages of Orhei county, for the years 1850, 1851","Listes de revision supplementaires des paysans et des odnodvortsy de la ville d'Orhei et des villages du comte d'Orhei, pour les annees 1850, 1851","Дополнительные ревизские сказки крестьян и однодворцев города Оргеева и сел Оргеевского уезда за 1850, 1851 годы",,12,2362456,838–921,84,sur,https://www.familysearch.org/ark:/61903/3:1:3QS7-893Y-PTZ4?i=1&cc=1985804&wc=M6Z9-FNL%3A264175701%2C264722601%2C265436901,140-141
260,1850,1851,"Catagrafii cu mici burghezi, cu odnodvorţi, cu dricari şi cu negustori din societăţile de velicoruşi, de armeni şi de moldoveni din oraşul Orhei pentru anii 1850,1851.","Revision lists of petty bourgeois, odnodvortsy, hearse-drivers (dricari) and merchants of the societies of Great Russians, Armenians and Moldavians of the town of Orhei for the years 1850, 1851.","Listes de revision des petits bourgeois, des odnodvortsy, des corbillards (dricari) et des negociants des societes de grands-russiens, d'Armeniens et de moldaves de la ville d'Orhei pour les annees 1850, 1851.","Ревизские сказки мещан, однодворцев, извозчиков-катафальщиков (dricari) и купцов обществ великороссиян, армян и молдаван города Орхей за 1850, 1851 годы.",,1,2362456 · 2362457,924–1050 · 5–53,176,sur,https://www.familysearch.org/ark:/61903/3:1:3QSQ-G93Y-5S33?i=1&cc=1985804&wc=M6ZM-BZ9%3A264175701%2C264722601%2C265362701,141
261,1850,1850,"Catagrafie cu ţăranii satului Holercani, judeţul Orhei pentru anul 1850.","Revision list of the peasants of the village of Holercani, Orhei county, for the year 1850.","Liste de revision des paysans du village de Holercani, comte d'Orhei, pour l'annee 1850.","Ревизская сказка крестьян села Холеркани, Орхейский уезд, за 1850 год.",,1,2362457,56–90,35,sur,https://www.familysearch.org/ark:/61903/3:1:3QS7-993Y-59HJ?i=1&cc=1985804&wc=M6ZM-B68%3A264175701%2C264722601%2C265363601,141
262,1850,1850,"Catagrafii cu ţăranii satelor Butuceni şi Morovaia, judeţul Orhei pentru anul 1850.","Revision lists of peasants of the villages of Butuceni and Morovaia, Orhei county, for the year 1850.","Listes de revision des paysans des villages de Butuceni et Morovaia, judet d'Orhei, pour l'annee 1850.","Ревизские сказки крестьян сел Бутучень и Моровая, Оргеевского уезда, за 1850 год.",,1,2362457,93–104,12,sur,https://www.familysearch.org/ark:/61903/3:1:3QS7-893Y-5972?i=1&cc=1985804&wc=M6ZM-B6D%3A264175701%2C264722601%2C265363801,141
263,1850,1850,"Catagrafii cu colonişti bulgari şi cu colonişti transdanubeni aşezaţi cu traiul în coloniile districtului colonist Cahul–Prut, judeţul Cahul pentru anul 1850.","Revision lists of Bulgarian colonists and of trans-Danubian colonists settled in the colonies of the Cahul-Prut colonist district, Cahul county, for the year 1850.","Listes de revision des colons bulgares et des colons transdanubiens etablis dans les colonies du district colon de Cahul-Prut, comte de Cahul, pour l'annee 1850.","Ревизские сказки болгарских колонистов и задунайских колонистов, поселённых в колониях Кагул-Прутского колонистского округа, Кагульский уезд, за 1850 год.",,10,2362457,107–999,893,sur,https://www.familysearch.org/ark:/61903/3:1:3QS7-L93Y-5LQ?i=1&cc=1985804&wc=M6ZM-BM9%3A264175701%2C264722601%2C265363901,141
264,1850,1850,"Catagrafii cu colonişti din coloniile districtului Bugeacul de Sus, judeţul Cahul pentru anul 1850.","Revision lists of colonists from the colonies of the district of Bugeacul de Sus, Cahul county, for the year 1850","Listes de revision des colons des colonies du district de Bugeacul de Sus, comte de Cahul, pour l'annee 1850","Ревизские сказки колонистов колоний округа Bugeacul de Sus, Кагульский уезд, за 1850 год",,6,2362457 · 2362940,1002–1042 · 5–542,579,probable,https://www.familysearch.org/ark:/61903/3:1:3QS7-993Y-5ZX?i=1&cc=1985804&wc=M6ZM-BWL%3A264175701%2C264722601%2C265366601,141-142
265,1850,1851,"Catagrafii cu ţărani şi cu odnodvorţi din satele judeţului Cahul, literele D-N pentru anii 1850,1851.","Revision lists of peasants and odnodvortsy from the villages of Cahul county, letters D-N, for the years 1850,1851.","Listes de revision des paysans et des odnodvortsy des villages du comte de Cahul, lettres D-N, pour les annees 1850,1851.","Ревизские сказки крестьян и однодворцев сел Кагульского уезда, буквы Д-Н, за 1850,1851 годы.",,18,2362940 · 2362941,545–1083 · 5–334,869,sur,https://www.familysearch.org/ark:/61903/3:1:3QS7-L93B-95XY?i=1&cc=1985804&wc=M6ZM-B38%3A264175701%2C264722601%2C265368001,142
266,1850,1850,Catagrafii cu colonişti transdanubeni şi bulgari aşezaţi cu traiul în districtele Bugeacul de Jos şi de Sus din judeţul Cahul pentru anul 1850.,"Revision lists of trans-Danubian and Bulgarian colonists settled in the districts of Bugeacul de Jos and Bugeacul de Sus of Cahul county, for the year 1850","Listes de revision des colons transdanubiens et bulgares etablis dans les districts de Bugeacul de Jos et de Bugeacul de Sus du comte de Cahul, pour l'annee 1850","Ревизские сказки задунайских и болгарских колонистов, поселившихся в округах Bugeacul de Jos и Bugeacul de Sus Кагульского уезда, за 1850 год",,5,2362941,337–1035,699,sur,https://www.familysearch.org/ark:/61903/3:1:3QS7-893B-9LXM?i=1&cc=1985804&wc=M6Z9-93D%3A264175701%2C264722601%2C265369201,142
267,1848,1848,"Catagrafii cu negustori de ghilda III şi cu membrii societăţii de evrei din oraşul Cahul şi din tîrgul Leova, judeţul Cahul pentru anul 1848.","Revision lists of merchants of the 3rd guild and members of the Jewish community of the town of Cahul and of the market town of Leova, Cahul county, for the year 1848.","Listes de revision des negociants de la 3e guilde et des membres de la communaute juive de la ville de Cahul et du bourg de Leova, comte de Cahul, pour l'annee 1848.",Ревизские сказки купцов 3-й гильдии и членов еврейской общины города Кагул и местечка Леова Кагульского уезда за 1848 год.,,2,2362942,5–89,85,sur,https://www.familysearch.org/ark:/61903/3:1:3QS7-893B-SH3Y?i=1&cc=1985804&wc=M6ZM-4TL%3A264175701%2C264722601%2C265251501,142-143
268,1850,1851,"Catagrafii cu colonişti din coloniile districtului Cahul–Prut, judeţul Cahul pentru anii 1850,1851.","Revision lists of colonists from the colonies of the district of Cahul-Prut, Cahul county, for the years 1850, 1851","Listes de revision des colons des colonies du district de Cahul-Prut, comte de Cahul, pour les annees 1850, 1851","Ревизские сказки колонистов колоний округа Cahul-Prut, Кагульский уезд, за 1850, 1851 годы",,7,2362942,92–670,579,sur,https://www.familysearch.org/ark:/61903/3:1:3QS7-L93B-S4VN?i=1&cc=1985804&wc=M6Z9-936%3A264175701%2C264722601%2C265371101,143
269,1850,1850,"Catagrafii cu ţărani din satele judeţului Soroca, literele L-O pentru anul 1850.","Revision lists of peasants from the villages of Soroca county, letters L-O, for the year 1850.","Listes de revision des paysans des villages du comte de Soroca, lettres L-O, pour l'annee 1850.","Ревизские сказки крестьян сёл Сорокского уезда, буквы L-O, за 1850 год.",,14,2362942 · 2362943,673–1087 · 5–265,676,sur,https://www.familysearch.org/ark:/61903/3:1:3QSQ-G93B-S4ZB?i=1&cc=1985804&wc=M6Z9-MTL%3A264175701%2C264722601%2C265372501,143
270,1850,1851,"Catagrafii cu ţărani, cu odnodvorţi, cu boiernaşi şi cu ruptaşi din satele judeţului Soroca, litera S pentru anii 1850,1851.","Revision lists of peasants, odnodvortsy, boiernaşi (petty boyars) and ruptaşi from the villages of Soroca county, letter S, for the years 1850, 1851.","Listes de revision des tarani (paysans), odnodvorţi, boiernaşi (petits boyards) et ruptaşi des villages du judet de Soroca, lettre S, pour les annees 1850, 1851.","Ревизские сказки крестьян, однодворцев, боернашей (мелких бояр) и рупташей сел Сорокского уезда, буква S, за 1850, 1851 годы.",,18,2362943 · 2362944,268–980 · 5–200,909,sur,https://www.familysearch.org/ark:/61903/3:1:3QS7-993B-92ML?i=1&cc=1985804&wc=M6Z9-9M9%3A264175701%2C264722601%2C265374301,143-144
271,1850,1850,"Catagrafii cu ţărani şi cu odnodvorţi din satele judeţului Soroca, litera Ch (K) pentru anul 1850.","Revision lists of peasants and odnodvortsy from the villages of Soroca county, letter Ch (K), for the year 1850.","Listes de revision des tarani (paysans) et odnodvorţi des villages du judet de Soroca, lettre Ch (K), pour l'annee 1850.","Ревизские сказки крестьян и однодворцев сел Сорокского уезда, буква Ch (K), за 1850 год.",,27,2362944 · 2362945,203–1055 · 5–700,1549,sur,https://www.familysearch.org/ark:/61903/3:1:3QS7-893Y-1GQW?i=1&cc=1985804&wc=M6Z9-9MS%3A264175701%2C264722601%2C265375801,144-145
272,1850,1851,"Catagrafii cu mici burghezi din oraşul Soroca pentru anii 1850,1851.","Revision lists of petty bourgeois of the town of Soroca for the years 1850, 1851.","Listes de revision des petits bourgeois de la ville de Soroca pour les annees 1850, 1851.","Ревизские сказки мещан города Сорока за 1850, 1851 годы.",,1,2362945,703–851,149,sur,https://www.familysearch.org/ark:/61903/3:1:3QS7-893Y-1GX9?i=1&cc=1985804&wc=M6Z9-6TG%3A264175701%2C264722601%2C265437001,145
273,1850,1851,"Catagrafii cu ţărani şi cu odnodvorţi din satele judeţului Soroca, literele P-R pentru anii 1850,1851.","Revision lists of peasants and odnodvortsy from the villages of Soroca county, letters P-R, for the years 1850, 1851.","Listes de revision des tarani (paysans) et odnodvorţi des villages du judet de Soroca, lettres P-R, pour les annees 1850, 1851.","Ревизские сказки крестьян и однодворцев сел Сорокского уезда, буквы P-R, за 1850, 1851 годы.",,49,2362945 · 2362946,854–1089 · 5–1011,1243,sur,https://www.familysearch.org/ark:/61903/3:1:3QSQ-G93B-SWVZ?i=1&cc=1985804&wc=M6Z9-9Z9%3A264175701%2C264722601%2C265379301,145-146
274,1850,1851,"Catagrafii cu ţărani, cu odnodvorţi, cu ruptaşi, cu dvoreni şi boiernaşi din satele judeţului Soroca, literele H-Ia (Х-Я) pentru anii 1850,1851.","Revision lists of peasants, odnodvortsy, ruptaşi, dvoreni (nobility) and boiernaşi (petty boyars) from the villages of Soroca county, letters H-Ia (Х-Я), for the years 1850, 1851.","Listes de revision des tarani (paysans), odnodvorţi, ruptaşi, dvoreni (noblesse) et boiernaşi (petits boyards) des villages du judet de Soroca, lettres H-Ia (Х-Я), pour les annees 1850, 1851.","Ревизские сказки крестьян, однодворцев, рупташей, дворян и боернашей (мелких бояр) сел Сорокского уезда, буквы Х-Я, за 1850, 1851 годы.",,15,2362946 · 2362951,1014–1105 · 5–529,617,sur,https://www.familysearch.org/ark:/61903/3:1:3QS7-993B-SHWC?i=1&cc=1985804&wc=M6Z9-MTG%3A264175701%2C264722601%2C265381801,146
275,1850,1850,"Catagrafii cu ţărani şi cu odnodvorţi din satele judeţului Soroca, literele T-F pentru anul 1850.","Revision lists of peasants and odnodvortsy from the villages of Soroca county, letters T-F, for the year 1850.","Listes de revision des tarani (paysans) et odnodvorţi des villages du judet de Soroca, lettres T-F, pour l'annee 1850.","Ревизские сказки крестьян и однодворцев сел Сорокского уезда, буквы T-F, за 1850 год.",,14,2362951,532–1068,537,sur,https://www.familysearch.org/ark:/61903/3:1:3QS7-L93Y-YQK8?i=1&cc=1985804&wc=M6Z9-968%3A264175701%2C264722601%2C265383701,146-147
276,1850,1850,"Catagrafii cu ţărani, cu odnodvorţi, cu mazili şi cu ruptaşi din satele judeţului Soroca, literele A-B pentru anul 1850","Revision lists of peasants, odnodvortsy, mazili (petty nobility exempt from taxes) and ruptaşi from the villages of Soroca county, letters A-B, for the year 1850.","Listes de revision des tarani (paysans), odnodvorţi, mazili (petite noblesse exempte) et ruptaşi des villages du judet de Soroca, lettres A-B, pour l'annee 1850.","Ревизские сказки крестьян, однодворцев, мазылов (мелкой знати, освобождённой от податей) и рупташей сел Сорокского уезда, буквы A-B, за 1850 год.",,19,2362952 · 2362953,5–1091 · 5–152,1235,sur,https://www.familysearch.org/ark:/61903/3:1:3QS7-993Y-TX3S?i=1&cc=1985804&wc=M6Z9-938%3A264175701%2C264722601%2C265385701,147
277,1850,1853,"Catagrafii cu mici burghezi din oraşul Soroca pentru anii 1850,1853.","Revision lists of petty bourgeois of the town of Soroca for the years 1850, 1853.","Listes de revision des petits bourgeois de la ville de Soroca pour les annees 1850, 1853.","Ревизские сказки мещан города Сорока за 1850, 1853 годы.",,1,2362953 · 2373973,155–178 · 5–277,297,sur,https://www.familysearch.org/ark:/61903/3:1:3QS7-993Y-YG93?i=1&cc=1985804&wc=M6Z9-D6D%3A264175701%2C264722601%2C265443801,147
278,1850,1850,"Catagrafii cu negustori şi cu mici burghezi din societăţile creştine şi de ortodocşi de rit vechi, de armeni, de dulgheri, de cibotari şi de fierari din oraşul Hotin pentru anul 1850.","Revision lists of merchants and petty bourgeois of the Christian and Old Orthodox rite societies, of Armenians, of carpenters, of shoemakers and of blacksmiths of the town of Hotin for the year 1850.","Listes de revision des negociants et des petits bourgeois des societes chretiennes et orthodoxes de vieux rite, d'Armeniens, de charpentiers, de cordonniers et de forgerons de la ville de Hotin pour l'annee 1850.","Ревизские сказки купцов и мещан христианских и старообрядческих обществ, армян, плотников, сапожников и кузнецов города Хотина за 1850 год.",,3,2362953,181–860,680,sur,https://www.familysearch.org/ark:/61903/3:1:3QS7-893Y-YLTN?i=1&cc=1985804&wc=M6Z9-9M3%3A264175701%2C264722601%2C265388201,148
279,1850,1850,"Catagrafii cu ţărani, cu odnodvorţi şi cu colonişti din satele judeţului Hotin pentru anul 1850.","Revision lists of peasants, odnodvortsy and colonists from the villages of Hotin county, for the year 1850.","Listes de revision des tarani (paysans), odnodvorţi et colonistes des villages du judet de Hotin, pour l'annee 1850.","Ревизские сказки крестьян, однодворцев и колонистов сел Хотинского уезда, за 1850 год.",,16,2362953 · 2362954,863–1057 · 5–725,916,sur,https://www.familysearch.org/ark:/61903/3:1:3QS7-893Y-YG5G?i=1&cc=1985804&wc=M6Z9-SNL%3A264175701%2C264722601%2C265389601,148
280,1850,1850,"Catagrafii cu ţărani şi cu odnodvorţi din satele judeţului Hotin, litera N pentru anul 1850.","Revision lists of peasants and odnodvortsy from the villages of Hotin county, letter N, for the year 1850.","Listes de revision des paysans et des odnodvortsy des villages du comte de Hotin, lettre N, pour l'annee 1850.","Ревизские сказки крестьян и однодворцев сел Хотинского уезда, буква Н, за 1850 год.",,7,2362954 · 2362955,728–1078 · 5–95,442,sur,https://www.familysearch.org/ark:/61903/3:1:3QS7-893Y-RJQ2?i=1&cc=1985804&wc=M6Z9-9WL%3A264175701%2C264722601%2C265391701,148
281,1850,1850,"Catagrafii cu ţărani şi cu odnodvorţi din satele judeţului Hotin, literele S-H pentru anul 1850.","Revision lists of peasants and odnodvortsy from the villages of Hotin county, letters S-H, for the year 1850.","Listes de revision des paysans et des odnodvortsy des villages du comte de Hotin, lettres S-H, pour l'annee 1850.","Ревизские сказки крестьян и однодворцев сел Хотинского уезда, буквы С-Х, за 1850 год.",,18,2362955 · 2362956,98–1080 · 5–102,1081,sur,https://www.familysearch.org/ark:/61903/3:1:3QS7-893Y-YT1C?i=1&cc=1985804&wc=M6Z9-9WG%3A264175701%2C264722601%2C265393101,149
282,1850,1850,"Catagrafii cu ţărani şi cu odnodvorţi din satele judeţului Hotin, litera K pentru anul1850.","Revision lists of peasants and odnodvortsy from the villages of Hotin county, letter K, for the year 1850.","Listes de revision des paysans et des odnodvortsy des villages du comte de Hotin, lettre K, pour l'annee 1850.","Ревизские сказки крестьян и однодворцев сел Хотинского уезда, буква К, за 1850 год.",,26,2362956 · 2362957 · 2362958,105–1077 · 5–1006 · 5–75,2046,sur,https://www.familysearch.org/ark:/61903/3:1:3QSQ-G93Y-BHNK?i=1&cc=1985804&wc=M6Z9-338%3A264175701%2C264722601%2C265397301,149-150
283,1850,1850,"Catagrafii cu ţărani din satele judeţului Hotin, literele D-Z pentru anul 1850.","Revision lists of peasants from the villages of Hotin county, letters D-Z, for the year 1850.","Listes de revision des paysans des villages du comte de Hotin, lettres D-Z, pour l'annee 1850.","Ревизские сказки крестьян сёл Хотинского уезда, буквы D-Z, за 1850 год.",,10,2362958,78–731,654,sur,https://www.familysearch.org/ark:/61903/3:1:3QS7-893Y-Y1KW?i=1&cc=1985804&wc=M6Z9-33D%3A264175701%2C264722601%2C265400501,150
284,1850,1851,"Catagrafii cu ţărani şi cu odnodvorţi din satele judeţului Hotin, literele L-M pentru aniii 1850,1851.","Revision lists of peasants and odnodvortsy from the villages of Hotin county, letters L-M, for the years 1850,1851.","Listes de revision des paysans et des odnodvortsy des villages du comte de Hotin, lettres L-M, pour les annees 1850,1851.","Ревизские сказки крестьян и однодворцев сел Хотинского уезда, буквы Л-М, за 1850,1851 годы.",,15,2362958 · 2362959,734–1069 · 5–806,1138,sur,https://www.familysearch.org/ark:/61903/3:1:3QS7-L93Y-Y99J-T?i=1&cc=1985804&wc=M6Z9-3Z9%3A264175701%2C264722601%2C265401401,150-151
285,1850,1851,"Catagrafii cu ţărani şi cu odnodvorţi din satele judeţului Hotin, literele A-B pentru anii 1850,1851.","Revision lists of peasants and odnodvortsy from the villages of Hotin county, letters A-B, for the years 1850,1851.","Listes de revision des paysans et des odnodvortsy des villages du comte de Hotin, lettres A-B, pour les annees 1850,1851.","Ревизские сказки крестьян и однодворцев сел Хотинского уезда, буквы А-Б, за 1850,1851 годы.",,21,2362959 · 2362960,809–1100 · 5–890,1178,sur,https://www.familysearch.org/ark:/61903/3:1:3QS7-L93Y-Y9S7-M?i=1&cc=1985804&wc=M6Z9-3NL%3A264175701%2C264722601%2C265402501,151
286,1850,1851,"Catagrafii cu ţărani şi cu odnodvorţi din satele judeţului Hotin, literele Ce-Ia (Ч-Я) pentru anii 1850,1851.","Revision lists of peasants and odnodvortsy from the villages of Hotin county, letters Ce-Ia (Ч-Я), for the years 1850,1851.","Listes de revision des paysans et des odnodvortsy des villages du comte de Hotin, lettres Ce-Ia (Ч-Я), pour les annees 1850,1851.","Ревизские сказки крестьян и однодворцев сел Хотинского уезда, буквы Ч-Я, за 1850,1851 годы.",,13,2362960 · 2362961,893–1070 · 5–775,949,sur,https://www.familysearch.org/ark:/61903/3:1:3QSQ-G93Y-Y9M8-Y?i=1&cc=1985804&wc=M6Z9-WZS%3A264175701%2C264722601%2C265404301,151-152
287,1850,1851,"Catagrafii cu ţărani, cu colonişti şi cu odnodvorţî din satele judeţului Hotin pentru anul 1850,1851.","Revision lists of peasants, colonists and odnodvortsy from the villages of Hotin county, for the years 1850, 1851.","Listes de revision des tarani (paysans), colonistes et odnodvorţi des villages du judet de Hotin, pour les annees 1850, 1851.","Ревизские сказки крестьян, колонистов и однодворцев сел Хотинского уезда, за 1850, 1851 годы.",,12,2362961 · 2362962,778–1060 · 5–145,424,sur,https://www.familysearch.org/ark:/61903/3:1:3QS7-L93Y-5F3R?i=1&cc=1985804&wc=M6Z9-WZ3%3A264175701%2C264722601%2C265405301,152
288,1850,1851,"Catagrafii cu ţărani, cu mici burghezi şi cu colonişti din oraşul Hotin şi satele judeţului Hotin pentru anii 1850,1851.","Revision lists of peasants, petty bourgeois (meşcean) and colonists from the town of Hotin and the villages of Hotin county, for the years 1850, 1851.","Listes de revision des tarani (paysans), petits bourgeois et colonistes de la ville de Hotin et des villages du judet de Hotin, pour les annees 1850, 1851.","Ревизские сказки крестьян, мещан и колонистов города Хотин и сел Хотинского уезда, за 1850, 1851 годы.",,9,2362962,148–219,72,sur,https://www.familysearch.org/ark:/61903/3:1:3QSQ-G93Y-5FFX?i=1&cc=1985804&wc=M6Z9-8TG%3A264175701%2C264722601%2C265437701,152
289,1850,1850,"Catagrafie cu moşierii din satul Marşinţi, judeţul Hotin pentru anul 1850.","Revision list of landowners from the village of Marşinţi, Hotin county, for the year 1850.","Liste de revision des proprietaires terriens du village de Marşinţi, comte de Hotin, pour l'annee 1850.","Ревизская сказка помещиков села Маршинцы, Хотинского уезда, за 1850 год.",,1,2362962,222–226,5,sur,https://www.familysearch.org/ark:/61903/3:1:3QS7-893Y-5XS7?i=1&cc=1985804&wc=M6Z9-4Z9%3A264175701%2C264722601%2C265405901,153
290,1850,1850,"Catagrafie cu ţărani şi cu odnodvorţi din satele judeţului Hotin, literele O-R pentru anul 1850","Revision list of peasants and odnodvortsy from the villages of Hotin county, letters O-R, for the year 1850.","Liste de revision des paysans et des odnodvortsy des villages du comte de Hotin, lettres O-R, pour l'annee 1850.","Ревизская сказка крестьян и однодворцев сёл Хотинского уезда, буквы О-Р, за 1850 год.",,23,2362962 · 2362963,229–1088 · 5–608,1464,sur,https://www.familysearch.org/ark:/61903/3:1:3QS7-L93Y-5XHQ?i=1&cc=1985804&wc=M6Z9-W29%3A264175701%2C264722601%2C265406001,153
291,1850,1857,"Catagrafii cu mici burghezi evrei din oraşul Hotin pentru anii 1850,1857.","Revision lists of Jewish petty bourgeois of the town of Hotin for the years 1850, 1857.","Listes de revision des petits bourgeois juifs de la ville de Hotin pour les annees 1850, 1857.","Ревизские сказки еврейских мещан города Хотина за 1850, 1857 годы.",,1,2362963,611–805,195,sur,https://www.familysearch.org/ark:/61903/3:1:3QSQ-G93Y-B822?i=1&cc=1985804&wc=M6Z9-XTL%3A264175701%2C264722601%2C265448102,153
292,1850,1850,Catagrafii cu ţărani şi cu odnodvorţi din satele judeţului Iaşi pentru anul 1850,Revision lists of peasants and odnodvortsy from the villages of Iasi county for the year 1850.,Listes de revision des paysans et des odnodvortsy des villages du comte de Iasi pour l'annee 1850.,Ревизские сказки крестьян и однодворцев сел Ясского уезда за 1850 год.,,6,2362963 · 2373306,808–1065 · 5–127,381,sur,https://www.familysearch.org/ark:/61903/3:1:3QS7-L93Y-5XVX?i=1&cc=1985804&wc=M6Z9-W2S%3A264175701%2C264722601%2C265408001,154
293,1850,1850,"Catagrafii cu ţărani şi cu odnodvorţi din satele judeţului Iaşi, literele D-Z pentru anul 1850.","Revision lists of peasants and odnodvortsy from the villages of Iasi county, letters D-Z, for the year 1850.","Listes de revision des paysans et des odnodvortsy des villages du comte de Iasi, lettres D-Z, pour l'annee 1850.","Ревизские сказки крестьян и однодворцев сел Ясского уезда, буквы Д-З, за 1850 год.",,14,2373306,130–775,646,sur,https://www.familysearch.org/ark:/61903/3:1:3QS7-893Y-5DD1?i=1&cc=1985804&wc=M6Z9-W68%3A264175701%2C264722601%2C265408501,154
294,1850,1851,"Catagrafii cu ţărani, cu ruptaşi şi cu odnodvorţi din satele judeţului Iaşi, literele L-M pentru anii 1850,1851.","Revision lists of peasants, ruptaşi and odnodvortsy from the villages of Iaşi county, letters L-M, for the years 1850, 1851.","Listes de revision des tarani (paysans), ruptaşi et odnodvorţi des villages du judet de Iaşi, lettres L-M, pour les annees 1850, 1851.","Ревизские сказки крестьян, рупташей и однодворцев сел Ясского уезда, буквы L-M, за 1850, 1851 годы.",,15,2373306 · 2373307,778–1089 · 5–429,737,sur,https://www.familysearch.org/ark:/61903/3:1:3QS7-893Y-5XMS?i=1&cc=1985804&wc=M6Z9-W6D%3A264175701%2C264722601%2C265409601,154-155
295,1850,1850,"Catagrafii cu negustori, cu mici burghezi, cu ţărani şi cu odnodvorţi din oraşul Bălţi pentru anul 1850.","Revision lists of merchants, petty bourgeois, peasants and odnodvortsy of the town of Bălţi for the year 1850.","Listes de revision des negociants, des petits bourgeois, des paysans et des odnodvortsy de la ville de Bălţi pour l'annee 1850.","Ревизские сказки купцов, мещан, крестьян и однодворцев города Бельцы за 1850 год.",,1,2373307,432–688,257,sur,https://www.familysearch.org/ark:/61903/3:1:3QSQ-G93Y-1281?i=1&cc=1985804&wc=M6Z9-W66%3A264175701%2C264722601%2C265410701,155
296,1850,1850,"Catagrafii cu ţărani, cu odnodvorţi şi cu ruptaşi din satele judeţului Iaşi, literele V-G pentru anul 1850.","Revision lists of peasants, odnodvortsy and ruptaşi from the villages of Iaşi county, letters V-G, for the year 1850.","Listes de revision des tarani (paysans), odnodvorţi et ruptaşi des villages du judet de Iaşi, lettres V-G, pour l'annee 1850.","Ревизские сказки крестьян, однодворцев и рупташей сел Ясского уезда, буквы V-G, за 1850 год.",,19,2373307 · 2373308,691–1114 · 5–516,936,sur,https://www.familysearch.org/ark:/61903/3:1:3QS7-893Y-1VPW?i=1&cc=1985804&wc=M6Z9-WZ9%3A264175701%2C264722601%2C265411301,155
297,1850,1850,"Catagrafii cu ţărani, cu odnodvorţi, cu ruptaşi, cu ţărani răzeşi şi cu mici burghezi din satele judeţului Iaşi, literele T-F pentru anul 1850.","Revision lists of peasants, odnodvortsy, ruptaşi, răzeşi peasants and petty bourgeois from the villages of Iaşi county, letters T-F, for the year 1850.","Listes de revision des tarani (paysans), odnodvorţi, ruptaşi, tarani răzeşi et petits bourgeois des villages du judet de Iaşi, lettres T-F, pour l'annee 1850.","Ревизские сказки крестьян, однодворцев, рупташей, крестьян-разешей и мещан сел Ясского уезда, буквы T-F, за 1850 год.",,19,2373308 · 2373309,519–1042 · 5–473,993,sur,https://www.familysearch.org/ark:/61903/3:1:3QS7-99QM-K9QC-1?i=1&cc=1985804&wc=M6Z9-WNL%3A264175701%2C264722601%2C265413401,155-156
298,1850,1850,"Catagrafii cu ţărani şi cu odnodvorţi din satele judeţului Iaşi, literele P-R pentru anul 1850.","Revision lists of peasants and odnodvortsy from the villages of Iasi county, letters P-R, for the year 1850.","Listes de revision des paysans et des odnodvortsy des villages du comte de Iasi, lettres P-R, pour l'annee 1850.","Ревизские сказки крестьян и однодворцев сел Ясского уезда, буквы П-Р, за 1850 год.",,18,2373309 · 2373310,476–1020 · 5–503,1044,sur,https://www.familysearch.org/ark:/61903/3:1:3QS7-89QM-K7MM?i=1&cc=1985804&wc=M6Z9-438%3A264175701%2C264722601%2C265415801,156
300,1850,1850,"Catagrafii cu ţărani, cu odnodvorţi şi cu ruptaşi din satele judeţului Iaşi, literele A-B pentru anul 1850.","Revision lists of peasants, odnodvortsy and ruptaşi from the villages of Iaşi county, letters A-B, for the year 1850.","Listes de revision des tarani (paysans), odnodvorţi et ruptaşi des villages du judet de Iaşi, lettres A-B, pour l'annee 1850.","Ревизские сказки крестьян, однодворцев и рупташей сел Ясского уезда, буквы A-B, за 1850 год.",,28,2373310 · 2373311,506–1050 · 5–755,1296,sur,https://www.familysearch.org/ark:/61903/3:1:3QS7-L9QM-J1D5?i=1&cc=1985804&wc=M6Z9-468%3A264175701%2C264722601%2C265418401,157
301,1851,1857,"Catagrafii cu mici burghezi, cu ţărani, cu maloruşi, cu şleahtici, cu moldoveni, cu bulgari, cu greci şi cu marinari din oraşul Akkerman şi suburbiile Popuşoi, Turlac şi Şabo, din oraşele Ismail, Chilia, din tîrgul Vilcov, din satele judeţelor Akkerman, Bender, Cahul, Iaşi, Soroca şi din guberniile Reazani şi Herson pe anii 1851-1857.","Revision lists of petty bourgeois, peasants, Little Russians, szlachta, Moldavians, Bulgarians, Greeks and sailors of the town of Akkerman and the suburbs of Popuşoi, Turlac and Şabo, of the towns of Ismail and Chilia, of the market town of Vilcov, of the villages of Akkerman, Bender, Cahul, Iaşi and Soroca counties and of the Ryazan and Herson governorates for the years 1851-1857.","Listes de revision des petits bourgeois, des paysans, des petits-russiens, de la szlachta, des moldaves, des Bulgares, des Grecs et des marins de la ville d'Akkerman et des faubourgs de Popuşoi, Turlac et Şabo, des villes d'Ismail et de Chilia, du bourg de Vilcov, des villages des comtes d'Akkerman, Bender, Cahul, Iaşi et Soroca et des gouvernorats de Riazan et de Herson pour les annees 1851-1857.","Ревизские сказки мещан, крестьян, малороссиян, шляхтичей, молдаван, болгар, греков и моряков города Аккермана и предместий Попушой, Турлак и Шабо, городов Измаила и Килии, местечка Вилково, сёл Аккерманского, Бендерского, Кагульского, Ясского и Сорокского уездов и Рязанской и Херсонской губерний за 1851-1857 годы.",Akkerman · Bender · Cahul · Iaşi · Orhei · Soroca · gubernia Herson,70,2373311 · 2373312,758–1100 · 5–902,1241,estime,,157-159
302,1850,1855,"Catagrafii cu mici burghezi din societăţile de moldoveni, de şleahtici, de velicoruşi, de maloruşi, cu reprezentanţi ai clasei privilegiate, cu membri ai comunităţii de ceasornicari velicoruşi din oraşul Bender şi cu ţărani ai statului din satul Cioburciu, judeţul Bender pentru anii 1850-1855.","Revision lists of petty bourgeois of the societies of Moldavians, szlachta, Velikorussians, Malorussians, with representatives of the privileged class, with members of the community of Velikorussian clockmakers of the town of Bender, and with state peasants of the village of Cioburciu, Bender county, for the years 1850-1855.","Listes de revision des petits bourgeois des societes de Moldaves, de szlachta, de Velikorusses, de Malorusses, avec des representants de la classe privilegiee, des membres de la communaute des horlogers velikorusses de la ville de Bender, et des paysans d'Etat du village de Cioburciu, comte de Bender, pour les annees 1850-1855.","Ревизские сказки мещан обществ молдаван, шляхтичей, великороссов, малороссов, с представителями привилегированного сословия, с членами общины великороссийских часовщиков города Бендеры, и государственных крестьян села Чобурчиу, Бендерского уезда, за 1850-1855 годы.",gubernia Herson,4,2373312,903–967,65,estime,,159-160
303,1851,1857,"Catagrafii cu mici burghezi din societăţile de velicoruşi, de moldoveni,de greci, de bulgari, de colonişti transdanubeni şi de armeni din comunitatea veche de bejenari din oraşul Ismail şi suburbiile sale Broasca, Cugurlui (Cuhurlui), Sofiana şi Necrasovca Veche (Staro Necrasovca) pentru anii 1851- 1857.","Revision lists of petty bourgeois of the societies of Velikorussians, Moldavians, Greeks, Bulgarians, Trans-Danubian colonists and Armenians of the old community of refugees of the town of Ismail and its suburbs Broasca, Cugurlui (Cuhurlui), Sofiana and Necrasovca Veche (Staro Necrasovca) for the years 1851-1857.","Listes de revision des petits bourgeois des societes de Velikorusses, de Moldaves, de Grecs, de Bulgares, de colons transdanubiens et d'Armeniens de l'ancienne communaute de refugies de la ville d'Ismail et de ses faubourgs Broasca, Cugurlui (Cuhurlui), Sofiana et Necrasovca Veche (Staro Necrasovca) pour les annees 1851-1857.","Ревизские сказки мещан обществ великороссов, молдаван, греков, болгар, задунайских колонистов и армян старой общины беженцев города Измаила и его предместий Броска, Кугурлуй (Кухурлуй), Софьяна и Некрасовка Старая (Старо-Некрасовка) за 1851-1857 годы.",,7,2373312 · 2373313,968–1059 · 5–249,337,estime,https://www.familysearch.org/ark:/61903/3:1:3QSQ-G9QM-J997-V?i=1&cc=1985804&wc=M6Z9-6NL%3A264175701%2C264722601%2C265446401,160
304,1850,1857,"Catagrafii suplimentare cu ţărani, cu colonişti şi cu mici burghezi din oraşul Cahul, din satele şi coloniile judeţului Cahul, din tîrgul Leova şi din oraşele Ismail şi Reni pentru anii 1850-1857.","Supplementary revision lists of peasants, of colonists and of petty bourgeois from the town of Cahul, from the villages and colonies of Cahul county, from the market town of Leova and from the towns of Ismail and Reni, for the years 1850-1857","Listes de revision supplementaires des paysans, des colons et des petits bourgeois de la ville de Cahul, des villages et colonies du comte de Cahul, du bourg de Leova et des villes d'Ismail et de Reni, pour les annees 1850-1857","Дополнительные ревизские сказки крестьян, колонистов и мещан города Кагула, сел и колоний Кагульского уезда, местечка Леова и городов Измаила и Рени за 1850-1857 годы",Cahul · Chişinău · Hotin · Iaşi · Orhei · Soroca,100,2373313,252–633,382,sur,https://www.familysearch.org/ark:/61903/3:1:3QS7-89QM-K5C2?i=1&cc=1985804&wc=M6Z9-DNL%3A264175701%2C264722601%2C265449001,160-163
305,1850,1850,"Catagrafii cu mici burghezi şi cu cetăţeni străini din societăţile de cetăţeni străini, de odnodvorţi, de armeni, de şleahtici, de greci, de rumelişti, de creştini, de oameni, care s-au convertit la religia creştină ortodoxă din oraşul Chişinău pentru anul 1850.","Revision lists of petty bourgeois and foreign citizens of the societies of foreign citizens, of odnodvortsy, of Armenians, of szlachta, of Greeks, of Rumelians, of Christians, and of persons converted to the Orthodox Christian religion, of the town of Chişinău for the year 1850.","Listes de revision des petits bourgeois et des citoyens etrangers des societes de citoyens etrangers, d'odnodvortsy, d'Armeniens, de szlachta, de Grecs, de Roumeliotes, de chretiens et de personnes converties a la religion chretienne orthodoxe, de la ville de Chişinău pour l'annee 1850.","Ревизские сказки мещан и иностранных граждан обществ иностранных граждан, однодворцев, армян, шляхтичей, греков, румелиотов, христиан и лиц, обращённых в православную христианскую веру, города Кишинёва за 1850 год.",,3,2373291 · 2373313,5–209 · 636–1109,679,sur,https://www.familysearch.org/ark:/61903/3:1:S3HT-62V3-1YS?i=1&cc=1985804&wc=M6Z9-DZS%3A264175701%2C264722601%2C265438001,163
306,1851,1854,Catagrafii suplimentare cu mici burghezi din oraşul Chişinău pentru anii 1851-1854.,"Supplementary revision lists of petty bourgeois (meshchane) from the town of Chisinau, for the years 1851-1854.","Listes de revision supplementaires des petits bourgeois (mechtchane) de la ville de Chisinau, pour les annees 1851-1854.","Дополнительные ревизские сказки мещан города Кишинёва, за 1851-1854 годы.",,1,2373291,212–367,156,sur,https://www.familysearch.org/ark:/61903/3:1:S3HT-62V3-1HG?i=1&cc=1985804&wc=M6Z9-JZ9%3A264175701%2C264722601%2C265457201,163
307,1851,1856,"Catagrafii suplimentare cu ţărani şi cu colonişti liberi, cu odnodvorţi din satele judeţului Iaşi pentru anii 1851-1856.","Supplementary revision lists of peasants and of free colonists, of odnodvortsy from the villages of Iasi county, for the years 1851-1856","Listes de revision supplementaires des paysans et des colons libres, des odnodvortsy des villages du comte de Iasi, pour les annees 1851-1856","Дополнительные ревизские сказки крестьян и вольных колонистов, однодворцев из сел Ясского уезда за 1851-1856 годы",,19,2373291,370–433,64,probable,https://www.familysearch.org/ark:/61903/3:1:S3HT-62V3-17Y?i=1&cc=1985804&wc=M6Z9-F6D%3A264175701%2C264722601%2C265458201,163-164
308,1854,1854,"Catagrafie cu agricultori evrei din colonia Alexăndreni, judeţul Iaşi pentru anul 1854.","Revision list with Jewish farmers from the colony of Alexăndreni, Iaşi county, for the year 1854.","Liste de revision des agriculteurs juifs de la colonie d'Alexăndreni, comte d'Iaşi, pour l'annee 1854.","Ревизская сказка о евреях-земледельцах колонии Александрень, Ясский уезд, за 1854 год.",,1,2373291,435–498,64,sur,https://www.familysearch.org/ark:/61903/3:1:S3HT-62V3-1VR?i=1&cc=1985804&wc=M6Z9-J38%3A264175701%2C264722601%2C265456401,164
309,1853,1853,"Catagrafie cu colonişti din comunitatea de evrei din tîrgul Cimişlia, judeţul Bender pentru anul 1853.","Revision list of colonists from the Jewish community of the market town of Cimişlia, Bender county, for the year 1853.","Liste de revision des colons de la communaute juive du bourg de Cimişlia, comte de Bender, pour l'annee 1853.","Ревизская сказка колонистов еврейской общины местечка Чимишлия, Бендерского уезда, за 1853 год.",,1,2373291,501–508,8,sur,https://www.familysearch.org/ark:/61903/3:1:S3HT-62V3-11H?i=1&cc=1985804&wc=M6Z9-N29%3A264175701%2C264722601%2C265478101,164
310,1854,1854,Catagrafii cu negustori şi cu mici burghezi de origine evreiască din oraşul Akkerman pentru anul 1854.,Revision lists of merchants and petty bourgeois of Jewish origin of the town of Akkerman for the year 1854.,Listes de revision des negociants et des petits bourgeois d'origine juive de la ville d'Akkerman pour l'annee 1854.,Ревизские сказки купцов и мещан еврейского происхождения города Аккермана за 1854 год.,,1,2373291,511–687,177,sur,https://www.familysearch.org/ark:/61903/3:1:S3HT-62V3-BJK?i=1&cc=1985804&wc=M6Z9-F38%3A264175701%2C264722601%2C265481401,164
311,1854,1854,Catagrafii cu mici burghezi din societatea de maloruşi din oraşul Akkerman pentru anul 1854.,Revision lists of petty bourgeois of the Malorussian society of the town of Akkerman for the year 1854.,Listes de revision des petits bourgeois de la societe malorusse de la ville d'Akkerman pour l'annee 1854.,Ревизские сказки мещан малороссийского общества города Аккермана за 1854 год.,,1,2373291,690–746,57,probable,https://www.familysearch.org/ark:/61903/3:1:S3HT-62V3-BZW?i=1&cc=1985804&wc=M6Z9-NNL%3A264175701%2C264722601%2C265481601,164
312,1854,1854,Catagrafii cu negustori şi cu mici burghezi de origine evreiască din oraşul Akkerman pentru anul 1854.,Revision lists of merchants and petty bourgeois of Jewish origin of the town of Akkerman for the year 1854.,Listes de revision des negociants et des petits bourgeois d'origine juive de la ville d'Akkerman pour l'annee 1854.,Ревизские сказки купцов и мещан еврейского происхождения города Аккермана за 1854 год.,,1,2373291,748–925,178,probable,https://www.familysearch.org/ark:/61903/3:1:S3HT-62V3-1GL?i=1&cc=1985804&wc=M6Z9-F3D%3A264175701%2C264722601%2C265481801,164
313,1854,1854,Catagrafii cu negustori din comunitatea de evrei din oraşul Bender pentru anul 1854.,Revision lists of merchants of the Jewish community of the town of Bender for the year 1854.,Listes de revision des negociants de la communaute juive de la ville de Bender pour l'annee 1854.,Ревизские сказки купцов еврейской общины города Бендеры за 1854 год.,,1,2373291,928–982,55,sur,https://www.familysearch.org/ark:/61903/3:1:S3HT-62V3-Y1W?i=1&cc=1985804&wc=M6Z9-N68%3A264175701%2C264722601%2C265482301,165
314,1854,1854,Catagrafii cu mici burghezi din comunitatea de evrei din oraşul Bender pentru anul 1854.,Revision lists of petty bourgeois of the Jewish community of the town of Bender for the year 1854.,Listes de revision des petits bourgeois de la communaute juive de la ville de Bender pour l'annee 1854.,Ревизские сказки мещан еврейской общины города Бендер за 1854 год.,,1,2373291 · 2373292,985–1013 · 4–181,207,sur,https://www.familysearch.org/ark:/61903/3:1:S3HT-62V3-B8N?i=1&cc=1985804&wc=M6Z9-NMS%3A264175701%2C264722601%2C265482601,165
315,1854,1854,Catagrafii cu mici burghezi din comunitatea de evrei din oraşul Bender pentru anul 1854.,Revision lists of petty bourgeois of the Jewish community of the town of Bender for the year 1854.,Listes de revision des petits bourgeois de la communaute juive de la ville de Bender pour l'annee 1854.,Ревизские сказки мещан еврейской общины города Бендер за 1854 год.,,1,2373292,185–347,163,sur,https://www.familysearch.org/ark:/61903/3:1:S3HY-DRN9-9YT?i=1&cc=1985804&wc=M6Z9-FWG%3A264175701%2C264722601%2C265483501,165
316,1850,1867,"Catagrafii suplimentare cu mici burghezi din oraşele Akkerman, Bălţi, Bender, Cahul, Chişinău, Hotin, Ismail, Orhei şi Soroca şi din satele judeţelor Akkerman, Bender, Cahul, Chişinău, Hotin, Iaşi, Orhei şi Soroca pentru anii 1850-1867.","Supplementary revision lists of petty bourgeois (meshchane) from the towns of Akkerman, Balti, Bender, Cahul, Chisinau, Hotin, Ismail, Orhei and Soroca and from the villages of Akkerman, Bender, Cahul, Chisinau, Hotin, Iasi, Orhei and Soroca counties, for the years 1850-1867.","Listes de revision supplementaires des petits bourgeois (mechtchane) des villes d'Akkerman, Balti, Bender, Cahul, Chisinau, Hotin, Ismail, Orhei et Soroca et des villages des judets d'Akkerman, Bender, Cahul, Chisinau, Hotin, Iasi, Orhei et Soroca, pour les annees 1850-1867.","Дополнительные ревизские сказки мещан городов Аккермана, Бельц, Бендер, Кагула, Кишинёва, Хотина, Измаила, Оргеева и Сорок и сел Аккерманского, Бендерского, Кагульского, Кишинёвского, Хотинского, Ясского, Оргеевского и Сорокского уездов, за 1850-1867 годы.",,50,2373292 · 2373293,350–1118 · 5–1021,1786,probable,https://www.familysearch.org/ark:/61903/3:1:S3HY-DRN9-HLS?i=1&cc=1985804&wc=M6Z9-GM9%3A264175701%2C264722601%2C265504701,165-166
317,1854,1856,"Catagrafii cu locuitorii coloniei Romanovca, judeţul Bender şi din oraşul Bender pentru anul 1854-1856.","Revision lists with the inhabitants of the colony of Romanovca, Bender county, and of the city of Bender for the years 1854-1856.","Listes de revision avec les habitants de la colonie de Romanovca, comte de Bender, et de la ville de Bender pour les annees 1854-1856.",Ревизские сказки жителей колонии Романовка Бендерского уезда и города Бендер за 1854-1856 годы.,,2,2373293 · 2373294,1024–1054 · 5–104,131,sur,https://www.familysearch.org/ark:/61903/3:1:3QS7-993Y-5WPN?i=1&cc=1985804&wc=M6Z9-5M9%3A264175701%2C264722601%2C265501001,167
318,1854,1854,"Catagrafii cu locuitorii tîrgului Căuşeni, judeţul Bender pentru anul 1854.","Revision lists of the inhabitants of the market town of Căuşeni, Bender county, for the year 1854.","Listes de revision des habitants du bourg de Căuşeni, judet de Bender, pour l'annee 1854.","Ревизские сказки жителей местечка Кэушень, Бендерского уезда, за 1854 год.",,1,2373294,107–160,54,sur,https://www.familysearch.org/ark:/61903/3:1:3QS7-993Y-56T2?i=1&cc=1985804&wc=M6Z9-FP6%3A264175701%2C264722601%2C265483801,167
319,1854,1858,Catagrafii cu locuitorii oraşului Bender pentru anii 1854-1858.,Revision lists of the inhabitants of the town of Bender for the years 1854-1858.,Listes de revision des habitants de la ville de Bender pour les annees 1854-1858.,Ревизские сказки жителей города Бендеры за 1854-1858 годы.,,1,2373294,163–205,43,sur,https://www.familysearch.org/ark:/61903/3:1:3QS7-L93Y-56QP?i=1&cc=1985804&wc=M6Z9-LP6%3A264175701%2C264722601%2C265503001,167
320,1854,1854,Catagrafii cu mici burghezi evrei din oraşul Bălţi pentru anul 1854.,Revision lists of Jewish petty bourgeois of the town of Balti for the year 1854.,Listes de revision des petits bourgeois juifs de la ville de Balti pour l'annee 1854.,Ревизские сказки еврейских мещан города Бельцы за 1854 год.,,1,2373294,208–422,215,sur,https://www.familysearch.org/ark:/61903/3:1:3QSQ-G93Y-5DNR?i=1&cc=1985804&wc=M6Z9-NZ9%3A264175701%2C264722601%2C265484401,167
321,1854,1856,Catagrafii cu mici burghezi din comunităţile nouă şi veche evreieşti din oraşul Ismail pentru anii 1854-1856.,Revision lists of petty bourgeois of the new and old Jewish communities of the town of Ismail for the years 1854-1856.,Listes de revision des petits bourgeois des communautes juives nouvelle et ancienne de la ville d'Ismail pour les annees 1854-1856.,Ревизские сказки мещан новой и старой еврейских общин города Измаила за 1854-1856 годы.,,6,2373294,425–812,388,sur,https://www.familysearch.org/ark:/61903/3:1:3QSQ-G93Y-5JDX?i=1&cc=1985804&wc=M6Z9-FPD%3A264175701%2C264722601%2C265485201,167
322,1854,1854,Catagrafii cu negustorii de ghilda III a oraşului Cahul pentru anul 1854.,Revision lists of guild III merchants of the town of Cahul for the year 1854.,Listes de revision des marchands de la guilde III de la ville de Cahul pour l'annee 1854.,Ревизские сказки купцов III гильдии города Кагул за 1854 год.,,1,2373294,815–852,38,sur,https://www.familysearch.org/ark:/61903/3:1:3QS7-893Y-5X32?i=1&cc=1985804&wc=M6Z9-JPD%3A264175701%2C264722601%2C265486001,167
323,1854,1854,Catagrafii cu negustori din comunitatea evreiască din oraşul Chişinău pentru anul 1854.,Revision lists of merchants of the Jewish community of the town of Chişinău for the year 1854.,Listes de revision des negociants de la communaute juive de la ville de Chişinău pour l'annee 1854.,Ревизские сказки купцов еврейской общины города Кишинёва за 1854 год.,,1,2373294,855–881,27,sur,https://www.familysearch.org/ark:/61903/3:1:3QS7-993Y-5X35?i=1&cc=1985804&wc=M6Z9-JP6%3A264175701%2C264722601%2C265486301,167
324,1854,1854,Catagrafii cu negustori din societatea de evrei din oraşul Chişinău pentru anul 1854.,Revision lists of merchants of the Jewish society of the town of Chişinău for the year 1854.,Listes de revision des negociants de la societe juive de la ville de Chişinău pour l'annee 1854.,Ревизские сказки купцов еврейского общества города Кишинёва за 1854 год.,,1,2373294 · 2373295,884–1015 · 4–33,162,sur,https://www.familysearch.org/ark:/61903/3:1:S3HT-6MCT-X3?i=1&cc=1985804&wc=M6Z9-JP8%3A264175701%2C264722601%2C265486401,167
325,1854,1854,"Catagrafii cu colonişti de stat din tîrgul Căuşeni, judeţul Bender pentru anul 1854.","Revision lists of state colonists from the market town of Căuşeni, Bender county, for the year 1854.","Listes de revision des colons d'Etat du bourg de Căuşeni, comte de Bender, pour l'annee 1854.","Ревизские сказки государственных колонистов местечка Каушаны, Бендерский уезд, за 1854 год.",,1,2373295,36–90,55,sur,https://www.familysearch.org/ark:/61903/3:1:S3HT-6MC2-M8?i=1&cc=1985804&wc=M6Z9-JTL%3A264175701%2C264722601%2C265486601,168
326,1854,1854,"Catagrafii cu mici burghezi evrei din tîrgul Criuleni, judeţul Orhei pentru anul 1854.","Revision lists of Jewish petty bourgeois of the market town of Criuleni, Orhei county, for the year 1854.","Listes de revision des petits bourgeois juifs du bourg de Criuleni, comte d'Orhei, pour l'annee 1854.","Ревизские сказки еврейских мещан местечка Криулень, Оргеевского уезда, за 1854 год.",,1,2373295,93–143,51,sur,https://www.familysearch.org/ark:/61903/3:1:S3HT-6MCG-HJ?i=1&cc=1985804&wc=M6Z9-VM9%3A264175701%2C264722601%2C265487001,168
327,1854,1854,"Catagrafii cu mici burghezi evrei din tîrgul Teleneşti, judeţul Orhei pentru anul 1854.","Revision lists of Jewish petty bourgeois of the market town of Telenesti, Orhei county, for the year 1854.","Listes de revision des petits bourgeois juifs du bourg de Telenesti, comte d'Orhei, pour l'annee 1854.","Ревизские сказки еврейских мещан местечка Теленешть, Оргеевского уезда, за 1854 год.",,1,2373295,146–275,130,sur,https://www.familysearch.org/ark:/61903/3:1:S3HT-6MCR-BM?i=1&cc=1985804&wc=M6Z9-V38%3A264175701%2C264722601%2C265487201,168
328,1854,1855,"Catagrafii cu negustori evrei din oraşul Orhei pentru anii 1854,1855.","Revision lists of Jewish merchants of the town of Orhei for the years 1854, 1855.","Listes de revision des negociants juifs de la ville d'Orhei pour les annees 1854, 1855.","Ревизские сказки еврейских купцов города Орхей за 1854, 1855 годы.",,1,2373295,278–344,67,sur,https://www.familysearch.org/ark:/61903/3:1:S3HT-6MCG-M1?i=1&cc=1985804&wc=M6Z9-JTG%3A264175701%2C264722601%2C265487501,168
329,1854,1854,Catagrafii cu locuitori evrei din oraşul Orhei pentru anul 1854.,Revision lists with Jewish inhabitants of the city of Orhei for the year 1854.,Listes de revision avec les habitants juifs de la ville d'Orhei pour l'annee 1854.,Ревизские сказки еврейских жителей города Орхей за 1854 год.,,1,2373295,347–550,204,sur,https://www.familysearch.org/ark:/61903/3:1:S3HT-6MCP-DG?i=1&cc=1985804&wc=M6Z9-JT5%3A264175701%2C264722601%2C265487801,168
330,1853,1854,"Catagrafii cu locuitorii şi coloniştii evrei din satele judeţelor Bender, Soroca, Chişinău, Orhei şi Iaşi pentru anii 1853-1854.","Revision lists of the inhabitants and Jewish colonists of the villages of Bender, Soroca, Chişinău, Orhei and Iaşi counties, for the years 1853-1854.","Listes de revision des habitants et des colons juifs des villages des judete de Bender, Soroca, Chişinău, Orhei et Iaşi, pour les annees 1853-1854.","Ревизские сказки жителей и еврейских колонистов сёл Бендерского, Сорокского, Кишинёвского, Оргеевского и Ясского уездов, за 1853-1854 годы.",Hotin,9,2373295,553–863,311,sur,https://www.familysearch.org/ark:/61903/3:1:S3HT-6MCP-DG?i=1&cc=1985804&wc=M6Z9-JTP%3A264175701%2C264722601%2C265488301,168
331,1854,1854,"Catagrafii cu colonişti din colonia Vertiujeni, judeţul Soroca pentru anul 1854.","Revision lists of colonists from the colony of Vertiujeni, Soroca county, for the year 1854","Listes de revision des colons de la colonie de Vertiujeni, comte de Soroca, pour l'annee 1854","Ревизские сказки колонистов колонии Vertiujeni, Сорокский уезд, за 1854 год",,1,2373295,866–887,22,sur,https://www.familysearch.org/ark:/61903/3:1:S3HT-6MCP-HW?i=1&cc=1985804&wc=M6Z9-GPD%3A264175701%2C264722601%2C265489401,168
332,1854,1854,Catagrafii cu negustorii oraşului Soroca pentru anul 1854.,Revision lists of merchants of the town of Soroca for the year 1854.,Listes de revision des marchands de la ville de Soroca pour l'annee 1854.,Ревизские сказки купцов города Сорока за 1854 год.,,1,2373295,890–951,62,sur,https://www.familysearch.org/ark:/61903/3:1:S3HT-6MCP-XQ?i=1&cc=1985804&wc=M6Z9-LWG%3A264175701%2C264722601%2C265489501,169
333,1854,1854,"Catagrafii cu locuitorii coloniei Liublino, judeţul Soroca pentru anul 1854.","Revision lists with the inhabitants of the colony of Liublino, Soroca county, for the year 1854.","Listes de revision avec les habitants de la colonie de Liublino, comte de Soroca, pour l'annee 1854.",Ревизские сказки жителей колонии Люблино Сорокского уезда за 1854 год.,,1,2373295,954–995,42,sur,https://www.familysearch.org/ark:/61903/3:1:S3HT-6MCP-NB?i=1&cc=1985804&wc=M6Z9-LWP%3A264175701%2C264722601%2C265489701,169
334,1854,1854,"Catagrafii cu mici burghezi evrei din satul Novoseliţa, (Noua Suliţă) judeţul Hotin pentru anul 1854.","Revision lists of Jewish petty bourgeois of the village of Novoselitsa (Noua Sulita), Hotin county, for the year 1854.","Listes de revision des petits bourgeois juifs du village de Novoselitsa (Noua Sulita), comte de Hotin, pour l'annee 1854.","Ревизские сказки еврейских мещан села Новоселица (Ноуэ-Сулица), Хотинского уезда, за 1854 год.",,1,2373295 · 2373296,998–1024 · 5–22,45,sur,https://www.familysearch.org/ark:/61903/3:1:S3HT-6MCP-QN?i=1&cc=1985804&wc=M6Z9-PWL%3A264175701%2C264722601%2C265489801,169
335,1854,1854,"Catagrafii cu mici burghezi evrei ai tîrgului Briceni, judeţul Hotin pentru anul 1854.","Revision lists of Jewish petty bourgeois of the market town of Briceni, Hotin county, for the year 1854.","Listes de revision des petits bourgeois juifs du bourg de Briceni, comte de Hotin, pour l'annee 1854.","Ревизские сказки еврейских мещан местечка Бричаны, Хотинского уезда, за 1854 год.",,2,2373296,25–422,398,sur,https://www.familysearch.org/ark:/61903/3:1:33SQ-G5YG-W96?i=1&cc=1985804&wc=M6Z9-L38%3A264175701%2C264722601%2C265490001,169
336,1854,1854,"Catagrafii cu locuitorii evrei din tîrgul Făleşti, judeţul Iaşi pentru anul 1854.","Revision lists of the Jewish inhabitants of the market town of Făleşti, Iaşi county, for the year 1854.","Listes de revision des habitants juifs du bourg de Făleşti, judet de Iaşi, pour l'annee 1854.","Ревизские сказки еврейских жителей местечка Фэлешть, Ясского уезда, за 1854 год.",,2,2373296,425–863,439,sur,https://www.familysearch.org/ark:/61903/3:1:33S7-95YG-HZX?i=1&cc=1985804&wc=M6Z9-L68%3A264175701%2C264722601%2C265501501,169
337,1854,1854,"Catagrafii cu evrei agricultori din colonia Alexăndreni, judeţul Iaşi pentru anul 1854.","Revision lists of Jewish farmers from the colony of Alexăndreni, Iaşi county, for the year 1854.","Listes de revision des Juifs agriculteurs de la colonie d'Alexăndreni, comte de Iaşi, pour l'annee 1854.",Ревизские сказки евреев-земледельцев колонии Александрены Ясского уезда за 1854 год.,,1,2373296,866–937,72,sur,https://www.familysearch.org/ark:/61903/3:1:33SQ-G5YG-7NR?i=1&cc=1985804&wc=M6Z9-PP8%3A264175701%2C264722601%2C265491301,169
338,1855,1857,Catagrafii cu evrei din oraşele Akkerman şi Chilia pentru anii 1855-1857.,Revision lists of Jews from the cities of Akkerman and Chilia for the years 1855-1857.,Listes de revision des Juifs des villes d'Akkerman et de Chilia pour les annees 1855-1857.,Ревизские сказки евреев городов Аккерман и Килия за 1855-1857 годы.,,2,2373296,940–971,32,sur,https://www.familysearch.org/ark:/61903/3:1:33S7-95YG-7NL?i=1&cc=1985804&wc=M6Z9-RWG%3A264175701%2C264722601%2C265510601,169
339,1855,1855,"Catagrafii cu meşteşugari din tîrgul Rezina, judeţul Orhei pentru anul 1855.","Revision lists of craftsmen from the market town of Rezina, Orhei county, for the year 1855.","Listes de revision des artisans du bourg de Rezina, comte d'Orhei, pour l'annee 1855.","Ревизские сказки ремесленников местечка Резина, Оргеевского уезда, за 1855 год.",,1,2373296,974–993,20,sur,https://www.familysearch.org/ark:/61903/3:1:33SQ-G5YG-QJW?i=1&cc=1985804&wc=M6Z9-L66%3A264175701%2C264722601%2C265509901,169
340,1855,1855,"Catagrafii cu evrei din tîrgul Sculeni, judeţul Iaşi pentru anul 1855.","Revision lists of Jews from the market town of Sculeni, Iaşi county, for the year 1855.","Listes de revision des Juifs du bourg de Sculeni, comte de Iaşi, pour l'annee 1855.",Ревизские сказки евреев местечка Скулены Ясского уезда за 1855 год.,,1,2373296 · 2377252,996–1013 · 7–62,74,sur,https://www.familysearch.org/ark:/61903/3:1:33SQ-G5YG-QF9?i=1&cc=1985804&wc=M6Z9-PTG%3A264175701%2C264722601%2C265510001,169
341,1851,1857,Catagrafii cu ţărani din satele judeţului Iaşi şi din oraşul Bălţi pentru anii 1851-1857.,Revision lists of peasants from the villages of Iaşi county and from the town of Bălţi for the years 1851-1857.,Listes de revision des paysans des villages du comte de Iaşi et de la ville de Bălţi pour les annees 1851-1857.,Ревизские сказки крестьян сёл Ясского уезда и города Бельцы за 1851-1857 годы.,,16,2377252,65–137,73,sur,https://www.familysearch.org/ark:/61903/3:1:3QSQ-G9SG-4N6Q?i=1&cc=1985804&wc=M6Z9-NTL%3A264175701%2C264722601%2C265474901,170
342,1858,1859,"Catagrafii cu ţărani din satele judeţului Akkerman, literele A-F pentru anii 1858-1859.","Revision lists of peasants from the villages of Akkerman county, letters A-F, for the years 1858-1859.","Listes de revision des paysans des villages du judet d'Akkerman, lettres A-F, pour les annees 1858-1859.","Ревизские сказки крестьян сёл Аккерманского уезда, буквы А-Ф, за 1858-1859 годы.",,10,2377252,140–441,302,sur,https://www.familysearch.org/ark:/61903/3:1:3QS7-L9SG-46BZ?i=1&cc=1985804&wc=M6ZS-QM9%3A264175701%2C264722601%2C265544901,170
343,1858,1860,Catagrafii cu colonişti din coloniile judeţului Akkerman pentru anii 1858- 1860.,"Revision lists with colonists from the colonies of Akkerman district, for the years 1858-1860.","Listes de révision des colons des colonies du district (judeţ) d'Akkerman, pour les années 1858-1860.","Ревизские сказки о колонистах колоний Аккерманского уезда, за 1858-1860 годы.",,10,2377252,444–510,67,sur,https://www.familysearch.org/ark:/61903/3:1:3QS7-89SG-4D25?i=1&cc=1985804&wc=M6ZS-VZS%3A264175701%2C264722601%2C265806701,170-171
344,1858,1859,Catagrafii cu mici burghezi moldoveni din oraşul Akkerman pentru anii 1858-1859.,Revision lists of Moldavian petty bourgeois of the town of Akkerman for the years 1858-1859.,Listes de revision des petits bourgeois moldaves de la ville d'Akkerman pour les annees 1858-1859.,Ревизские сказки молдавских мещан города Аккермана за 1858-1859 годы.,,1,2377252,513–659,147,sur,https://www.familysearch.org/ark:/61903/3:1:3QSQ-G9SG-46TW?i=1&cc=1985804&wc=M6ZS-92S%3A264175701%2C264722601%2C265545501,171
345,1858,1858,"Catagrafii cu ţărani din satele judeţului Bender, plasa Cimişlia pentru anul 1858.","Revision lists of peasants from the villages of Bender county, Cimişlia plasa, for the year 1858.","Listes de revision des paysans des villages du judet de Bender, plasa de Cimişlia, pour l'annee 1858.","Ревизские сказки крестьян сёл Бендерского уезда, Кишлийская пласа, за 1858 год.",,5,2376212 · 2377252,5–218 · 662–875,428,sur,https://www.familysearch.org/ark:/61903/3:1:3QS7-L9SG-4FC2?i=1&cc=1985804&wc=M6Z9-R6D%3A264175701%2C264722601%2C265515501,171
346,1858,1859,Catagrafii cu ţăranii din satele judeţelor Bender şi Cahul pentru anii 1858-1859.,"Revision lists of peasants from the villages of Bender and Cahul counties, for the years 1858-1859.","Listes de revision des paysans des villages des judets de Bender et de Cahul, pour les annees 1858-1859.","Ревизские сказки крестьян сел Бендерского и Кагульского уездов, за 1858-1859 годы.",,21,2375700 · 2376212,6–1136 · 221–1056,1967,sur,,171-172
347,1858,1859,"Catagrafii cu ţăranii satelor din domeniul statului din judeţul Bender, literele S-Ce (Ч русеск) pentru anii 1858-1859.","Revision lists of peasants of the state-domain villages of Bender county, letters S-Ce (Russian alphabet) for the years 1858-1859.","Listes de revision des paysans des villages du domaine de l'Etat du judet de Bender, lettres S-Ce (alphabet russe) pour les annees 1858-1859.","Ревизские сказки крестьян казённых сел Бендерского уезда, буквы С-Ч (русский алфавит), за 1858-1859 годы.",,14,2373350,5–856,852,sur,,172
348,1858,1858,Catagrafii cu locuitorii de stat din satele din domeniul statului din judeţul Bender pentru anul 1858.,"Revision lists of the state peasants of the villages of the state domain of Bender county, for the year 1858.","Listes de revision des habitants d'Etat des villages du domaine de l'Etat du judet de Bender, pour l'annee 1858.","Ревизские сказки государственных жителей сёл государственного домена Бендерского уезда, за 1858 год.",,3,2373350 · 2375770,859–1075 · 7–99,310,sur,https://www.familysearch.org/ark:/61903/3:1:3QSQ-G9QM-K94C-5?i=1&cc=1985804&wc=M6Z9-TWL%3A264175701%2C264722601%2C265516301,172
349,1858,1859,"Catagrafii cu locuitorii satelor judeţului Bender şi a tîrgului Căuşeni, judeţul Bender pentru anii 1858-1859.","Revision lists of the inhabitants of the villages of Bender county and of the market town of Căuşeni, Bender county, for the years 1858-1859.","Listes de revision des habitants des villages du judet de Bender et du bourg de Căuşeni, judet de Bender, pour les annees 1858-1859.","Ревизские сказки жителей сёл Бендерского уезда и местечка Кэушень, Бендерского уезда, за 1858-1859 годы.",,17,2373351 · 2375770,5–611 · 102–1094,1600,sur,https://www.familysearch.org/ark:/61903/3:1:3QS7-99QM-N8KT?i=1&cc=1985804&wc=M6ZS-SZ9%3A264175701%2C264722601%2C265550101,172-173
350,1858,1859,Catagrafii cu ţăranii satelor din judeţele Bender şi Cahul pentru anii 1858-1859.,"Revision lists of peasants of the villages of Bender and Cahul counties, for the years 1858-1859.","Listes de revision des paysans des villages des judets de Bender et de Cahul, pour les annees 1858-1859.","Ревизские сказки крестьян сел Бендерского и Кагульского уездов, за 1858-1859 годы.",Bender · Cahul,22,2373351 · 2373969,614–1085 · 5–1066,1534,probable,,173-174
351,1858,1864,Catagrafii cu mici burghezi moldoveni din oraşul Bender pentru anii 1858-1864.,Revision lists of Moldavian petty bourgeois of the town of Bender for the years 1858-1864.,Listes de revision des petits bourgeois moldaves de la ville de Bender pour les annees 1858-1864.,Ревизские сказки молдавских мещан города Бендеры за 1858-1864 годы.,,2,2373970,5–391,387,sur,https://www.familysearch.org/ark:/61903/3:1:3QS7-89QM-VTJ1?i=1&cc=1985804&wc=M6ZS-LTL%3A264175701%2C264722601%2C265813101,174
352,1858,1864,Catagrafii cu mici burghezi de origine poloneză din satele judeţului Bender pentru anii 1858-1864.,Revision lists of petty bourgeois of Polish origin from the villages of Bender county for the years 1858-1864.,Listes de revision des petits bourgeois d'origine polonaise des villages du comte de Bender pour les annees 1858-1864.,Ревизские сказки мещан польского происхождения сел Бендерского уезда за 1858-1864 годы.,Orhei,12,2373970,394–920,527,sur,https://www.familysearch.org/ark:/61903/3:1:3QS7-L9QM-V5QT?i=1&cc=1985804&wc=M6ZS-2WP%3A264175701%2C264722601%2C265813901,174
353,1858,1858,"Catagrafii cu locuitorii comunei Chircăieşti, judeţul Bender pentru anul 1858.","Revision lists of the inhabitants of Chircăieşti commune, Bender county, for the year 1858.","Listes de revision des habitants de la commune de Chircăieşti, judet de Bender, pour l'annee 1858.","Ревизские сказки жителей коммуны Кыркэешть, Бендерского уезда, за 1858 год.",,1,2373970,923–1032,110,sur,https://www.familysearch.org/ark:/61903/3:1:3QS7-L9QM-VRVD?i=1&cc=1985804&wc=M6ZS-V38%3A264175701%2C264722601%2C265807101,174
354,1858,1858,Catagrafii cu negustorii mici burghezi din oraşul Bender pentru anul 1858.,Revision lists of petty bourgeois merchants of the town of Bender for the year 1858.,Listes de revision des marchands petits bourgeois de la ville de Bender pour l'annee 1858.,Ревизские сказки купцов-мещан города Бендеры за 1858 год.,,1,2373970 · 2373971,1035–1090 · 4–106,159,sur,https://www.familysearch.org/ark:/61903/3:1:S3HT-6L67-QYB?i=1&cc=1985804&wc=M6Z9-RP8%3A264175701%2C264722601%2C265517201,174
355,1858,1858,"Catagrafii cu locuitorii satului Zaim, judeţul Bender pentru anul 1858.","Revision lists of the inhabitants of the village of Zaim, Bender county, for the year 1858.","Listes de revision des habitants du village de Zaim, judet de Bender, pour l'annee 1858.","Ревизские сказки жителей села Заим, Бендерского уезда, за 1858 год.",,1,2373971,109–209,101,sur,https://www.familysearch.org/ark:/61903/3:1:S3HT-6L67-QW5?i=1&cc=1985804&wc=M6Z9-RNG%3A264175701%2C264722601%2C265517601,175
356,1858,1858,"Catagrafii cu ţăranii satului Bogdanovca, judeţul Bender pentru anul 1858.","Revision lists of peasants of the village of Bogdanovca, Bender county, for the year 1858.","Listes de revision des paysans du village de Bogdanovca, judet de Bender, pour l'annee 1858.","Ревизские сказки крестьян села Богдановка, Бендерского уезда, за 1858 год.",,1,2373971,212–280,69,sur,https://www.familysearch.org/ark:/61903/3:1:S3HT-6L67-QK6?i=1&cc=1985804&wc=M6Z9-Y68%3A264175701%2C264722601%2C265517901,175
357,1858,1858,"Catagrafii cu locuitorii satului Tocuz, judeţul Bender pentru anul 1858.","Revision lists of the inhabitants of the village of Tocuz, Bender county, for the year 1858.","Listes de revision des habitants du village de Tocuz, judet de Bender, pour l'annee 1858.","Ревизские сказки жителей села Токуз, Бендерского уезда, за 1858 год.",,1,2373971,283–392,110,sur,https://www.familysearch.org/ark:/61903/3:1:S3HT-6L67-Q22?i=1&cc=1985804&wc=M6Z9-BM9%3A264175701%2C264722601%2C265518101,175
358,1858,1858,"Catagrafii cu locuitorii satului Copanca, judeţul Bender pentru anul 1858.","Revision lists of the inhabitants of the village of Copanca, Bender county, for the year 1858.","Listes de revision des habitants du village de Copanca, judet de Bender, pour l'annee 1858.","Ревизские сказки жителей села Копанка, Бендерского уезда, за 1858 год.",,1,2373971,395–498,104,sur,https://www.familysearch.org/ark:/61903/3:1:S3HT-6L67-3MV?i=1&cc=1985804&wc=M6ZS-SZS%3A264175701%2C264722601%2C265556801,175
359,1858,1858,"Catagrafii cu locuitorii satului Troiţca (Troiţcoe), judeţul Bender pentru anul 1858.","Revision lists of the inhabitants of the village of Troiţca (Troiţcoe), Bender county, for the year 1858.","Listes de revision des habitants du village de Troiţca (Troiţcoe), judet de Bender, pour l'annee 1858.","Ревизские сказки жителей села Троицка (Троицкое), Бендерского уезда, за 1858 год.",,1,2373971,501–592,92,sur,https://www.familysearch.org/ark:/61903/3:1:S3HT-6L67-SX4?i=1&cc=1985804&wc=M6ZS-S6D%3A264175701%2C264722601%2C265557001,175
360,1858,1858,"Catagrafii cu locuitorii satului Ciufleşti, judeţul Bender pentru anul 1858.","Revision lists of the inhabitants of the village of Ciufleşti, Bender county, for the year 1858.","Listes de revision des habitants du village de Ciufleşti, judet de Bender, pour l'annee 1858.","Ревизские сказки жителей села Чуфлешть, Бендерского уезда, за 1858 год.",,1,2373971,595–640,46,sur,https://www.familysearch.org/ark:/61903/3:1:S3HT-6L67-QKL?i=1&cc=1985804&wc=M6Z9-BMS%3A264175701%2C264722601%2C265518301,175
361,1858,1858,"Catagrafii cu ţăranii satului Baccealia, judeţul Bender pentru anul 1858.","Revision lists of peasants of the village of Baccealia, Bender county, for the year 1858.","Listes de revision des paysans du village de Baccealia, judet de Bender, pour l'annee 1858.","Ревизские сказки крестьян села Баккялия, Бендерского уезда, за 1858 год.",,2,2373971,643–710,68,sur,https://www.familysearch.org/ark:/61903/3:1:S3HT-6L67-Q8V?i=1&cc=1985804&wc=M6ZS-S66%3A264175701%2C264722601%2C265557101,175
362,1858,1858,"Catagrafii cu ţăranii satului Roşcanii Vechi, judeţul Bender pentru anul 1858.","Revision lists of peasants of the village of Roscanii Vechi, Bender county, for the year 1858.","Listes de revision des paysans du village de Roscanii Vechi, judet de Bender, pour l'annee 1858.","Ревизские сказки крестьян села Рошканий-Векь, Бендерского уезда, за 1858 год.",,1,2373971,713–731,19,sur,https://www.familysearch.org/ark:/61903/3:1:S3HT-6L67-367?i=1&cc=1985804&wc=M6Z9-BWL%3A264175701%2C264722601%2C265518401,175
363,1858,1858,"Catagrafii cu ţăranii răzeşi ai satului Puhoi, judeţul Bender pentru anul 1858.","Revision lists of the razesi (free landholding) peasants of the village of Puhoi, Bender county, for the year 1858.","Listes de revision des paysans razesi (paysans libres proprietaires) du village de Puhoi, judet de Bender, pour l'annee 1858.","Ревизские сказки крестьян-резешей (свободных землевладельцев) села Пухой, Бендерского уезда, за 1858 год.",,1,2373971,734–837,104,sur,https://www.familysearch.org/ark:/61903/3:1:S3HT-6L67-QQ3?i=1&cc=1985804&wc=M6ZS-G38%3A264175701%2C264722601%2C265815801,175
364,1858,1858,"Catagrafii cu ţăranii satului Teliţa, judeţul Bender pentru anul 1858.","Revision lists of peasants of the village of Telita, Bender county, for the year 1858.","Listes de revision des paysans du village de Telita, judet de Bender, pour l'annee 1858.","Ревизские сказки крестьян села Телица, Бендерского уезда, за 1858 год.",,1,2373971,840–859,20,sur,https://www.familysearch.org/ark:/61903/3:1:S3HT-6L67-3WN?i=1&cc=1985804&wc=M6Z9-BWP%3A264175701%2C264722601%2C265518501,176
365,1858,1858,"Catagrafii cu locuitorii satului Sadaclia, judeţul Bender pentru anul 1858.","Revision lists of the inhabitants of the village of Sadaclia, Bender county, for the year 1858.","Listes de revision des habitants du village de Sadaclia, judet de Bender, pour l'annee 1858.","Ревизские сказки жителей села Садаклия, Бендерского уезда, за 1858 год.",,1,2373971,862–968,107,sur,https://www.familysearch.org/ark:/61903/3:1:S3HT-6L67-7WR?i=1&cc=1985804&wc=M6ZS-3WL%3A264175701%2C264722601%2C265557301,176
366,1858,1858,"Catagrafii cu ţăranii satului Manzîr, judeţul Bender pentru anul 1858.","Revision lists of peasants of the village of Manzir, Bender county, for the year 1858.","Listes de revision des paysans du village de Manzir, judet de Bender, pour l'annee 1858.","Ревизские сказки крестьян села Манзырь, Бендерского уезда, за 1858 год.",,1,2373971 · 2373972,971–989 · 4–104,120,sur,https://www.familysearch.org/ark:/61903/3:1:S3HT-6L67-3PK?i=1&cc=1985804&wc=M6Z9-BW5%3A264175701%2C264722601%2C265518601,176
367,1858,1858,"Catagrafii cu ţăranii satului Ivanovca, judeţul Bender pentru anul 1858.","Revision lists of peasants of the village of Ivanovca, Bender county, for the year 1858.","Listes de revision des paysans du village d'Ivanovca, judet de Bender, pour l'annee 1858.","Ревизские сказки крестьян села Ивановка, Бендерского уезда, за 1858 год.",,1,2373972,107–138,32,sur,https://www.familysearch.org/ark:/61903/3:1:S3HT-D4M7-HG7?i=1&cc=1985804&wc=M6Z9-B29%3A264175701%2C264722601%2C265518701,176
368,1858,1858,"Catagrafii cu ţăranii satului Gura Bîcului, judeţul Bender pentru anul 1858.","Revision lists of peasants of the village of Gura Bicului, Bender county, for the year 1858.","Listes de revision des paysans du village de Gura Bicului, judet de Bender, pour l'annee 1858.","Ревизские сказки крестьян села Гура-Быкулуй, Бендерского уезда, за 1858 год.",,1,2373972,141–151,11,sur,https://www.familysearch.org/ark:/61903/3:1:S3HT-D4M7-4TK?i=1&cc=1985804&wc=M6Z9-BNL%3A264175701%2C264722601%2C265518801,176
369,1858,1858,"Catagrafii cu locuitorii satului Mihailovca, judeţul Bender pentru anul 1858.","Revision lists of the inhabitants of the village of Mihailovca, Bender county, for the year 1858.","Listes de revision des habitants du village de Mihailovca, judet de Bender, pour l'annee 1858.","Ревизские сказки жителей села Михайловка, Бендерского уезда, за 1858 год.",,1,2373972,154–234,81,sur,https://www.familysearch.org/ark:/61903/3:1:S3HT-D4M7-CKD?i=1&cc=1985804&wc=M6ZS-LP8%3A264175701%2C264722601%2C265814601,176
370,1858,1858,"Catagrafii cu locuitorii satului Sălcuţa, judeţul Bender pentru anii 1858- 1863.","Revision lists of the inhabitants of the village of Sălcuţa, Bender county, for the years 1858-1863.","Listes de revision des habitants du village de Sălcuţa, judet de Bender, pour les annees 1858-1863.","Ревизские сказки жителей села Сэлкуца, Бендерского уезда, за 1858-1863 годы.",,1,2373972,237–408,172,sur,https://www.familysearch.org/ark:/61903/3:1:S3HT-D4M7-41J?i=1&cc=1985804&wc=M6ZS-LWL%3A264175701%2C264722601%2C265811401,176
371,1858,1858,"Catagrafii cu locuitorii satului Varniţa, judeţul Bender pentru anul 1858.","Revision lists with the inhabitants of the village of Varniţa, Bender district, for the year 1858.","Listes de révision des habitants du village de Varniţa, district (judeţ) de Bender, pour l'année 1858.","Ревизские сказки о жителях села Варница, Бендерский уезд, за 1858 год.",,1,2373972,411–471,61,sur,https://www.familysearch.org/ark:/61903/3:1:S3HT-D4M7-HQ4?i=1&cc=1985804&wc=M6Z9-T68%3A264175701%2C264722601%2C265518901,176
372,1858,1858,"Catagrafii cu ţăranii satului Selemet, judeţul Bender pentru anul 1858.","Revision lists of peasants of the village of Selemet, Bender county, for the year 1858.","Listes de revision des paysans du village de Selemet, judet de Bender, pour l'annee 1858.","Ревизские сказки крестьян села Селемет, Бендерского уезда, за 1858 год.",,1,2373972,474–609,136,sur,https://www.familysearch.org/ark:/61903/3:1:S3HT-D4M7-CS3?i=1&cc=1985804&wc=M6Z9-R66%3A264175701%2C264722601%2C265519301,176
373,1858,1858,"Catagrafii cu ţăranii satului Ţînţăreni (Luţeni), judeţul Bender pentru anul 1858.","Revision lists of peasants of the village of Tintareni (Luteni), Bender county, for the year 1858.","Listes de revision des paysans du village de Tintareni (Luteni), judet de Bender, pour l'annee 1858.","Ревизские сказки крестьян села Цынцарень (Луцень), Бендерского уезда, за 1858 год.",,1,2373972,612–658,47,sur,https://www.familysearch.org/ark:/61903/3:1:S3HT-D4M7-HFQ?i=1&cc=1985804&wc=M6Z9-T29%3A264175701%2C264722601%2C265519701,176
374,1858,1861,"Catagrafii cu locuitorii satului Cenac, judeţul Bender pentru anii 1858,1861-1871.","Revision lists of the inhabitants of the village of Cenac, Bender county, for the years 1858, 1861-1871.","Listes de revision des habitants du village de Cenac, judet de Bender, pour les annees 1858, 1861-1871.","Ревизские сказки жителей села Ченак, Бендерского уезда, за 1858, 1861-1871 годы.",,1,2373972,661–764,104,sur,https://www.familysearch.org/ark:/61903/3:1:S3HT-D4M7-CDZ?i=1&cc=1985804&wc=M6ZS-PM9%3A264175701%2C264722601%2C265816401,177
375,1858,1865,"Catagrafii cu locuitorii satului Javgur, judeţul Bender pentru anii 1858, 1865, 1869.","Revision lists of the inhabitants of the village of Javgur, Bender county, for the years 1858, 1865, 1869.","Listes de revision des habitants du village de Javgur, judet de Bender, pour les annees 1858, 1865, 1869.","Ревизские сказки жителей села Жавгур, Бендерского уезда, за 1858, 1865, 1869 годы.",,1,2373972,767–853,87,sur,https://www.familysearch.org/ark:/61903/3:1:S3HT-D4M7-C4D?i=1&cc=1985804&wc=M6ZS-G29%3A264175701%2C264722601%2C265816101,177
376,1858,1862,"Catagrafii cu locuitorii satului Hîrbovăţ, judeţul Bender pentru anii 1858,1862,1867.","Revision lists of the inhabitants of the village of Hîrbovăţ, Bender county, for the years 1858, 1862, 1867.","Listes de revision des habitants du village de Hîrbovăţ, judet de Bender, pour les annees 1858, 1862, 1867.","Ревизские сказки жителей села Хырбовэц, Бендерского уезда, за 1858, 1862, 1867 годы.",,1,2373972,856–1002,147,sur,https://www.familysearch.org/ark:/61903/3:1:S3HT-D4M7-H9H?i=1&cc=1985804&wc=M6ZS-GNL%3A264175701%2C264722601%2C265815401,177
377,1858,1861,"Catagrafii cu locuitorii tîrgului Cimişlia, judeţul Bender pentru anii 1858,1861,1864.","Revision lists with the inhabitants of the market town of Cimişlia, Bender district, for the years 1858, 1861, 1864.","Listes de révision des habitants du bourg de Cimişlia, district (judeţ) de Bender, pour les années 1858, 1861, 1864.","Ревизские сказки о жителях местечка Чимишлия, Бендерский уезд, за 1858, 1861, 1864 годы.",,1,,,,volum,,177
378,1858,1858,"Catagrafii cu locuitorii satelor Căinari şi Satul Nou Troian, judeţul Bender pentru anul 1858.","Revision lists of the inhabitants of the villages of Căinari and Satul Nou Troian, Bender county, for the year 1858.","Listes de revision des habitants des villages de Căinari et de Satul Nou Troian, judet de Bender, pour l'annee 1858.","Ревизские сказки жителей сёл Кэинарь и Сатул-Ноу-Троян, Бендерского уезда, за 1858 год.",,2,2373973,280–368,89,probable,https://www.familysearch.org/ark:/61903/3:1:3QS7-99QM-JTW4?i=1&cc=1985804&wc=M6Z9-T2S%3A264175701%2C264722601%2C265519801,177
379,1858,1858,"Catagrafii cu ţăranii satului Speia, judeţul Bender pentru anul 1858.","Revision lists of peasants of the village of Speia, Bender county, for the year 1858.","Listes de revision des paysans du village de Speia, judet de Bender, pour l'annee 1858.","Ревизские сказки крестьян села Спея, Бендерского уезда, за 1858 год.",,1,2373973,371–411,41,sur,https://www.familysearch.org/ark:/61903/3:1:3QSQ-G9QM-JR24?i=1&cc=1985804&wc=M6Z9-TP8%3A264175701%2C264722601%2C265520301,177
380,1858,1858,"Catagrafii cu locuitorii satului Opaci, judeţul Bender pentru anul 1858.","Revision lists of the inhabitants of the village of Opaci, Bender county, for the year 1858.","Listes de revision des habitants du village d'Opaci, judet de Bender, pour l'annee 1858.","Ревизские сказки жителей села Опач, Бендерского уезда, за 1858 год.",,1,2373973,414–541,128,sur,https://www.familysearch.org/ark:/61903/3:1:3QS7-L9QM-J58W?i=1&cc=1985804&wc=M6Z9-YWL%3A264175701%2C264722601%2C265520401,177
381,1858,1858,"Catagrafii cu locuitorii satului Batîr, judeţul Bender pentru anul 1858.","Revision lists of the inhabitants of the village of Batîr, Bender county, for the year 1858.","Listes de revision des habitants du village de Batîr, judet de Bender, pour l'annee 1858.","Ревизские сказки жителей села Батыр, Бендерского уезда, за 1858 год.",,1,2373973,544–635,92,probable,https://www.familysearch.org/ark:/61903/3:1:3QS7-L9QM-JP55?i=1&cc=1985804&wc=M6Z9-RZ3%3A264175701%2C264722601%2C265521301,177
382,1858,1858,"Catagrafii cu ţăranii satului Coşcalia, judeţul Bender pentru anul 1858.","Revision lists of peasants of the village of Coscalia, Bender county, for the year 1858.","Listes de revision des paysans du village de Coscalia, judet de Bender, pour l'annee 1858.","Ревизские сказки крестьян села Кошкалия, Бендерского уезда, за 1858 год.",,1,2373973,638–703,66,sur,https://www.familysearch.org/ark:/61903/3:1:3QSQ-G9QM-J5KW?i=1&cc=1985804&wc=M6Z9-TTL%3A264175701%2C264722601%2C265521701,178
383,1858,1858,"Catagrafii cu locuitorii satului Cioara-Murza, judeţul Bender pentru anul 1858.","Revision lists of the inhabitants of the village of Cioara-Murza, Bender county, for the year 1858.","Listes de revision des habitants du village de Cioara-Murza, judet de Bender, pour l'annee 1858.","Ревизские сказки жителей села Чоара-Мурза, Бендерского уезда, за 1858 год.",,1,2373973,706–772,67,sur,https://www.familysearch.org/ark:/61903/3:1:3QSQ-G9QM-J5N9?i=1&cc=1985804&wc=M6Z9-YP8%3A264175701%2C264722601%2C265523101,178
384,1858,1858,"Catagrafii cu locuitorii satului Bulboaca, judeţul Bender pentru anul 1858.","Revision lists of the inhabitants of the village of Bulboaca, Bender county, for the year 1858.","Listes de revision des habitants du village de Bulboaca, judet de Bender, pour l'annee 1858.","Ревизские сказки жителей села Булбоака, Бендерского уезда, за 1858 год.",,1,2373973,775–832,58,sur,https://www.familysearch.org/ark:/61903/3:1:3QSQ-G9QM-JY64?i=1&cc=1985804&wc=M6Z9-Y2S%3A264175701%2C264722601%2C265523501,178
385,1858,1858,"Catagrafii cu ţăranii satului Cobusca Veche, judeţul Bender pentru anul 1858.","Revision lists of peasants of the village of Cobusca Veche, Bender county, for the year 1858.","Listes de revision des paysans du village de Cobusca Veche, judet de Bender, pour l'annee 1858.","Ревизские сказки крестьян села Кобуска-Веке, Бендерского уезда, за 1858 год.",,1,2373973,835–875,41,sur,https://www.familysearch.org/ark:/61903/3:1:3QSQ-G9QM-JT58?i=1&cc=1985804&wc=M6Z9-BZ9%3A264175701%2C264722601%2C265523701,178
386,1858,1858,"Catagrafii cu locuitorii satului Calfa, judeţul Bender pentru anul 1858.","Revision lists of the inhabitants of the village of Calfa, Bender county, for the year 1858.","Listes de revision des habitants du village de Calfa, judet de Bender, pour l'annee 1858.","Ревизские сказки жителей села Калфа, Бендерского уезда, за 1858 год.",,1,2373973 · 2373974,878–907 · 5–23,49,sur,https://www.familysearch.org/ark:/61903/3:1:3QS7-99QM-JTVS?i=1&cc=1985804&wc=M6Z9-TNL%3A264175701%2C264722601%2C265524001,178
387,1858,1858,"Catagrafii cu locuitorii satului Săiţi, judeţul Bender pentru anul 1858.","Revision lists of the inhabitants of the village of Săiţi, Bender county, for the year 1858.","Listes de revision des habitants du village de Săiţi, judet de Bender, pour l'annee 1858.","Ревизские сказки жителей села Сэиць, Бендерского уезда, за 1858 год.",,1,2373974,26–126,101,sur,https://www.familysearch.org/ark:/61903/3:1:3QS7-99QM-KB73?i=1&cc=1985804&wc=M6ZS-3M9%3A264175701%2C264722601%2C265557801,178
388,1858,1858,"Catagrafii cu locuitorii satului Abaclia, judeţul Bender pentru anul 1858.","Revision lists of the inhabitants of the village of Abaclia, Bender county, for the year 1858.","Listes de revision des habitants du village d'Abaclia, judet de Bender, pour l'annee 1858.","Ревизские сказки жителей села Абаклия, Бендерского уезда, за 1858 год.",,1,2373974,129–255,127,sur,https://www.familysearch.org/ark:/61903/3:1:3QS7-99QM-KYFN?i=1&cc=1985804&wc=M6Z9-BP8%3A264175701%2C264722601%2C265524101,178
389,1848,1859,Catagrafii cu ţăranii satelor judeţului Chişinău pentru anii 1848-1859.,"Revision lists of peasants of the villages of Chisinau county, for the years 1848-1859.","Listes de revision des paysans des villages du judet de Chisinau, pour les annees 1848-1859.","Ревизские сказки крестьян сел Кишинёвского уезда, за 1848-1859 годы.",,32,2373974 · 2373975 · 2373976,258–1083 · 5–1096 · 6–221,2134,probable,https://www.familysearch.org/ark:/61903/3:1:3QS7-99QM-KTPC?i=1&cc=1985804&wc=M6ZS-9TL%3A264175701%2C264722601%2C265558101,178-179
390,1858,1859,Catagrafii cu ţăranii satelor judeţului Chişinău pentru anii 1858-1859.,"Revision lists of peasants of the villages of Chisinau county, for the years 1858-1859.","Listes de revision des paysans des villages du judet de Chisinau, pour les annees 1858-1859.","Ревизские сказки крестьян сел Кишинёвского уезда, за 1858-1859 годы.",,23,2373976 · 2373989,223–1153 · 5–311,1238,probable,https://www.familysearch.org/ark:/61903/3:1:3QS7-L9QM-V2QK?i=1&cc=1985804&wc=M6ZS-968%3A264175701%2C264722601%2C265611701,179-180
391,1835,1835,"Catagrafie cu locuitorii satului Heciul Vechi, judeţul Iaşi pentru anul 1835.","Revision list with the inhabitants of the village of Heciul Vechi, Iaşi district, for the year 1835.","Liste de révision des habitants du village de Heciul Vechi, district (judeţ) d'Iaşi, pour l'année 1835.","Ревизская сказка о жителях села Хечиул-Векь, Ясский уезд, за 1835 год.",,1,,,,volum,https://www.familysearch.org/ark:/61903/3:1:3QS7-99QM-XN8K?i=1&cc=1985804&wc=M6C1-RNG%3A264175701%2C264722601%2C265177301,180
392,1858,1858,"Catagrafii cu ţăranii satului Lăpuşna, judeţul Chişinău pentru anii 1858- 1859.","Revision lists with the peasants of the village of Lăpuşna, Chişinău district, for the years 1858-1859.","Listes de révision des paysans du village de Lăpuşna, district (judeţ) de Chişinău, pour les années 1858-1859.","Ревизские сказки о крестьянах села Лапушна, Кишинёвский уезд, за 1858-1859 годы.",,1,,,,volum,https://www.familysearch.org/ark:/61903/3:1:3QS7-89QM-XNHM?i=1&cc=1985804&wc=M6Z9-RMS%3A264175701%2C264722601%2C265524701,180
393,1858,1859,Catagrafii cu ţărani şi cu odnodvorţi din satele judeţului Chişinău pentru anii1858-1859.,Revision lists of peasants and odnodvortsy from the villages of Chisinau county for the years 1858-1859.,Listes de revision des paysans et des odnodvortsy des villages du comte de Chisinau pour les annees 1858-1859.,Ревизские сказки крестьян и однодворцев сел Кишинёвского уезда за 1858-1859 годы.,,17,2373989 · 2373990 · 2373990,313–1107 · 5–636 · 896–976,1508,probable,,180
394,1858,1859,"Catagrafii cu mici burghezi evrei din tîrgul Hînceşti, judeţul Chişinău pentru anii 1858-1859.","Revision lists with Jewish petty bourgeois from the market town of Hînceşti, Chişinău district, for the years 1858-1859.","Listes de révision des petits bourgeois juifs du bourg de Hînceşti, district (judeţ) de Chişinău, pour les années 1858-1859.","Ревизские сказки о евреях-мещанах местечка Хынчешты, Кишинёвский уезд, за 1858-1859 годы.",,1,2373990,57–115,59,deduit,https://www.familysearch.org/ark:/61903/3:1:3QS7-89QM-2XPQ?i=1&cc=1985804&wc=M6ZS-7Z9%3A264175701%2C264722601%2C265639601,180
395,1858,1858,"Catagrafii cu ţăranii satului Sărata Galbenă, judeţul Chişinău pentru anul 1858.","Revision lists of peasants of the village of Sarata Galbena, Chisinau county, for the year 1858.","Listes de revision des paysans du village de Sarata Galbena, judet de Chisinau, pour l'annee 1858.","Ревизские сказки крестьян села Сэрата-Галбенэ, Кишинёвского уезда, за 1858 год.",,1,2373990,639–782,144,sur,https://www.familysearch.org/ark:/61903/3:1:3QSQ-G9QM-2XG1?i=1&cc=1985804&wc=M6Z9-R3D%3A264175701%2C264722601%2C265525201,181
396,1858,1858,"Catagrafii cu ţăranii satului Borogani, judeţul Cahul pentru anul 1858.","Revision lists with the peasants of the village of Borogani, Cahul district, for the year 1858.","Listes de révision des paysans du village de Borogani, district (judeţ) de Cahul, pour l'année 1858.","Ревизские сказки о крестьянах села Борогани, Кагульский уезд, за 1858 год.",,1,,,,volum,https://www.familysearch.org/ark:/61903/3:1:3QS7-L9QM-2JMV?i=1&cc=1985804&wc=M6Z9-T23%3A264175701%2C264722601%2C265526201,181
397,1858,1858,"Catagrafii cu ţăranii satului Caracui, judeţul Cahul pentru anul 1858.","Revision lists of peasants of the village of Caracui, Cahul county, for the year 1858.","Listes de revision des paysans du village de Caracui, judet de Cahul, pour l'annee 1858.","Ревизские сказки крестьян села Каракуй, Кагульского уезда, за 1858 год.",,1,2373990,785–893,109,sur,,181
398,1858,1858,"Catagrafii cu ţăranii satului Ialpugeni, judeţul Cahul pentru anul 1858.","Revision lists with the peasants of the village of Ialpugeni, Cahul district, for the year 1858.","Listes de révision des paysans du village de Ialpugeni, district (judeţ) de Cahul, pour l'année 1858.","Ревизские сказки о крестьянах села Ялпужень, Кагульский уезд, за 1858 год.",,2,,,,volum,https://www.familysearch.org/ark:/61903/3:1:3QS7-99QM-2NBN?i=1&cc=1985804&wc=M6Z9-TPD%3A264175701%2C264722601%2C265526701,181
399,1858,1858,"Catagrafii cu ţăranii satului Topal, judeţul Cahul pentru anul 1858.","Revision lists of peasants of the village of Topal, Cahul county, for the year 1858.","Listes de revision des paysans du village de Topal, judet de Cahul, pour l'annee 1858.","Ревизские сказки крестьян села Топал, Кагульского уезда, за 1858 год.",,1,2373990,978–1046,69,probable,https://www.familysearch.org/ark:/61903/3:1:3QSQ-G9QM-2NL5?i=1&cc=1985804&wc=M6Z9-YNL%3A264175701%2C264722601%2C265526801,181
400,1858,1858,"Catagrafii cu ţăranii satului Beştemac, judeţul Cahul pentru anul 1858.","Revision lists with the peasants of the village of Beştemac, Cahul district, for the year 1858.","Listes de révision des paysans du village de Beştemac, district (judeţ) de Cahul, pour l'année 1858.","Ревизские сказки о крестьянах села Бештемак, Кагульский уезд, за 1858 год.",,1,2373990,980–1048,69,deduit,https://www.familysearch.org/ark:/61903/3:1:3QSQ-G9QM-2N7Y?i=1&cc=1985804&wc=M6Z9-YWG%3A264175701%2C264722601%2C265527101,181
401,1858,1859,"Catagrafii cu ţăranii satului Sărata Galbenă, judeţul Cahul pentru anii 1858-1859.","Revision lists of peasants of the village of Sarata Galbena, Cahul county, for the years 1858-1859.","Listes de revision des paysans du village de Sarata Galbena, judet de Cahul, pour les annees 1858-1859.","Ревизские сказки крестьян села Сэрата-Галбенэ, Кагульского уезда, за 1858-1859 годы.",,2,2373991,5–104,100,sur,https://www.familysearch.org/ark:/61903/3:1:3QS7-L9QM-K6H8?i=1&cc=1985804&wc=M6ZS-QN5%3A264175701%2C264722601%2C265640201,181
402,1858,1858,Catagrafii cu ţărani din satele judeţului Orhei pentru anul 1858.,Revision lists of peasants from the villages of Orhei county for the year 1858.,Listes de revision des paysans des villages du comte d'Orhei pour l'annee 1858.,Ревизские сказки крестьян сёл Орхейского уезда за 1858 год.,,16,2373991 · 2373992,107–1106 · 5–363,1359,sur,https://www.familysearch.org/ark:/61903/3:1:3QSQ-G9QM-KD5B?i=1&cc=1985804&wc=M6ZS-QNL%3A264175701%2C264722601%2C265641401,181-182
403,1858,1859,"Catagrafii cu negustorii oraşului Orhei pentru anii 1858,1859.","Revision lists of merchants of the town of Orhei for the years 1858, 1859.","Listes de revision des marchands de la ville d'Orhei pour les annees 1858, 1859.","Ревизские сказки купцов города Орхей за 1858, 1859 годы.",,1,2373992,366–578,213,sur,https://www.familysearch.org/ark:/61903/3:1:3QSQ-G9QM-L3Y8?i=1&cc=1985804&wc=M6ZS-738%3A264175701%2C264722601%2C265646801,182
404,1858,1858,"Catagrafii cu ţăranii satelor judeţului Orhei pentru anii 1858,1589.","Revision lists of peasants of the villages of Orhei county, for the years 1858, 1589 [sic].","Listes de revision des paysans des villages du judet d'Orhei, pour les annees 1858, 1589 [sic].","Ревизские сказки крестьян сел Оргеевского уезда, за 1858, 1589 [так в тексте] годы.",,12,2373992,581–1096,516,sur,https://www.familysearch.org/ark:/61903/3:1:3QS7-L9QM-L3HP?i=1&cc=1985804&wc=M6ZS-QNG%3A264175701%2C264722601%2C265648201,182
405,1858,1858,Catagrafii cu ţăranii satelor judeţului Orhei pentru anii 1858-1589.,"Revision lists of peasants of the villages of Orhei county, for the years 1858-1589 [sic].","Listes de revision des paysans des villages du judet d'Orhei, pour les annees 1858-1589 [sic].","Ревизские сказки крестьян сел Оргеевского уезда, за 1858-1589 [так в тексте] годы.",,26,2373993 · 2373994,5–1086 · 5–303,1381,deduit,https://www.familysearch.org/ark:/61903/3:1:3QS7-99QM-VKG3?i=1&cc=1985804&wc=M6ZS-QNP%3A264175701%2C264722601%2C265650802,182-183
406,1858,1858,Catagrafii cu ţăranii satelor judeţului Orhei pentru anii1858-159.,"Revision lists of peasants of the villages of Orhei county, for the years 1858-159 [sic].","Listes de revision des paysans des villages du judet d'Orhei, pour les annees 1858-159 [sic].","Ревизские сказки крестьян сел Оргеевского уезда, за 1858-159 [так в тексте] годы.",,26,2373994 · 2373995,306–1070 · 5–807,1568,estime,,183-184
407,1858,1858,Catagrafii cu mici burghezi şi cu ţărani din satele judeţului Orhei pentru anii 1858-1589.,Revision lists of petty bourgeois and peasants of the villages of Orhei county for the years 1858-1859.,Listes de revision des petits bourgeois et des paysans des villages du comte d'Orhei pour les annees 1858-1859.,Ревизские сказки мещан и крестьян сёл Орхейского уезда за 1858-1859 годы.,,9,1222437 · 2373995,5–93 · 808–1073,355,estime,,184
408,1858,1859,Catagrafii cu ţăranii din satele judeţului Orhei pentru anii 1858-1859.,"Revision lists of peasants from the villages of Orhei county, for the years 1858-1859.","Listes de revision des paysans des villages du judet d'Orhei, pour les annees 1858-1859.","Ревизские сказки крестьян сел Оргеевского уезда, за 1858-1859 годы.",,14,1222437,96–687,592,sur,https://www.familysearch.org/ark:/61903/3:1:3QS7-L93Y-Z7QW?i=1&cc=1985804&wc=M6Z9-RZ9%3A264175701%2C264722601%2C265528901,184
409,1858,1859,Catagrafii cu ţărani din satele judeţului Orhei pentru anii 1858-1859.,Revision lists of peasants from the villages of Orhei county for the years 1858-1859.,Listes de revision des paysans des villages du comte d'Orhei pour les annees 1858-1859.,Ревизские сказки крестьян сёл Орхейского уезда за 1858-1859 годы.,,6,1222437,690–925,236,sur,https://www.familysearch.org/ark:/61903/3:1:3QSQ-G93Y-Z3DF?i=1&cc=1985804&wc=M6ZS-7TP%3A264175701%2C264722601%2C265665901,184
410,1858,1858,"Catagrafii cu ţărani din satele Buşauca şi Coşerniţa, judeţul Orhei pentru anul 1858.","Revision lists of peasants from the villages of Buşauca and Coşerniţa, Orhei county, for the year 1858.","Listes de revision des paysans des villages de Buşauca et Coşerniţa, judet d'Orhei, pour l'annee 1858.",Ревизские сказки крестьян сёл Бушаука и Кошерница Оргеевского уезда за 1858 год.,,2,1222437,928–942,15,sur,https://www.familysearch.org/ark:/61903/3:1:3QS7-993Y-ZQK5?i=1&cc=1985804&wc=M6Z9-RNP%3A264175701%2C264722601%2C265530401,185
411,1858,1858,"Catagrafii cu ţărani din satul Ghermăneşti, judeţul Orhei pentru anul 1858","Revision lists of peasants from the village of Ghermăneşti, Orhei county, for the year 1858.","Listes de revision des paysans du village de Ghermăneşti, comte d'Orhei, pour l'annee 1858.","Ревизские сказки крестьян села Ghermăneşti, Орхейского уезда, за 1858 год.",,1,1222437,945–982,38,deduit,https://www.familysearch.org/ark:/61903/3:1:3QSQ-G93Y-ZQRW?i=1&cc=1985804&wc=M6Z9-RTL%3A264175701%2C264722601%2C265530501,185
412,1858,1858,"Catagrafii cu ţărani din satul Holercani, judeţul Orhei pentru anul 1858.","Revision lists of peasants from the village of Holercani, Orhei county, for the year 1858.","Listes de revision des paysans du village de Holercani, comte d'Orhei, pour l'annee 1858.","Ревизские сказки крестьян села Holercani, Орхейского уезда, за 1858 год.",,1,2379640,5–42,38,sur,https://www.familysearch.org/ark:/61903/3:1:3QS7-99QM-JDLL?i=1&cc=1985804&wc=M6Z9-T6D%3A264175701%2C264722601%2C265530601,185
413,1858,1858,"Catagrafii cu ţăranii din tîrgul Criuleni, judeţul Orhei pentru anul 1858.","Revision lists of peasants from the market town of Criuleni, Orhei county, for the year 1858.","Listes de revision des paysans du bourg de Criuleni, judet d'Orhei, pour l'annee 1858.","Ревизские сказки крестьян местечка Криулень, Оргеевского уезда, за 1858 год.",,1,2379640,45–88,44,sur,https://www.familysearch.org/ark:/61903/3:1:3QS7-L9QM-J8K6?i=1&cc=1985804&wc=M6Z9-TM9%3A264175701%2C264722601%2C265530701,185
414,1858,1858,"Catagrafii cu ţărani din satul Oniţcani, judeţul Orhei pentru anul 1858.","Revision lists of peasants from the village of Oniţcani, Orhei county, for the year 1858.","Listes de revision des paysans du village de Oniţcani, comte d'Orhei, pour l'annee 1858.","Ревизские сказки крестьян села Oniţcani, Орхейского уезда, за 1858 год.",,1,2379640,91–112,22,sur,https://www.familysearch.org/ark:/61903/3:1:3QS7-99QM-JD83?i=1&cc=1985804&wc=M6Z9-TWG%3A264175701%2C264722601%2C265530901,185
415,1858,1858,"Catagrafii cu ţăranii satului Butuceni, judeţul Orhei pentru anul 1858.","Revision lists of peasants of the village of Butuceni, Orhei county, for the year 1858.","Listes de revision des paysans du village de Butuceni, judet d'Orhei, pour l'annee 1858.","Ревизские сказки крестьян села Бутучень, Оргеевского уезда, за 1858 год.",,1,2379640,115–126,12,sur,https://www.familysearch.org/ark:/61903/3:1:3QS7-99QM-JF49?i=1&cc=1985804&wc=M6Z9-YTL%3A264175701%2C264722601%2C265531001,185
416,1858,1858,"Catagrafii cu ţăranii satului Trebujeni, judeţul Orhei pentru anul 1858.","Revision lists of peasants of the village of Trebujeni, Orhei county, for the year 1858.","Listes de revision des paysans du village de Trebujeni, judet d'Orhei, pour l'annee 1858.","Ревизские сказки крестьян села Требужень, Оргеевского уезда, за 1858 год.",,2,2379640,129–158,30,sur,https://www.familysearch.org/ark:/61903/3:1:3QS7-99QM-JX1Z?i=1&cc=1985804&wc=M6Z9-YTG%3A264175701%2C264722601%2C265531101,185
417,1858,1858,"Catagrafii cu ţăranii satului Chiţcani, judeţul Orhei pentru anul 1858.","Revision lists of peasants of the village of Chitcani, Orhei county, for the year 1858.","Listes de revision des paysans du village de Chitcani, judet d'Orhei, pour l'annee 1858.","Ревизские сказки крестьян села Кицкань, Оргеевского уезда, за 1858 год.",,1,2379640,161–199,39,probable,https://www.familysearch.org/ark:/61903/3:1:3QSQ-G9QM-JXVQ?i=1&cc=1985804&wc=M6Z9-B68%3A264175701%2C264722601%2C265531301,185
418,1858,1858,Catagrafii cu ţărani din satele judeţului Orhei pentru anul 1858.,Revision lists of peasants from the villages of Orhei county for the year 1858.,Listes de revision des paysans des villages du comte d'Orhei pour l'annee 1858.,Ревизские сказки крестьян сёл Орхейского уезда за 1858 год.,,25,2379640 · 2379641,202–991 · 5–401,1187,sur,https://www.familysearch.org/ark:/61903/3:1:3QSQ-G9QM-JXDV?i=1&cc=1985804&wc=M6ZS-W68%3A264175701%2C264722601%2C265666601,185-186
419,1858,1859,"Catagrafii cu ţărani din satele judeţului Soroca pentru anii 1858,1859.","Revision lists of peasants from the villages of Soroca county for the years 1858, 1859.","Listes de revision des paysans des villages du comte de Soroca pour les annees 1858, 1859.","Ревизские сказки крестьян сёл Сорокского уезда за 1858, 1859 годы.",,15,2379641,404–1026,623,sur,https://www.familysearch.org/ark:/61903/3:1:3QSQ-G9QM-2FNQ?i=1&cc=1985804&wc=M6ZS-729%3A264175701%2C264722601%2C265671301,186
420,1858,1859,"Catagrafii cu ţărani din satele judeţului Soroca pentru anii 1858,1859.","Revision lists of peasants from the villages of Soroca county for the years 1858, 1859.","Listes de revision des paysans des villages du comte de Soroca pour les annees 1858, 1859.","Ревизские сказки крестьян сёл Сорокского уезда за 1858, 1859 годы.",,35,2380892 · 2380893,5–792 · 5–349,1133,deduit,https://www.familysearch.org/ark:/61903/3:1:3QS7-L9QM-VB34?i=1&cc=1985804&wc=M6ZS-72S%3A264175701%2C264722601%2C265674501,187
421,1858,1859,Catagrafii cu ţărani din satele judeţului Soroca pentru anii 1858-1859.,Revision lists of peasants from the villages of Soroca county for the years 1858-1859.,Listes de revision des paysans des villages du comte de Soroca pour les annees 1858-1859.,Ревизские сказки крестьян сёл Сорокского уезда за 1858-1859 годы.,,19,2374693 · 2380893,5–578 · 352–1013,1236,probable,https://www.familysearch.org/ark:/61903/3:1:3QSQ-G9QM-J9SZ-W?i=1&cc=1985804&wc=M6ZS-WM9%3A264175701%2C264722601%2C265678901,187-188
422,1858,1859,"Catagrafii cu ţărani din satele judeţului Soroca pentru anii1858,1859.","Revision lists of peasants from the villages of Soroca county for the years 1858, 1859.","Listes de revision des paysans des villages du comte de Soroca pour les annees 1858, 1859.","Ревизские сказки крестьян сёл Сорокского уезда за 1858, 1859 годы.",,25,2374693 · 2374694,580–1036 · 5–574,1027,estime,https://www.familysearch.org/ark:/61903/3:1:3QS7-89QM-VY14?i=1&cc=1985804&wc=M6ZS-7P8%3A264175701%2C264722601%2C265681301,188-189
423,1858,1859,"Catagrafii cu ţărani din satele judeţului Soroca pentru anii 1858,1859.","Revision lists of peasants from the villages of Soroca county for the years 1858, 1859.","Listes de revision des paysans des villages du comte de Soroca pour les annees 1858, 1859.","Ревизские сказки крестьян сёл Сорокского уезда за 1858, 1859 годы.",,21,2374694 · 2374695,575–1087 · 5–360,869,estime,,189
424,1858,1858,"Catagrafii cu ţăranii din satele Dînjenii de Sus şi Donduşeni, judeţul Soroca pentru anul 1858.","Revision lists with the peasants from the villages of Dînjenii de Sus and Donduşeni, Soroca district, for the year 1858.","Listes de révision des paysans des villages de Dînjenii de Sus et Donduşeni, district (judeţ) de Soroca, pour l'année 1858.","Ревизские сказки о крестьянах сёл Дынжений-де-Сус и Дондюшаны, Сорокский уезд, за 1858 год.",,2,,,,volum,https://www.familysearch.org/ark:/61903/3:1:3QS7-L9QM-KTG2?i=1&cc=1985804&wc=M6ZS-468%3A264175701%2C264722601%2C265687601,189
425,1858,1858,"Catagrafii cu ţăranii satelor judeţului Soroca pentru anii 1858,1589.","Revision lists of peasants of the villages of Soroca county, for the years 1858, 1589 [sic].","Listes de revision des paysans des villages du judet de Soroca, pour les annees 1858, 1589 [sic].","Ревизские сказки крестьян сел Сорокского уезда, за 1858, 1589 [так в тексте] годы.",,25,2374695 · 2374696,363–1037 · 5–394,1065,sur,https://www.familysearch.org/ark:/61903/3:1:3QS7-L9QM-KTNH?i=1&cc=1985804&wc=M6ZS-7NL%3A264175701%2C264722601%2C265688201,189-190
426,1858,1859,"Catagrafii cu ţăranii satelor judeţului Soroca pentru anii 1858,1859.","Revision lists of peasants of the villages of Soroca county, for the years 1858-1859.","Listes de revision des paysans des villages du judet de Soroca, pour les annees 1858-1859.","Ревизские сказки крестьян сел Сорокского уезда, за 1858-1859 годы.",,11,2374696 · 2374697,397–974 · 5–129,703,sur,https://www.familysearch.org/ark:/61903/3:1:3QSQ-G9QM-24DT?i=1&cc=1985804&wc=M6ZS-W38%3A264175701%2C264722601%2C265692201,190
427,1858,1858,Catagrafii cu mici burghezi şi cu negustori din oraşul Soroca pentru anul 1858.,"Revision lists with petty bourgeois and merchants from the town of Soroca, for the year 1858.","Listes de révision des petits bourgeois et des marchands de la ville de Soroca, pour l'année 1858.","Ревизские сказки о мещанах и купцах города Сороки, за 1858 год.",,1,2374697,132–293,162,sur,https://www.familysearch.org/ark:/61903/3:1:3QS7-89QM-2JPT?i=1&cc=1985804&wc=M6ZS-C29%3A264175701%2C264722601%2C265694601,190
428,1858,1859,"Catagrafii cu ţărani din satele judeţului Soroca pentru anii 1858,1859.","Revision lists of peasants from the villages of Soroca county for the years 1858, 1859.","Listes de revision des paysans des villages du comte de Soroca pour les annees 1858, 1859.","Ревизские сказки крестьян сёл Сорокского уезда за 1858, 1859 годы.",,19,2374697 · 2374698,296–1109 · 5–506,1316,estime,https://www.familysearch.org/ark:/61903/3:1:3QSQ-G9QM-2232?i=1&cc=1985804&wc=M6ZS-CM9%3A264175701%2C264722601%2C265695401,191
429,1858,1859,"Catagrafii cu ţărani din satele judeţului Hotin pentru anul 1858,1859.","Revision lists of peasants from the villages of Hotin county for the years 1858, 1859.","Listes de revision des paysans des villages du comte de Hotin pour les annees 1858, 1859.","Ревизские сказки крестьян сёл Хотинского уезда за 1858, 1859 годы.",,24,2374698 · 2374699,507–1073 · 5–926,1489,estime,,191-192
430,1858,1859,"Catagrafii cu ţărani din satele judeţului Hotin pentru anii 1858,1859.","Revision lists of peasants from the villages of Hotin county for the years 1858, 1859.","Listes de revision des paysans des villages du comte de Hotin pour les annees 1858, 1859.","Ревизские сказки крестьян сёл Хотинского уезда за 1858, 1859 годы.",,3,2374699 · 2374700,927–1118 · 5–208,396,estime,,192
431,1858,1859,"Catagrafii cu ţărani din satele judeţului Hotin pentru anii 1858,1859.","Revision lists of peasants from the villages of Hotin county for the years 1858, 1859.","Listes de revision des paysans des villages du comte de Hotin pour les annees 1858, 1859.","Ревизские сказки крестьян сёл Хотинского уезда за 1858, 1859 годы.",,12,2374700 · 2374701,211–1105 · 5–36,927,sur,https://www.familysearch.org/ark:/61903/3:1:3QS7-99QM-KJ6B?i=1&cc=1985804&wc=M6ZS-H2S%3A264175701%2C264722601%2C265703501,192
432,1859,1859,Catagrafii cu membrii societăţii ortodoxe de rit vechi şi a societăţii de şleahtici din oraşul Hotin pentru anul 1859.,Revision lists of members of the Old-Rite Orthodox society and of the szlachta society of the town of Hotin for the year 1859.,Listes de revision des membres de la societe orthodoxe de vieux rite et de la societe des szlachta de la ville de Hotin pour l'annee 1859.,Ревизские сказки членов старообрядческого православного общества и шляхетского общества города Хотина за 1859 год.,,1,2374701,39–338,300,sur,https://www.familysearch.org/ark:/61903/3:1:3QS7-L9Q9-9N32?i=1&cc=1985804&wc=M6ZS-H29%3A264175701%2C264722601%2C265705901,192
433,1858,1859,"Catagrafii cu ţărani din satele judeţului Hotin pentru anii 1858,1859.","Revision lists of peasants from the villages of Hotin county for the years 1858, 1859.","Listes de revision des paysans des villages du comte de Hotin pour les annees 1858, 1859.","Ревизские сказки крестьян сёл Хотинского уезда за 1858, 1859 годы.",,3,2374701,341–815,475,sur,https://www.familysearch.org/ark:/61903/3:1:3QS7-89Q9-9628?i=1&cc=1985804&wc=M6ZS-HTL%3A264175701%2C264722601%2C265707001,192
434,1858,1859,"Catagrafii cu ţărani din satele judeţului Hotin, litera K (Ch) pentru anii 1858,1859.","Revision lists of peasants from the villages of Hotin county, letter K (Ch), for the years 1858, 1859.","Listes de revision des paysans des villages du comte de Hotin, lettre K (Ch), pour les annees 1858, 1859.","Ревизские сказки крестьян сёл Хотинского уезда, буква K (Ch), за 1858, 1859 годы.",,14,2374701 · 2374702,818–1083 · 5–1079,1341,deduit,,192-193
435,1858,1859,"Catagrafii cu ţărani din satele judeţului Hotin pentru anii 1858,1859.","Revision lists of peasants from the villages of Hotin county for the years 1858, 1859.","Listes de revision des paysans des villages du comte de Hotin pour les annees 1858, 1859.","Ревизские сказки крестьян сёл Хотинского уезда за 1858, 1859 годы.",,11,2374703,5–479,475,estime,,193
436,1858,1859,"Catagrafii cu ţărani din satele judeţului Hotin pentru anii 1858,1859.","Revision lists of peasants from the villages of Hotin county for the years 1858, 1859.","Listes de revision des paysans des villages du comte de Hotin pour les annees 1858, 1859.","Ревизские сказки крестьян сёл Хотинского уезда за 1858, 1859 годы.",,15,2374703 · 2374738,480–998 · 5–954,1469,estime,,193-194
437,1858,1859,"Catagrafii cu ţărani din satele judeţului Hotin pentru anii 1858,1859.","Revision lists of peasants from the villages of Hotin county for the years 1858, 1859.","Listes de revision des paysans des villages du comte de Hotin pour les annees 1858, 1859.","Ревизские сказки крестьян сёл Хотинского уезда за 1858, 1859 годы.",,23,2374738 · 2374739 · 2374740,957–1069 · 5–1110 · 5–663,1878,estime,https://www.familysearch.org/ark:/61903/3:1:3QS7-89QM-JVSG?i=1&cc=1985804&wc=M6ZS-ZZ9%3A264175701%2C264722601%2C265715801,194
438,1835,1835,"Catagrafii cu ţărani, mazili şi ruptaşi din satele judeţului Orhei pentru anul 1835.","Revision lists of peasants, mazili (petty nobility exempt from taxes) and ruptaşi from the villages of Orhei county, for the year 1835.","Listes de revision des tarani (paysans), mazili (petite noblesse exempte) et ruptaşi des villages du judet d'Orhei, pour l'annee 1835.","Ревизские сказки крестьян, мазылов (мелкой знати, освобождённой от податей) и рупташей сел Орхейского уезда, за 1835 год.",,31,2374740,664–1033,370,estime,https://www.familysearch.org/ark:/61903/3:1:3QS7-L9QM-JD1N?i=1&cc=1985804&wc=M6CB-J68%3A264175701%2C264722601%2C264848201,194-195
439,1858,1859,"Catagrafii cu ţărani din satele judeţului Iaşi pentru anii 1858,1859.","Revision lists of peasants from the villages of Iaşi county for the years 1858, 1859.","Listes de revision des paysans des villages du comte de Iaşi pour les annees 1858, 1859.","Ревизские сказки крестьян сёл Ясского уезда за 1858, 1859 годы.",,4,2374741,5–1096,1092,probable,https://www.familysearch.org/ark:/61903/3:1:3QSQ-G9QM-N4SC?i=1&cc=1985804&wc=M6ZS-Z29%3A264175701%2C264722601%2C265718601,195
440,1858,1859,"Catagrafii cu ţărani din satele judeţului Iaşi, literele S-T pentru anii 1858,1859.","Revision lists with peasants from the villages of Iaşi district, letters S-T, for the years 1858, 1859.","Listes de révision des paysans des villages du district (judeţ) d'Iaşi, lettres S-T, pour les années 1858, 1859.","Ревизские сказки о крестьянах сёл Ясского уезда, буквы С-Т, за 1858, 1859 годы.",,20,2374742,5–353,349,sur,,195-196
441,1858,1859,"Catagrafii cu ţărani din satele judeţului Iaşi, literele D-I pentru anii 1858,1859.","Revision lists with peasants from the villages of Iaşi district, letters D-I, for the years 1858, 1859.","Listes de révision des paysans des villages du district (judeţ) d'Iaşi, lettres D-I, pour les années 1858, 1859.","Ревизские сказки о крестьянах сёл Ясского уезда, буквы Д-И, за 1858, 1859 годы.",,15,2374742 · 2374743,356–1025 · 5–5,671,estime,,196
442,1858,1859,"Catagrafii cu ţărani din satele judeţului Iaşi, literele A-B pentru anii 1858,1859.","Revision lists of peasants from the villages of Iaşi county, letters A-B, for the years 1858, 1859.","Listes de revision des paysans des villages du comte de Iaşi, lettres A-B, pour les annees 1858, 1859.","Ревизские сказки крестьян сёл Ясского уезда, буквы A-B, за 1858, 1859 годы.",,10,2374743,6–446,441,estime,,196-197
443,1858,1859,"Catagrafii cu ţărani din satele judeţului Iaşi, literele M-O pentru anii 1858,1859.","Revision lists of peasants from the villages of Iaşi county, letters M-O, for the years 1858, 1859.","Listes de revision des paysans des villages du comte de Iaşi, lettres M-O, pour les annees 1858, 1859.","Ревизские сказки крестьян сёл Ясского уезда, буквы M-O, за 1858, 1859 годы.",,13,2374743 · 2374744,447–1053 · 176–1083,1515,estime,,197
444,1858,1859,"Catagrafii cu ţărani din satele judeţului Iaşi, literele L-M pentru anii 1858,1859.","Revision lists of peasants from the villages of Iaşi county, letters L-M, for the years 1858, 1859.","Listes de revision des paysans des villages du comte de Iaşi, lettres L-M, pour les annees 1858, 1859.","Ревизские сказки крестьян сёл Ясского уезда, буквы L-M, за 1858, 1859 годы.",,14,2374745,5–366,362,deduit,,197
445,1858,1859,"Catagrafii cu mici burghezi şi cu ţărani din tîrgul Sculeni şi satul Sculenii Vechi, judeţul Iaşi pentru anii 1858,1859.","Revision lists of petty bourgeois and peasants of the market town of Sculeni and the village of Sculenii Vechi, Iaşi county, for the years 1858, 1859.","Listes de revision des petits bourgeois et des paysans du bourg de Sculeni et du village de Sculenii Vechi, comte d'Iaşi, pour les annees 1858, 1859.","Ревизские сказки мещан и крестьян местечка Скулени и села Скулений Векь Ясского уезда за 1858, 1859 годы.",,3,,,,volum,https://www.familysearch.org/ark:/61903/3:1:3QSQ-G9QM-J8B4?i=1&cc=1985804&wc=M6ZS-8WL%3A264175701%2C264722601%2C265731101,198
446,1858,1859,"Catagrafii cu ţărani din satele judeţului Iaşi, literele U-F pentru anii 1858,1859.","Revision lists with peasants from the villages of Iaşi district, letters U-F, for the years 1858, 1859.","Listes de révision des paysans des villages du district (judeţ) d'Iaşi, lettres U-F, pour les années 1858, 1859.","Ревизские сказки о крестьянах сёл Ясского уезда, буквы У-Ф, за 1858, 1859 годы.",,6,2374745,368–565,198,deduit,https://www.familysearch.org/ark:/61903/3:1:3QS7-L9QM-JZ5K?i=1&cc=1985804&wc=M6ZS-ZP8%3A264175701%2C264722601%2C265731401,198
447,1858,1859,"Catagrafii cu ţărani din satele judeţului Iaşi, litera K pentru anii 1858,1859.","Revision lists of peasants from the villages of Iaşi county, letter K, for the years 1858, 1859.","Listes de revision des paysans des villages du comte de Iaşi, lettre K, pour les annees 1858, 1859.","Ревизские сказки крестьян сёл Ясского уезда, буква K, за 1858, 1859 годы.",,27,2374745 · 2374746 · 2375383,568–1076 · 5–1069 · 5–244,1814,probable,https://www.familysearch.org/ark:/61903/3:1:3QS7-L9QM-J6WX?i=1&cc=1985804&wc=M6ZS-ZPD%3A264175701%2C264722601%2C265731801,198-199
448,1859,1859,"Catagrafii cu locuitorii coloniilor din judeţul Akkerman, districtele coloniste Bugeacul de Jos şi Ismail pentru anul 1859.","Revision lists of the inhabitants of the colonies of Akkerman county, colonist districts of Bugeacul de Jos and Ismail, for the year 1859.","Listes de revision des habitants des colonies du judet d'Akkerman, districts colons de Bugeacul de Jos et Ismail, pour l'annee 1859.","Ревизские сказки жителей колоний Аккерманского уезда, колонистских округов Бугякул-де-Жос и Измаил, за 1859 год.",,17,2375383 · 2375384,247–1098 · 5–873,1721,sur,https://www.familysearch.org/ark:/61903/3:1:3QS7-99QM-JGTN?i=1&cc=1985804&wc=M6ZS-L38%3A264175701%2C264722601%2C265822201,199
449,1859,1859,Catagrafii cu membrii societăţilor de şleahtici şi de maloruşi din oraşul Akkerman pentru anul 1859.,Revision lists of members of the szlachta and Malorussian societies of the town of Akkerman for the year 1859.,Listes de revision des membres des societes de szlachta et de malorusses de la ville d'Akkerman pour l'annee 1859.,Ревизские сказки членов шляхетского и малорусского обществ города Аккермана за 1859 год.,,2,2375384 · 2375385,876–1110 · 5–259,490,probable,https://www.familysearch.org/ark:/61903/3:1:3QS7-89QM-JLF2?i=1&cc=1985804&wc=M6ZS-Z68%3A264175701%2C264722601%2C265738201,199
450,1859,1859,Catagrafii cu membrii societăţilor de moldoveni şi de maloruşi din suburbia Popuşoi a oraşului Akkerman pentru anul 1859.,Revision lists of members of the Moldavian and Malorussian societies of the suburb of Popusoi of the town of Akkerman for the year 1859.,Listes de revision des membres des societes de moldaves et de malorusses du faubourg de Popusoi de la ville d'Akkerman pour l'annee 1859.,Ревизские сказки членов молдавского и малорусского обществ предместья Попушой города Аккермана за 1859 год.,,5,2375385 · 2375386,262–1054 · 5–575,1364,sur,https://www.familysearch.org/ark:/61903/3:1:3QSQ-G9QM-VV64?i=1&cc=1985804&wc=M6Z3-S29%3A264175701%2C264722601%2C265951801,199
451,1859,1859,Catagrafii cu locuitori din satele judeţului Akkerman pentru anul 1859.,Revision lists with inhabitants of the villages of Akkerman county for the year 1859.,Listes de revision avec les habitants des villages du comte d'Akkerman pour l'annee 1859.,Ревизские сказки жителей сёл Аккерманского уезда за 1859 год.,,4,2375386 · 2375387,578–1061 · 5–24,504,sur,https://www.familysearch.org/ark:/61903/3:1:3QSQ-G9Q9-WT8?i=1&cc=1985804&wc=M6ZS-268%3A264175701%2C264722601%2C265824901,200
452,1858,1866,"Catagrafii cu mici burghezi din oraşele Akkerman, Chişinău, Hotin şi Ismail şi din suburbiile oraşului Akkerman - Popuşoi, Şabo şi Turlac pe anii 1858-1866","Revision lists of petty bourgeois from the towns of Akkerman, Chisinau, Hotin and Ismail and from the suburbs of the town of Akkerman - Popusoi, Sabo and Turlac for the years 1858-1866.","Listes de revision des petits bourgeois des villes d'Akkerman, Chisinau, Hotin et Ismail et des faubourgs de la ville d'Akkerman - Popusoi, Sabo et Turlac pour les annees 1858-1866.","Ревизские сказки мещан городов Аккермана, Кишинёва, Хотина и Измаила и предместий города Аккермана - Попушой, Шабо и Турлак за 1858-1866 годы.",,60,2375387 · 2375388,27–1064 · 5–424,1458,sur,https://www.familysearch.org/ark:/61903/3:1:3QS7-99QM-V11N?i=1&cc=1985804&wc=M6Z3-S2Q%3A264175701%2C264722601%2C265982101,200-201
453,1859,1859,"Catagrafii cu membrii societăţilor de maloruşi, de velicoruşi, de armeni, de greci şi de romi (țigani) din oraşul Akkerman pentru anul 1859.","Revision lists of members of the Malorussian, Velikorussian, Armenian, Greek and Roma (gypsy) societies of the town of Akkerman for the year 1859.","Listes de revision des membres des societes de malorusses, de velikorusses, d'armeniens, de grecs et de roms (tsiganes) de la ville d'Akkerman pour l'annee 1859.","Ревизские сказки членов малорусского, великорусского, армянского, греческого и цыганского обществ города Аккермана за 1859 год.",,5,2375388 · 2375389,427–1060 · 5–638,1268,probable,https://www.familysearch.org/ark:/61903/3:1:3QS7-L9QM-K943-C?i=1&cc=1985804&wc=M6Z9-PTL%3A264175701%2C264722601%2C265512001,201
454,1859,1867,Catagrafii cu colonişti din coloniile districtelor coloniste Bugeacul de Jos şi Ismail din judeţele Akkerman şi Cahul pentru anii 1859-1867.,"Revision lists of colonists from the colonies of the colonist districts of Bugeacul de Jos and Ismail, Akkerman and Cahul counties, for the years 1859-1867","Listes de revision des colons des colonies des districts colons de Bugeacul de Jos et Ismail, comtes d'Akkerman et de Cahul, pour les annees 1859-1867","Ревизские сказки колонистов колоний колонистских округов Bugeacul de Jos и Ismail, Аккерманский и Кагульский уезды, за 1859-1867 годы",Akkerman · Bender · Cahul,10,2375389,640–659,20,probable,https://www.familysearch.org/ark:/61903/3:1:3QS7-99Q9-9GX9?i=1&cc=1985804&wc=M6Z9-J68%3A264175701%2C264722601%2C265455001,202
455,1859,1859,Catagrafii cu colonişti din coloniile judeţului Akkerman pentru anul 1859.,"Revision lists with colonists from the colonies of Akkerman district, for the year 1859.","Listes de révision des colons des colonies du district (judeţ) d'Akkerman, pour l'année 1859.","Ревизские сказки о колонистах колоний Аккерманского уезда, за 1859 год.",,16,2375389 · 2375390,662–1055 · 5–867,1257,sur,https://www.familysearch.org/ark:/61903/3:1:3QS7-L9Q9-9LTZ?i=1&cc=1985804&wc=M6ZS-26D%3A264175701%2C264722601%2C265825701,202-203
456,1859,1859,"Catagrafii cu colonişti din colonia Brieni, districtul Cleastiţi, judeţul Akkerman pentru anul 1859.","Revision lists of colonists from the colony of Brieni, Cleastiţi district, Akkerman county, for the year 1859.","Listes de revision des colons de la colonie de Brieni, district de Cleastiţi, comte d'Akkerman, pour l'annee 1859.","Ревизские сказки колонистов колонии Бриены, Клястицкий округ, Аккерманский уезд, за 1859 год.",,1,2375390,870–992,123,sur,https://www.familysearch.org/ark:/61903/3:1:3QS7-89Q9-M8F5?i=1&cc=1985804&wc=M6ZS-GP8%3A264175701%2C264722601%2C265827401,203
457,1859,1859,"Catagrafii cu ţărani din satul Iaroslavca, judeţul Akkerman pentru anul 1859.","Revision lists of peasants from the village of Iaroslavca, Akkerman county, for the year 1859.","Listes de revision des paysans du village de Iaroslavca, comte d'Akkerman, pour l'annee 1859.","Ревизские сказки крестьян села Iaroslavca, Аккерманского уезда, за 1859 год.",,1,2375390,995–1049,55,probable,https://www.familysearch.org/ark:/61903/3:1:3QS7-89Q9-MZ37?i=1&cc=1985804&wc=M6ZS-2PD%3A264175701%2C264722601%2C265827701,203
459,1859,1859,"Catagrafii cu colonişti din colonia Ferşampenoise II, districtul Maloiaroslaveţi, judeţul Akkerman pentru anul 1859.","Revision lists of colonists from the colony of Ferşampenoise II, Maloiaroslaveţi district, Akkerman county, for the year 1859","Listes de revision des colons de la colonie de Ferşampenoise II, district de Maloiaroslaveţi, comte d'Akkerman, pour l'annee 1859","Ревизские сказки колонистов колонии Ferşampenoise II, округ Maloiaroslaveţi, Аккерманский уезд, за 1859 год",,1,2375390 · 2375391,1052–1064 · 5–47,56,sur,https://www.familysearch.org/ark:/61903/3:1:3QS7-89Q9-MCJJ?i=1&cc=1985804&wc=M6ZS-GPD%3A264175701%2C264722601%2C265828101,203
460,1859,1859,"Catagrafii cu colonişti din colonia Maloiaroslaveţi, judeţul Akkerman pentru anul 1859.","Revision lists of colonists from the colony of Maloiaroslaveţi, Akkerman county, for the year 1859","Listes de revision des colons de la colonie de Maloiaroslaveţi, comte d'Akkerman, pour l'annee 1859","Ревизские сказки колонистов колонии Maloiaroslaveţi, Аккерманский уезд, за 1859 год",,1,2375391,50–141,92,sur,https://www.familysearch.org/ark:/61903/3:1:3QS7-89Q9-9N1C?i=1&cc=1985804&wc=M6ZS-GWL%3A264175701%2C264722601%2C265828401,203
461,1859,1859,"Catagrafii cu colonişti din colonia Berezina, districtul Cleastiţi, judeţul Akkerman pentru anul 1859.","Revision lists of colonists from the colony of Berezina, Cleastiţi district, Akkerman county, for the year 1859.","Listes de revision des colons de la colonie de Berezina, district de Cleastiţi, comte d'Akkerman, pour l'annee 1859.","Ревизские сказки колонистов колонии Березина, Клястицкий округ, Аккерманский уезд, за 1859 год.",,1,2375391,144–285,142,sur,https://www.familysearch.org/ark:/61903/3:1:3QS7-89Q9-92S1?i=1&cc=1985804&wc=M6ZS-GTL%3A264175701%2C264722601%2C265828701,203
462,1859,1859,"Catagrafii cu colonişti din colonia Cleastiţi, judeţul Akkerman pentru anul 1859.","Revision lists of colonists from the colony of Cleastiţi, Akkerman county, for the year 1859.","Listes de revision des colons de la colonie de Cleastiţi, comte d'Akkerman, pour l'annee 1859.","Ревизские сказки колонистов колонии Клястицы, Аккерманский уезд, за 1859 год.",,1,2375391,288–430,143,sur,https://www.familysearch.org/ark:/61903/3:1:3QSQ-G9Q9-9KFG?i=1&cc=1985804&wc=M6ZS-2Z9%3A264175701%2C264722601%2C265828901,203
463,1859,1859,"Catagrafii cu locuitorii satului Vedensc, judeţul Akkerman pentru anul 1859.","Revision lists of the inhabitants of the village of Vedensc, Akkerman county, for the year 1859.","Listes de revision des habitants du village de Vedensc, judet d'Akkerman, pour l'annee 1859.","Ревизские сказки жителей села Веденск, Аккерманского уезда, за 1859 год.",,1,2375391,433–487,55,sur,https://www.familysearch.org/ark:/61903/3:1:3QS7-99Q9-9V1H?i=1&cc=1985804&wc=M6ZS-L3D%3A264175701%2C264722601%2C265829001,203
464,1859,1859,"Catagrafii cu locuitorii satului Sergheevca, judeţul Akkerman pentru anul 1859.","Revision lists of the inhabitants of the village of Sergheevca, Akkerman county, for the year 1859.","Listes de revision des habitants du village de Sergheevca, judet d'Akkerman, pour l'annee 1859.","Ревизские сказки жителей села Сергеевка, Аккерманского уезда, за 1859 год.",,1,2375391,490–590,101,sur,https://www.familysearch.org/ark:/61903/3:1:3QS7-99Q9-9VPN?i=1&cc=1985804&wc=M6ZS-2TL%3A264175701%2C264722601%2C265829101,204
465,1859,1859,"Catagrafii cu colonişti din colonia Culm, districtul Maloiaroslaveţi, judeţul Akkerman pentru anul 1859.","Revision lists of colonists from the colony of Culm, Maloiaroslaveţi district, Akkerman county, for the year 1859.","Listes de revision des colons de la colonie de Culm, district de Maloiaroslaveţi, comte d'Akkerman, pour l'annee 1859.","Ревизские сказки колонистов колонии Кульм, Малоярославецкий округ, Аккерманский уезд, за 1859 год.",,1,2375391,593–683,91,sur,https://www.familysearch.org/ark:/61903/3:1:3QSQ-G9Q9-9VWB?i=1&cc=1985804&wc=M6ZS-LNL%3A264175701%2C264722601%2C265829301,204
466,1859,1859,"Catagrafii cu colonişti din colonia Tarutino, districtul Maloiaroslaveţi, judeţul Akkerman pentru anul 1859.","Revision lists with colonists from the colony of Tarutino, Maloiaroslaveţi district, Akkerman district, for the year 1859.","Listes de révision des colons de la colonie de Tarutino, district de Maloiaroslaveţi, district (judeţ) d'Akkerman, pour l'année 1859.","Ревизские сказки о колонистах колонии Тарутино, Малоярославецкий округ, Аккерманский уезд, за 1859 год.",,1,,,,volum,,204
467,1859,1859,"Catagrafii cu ţăranii din satul Taşlîc, judeţul Akkerman pentru anul 1859.","Revision lists of peasants from the village of Taslic, Akkerman county, for the year 1859.","Listes de revision des paysans du village de Taslic, judet d'Akkerman, pour l'annee 1859.","Ревизские сказки крестьян села Ташлык, Аккерманского уезда, за 1859 год.",,1,2375391,687–934,248,sur,https://www.familysearch.org/ark:/61903/3:1:3QS7-L9Q9-9J21?i=1&cc=1985804&wc=M6ZS-LNG%3A264175701%2C264722601%2C265829501,204
468,1859,1859,"Catagrafii cu ţărani din satul Voznesensc, judeţul Akkerman pentru anul 1859.","Revision lists with peasants from the village of Voznesensc, Akkerman district, for the year 1859.","Listes de révision des paysans du village de Voznesensc, district (judeţ) d'Akkerman, pour l'année 1859.","Ревизские сказки о крестьянах села Вознесенск, Аккерманский уезд, за 1859 год.",,1,2375391,937–976,40,sur,https://www.familysearch.org/ark:/61903/3:1:3QS7-89Q9-9KLJ?i=1&cc=1985804&wc=M6ZS-GP6%3A264175701%2C264722601%2C265829901,204
469,1859,1859,"Catagrafii cu colonişti din colonia Hofnungstal, districtul Cleastiţi, judeţul Akkerman pentru anul 1859.","Revision lists of colonists from the colony of Hofnungstal, Cleastiţi district, Akkerman county, for the year 1859","Listes de revision des colons de la colonie de Hofnungstal, district de Cleastiţi, comte d'Akkerman, pour l'annee 1859","Ревизские сказки колонистов колонии Hofnungstal, округ Cleastiţi, Аккерманский уезд, за 1859 год",,1,2375391,979–1056,78,probable,https://www.familysearch.org/ark:/61903/3:1:3QS7-89Q9-9KJZ?i=1&cc=1985804&wc=M6ZS-LM9%3A264175701%2C264722601%2C265830001,204
470,1859,1859,"Catagrafii cu colonişti din colonia Borodino, districtul Cleastiţi, judeţul Akkerman pentru anul 1859.","Revision lists of colonists from the colony of Borodino, Cleastiţi district, Akkerman county, for the year 1859.","Listes de revision des colons de la colonie de Borodino, district de Cleastiţi, comte d'Akkerman, pour l'annee 1859.","Ревизские сказки колонистов колонии Бородино, Клястицкий округ, Аккерманский уезд, за 1859 год.",,2,2375392,5–127,123,sur,https://www.familysearch.org/ark:/61903/3:1:3QSQ-G9Q9-982Y?i=1&cc=1985804&wc=M6ZS-LMS%3A264175701%2C264722601%2C265830201,204
471,1859,1859,"Catagrafii cu colonişti din colonia Ferşampenoise I, districtul Maloiaroslaveţi, judeţul Akkerman pentru anul 1859.","Revision lists with colonists from the colony of Ferşampenoise I, Maloiaroslaveţi district, Akkerman district, for the year 1859.","Listes de révision des colons de la colonie de Ferşampenoise I, district de Maloiaroslaveţi, district (judeţ) d'Akkerman, pour l'année 1859.","Ревизские сказки о колонистах колонии Фершампенуаз I, Малоярославецкий округ, Аккерманский уезд, за 1859 год.",,1,2375392,130–284,155,sur,https://www.familysearch.org/ark:/61903/3:1:3QS7-L9Q9-9Z21?i=1&cc=1985804&wc=M6ZS-GTG%3A264175701%2C264722601%2C265830601,204
472,1859,1859,"Catagrafii cu colonişti din colonia Arcizul Nou, judeţul Akkreman pentru anul 1859.","Revision lists of colonists from the colony of Arcizul Nou, Akkerman county, for the year 1859.","Listes de revision des colons de la colonie d'Arcizul Nou, comte d'Akkerman, pour l'annee 1859.","Ревизские сказки колонистов колонии Арциз Новый (Arcizul Nou), Аккерманский уезд, за 1859 год.",,1,2375392,287–333,47,sur,https://www.familysearch.org/ark:/61903/3:1:3QS7-99Q9-9CSP?i=1&cc=1985804&wc=M6ZS-GTP%3A264175701%2C264722601%2C265830901,205
473,1859,1859,Catagrafii cu negustori şi mici burghezi din comunitatea evreiască din oraşul Akkerman pentru anul 1859.,Revision lists of merchants and petty bourgeois of the Jewish community of the town of Akkerman for the year 1859.,Listes de revision des negociants et des petits bourgeois de la communaute juive de la ville d'Akkerman pour l'annee 1859.,Ревизские сказки купцов и мещан еврейской общины города Аккермана за 1859 год.,,1,2375392,336–512,177,sur,https://www.familysearch.org/ark:/61903/3:1:3QSQ-G9Q9-9HRV?i=1&cc=1985804&wc=M6ZS-2ZS%3A264175701%2C264722601%2C265831101,205
474,1859,1859,Catagrafii cu negustori şi mici burghezi din comunitatea evreiască din oraşul Bender pentru anul 1859.,Revision lists of merchants and petty bourgeois of the Jewish community of the town of Bender for the year 1859.,Listes de revision des negociants et des petits bourgeois de la communaute juive de la ville de Bender pour l'annee 1859.,Ревизские сказки купцов и мещан еврейской общины города Бендеры за 1859 год.,,1,2375392,515–779,265,sur,https://www.familysearch.org/ark:/61903/3:1:3QS7-89Q9-9DGH?i=1&cc=1985804&wc=M6ZS-G68%3A264175701%2C264722601%2C265831201,205
475,1859,1859,"Catagrafii cu ţărani din satul Corjova, judeţul Bender pentru anul 1859.","Revision lists of peasants from the village of Corjova, Bender county, for the year 1859.","Listes de revision des paysans du village de Corjova, comte de Bender, pour l'annee 1859.","Ревизские сказки крестьян села Corjova, Бендерского уезда, за 1859 год.",,1,2375392,782–808,27,sur,https://www.familysearch.org/ark:/61903/3:1:3QS7-89Q9-982D?i=1&cc=1985804&wc=M6Z3-WWL%3A264175701%2C264722601%2C265969601,205
476,1859,1859,"Catagrafii cu colonişti din coloniile districtului Bugeacul de Sus, judeţul Bender pentru anul 1859.","Revision lists of colonists from the colonies of the district of Bugeacul de Sus, Bender county, for the year 1859","Listes de revision des colons des colonies du district de Bugeacul de Sus, comte de Bender, pour l'annee 1859","Ревизские сказки колонистов колоний округа Bugeacul de Sus, Бендерский уезд, за 1859 год",,2,2375392 · 2375393,811–1070 · 5–183,439,probable,https://www.familysearch.org/ark:/61903/3:1:S3HT-6949-FRZ?i=1&cc=1985804&wc=M6ZS-22S%3A264175701%2C264722601%2C265833201,205
477,1859,1859,"Catagrafii cu odnodvorţî din satul Cobusca Nouă, judeţul Bender pentru anul 1859.","Revision lists of odnodvortsi from the village of Cobusca Nouă, Bender county, for the year 1859.","Listes de revision des odnodvorţi du village de Cobusca Nouă, comte de Bender, pour l'annee 1859.","Ревизские сказки однодворцев села Кобуска Ноуэ, Бендерский уезд, за 1859 год.",,1,2375393,186–203,18,sur,https://www.familysearch.org/ark:/61903/3:1:S3HT-6949-PZZ?i=1&cc=1985804&wc=M6Z3-SPF%3A264175701%2C264722601%2C265960201,205
478,1859,1859,"Catagrafii cu locuitorii satului Sagaidac, judeţul Bender pentru anul 1859.","Revision lists of the inhabitants of the village of Sagaidac, Bender county, for the year 1859.","Listes de revision des habitants du village de Sagaidac, judet de Bender, pour l'annee 1859.","Ревизские сказки жителей села Сагайдак, Бендерского уезда, за 1859 год.",,1,2375393,206–321,116,sur,https://www.familysearch.org/ark:/61903/3:1:S3HT-6949-L4T?i=1&cc=1985804&wc=M6ZS-GZ9%3A264175701%2C264722601%2C265834001,205
479,1859,1859,"Catagrafii suplimentare cu locuitorii satului Fîrlădeni, judeţul Bender pentru anul 1859.","Supplementary revision lists of the inhabitants of the village of Firladeni, Bender county, for the year 1859.","Listes de revision supplementaires des habitants du village de Firladeni, judet de Bender, pour l'annee 1859.","Дополнительные ревизские сказки жителей села Фырлэдень, Бендерского уезда, за 1859 год.",,2,2375393,324–382,59,probable,https://www.familysearch.org/ark:/61903/3:1:S3HT-6949-RV9?i=1&cc=1985804&wc=M6ZS-TNL%3A264175701%2C264722601%2C265834601,205
480,1859,1859,"Catagrafii cu ţărani din satul Delacău (Bilachev), judeţul Bender pentru anul 1859.","Revision lists of peasants from the village of Delacău (Bilachev), Bender county, for the year 1859.","Listes de revision des paysans du village de Delacău (Bilachev), comte de Bender, pour l'annee 1859.","Ревизские сказки крестьян села Delacău (Bilachev), Бендерского уезда, за 1859 год.",,1,2375393,385–411,27,sur,https://www.familysearch.org/ark:/61903/3:1:S3HT-6949-24P?i=1&cc=1985804&wc=M6ZS-R29%3A264175701%2C264722601%2C265835001,206
481,1859,1859,"Catagrafii cu ţărani din satul Curugica, judeţul Bender pentru anul 1859.","Revision lists of peasants from the village of Curugica, Bender county, for the year 1859.","Listes de revision des paysans du village de Curugica, comte de Bender, pour l'annee 1859.","Ревизские сказки крестьян села Curugica, Бендерского уезда, за 1859 год.",,1,2375393,414–428,15,sur,https://www.familysearch.org/ark:/61903/3:1:S3HT-6949-2YN?i=1&cc=1985804&wc=M6ZS-GZS%3A264175701%2C264722601%2C265815002,206
482,1859,1865,"Catagrafii cu mici burghezi din tîrgul Căuşeni, judeţul Bender pentru anii 1859,1860,1865.","Revision lists of petty bourgeois of the market town of Causeni, Bender county, for the years 1859, 1860, 1865.","Listes de revision des petits bourgeois du bourg de Causeni, comte de Bender, pour les annees 1859, 1860, 1865.","Ревизские сказки мещан местечка Каушаны, Бендерского уезда, за 1859, 1860, 1865 годы.",,1,2375393,431–544,114,sur,https://www.familysearch.org/ark:/61903/3:1:S3HT-6949-NNZ?i=1&cc=1985804&wc=M6ZS-P29%3A264175701%2C264722601%2C265835101,206
483,1859,1859,"Catagrafii cu locuitori din satul Chiţcani, judeţul Bender pentru anul 1859.","Revision lists with inhabitants of the village of Chiţcani, Bender county, for the year 1859.","Listes de revision avec les habitants du village de Chiţcani, comte de Bender, pour l'annee 1859.",Ревизские сказки жителей села Кицканы Бендерского уезда за 1859 год.,,1,2375393,547–705,159,sur,https://www.familysearch.org/ark:/61903/3:1:S3HT-6949-ND5?i=1&cc=1985804&wc=M6ZS-529%3A264175701%2C264722601%2C265835301,206
484,1859,1859,"Catagrafii cu ţărani din satul Sturzeni, judeţul Bender pentru anul 1859.","Revision lists of peasants from the village of Sturzeni, Bender county, for the year 1859.","Listes de revision des paysans du village de Sturzeni, comte de Bender, pour l'annee 1859.","Ревизские сказки крестьян села Sturzeni, Бендерского уезда, за 1859 год.",,1,2375393,708–817,110,sur,https://www.familysearch.org/ark:/61903/3:1:S3HT-6949-2ZJ?i=1&cc=1985804&wc=M6ZS-5NL%3A264175701%2C264722601%2C265837001,206
485,1859,1859,"Catagrafii cu ţărani din satul Moleşti, judeţul Bender pentru anul 1859.","Revision lists of peasants from the village of Moleşti, Bender county, for the year 1859.","Listes de revision des paysans du village de Moleşti, comte de Bender, pour l'annee 1859.","Ревизские сказки крестьян села Moleşti, Бендерского уезда, за 1859 год.",,1,2375393,820–920,101,sur,https://www.familysearch.org/ark:/61903/3:1:S3HT-6949-J35?i=1&cc=1985804&wc=M6ZS-5NG%3A264175701%2C264722601%2C265837801,206
486,1859,1859,"Catagrafii cu odnodvorţî din satul Dubăsarii Vechi, judeţul Bender pe anul 1859.","Revision lists of odnodvortsi from the village of Dubăsarii Vechi, Bender county, for the year 1859.","Listes de revision des odnodvorţi du village de Dubăsarii Vechi, comte de Bender, pour l'annee 1859.","Ревизские сказки однодворцев села Дубэсарий Векь, Бендерский уезд, за 1859 год.",,1,2375393,923–932,10,sur,https://www.familysearch.org/ark:/61903/3:1:S3HT-6949-R96?i=1&cc=1985804&wc=M6ZS-RM9%3A264175701%2C264722601%2C265838501,206
487,1859,1859,"Catagrafii cu ţărani din satul Dubăsarii Vechi, judeţul Bender pentru anul 1859.","Revision lists of peasants from the village of Dubăsarii Vechi, Bender county, for the year 1859.","Listes de revision des paysans du village de Dubăsarii Vechi, comte de Bender, pour l'annee 1859.","Ревизские сказки крестьян села Dubăsarii Vechi, Бендерского уезда, за 1859 год.",,1,2375393 · 2375394,935–1016 · 5–114,192,sur,,206
488,1859,1859,"Catagrafii cu ţărani din satul Colbăraşi, judeţul Bender pentru anul 1859.","Revision lists with peasants from the village of Colbăraşi, Bender district, for the year 1859.","Listes de révision des paysans du village de Colbăraşi, district (judeţ) de Bender, pour l'année 1859.","Ревизские сказки о крестьянах села Колбэраши, Бендерский уезд, за 1859 год.",,1,2375394,23–114,92,deduit,https://www.familysearch.org/ark:/61903/3:1:3QS7-99Q9-MNDK?i=1&cc=1985804&wc=M6Z3-ST5%3A264175701%2C264722601%2C265971701,206
489,1859,1859,"Catagrafii cu ţărani din satul Geamăna, judeţul Bender pentru anul 1859.","Revision lists of peasants from the village of Geamăna, Bender county, for the year 1859.","Listes de revision des paysans du village de Geamăna, comte de Bender, pour l'annee 1859.","Ревизские сказки крестьян села Geamăna, Бендерского уезда, за 1859 год.",,1,2375394,117–242,126,sur,https://www.familysearch.org/ark:/61903/3:1:3QS7-99Q9-MF8V?i=1&cc=1985804&wc=M6ZS-PZ3%3A264175701%2C264722601%2C265840001,207
490,1859,1859,"Catagrafii cu ţărani din satele Chircăieşti şi Tănătari, judeţul Bender pentru anul 1859.","Revision lists of peasants from the villages of Chircăieşti and Tănătari, Bender county, for the year 1859.","Listes de revision des paysans des villages de Chircăieşti et Tănătari, judet de Bender, pour l'annee 1859.",Ревизские сказки крестьян сёл Киркэешть и Тэнэтарь Бендерского уезда за 1859 год.,,2,2375394,245–313,69,sur,https://www.familysearch.org/ark:/61903/3:1:3QS7-L9Q9-MXVS?i=1&cc=1985804&wc=M6ZS-RWL%3A264175701%2C264722601%2C265840801,207
491,1859,1859,"Catagrafii cu ţărani din satul Curugica (Fontonouca), judeţul Bender pentru anul 1859.","Revision lists of peasants from the village of Curugica (Fontonouca), Bender county, for the year 1859.","Listes de revision des paysans du village de Curugica (Fontonouca), comte de Bender, pour l'annee 1859.","Ревизские сказки крестьян села Curugica (Fontonouca), Бендерского уезда, за 1859 год.",,1,2375394,316–334,19,sur,https://www.familysearch.org/ark:/61903/3:1:3QS7-89Q9-MXZJ?i=1&cc=1985804&wc=M6ZS-PZQ%3A264175701%2C264722601%2C265841501,207
492,1859,1859,"Catagrafii cu colonişti din colonia Ceadîr-Lunga, judeţul Bender pentru anul 1859.","Revision lists of colonists from the colony of Ceadîr-Lunga, Bender county, for the year 1859.","Listes de revision des colons de la colonie de Ceadîr-Lunga, comte de Bender, pour l'annee 1859.","Ревизские сказки колонистов колонии Чадыр-Лунга, Бендерский уезд, за 1859 год.",,2,2375394,337–525,189,sur,https://www.familysearch.org/ark:/61903/3:1:3QSQ-G9Q9-M6JX?i=1&cc=1985804&wc=M6ZS-PTG%3A264175701%2C264722601%2C265841801,207
493,1859,1866,"Catagrafii cu locuitori din satele Mihailovca şi Tănătari, judeţul Bender pentru anii 1859,1866.","Revision lists with inhabitants of the villages of Mihailovca and Tănătari, Bender county, for the years 1859, 1866.","Listes de revision avec les habitants des villages de Mihailovca et Tănătari, comte de Bender, pour les annees 1859, 1866.","Ревизские сказки жителей сёл Михайловка и Тэнэтарь Бендерского уезда за 1859, 1866 годы.",,2,2375394,528–544,17,sur,https://www.familysearch.org/ark:/61903/3:1:3QSQ-G9Q9-MJ27?i=1&cc=1985804&wc=M6Z3-3MQ%3A264175701%2C264722601%2C265972201,207
494,1859,1859,"Catagrafii cu odnodvorţi din satul Gura Galbenei, judeţul Bender pentru anul 1859.","Revision lists of odnodvortsi from the village of Gura Galbenei, Bender county, for the year 1859.","Listes de revision des odnodvorţi du village de Gura Galbenei, comte de Bender, pour l'annee 1859.","Ревизские сказки однодворцев села Гура Галбеней, Бендерский уезд, за 1859 год.",,1,2375394,547–629,83,sur,https://www.familysearch.org/ark:/61903/3:1:3QS7-99Q9-MJNV?i=1&cc=1985804&wc=M6ZS-5MS%3A264175701%2C264722601%2C265843401,207
495,1859,1869,"Catagrafii cu locuitorii din satul Hagimus, judeţul Bender pentru anii 1859,1864,1867,1869.","Revision lists with the inhabitants of the village of Hagimus, Bender district, for the years 1859, 1864, 1867, 1869.","Listes de révision des habitants du village de Hagimus, district (judeţ) de Bender, pour les années 1859, 1864, 1867, 1869.","Ревизские сказки о жителях села Гаджимус, Бендерский уезд, за 1859, 1864, 1867, 1869 годы.",,1,2375394,555–629,75,deduit,https://www.familysearch.org/ark:/61903/3:1:3QS7-L9Q9-MJLK?i=1&cc=1985804&wc=M6Z3-3ZQ%3A264175701%2C264722601%2C265972401,207
496,1859,1859,"Catagrafii cu ţărani din satul Iordanovca, judeţul Bender pentru anul 1859.","Revision lists of peasants from the village of Iordanovca, Bender county, for the year 1859.","Listes de revision des paysans du village de Iordanovca, comte de Bender, pour l'annee 1859.","Ревизские сказки крестьян села Iordanovca, Бендерского уезда, за 1859 год.",,1,2375394,632–667,36,sur,https://www.familysearch.org/ark:/61903/3:1:3QS7-99Q9-MJ87?i=1&cc=1985804&wc=M6ZS-RNL%3A264175701%2C264722601%2C265843601,207
497,1859,1859,"Catagrafii cu romi (țigani) şerbi din satul Lambrovca, judeţul Bender pentru anul 1859.","Revision lists of serf Roma (gypsies) from the village of Lambrovca, Bender county, for the year 1859.","Listes de revision des Roms (tsiganes) serfs du village de Lambrovca, comte de Bender, pour l'annee 1859.","Ревизские сказки крепостных цыган села Ламбровка, Бендерский уезд, за 1859 год.",,1,2375394,670–678,9,sur,https://www.familysearch.org/ark:/61903/3:1:3QS7-89Q9-MJG3?i=1&cc=1985804&wc=M6ZS-TZ9%3A264175701%2C264722601%2C265843901,208
498,1859,1860,"Catagrafii cu colonişti din colonia Valea Perjei, judeţul Bender pentru anii 1859,1860","Revision lists of colonists from the colony of Valea Perjei, Bender county, for the years 1859, 1860","Listes de revision des colons de la colonie de Valea Perjei, comte de Bender, pour les annees 1859, 1860","Ревизские сказки колонистов колонии Valea Perjei, Бендерский уезд, за 1859, 1860 годы",,1,2375394,681–831,151,sur,https://www.familysearch.org/ark:/61903/3:1:3QS7-99Q9-MN1X?i=1&cc=1985804&wc=M6Z9-F68%3A264175701%2C264722601%2C265454901,208
499,1859,1861,"Catagrafii cu colonişti din colonia Beşalma, judeţul Bender pentru anii 1859,1861.","Revision lists of colonists from the colony of Beşalma, Bender county, for the years 1859, 1861.","Listes de revision des colons de la colonie de Beşalma, comte de Bender, pour les annees 1859, 1861.","Ревизские сказки колонистов колонии Бешалма, Бендерский уезд, за 1859, 1861 годы.",,3,2375394,834–956,123,sur,https://www.familysearch.org/ark:/61903/3:1:3QS7-89Q9-MNZK?i=1&cc=1985804&wc=M6Z9-L6D%3A264175701%2C264722601%2C265504001,208
500,1859,1859,"Catagrafii cu colonişti din colonia Gaidar, districtul Bugeacul de Sus, judeţul Bender pentru anul 1859.","Revision lists of colonists from the colony of Gaidar, Bugeacul de Sus district, Bender county, for the year 1859","Listes de revision des colons de la colonie de Gaidar, district de Bugeacul de Sus, comte de Bender, pour l'annee 1859","Ревизские сказки колонистов колонии Gaidar, округ Bugeacul de Sus, Бендерский уезд, за 1859 год",,3,2375394 · 2375395,959–996 · 4–50,85,sur,https://www.familysearch.org/ark:/61903/3:1:S3HY-X4MK-56?i=1&cc=1985804&wc=M6ZS-RZ9%3A264175701%2C264722601%2C265844101,208
501,1859,1859,"Catagrafii cu colonişti din colonia Romanovca, judeţul Bender pentru anul 1859.","Revision lists of colonists from the colony of Romanovca, Bender county, for the year 1859","Listes de revision des colons de la colonie de Romanovca, comte de Bender, pour l'annee 1859","Ревизские сказки колонистов колонии Romanovca, Бендерский уезд, за 1859 год",,1,2375395,53–168,116,probable,https://www.familysearch.org/ark:/61903/3:1:S3HY-X4MP-6F?i=1&cc=1985804&wc=M6Z3-QMS%3A264175701%2C264722601%2C265962301,208
502,1859,1859,"Catagrafii cu colonişti din colonia Ferapontievca, districtul Bugeacul de Sus, judeţul Bender pentru anul 1859.","Revision lists of colonists from the colony of Ferapontievca, Bugeacul de Sus district, Bender county, for the year 1859","Listes de revision des colons de la colonie de Ferapontievca, district de Bugeacul de Sus, comte de Bender, pour l'annee 1859","Ревизские сказки колонистов колонии Ferapontievca, округ Bugeacul de Sus, Бендерский уезд, за 1859 год",,1,2375395,171–242,72,sur,https://www.familysearch.org/ark:/61903/3:1:S3HY-X4ML-N5?i=1&cc=1985804&wc=M6Z3-3TL%3A264175701%2C264722601%2C265969901,208
503,1859,1859,"Catagrafii cu colonişti din colonia Cioc-Maidan, judeţul Bender pentru anul 1859.","Revision lists of colonists from the colony of Cioc-Maidan, Bender county, for the year 1859.","Listes de revision des colons de la colonie de Cioc-Maidan, comte de Bender, pour l'annee 1859.","Ревизские сказки колонистов колонии Чок-Майдан, Бендерский уезд, за 1859 год.",,1,2375395,245–389,145,sur,https://www.familysearch.org/ark:/61903/3:1:S3HY-X4MP-KH?i=1&cc=1985804&wc=M6ZS-P2S%3A264175701%2C264722601%2C265844801,208
504,1859,1859,"Catagrafii cu colonişti din colonia Chirsova, judeţul Bender pentru anul 1859.","Revision lists of colonists from the colony of Chirsova, Bender county, for the year 1859.","Listes de revision des colons de la colonie de Chirsova, comte de Bender, pour l'annee 1859.","Ревизские сказки колонистов колонии Кирсова, Бендерский уезд, за 1859 год.",,1,2375395,392–602,211,sur,https://www.familysearch.org/ark:/61903/3:1:S3HY-X4MN-ZQ?i=1&cc=1985804&wc=M6Z3-Q38%3A264175701%2C264722601%2C265962901,209
505,1859,1859,"Catagrafii cu colonişti din colonia Baurci, districtul Bugeacul de Sus, judeţul Bender pentru anul 1859.","Revision lists of colonists from the colony of Baurci, Upper Bugeac district, Bender county, for the year 1859.","Listes de revision des colons de la colonie de Baurci, district du Bugeac superieur, comte de Bender, pour l'annee 1859.","Ревизские сказки колонистов колонии Баурчи, Верхнебуджакский округ, Бендерский уезд, за 1859 год.",Bnder · Ismail,3,2375395,605–747,143,sur,https://www.familysearch.org/ark:/61903/3:1:S3HY-X4MG-K5?i=1&cc=1985804&wc=M6ZS-R38%3A264175701%2C264722601%2C265845801,209
506,1859,1859,Catagrafii cu mici burghezi din comunitatea evreiască din oraşul Bălţi pentru anul 1859.,Revision lists of petty bourgeois of the Jewish community of the town of Balti for the year 1859.,Listes de revision des petits bourgeois de la communaute juive de la ville de Balti pour l'annee 1859.,Ревизские сказки мещан еврейской общины города Бельцы за 1859 год.,,1,2375395,750–897,148,sur,https://www.familysearch.org/ark:/61903/3:1:S3HY-X4MK-95?i=1&cc=1985804&wc=M6ZS-52S%3A264175701%2C264722601%2C265846701,209
507,1859,1859,"Catagrafii cu colonişti din coloniile districtului Bugeacul de Sus, judeţul Cahul pentru anul 1859.","Revision lists of colonists from the colonies of the district of Bugeacul de Sus, Cahul county, for the year 1859","Listes de revision des colons des colonies du district de Bugeacul de Sus, comte de Cahul, pour l'annee 1859","Ревизские сказки колонистов колоний округа Bugeacul de Sus, Кагульский уезд, за 1859 год",,16,2375395 · 2375396 · 2375397,900–1015 · 5–1006 · 5–87,1201,sur,https://www.familysearch.org/ark:/61903/3:1:S3HY-X4MJ-4W?i=1&cc=1985804&wc=M6ZS-5M9%3A264175701%2C264722601%2C265847501,209
508,1859,1859,"Catagrafii cu colonişti din coloniile districtului Bugeacul de Sus, judeţul Cahul pentru anul 1859.","Revision lists of colonists from the colonies of the district of Bugeacul de Sus, Cahul county, for the year 1859","Listes de revision des colons des colonies du district de Bugeacul de Sus, comte de Cahul, pour l'annee 1859","Ревизские сказки колонистов колоний округа Bugeacul de Sus, Кагульский уезд, за 1859 год",,11,2375397,90–829,740,sur,https://www.familysearch.org/ark:/61903/3:1:3QS7-L9Q9-971W?i=1&cc=1985804&wc=M6ZS-PZ9%3A264175701%2C264722601%2C265855201,210
509,1859,1868,"Catagrafii cu ţărani din satele judeţului Chişinău pentru anii 1859-1868, 1870,1874.","Revision lists of peasants from the villages of Chişinău county for the years 1859-1868, 1870, 1874.","Listes de revision des paysans des villages du comte de Chişinău pour les annees 1859-1868, 1870, 1874.","Ревизские сказки крестьян сёл Кишинёвского уезда за 1859-1868, 1870, 1874 годы.",,34,2375397,832–1042,211,sur,https://www.familysearch.org/ark:/61903/3:1:3QS7-L9Q9-9W4M?i=1&cc=1985804&wc=M6ZS-PMS%3A264175701%2C264722601%2C265816601,210-211
510,1859,1859,"Catagrafii cu colonişti evrei agricultori din coloniile judeţelor Bender, Chişinău, Orhei şi Soroca pentru anul 1859.","Revision lists of Jewish agricultural colonists from the colonies of Bender, Chişinău, Orhei and Soroca counties, for the year 1859","Listes de revision des colons agriculteurs juifs des colonies des comtes de Bender, Chişinău, Orhei et Soroca, pour l'annee 1859","Ревизские сказки еврейских земледельческих колонистов колоний Бендерского, Кишинёвского, Оргеевского и Сорокского уездов, за 1859 год",,13,2375366,5–801,797,sur,https://www.familysearch.org/ark:/61903/3:1:3QS7-99QM-N9Z6?i=1&cc=1985804&wc=M6ZS-PZS%3A264175701%2C264722601%2C265861101,211
511,1859,1859,"Catagrafii cu romi (țigani) şerbi din satele judeţelor Chişinău, Iaşi, Hotin, Orhei şi Soroca pentru anul 1859.","Revision lists of serf Roma (gypsies) from the villages of Chişinău, Iaşi, Hotin, Orhei and Soroca counties for the year 1859.","Listes de revision des Roms (tsiganes) serfs des villages des comtes de Chişinău, Iaşi, Hotin, Orhei et Soroca pour l'annee 1859.","Ревизские сказки крепостных цыган сёл Кишинёвского, Ясского, Хотинского, Орхейского и Сорокского уездов за 1859 год.",,48,2375366 · 2375367,804–960 · 5–640,793,probable,https://www.familysearch.org/ark:/61903/3:1:3QS7-89QM-N944?i=1&cc=1985804&wc=M6ZS-Z6D%3A264175701%2C264722601%2C265866801,211-212
512,1859,1859,Catagrafii cu romi (țigani) şerbi din satele judeţului Chişinău pentru anul 1859.,Revision lists of serf Roma (gypsies) from the villages of Chişinău county for the year 1859.,Listes de revision des Roms (tsiganes) serfs des villages du comte de Chişinău pour l'annee 1859.,Ревизские сказки крепостных цыган сёл Кишинёвского уезда за 1859 год.,,9,2375367,642–644,3,probable,,212-213
518,1859,1859,Catagrafii cu mici burghezi din societatea moldovenească din oraşul Chişinău pentru anul 1859.,Revision lists of petty bourgeois of the Moldavian society of the town of Chisinau for the year 1859.,Listes de revision des petits bourgeois de la societe moldave de la ville de Chisinau pour l'annee 1859.,Ревизские сказки мещан молдавского общества города Кишинёва за 1859 год.,,1,2375367,646–1056,411,probable,https://www.familysearch.org/ark:/61903/3:1:3QS7-99QM-NCS8?i=1&cc=1985804&wc=M6ZS-YNL%3A264175701%2C264722601%2C265871501,213
519,1859,1859,Catagrafii cu mici burghezi din oraşul Chişinău pentru anul 1859.,Revision lists of petty bourgeois of the town of Chisinau for the year 1859.,Listes de revision des petits bourgeois de la ville de Chisinau pour l'annee 1859.,Ревизские сказки мещан города Кишинёва за 1859 год.,,1,2375368,5–95,91,estime,,213
520,1858,1859,"Catagrafii cu mici burghezi din oraşul Chişinău 1858,1859.","Revision lists of petty bourgeois of the town of Chisinau, 1858,1859.","Listes de revision des petits bourgeois de la ville de Chisinau, 1858,1859.","Ревизские сказки мещан города Кишинёва, 1858,1859.",,1,2375368,96–274,179,estime,,213
521,1859,1859,Catagrafii cu mici burghezi din oraşul Chişinău pentru anul 1859.,Revision lists of petty bourgeois of the town of Chisinau for the year 1859.,Listes de revision des petits bourgeois de la ville de Chisinau pour l'annee 1859.,Ревизские сказки мещан города Кишинёва за 1859 год.,,1,2375368,276–369,94,probable,,213
522,1859,1859,Catagrafii cu negustori din comunitatea evreiască din oraşul Chişinău pentru anul 1859.,Revision lists of merchants of the Jewish community of the town of Chişinău for the year 1859.,Listes de revision des negociants de la communaute juive de la ville de Chişinău pour l'annee 1859.,Ревизские сказки купцов еврейской общины города Кишинёва за 1859 год.,,1,2375368 · 2376259,371–788 · 508–710,621,probable,https://www.familysearch.org/ark:/61903/3:1:3QSQ-G9QM-JPR7?i=1&cc=1985804&wc=M6ZS-BWL%3A264175701%2C264722601%2C265873801,213
524,1859,1859,"Catagrafii cu mici burghezi din societăţile nouă moldoveneşti, orăşeneşti şi armeneşti din oraşul Chişinău pentru anul 1859.","Revision lists of the petty bourgeois (meshchane) of the nine Moldavian, town and Armenian societies of the town of Chisinau for the year 1859","Listes de revision des petits bourgeois des neuf societes moldaves, urbaines et armeniennes de la ville de Chisinau pour l'annee 1859","Ревизские сказки мещан девяти молдавских, городских и армянских обществ города Кишинёв за 1859 год",,2,2375368,790–1054,265,probable,,213
527,1859,1859,Catagrafii cu mici burghezi din societatea evreiască din oraşul Chişinău pentru anul 1859.,Revision lists of petty bourgeois of the Jewish society of the town of Chisinau for the year 1859.,Listes de revision des petits bourgeois de la societe juive de la ville de Chisinau pour l'annee 1859.,Ревизские сказки мещан еврейского общества города Кишинёва за 1859 год.,,5,2375369,5–766,762,deduit,,213-214
528,1859,1859,Catagrafii cu mici burghezi din societatea evreiască din oraşele Chişinău şi Ismail şi din tîrgul Leova pentru anul 1859.,Revision lists of the petty bourgeois (meshchane) of the Jewish society of the towns of Chisinau and Ismail and of the market town of Leova for the year 1859,Listes de revision des petits bourgeois de la societe juive des villes de Chisinau et Ismail et du bourg de Leova pour l'annee 1859,Ревизские сказки мещан еврейского общества городов Кишинёв и Измаил и местечка Леова за 1859 год,,13,2375369 · 2375370,768–1070 · 5–387,686,estime,,214
529,1859,1859,Catagrafii cu mici burghezi din oraşul Chişinău pentru anul 1859.,Revision lists of petty bourgeois of the town of Chisinau for the year 1859.,Listes de revision des petits bourgeois de la ville de Chisinau pour l'annee 1859.,Ревизские сказки мещан города Кишинёва за 1859 год.,,6,2375370 · 2375771,388–1073 · 5–885,1567,estime,,214
530,1858,1859,"Catagrafii cu negustori şi cu mici burghezi din oraşele Ismsil, Chilia, Chişinău şi Orhei şi din tîrgurile Leova, Criuleni, şi Raşcov pentru anii 1858 - 1859.","Revision lists of merchants and petty bourgeois of the towns of Ismail, Chilia, Chişinău and Orhei and of the market towns of Leova, Criuleni and Raşcov for the years 1858-1859.","Listes de revision des negociants et des petits bourgeois des villes d'Ismail, de Chilia, de Chişinău et d'Orhei et des bourgs de Leova, Criuleni et Raşcov pour les annees 1858-1859.","Ревизские сказки купцов и мещан городов Измаила, Килии, Кишинёва и Орхея и местечек Леова, Криулени и Рашков за 1858-1859 годы.",Orhei · Soroca,7,2375771,888–921,34,sur,https://www.familysearch.org/ark:/61903/3:1:3QS7-99QM-KR?i=1&cc=1985804&wc=M6ZS-YNG%3A264175701%2C264722601%2C265891301,214-215
532,1859,1859,"Catagrafii cu locuitori din oraşele Bender, Chişinău, Orhei şi Soroca şi cu colonişti din satele judeţelor Akkerman, Bender, Chişinău, Orhei şi Soroca pentru anul 1859.","Revision lists with inhabitants of the cities of Bender, Chişinău, Orhei and Soroca and with colonists from the villages of Akkerman, Bender, Chişinău, Orhei and Soroca counties for the year 1859.","Listes de revision avec les habitants des villes de Bender, Chişinău, Orhei et Soroca et avec les colons des villages des comtes d'Akkerman, Bender, Chişinău, Orhei et Soroca pour l'annee 1859.","Ревизские сказки жителей городов Бендеры, Кишинёв, Орхей и Сорока и колонистов сёл Аккерманского, Бендерского, Кишинёвского, Орхейского и Сорокского уездов за 1859 год.",Akkerman · Bender · Chişinău · Hotin · Iaşi · Orhei · Soroca,51,2375771,924–1083,160,sur,https://www.familysearch.org/ark:/61903/3:1:3QS7-L9QM-V93H-L?i=1&cc=1985804&wc=M6ZS-BWG%3A264175701%2C264722601%2C265891701,215-216
533,1859,1859,"Catagrafii cu negustori, cu mici burghezi şi cu meşteşugari din oraşul Chişinău pentru anul 1859.","Revision lists of merchants, petty bourgeois and craftsmen of the town of Chişinău for the year 1859.","Listes de revision des negociants, des petits bourgeois et des artisans de la ville de Chişinău pour l'annee 1859.","Ревизские сказки купцов, мещан и ремесленников города Кишинёва за 1859 год.",,4,2375772,1007–1116,110,sur,https://www.familysearch.org/ark:/61903/3:1:3QS7-L9QM-2XHW?i=1&cc=1985804&wc=M6ZS-B29%3A264175701%2C264722601%2C265892701,216
534,1859,1859,Catagrafii cu dvoreni din satele judeţului Orhei pentru anul 1859.,Revision lists of the dvoreni (nobility) of the villages of Orhei county for the year 1859.,Listes de revision des dvoreni (noblesse) des villages du comte d'Orhei pour l'annee 1859.,Ревизские сказки дворян сёл Орхейского уезда за 1859 год.,,23,2375773,709–820,112,sur,https://www.familysearch.org/ark:/61903/3:1:3QSQ-G9QM-JYBW?i=1&cc=1985804&wc=M6ZS-6Z9%3A264175701%2C264722601%2C265745501,216-217
535,1859,1859,"Catagrafii cu negustori şi mici burghezi din oraşele Orhei, Chişinău, Ismail Cahul şi Bender pentru anul 1859.","Revision lists of merchants and petty bourgeois of the towns of Orhei, Chişinău, Ismail, Cahul and Bender for the year 1859.","Listes de revision des negociants et des petits bourgeois des villes d'Orhei, de Chişinău, d'Ismail, de Cahul et de Bender pour l'annee 1859.","Ревизские сказки купцов и мещан городов Орхея, Кишинёва, Измаила, Кагула и Бендер за 1859 год.",,7,2375773,823–1014,192,sur,https://www.familysearch.org/ark:/61903/3:1:3QS7-L9QM-J9M3-D?i=1&cc=1985804&wc=M6ZS-TTG%3A264175701%2C264722601%2C265893301,217
536,1859,1859,Catagrafii cu mici burghezi din comunitatea evreiască din oraşul Orhei şi din tîrgurile judeţului Orhei pentru anul 1859.,Revision lists of petty bourgeois of the Jewish community of the town of Orhei and of the market towns of Orhei county for the year 1859.,Listes de revision des petits bourgeois de la communaute juive de la ville d'Orhei et des bourgs du comte d'Orhei pour l'annee 1859.,Ревизские сказки мещан еврейской общины города Оргеева и местечек Оргеевского уезда за 1859 год.,,8,2375773 · 2375774,1017–1074 · 5–380,434,sur,https://www.familysearch.org/ark:/61903/3:1:3QS7-L9QM-JKTP?i=1&cc=1985804&wc=M6ZS-DWL%3A264175701%2C264722601%2C265746001,217-218
537,1858,1859,"Catagrafii cu ţărani, cu dvoreni şi cu odnodvorţî din oraşul Orhei şi din satele judeţului Orhei pentru anii 1858,1859,1874,1880.","Revision lists of peasants, dvoreni (nobility) and odnodvortsy from the town of Orhei and the villages of Orhei county, for the years 1858, 1859, 1874, 1880.","Listes de revision des tarani (paysans), dvoreni (noblesse) et odnodvorţi de la ville d'Orhei et des villages du judet d'Orhei, pour les annees 1858, 1859, 1874, 1880.","Ревизские сказки крестьян, дворян и однодворцев города Орхей и сел Орхейского уезда, за 1858, 1859, 1874, 1880 годы.",,70,2375774,383–755,373,sur,https://www.familysearch.org/ark:/61903/3:1:3QSQ-G9QM-JV61?i=1&cc=1985804&wc=M6Z9-NM9%3A264175701%2C264722601%2C265480101,218-219
538,1859,1859,"Catagrafii cu odnodvorţi din satul Olişcani, judeţul Orhei pentru anul 1859.","Revision lists of odnodvortsi from the village of Olişcani, Orhei county, for the year 1859.","Listes de revision des odnodvorţi du village d'Olişcani, comte d'Orhei, pour l'annee 1859.","Ревизские сказки однодворцев села Олишкань, Орхейский уезд, за 1859 год.",,1,2375774,758–795,38,sur,https://www.familysearch.org/ark:/61903/3:1:3QSQ-G9QM-J2V5?i=1&cc=1985804&wc=M6ZS-T23%3A264175701%2C264722601%2C265895201,219
539,1859,1859,"Catagrafii cu colonişti din colonia Chiriutnea, districtul Bugeacul de Sus pentru anul 1859","Revision lists of colonists from the colony of Chiriutnea, Upper Bugeac district, for the year 1859.","Listes de revision des colons de la colonie de Chiriutnea, district du Bugeac superieur, pour l'annee 1859.","Ревизские сказки колонистов колонии Кириутня, Верхнебуджакский округ, за 1859 год.",,1,2375774,798–917,120,sur,https://www.familysearch.org/ark:/61903/3:1:3QS7-L9QM-JKD3?i=1&cc=1985804&wc=M6ZS-1WL%3A264175701%2C264722601%2C265895701,220
540,1859,1859,Catagrafii cu locuitorii satelor din judeţul Akkerman pentru anul 1859.,Revision lists of the inhabitants of the villages of Akkerman county for the year 1859.,Listes de revision des habitants des villages du judet d'Akkerman pour l'annee 1859.,Ревизские сказки жителей сёл Аккерманского уезда за 1859 год.,,24,2375774 · 2375775 · 2375776 · 2375777,920–998 · 5–1146 · 5–1167 · 5–298,2678,sur,https://www.familysearch.org/ark:/61903/3:1:3QS7-89QM-JKLL?i=1&cc=1985804&wc=M6ZS-YM9%3A264175701%2C264722601%2C265896701,220
541,1859,1859,Catagrafii cu locuitori din satele judeţelor Soroca şi Iaşi pentru anul 1859.,Revision lists with inhabitants of the villages of Soroca and Iaşi counties for the year 1859.,Listes de revision avec les habitants des villages des comtes de Soroca et de Iaşi pour l'annee 1859.,Ревизские сказки жителей сёл Сорокского и Ясского уездов за 1859 год.,,4,2375777,301–589,289,sur,https://www.familysearch.org/ark:/61903/3:1:3QS7-L9QM-2ZJ5?i=1&cc=1985804&wc=M6ZS-BM9%3A264175701%2C264722601%2C265911601,220
542,1856,1880,"Catagrafii suplimentare cu ţărani, cu odnodvorţi, cu dvoreni, cu mici burghezi şi cu negustori din oraşul Soroca şi din satele judeţelor Akkerman, Hotin, Iaşi, Orhei şi Soroca pentru anii 1856-1880.","Supplementary revision lists of peasants, of odnodvortsy, of nobility (dvoreni), of petty bourgeois and of merchants from the town of Soroca and from the villages of Akkerman, Hotin, Iasi, Orhei and Soroca counties, for the years 1856-1880","Listes de revision supplementaires des paysans, des odnodvortsy, de la noblesse (dvoreni), des petits bourgeois et des negociants de la ville de Soroca et des villages des comtes d'Akkerman, Hotin, Iasi, Orhei et Soroca, pour les annees 1856-1880","Дополнительные ревизские сказки крестьян, однодворцев, дворян, мещан и купцов города Сороки и сел Аккерманского, Хотинского, Ясского, Оргеевского и Сорокского уездов за 1856-1880 годы",Hotin · Iaşi,51,2375777 · 2375778,592–1144 · 5–228,777,sur,https://www.familysearch.org/ark:/61903/3:1:3QS7-L9QM-2CNT?i=1&cc=1985804&wc=M6Z3-3P8%3A264175701%2C264722601%2C265990201,220-222
543,1858,1859,"Catagrafii cu ţărani şi cu odnodvorţi din satele judeţului Soroca, litera P pentru anii 1858-1859.","Revision lists of peasants and odnodvortsy from the villages of Soroca county, letter P, for the years 1858-1859.","Listes de revision des tarani (paysans) et odnodvorţi des villages du judet de Soroca, lettre P, pour les annees 1858-1859.","Ревизские сказки крестьян и однодворцев сел Сорокского уезда, буква P, за 1858-1859 годы.",,8,2375778,231–880,650,sur,https://www.familysearch.org/ark:/61903/3:1:3QS7-89QM-2LXH?i=1&cc=1985804&wc=M6ZS-D68%3A264175701%2C264722601%2C265747001,222
545,1858,1859,"Catagrafii cu ţărani şi cu odnodvorţi din satele judeţului Soroca, litera C pentru anul 1858-1859.","Revision lists of peasants and odnodvortsy from the villages of Soroca county, letter C, for the year 1858-1859.","Listes de revision des tarani (paysans) et odnodvorţi des villages du judet de Soroca, lettre C, pour l'annee 1858-1859.","Ревизские сказки крестьян и однодворцев сел Сорокского уезда, буква C, за 1858-1859 год.",,3,2375778,883–1124,242,sur,https://www.familysearch.org/ark:/61903/3:1:3QS7-89QM-2G6P?i=1&cc=1985804&wc=M6ZS-DP8%3A264175701%2C264722601%2C265754001,222
546,1859,1859,Catagrafie cu ţăranii satului Cobîlea Veche (Cobîlnea Veche) din judeţul Soroca pentru anul 1859.,"Revision list of the peasants of the village of Cobîlea Veche (Cobîlnea Veche), Soroca county, for the year 1859.","Liste de revision des paysans du village de Cobîlea Veche (Cobîlnea Veche), comte de Soroca, pour l'annee 1859.","Ревизская сказка крестьян села Кобылня Веке (Кобылня Веке), Сорокский уезд, за 1859 год.",,1,2375779,5–30,26,sur,https://www.familysearch.org/ark:/61903/3:1:3QS7-L9Q9-7SLG?i=1&cc=1985804&wc=M6ZS-BMS%3A264175701%2C264722601%2C265913501,222
547,1859,1859,"Catagrafii cu negustori şi cu mici burghezi evrei din oraşul Soroca. Liste nominale de mici burghezi evrei cu gospodărie separată din tîrgurile Raşcov şi Otaci, judeţul Soroca pentru anul 1859.","Revision lists of merchants and Jewish petty bourgeois of the town of Soroca. Nominal lists of Jewish petty bourgeois with separate households from the market towns of Raşcov and Otaci, Soroca county, for the year 1859.","Listes de revision des negociants et des petits bourgeois juifs de la ville de Soroca. Listes nominatives des petits bourgeois juifs ayant un menage separe des bourgs de Raşcov et d'Otaci, comte de Soroca, pour l'annee 1859.","Ревизские сказки купцов и еврейских мещан города Сороки. Именные списки еврейских мещан, имеющих отдельное хозяйство, местечек Рашков и Отачи Сорокского уезда за 1859 год.",,4,2375779,33–664,632,sur,https://www.familysearch.org/ark:/61903/3:1:3QS7-89Q9-7S1D?i=1&cc=1985804&wc=M6ZS-YWL%3A264175701%2C264722601%2C265913801,222-223
548,1858,1859,"Catagrafii cu ţărani şi cu odnodvorţi din satele judeţului Hotin, literele N-O-P pentru anii 1858-1859.","Revision lists of peasants and odnodvortsy from the villages of Hotin county, letters N-O-P, for the years 1858-1859.","Listes de revision des paysans et des odnodvortsy des villages du comte de Hotin, lettres N-O-P, pour les annees 1858-1859.","Ревизские сказки крестьян и однодворцев сел Хотинского уезда, буквы Н-О-П, за 1858-1859 годы.",,19,2375779 · 2375780,667–1106 · 5–707,1143,sur,https://www.familysearch.org/ark:/61903/3:1:3QS7-89Q9-734Z?i=1&cc=1985804&wc=M6ZS-DZ9%3A264175701%2C264722601%2C265755701,223
549,1858,1859,"Catagrafii cu ţărani din satele judeţului Hotin, literele D-E-Z pentru anii 1858,1859.","Revision lists of peasants from the villages of Hotin county, letters D-E-Z, for the years 1858, 1859.","Listes de revision des paysans des villages du comte de Hotin, lettres D-E-Z, pour les annees 1858, 1859.","Ревизские сказки крестьян сёл Хотинского уезда, буквы D-E-Z, за 1858, 1859 годы.",,10,2375780 · 2375781,710–1072 · 5–414,773,sur,https://www.familysearch.org/ark:/61903/3:1:3QS7-89QM-N3H3?i=1&cc=1985804&wc=M6ZS-FM9%3A264175701%2C264722601%2C265758101,223
550,1858,1859,"Catagrafii cu ţărani din satele judeţului Hotin, litera K pentru anii 1858,1859.","Revision lists of peasants from the villages of Hotin county, letter K, for the years 1858, 1859.","Listes de revision des paysans des villages du comte de Hotin, lettre K, pour les annees 1858, 1859.","Ревизские сказки крестьян сёл Хотинского уезда, буква K, за 1858, 1859 годы.",,8,2375781 · 2375782,417–1100 · 5–241,921,sur,https://www.familysearch.org/ark:/61903/3:1:3QSQ-G9QM-JR2T?i=1&cc=1985804&wc=M6ZS-F29%3A264175701%2C264722601%2C265759301,224
551,1859,1859,Catagrafii cu negustori şi cu mici burghezi ai comunităţii de evrei din oraşul Hotin pentru anul 1859.,Revision lists of merchants and petty bourgeois of the Jewish community of the town of Hotin for the year 1859.,Listes de revision des negociants et des petits bourgeois de la communaute juive de la ville de Hotin pour l'annee 1859.,Ревизские сказки купцов и мещан еврейской общины города Хотина за 1859 год.,,2,2375782,244–637,394,sur,https://www.familysearch.org/ark:/61903/3:1:3QSQ-G9QM-KYD5?i=1&cc=1985804&wc=M6ZS-YP8%3A264175701%2C264722601%2C265916601,224
552,1859,1859,"Catagrafii cu mici burghezi ai comunităţii de evrei din tîrgul Briceni, judeţul Hotin pentru anul 1859.","Revision lists of petty bourgeois of the Jewish community from the market town of Briceni, Hotin county, for the year 1859.","Listes de revision des petits bourgeois de la communaute juive du bourg de Briceni, comte de Hotin, pour l'annee 1859.","Ревизские сказки мещан еврейской общины местечка Бричаны, Хотинского уезда, за 1859 год.",,2,2375782,640–1022,383,sur,https://www.familysearch.org/ark:/61903/3:1:3QS7-89QM-K1KJ?i=1&cc=1985804&wc=M6ZS-B38%3A264175701%2C264722601%2C265919001,224
553,1859,1859,"Catagrafii cu mici burghezi ai comunităţii de evrei din tîrgul Lipcani, judeţul Hotin pentru anul 1859.","Revision lists of petty bourgeois of the Jewish community from the market town of Lipcani, Hotin county, for the year 1859.","Listes de revision des petits bourgeois de la communaute juive du bourg de Lipcani, comte de Hotin, pour l'annee 1859.","Ревизские сказки мещан еврейской общины местечка Липканы, Хотинского уезда, за 1859 год.",,1,2375782 · 2375783,1025–1052 · 5–119,143,sur,https://www.familysearch.org/ark:/61903/3:1:3QSQ-G9QM-KY66?i=1&cc=1985804&wc=M6ZS-B68%3A264175701%2C264722601%2C265920801,224
554,1859,1859,"Catagrafii cu ţăranii de stat din satul Costiceni, judeţul Hotin pentru anul 1859.","Revision lists of state peasants from the village of Costiceni, Hotin county, for the year 1859.","Listes de revision des paysans d'Etat du village de Costiceni, judet de Hotin, pour l'annee 1859.","Ревизские сказки государственных крестьян села Костичень, Хотинского уезда, за 1859 год.",,1,2375783,122–161,40,sur,https://www.familysearch.org/ark:/61903/3:1:3QSQ-G9QM-V9SC-H?i=1&cc=1985804&wc=M6ZS-BP8%3A264175701%2C264722601%2C265921401,224
556,1859,1871,"Catagrafii cu ţărani, cu mici burghezi şi cu odnodvorţi din oraşul Bălţi şi din satele judeţului Iaşi pentru anii 1859-1871.","Revision lists of peasants, petty bourgeois and odnodvortsy from the town of Bălţi and the villages of Iaşi county, for the years 1859-1871.","Listes de revision des tarani (paysans), petits bourgeois et odnodvorţi de la ville de Bălţi et des villages du judet de Iaşi, pour les annees 1859-1871.","Ревизские сказки крестьян, мещан и однодворцев города Бельцы и сел Ясского уезда, за 1859-1871 годы.",,52,2375783,164–404,241,probable,https://www.familysearch.org/ark:/61903/3:1:3QS7-99QM-V99X-K?i=1&cc=1985804&wc=M6Z3-329%3A264175701%2C264722601%2C265975201,224-226
557,1858,1862,"Catagrafii cu mici burghezi, cu negustori, cu meşteşugari şi cu odnodvorţi din comunităţile de armeni, de bulgari şi de moldoveni din oraşele Chilia, Chişinău şi Ismail, din colonia Bolgrad, din satele judeţelor Bender şi Chişinău pentru anii 1858-1862.","Revision lists of petty bourgeois, merchants, craftsmen and odnodvortsy of the communities of Armenians, Bulgarians and Moldavians of the towns of Chilia, Chişinău and Ismail, of the colony of Bolgrad, and of the villages of Bender and Chişinău counties for the years 1858-1862.","Listes de revision des petits bourgeois, des negociants, des artisans et des odnodvortsy des communautes d'Armeniens, de Bulgares et de Moldaves des villes de Chilia, de Chişinău et d'Ismail, de la colonie de Bolgrad, et des villages des comtes de Bender et de Chişinău pour les annees 1858-1862.","Ревизские сказки мещан, купцов, ремесленников и однодворцев общин армян, болгар и молдаван городов Килии, Кишинёва и Измаила, колонии Болград, сёл Бендерского и Кишинёвского уездов за 1858-1862 годы.",,12,2375783 · 2375784,407–1046 · 5–185,821,sur,https://www.familysearch.org/ark:/61903/3:1:3QS7-L9QM-V9QS-L?i=1&cc=1985804&wc=M6ZS-2WL%3A264175701%2C264722601%2C265809301,226
558,1860,1862,"Catagrafii cu mici burghezi din comunitatea nouă de moldoveni din oraşul Chişinău pentru anii 1860-1862,1872-1875,1878.","Revision lists of petty bourgeois of the new Moldavian community of the town of Chisinau for the years 1860-1862,1872-1875,1878.","Listes de revision des petits bourgeois de la nouvelle communaute moldave de la ville de Chisinau pour les annees 1860-1862,1872-1875,1878.","Ревизские сказки мещан новой молдавской общины города Кишинёва за 1860-1862,1872-1875,1878 годы.",,1,2375784,188–254,67,sur,https://www.familysearch.org/ark:/61903/3:1:3QS7-99QM-252P?i=1&cc=1985804&wc=M6Z3-S27%3A264175701%2C264722601%2C265988901,226
559,1862,1862,"Lista alfabetică a secţiei de catagrafii a subdiviziunii nr. 2 (masa, biroul nr. 2) din oraşul Chişinău pentru anul 1862.","Alphabetical list of the revision lists section of subdivision no. 2 (desk, office no. 2) from the town of Chisinau, for the year 1862","Liste alphabetique de la section des listes de revision de la subdivision n° 2 (table, bureau n° 2) de la ville de Chisinau, pour l'annee 1862","Алфавитный список ревизского отделения подотдела № 2 (стол, бюро № 2) города Кишинёва за 1862 год",,1,2375784,257–303,47,sur,https://www.familysearch.org/ark:/61903/3:1:3QS7-99QM-2Y2J?i=1&cc=1985804&wc=M6Z3-7M9%3A264175701%2C264722601%2C265994701,226
560,1858,1880,"Catagrafii cu mici burghezi, cu colonişti, cu şleahtici, cu ţărani de stat, cu mici burghezi din comunităţile de maloruşi, de moldoveni şi de supuşi străini din oraşul Bender şi din satele judeţului Bender pentru anii 1858,1862-1866,1870-1872,1880.","Revision lists of petty bourgeois, colonists, szlachta, state peasants, and petty bourgeois of the communities of Little Russians, Moldavians and foreign subjects of the town of Bender and of the villages of Bender county for the years 1858, 1862-1866, 1870-1872, 1880.","Listes de revision des petits bourgeois, des colons, de la szlachta, des paysans d'Etat et des petits bourgeois des communautes de petits-russiens, de moldaves et de sujets etrangers de la ville de Bender et des villages du comte de Bender pour les annees 1858, 1862-1866, 1870-1872, 1880.","Ревизские сказки мещан, колонистов, шляхтичей, государственных крестьян и мещан общин малороссиян, молдаван и иностранных подданных города Бендеры и сёл Бендерского уезда за 1858, 1862-1866, 1870-1872, 1880 годы.",,34,2375784 · 2375785,306–1006 · 5–191,888,sur,https://www.familysearch.org/ark:/61903/3:1:3QSQ-G9QM-2YBZ?i=1&cc=1985804&wc=M6CT-GNG%3A264175701%2C264722601%2C264181101,226-227
561,1860,1878,"Catagrafii cu mici burghezi, cu meşteşugari, cu membri ai comunităţilor de velicoruşi, de moldoveni, de romi (țigani), de armeni, de greci şi de bulgari din oraşele Akkerman, Chişinău şi Soroca şi din satele judeţelor Bender, Chişinău, Hotin, Orhei, Herson şi Cernigov pentru anii 1860-1878.","Revision lists of petty bourgeois, craftsmen, members of the communities of Great Russians, Moldavians, Roma (Gypsies), Armenians, Greeks and Bulgarians of the towns of Akkerman, Chişinău and Soroca and of the villages of Bender, Chişinău, Hotin, Orhei, Herson and Chernigov counties for the years 1860-1878.","Listes de revision des petits bourgeois, des artisans, des membres des communautes de grands-russiens, de moldaves, de roms (tsiganes), d'Armeniens, de Grecs et de Bulgares des villes d'Akkerman, de Chişinău et de Soroca et des villages des comtes de Bender, Chişinău, Hotin, Orhei, Herson et Tchernigov pour les annees 1860-1878.","Ревизские сказки мещан, ремесленников, членов общин великороссиян, молдаван, ромов (цыган), армян, греков и болгар городов Аккермана, Кишинёва и Сороки и сёл Бендерского, Кишинёвского, Хотинского, Орхейского, Херсонского и Черниговского уездов за 1860-1878 годы.",,32,2375785 · 2375786,194–1032 · 5–834,1669,estime,https://www.familysearch.org/ark:/61903/3:1:3QSQ-G9QS-VNLZ?i=1&cc=1985804&wc=M6Z3-3M9%3A264175701%2C264722601%2C265995601,227-228
562,1858,1860,"Catagrafii cu persoane clasate conform directivelor Palatei de stat a Basarabiei la mici burghezi, la şleahtici, la maloruşi, la foşti supuşi ai Moldovei şi la dvoreni din oraşele Bender, Chişinău şi Hotin şi din satele judeţului Bender pentru anii 1858,1860,1862,1864-1874.","Revision lists of persons classified according to the directives of the State Chamber of Bessarabia as petty bourgeois, as szlachta, as Little Russians, as former subjects of Moldavia and as dvoreni (nobility), from the towns of Bender, Chişinău and Hotin and from the villages of Bender county for the years 1858, 1860, 1862, 1864-1874.","Listes de revision des personnes classees selon les directives de la Chambre d'Etat de Bessarabie comme petits bourgeois, comme szlachta, comme Petits-Russiens, comme anciens sujets de Moldavie et comme dvoreni (noblesse), des villes de Bender, Chişinău et Hotin et des villages du comte de Bender pour les annees 1858, 1860, 1862, 1864-1874.","Ревизские сказки лиц, отнесённых по указаниям Бессарабской государственной палаты к мещанам, к шляхтичам, к малороссам, к бывшим молдавским подданным и к дворянам, городов Бендеры, Кишинёв и Хотин и сёл Бендерского уезда за 1858, 1860, 1862, 1864-1874 годы.",,5,2375786 · 2375787,835–1067 · 5–409,638,estime,,228
563,1867,1867,"Lista alfabetică a secţiei de catagrafii a subdiviziunii nr. 1 (masa, biroul nr. 1) a Palatei de stat a Basarabiei pentru anul 1867.","Alphabetical list of the revision lists section of subdivision no. 1 (desk, office no. 1) of the State Chamber of Bessarabia, for the year 1867","Liste alphabetique de la section des listes de revision de la subdivision n° 1 (table, bureau n° 1) de la Chambre d'Etat de Bessarabie, pour l'annee 1867","Алфавитный список ревизского отделения подотдела № 1 (стол, бюро № 1) Бессарабской казённой палаты за 1867 год",,0,2375787,412–552,141,sur,https://www.familysearch.org/ark:/61903/3:1:3QS7-L9QM-VDV?i=1&cc=1985804&wc=M6Z3-QM9%3A264175701%2C264722601%2C266006601,
564,1871,1871,Lista alfabetică a secţiei de catagrafii a Palatei de stat a Basarabiei pentru anul 1871.,"Alphabetical list of the revision lists section of the State Chamber of Bessarabia, for the year 1871","Liste alphabetique de la section des listes de revision de la Chambre d'Etat de Bessarabie, pour l'annee 1871",Алфавитный список ревизского отделения Бессарабской казённой палаты за 1871 год,,0,2375787,555–585,31,sur,https://www.familysearch.org/ark:/61903/3:1:3QS7-L9QM-V3PL?i=1&cc=1985804&wc=M6Z3-3N5%3A264175701%2C264722601%2C266006801,
565,1874,1874,Lista alfabetică a secţiei de catagrafii a biroului (mesei) nr. 1 a Palatei de stat a Basarabiei pentru anul 1874.,"Alphabetical list of the revision lists section, desk (office) no. 1 of the State Chamber of Bessarabia, for the year 1874","Liste alphabetique de la section des listes de revision, bureau (table) n° 1 de la Chambre d'Etat de Bessarabie, pour l'annee 1874","Алфавитный список ревизского отделения, стола (бюро) № 1 Бессарабской казённой палаты за 1874 год",,0,2375787,588–620,33,sur,https://www.familysearch.org/ark:/61903/3:1:3QSQ-G9QM-V3L4?i=1&cc=1985804&wc=M6Z3-HWL%3A264175701%2C264722601%2C266010401,
566,1874,1874,Lista alfabetică a secţiei de catagrafii a biroului (mesei) nr. 2 a Palatei de stat a Basarabiei pentru anul 1874.,"Alphabetical list of the revision lists section, desk (office) no. 2 of the State Chamber of Bessarabia, for the year 1874","Liste alphabetique de la section des listes de revision, bureau (table) n° 2 de la Chambre d'Etat de Bessarabie, pour l'annee 1874","Алфавитный список ревизского отделения, стола (бюро) № 2 Бессарабской казённой палаты за 1874 год",,0,2375787,623–651,29,sur,https://www.familysearch.org/ark:/61903/3:1:3QSQ-G9QM-V3PP?i=1&cc=1985804&wc=M6Z3-HWG%3A264175701%2C264722601%2C266010502,
567,1875,1875,"Lista evreilor înscrişi la recensămînt în tîrgul Teleneşti, sectorul (circumscripţia) nr. 2 a judeţului Orhei pentru anul 1875.","List of Jews registered in the census in the market town of Telenesti, sector (district) no. 2 of Orhei county, for the year 1875","Liste des juifs inscrits au recensement dans le bourg de Telenesti, secteur (circonscription) n° 2 du comte d'Orhei, pour l'annee 1875","Список евреев, внесённых в перепись в местечке Теленешты, участок (округ) № 2 Оргеевского уезда за 1875 год",,1,2375787,654–696,43,sur,https://www.familysearch.org/ark:/61903/3:1:3QS7-99QM-V3VT?i=1&cc=1985804&wc=M6Z3-W38%3A264175701%2C264722601%2C266015501,229
568,1875,1875,Lista evreilor înscrişi la recensămînt de către biroul (masa) nr. 2 a judeţului Soroca pentru anul 1875.,"List of Jews registered in the census by desk (office) no. 2 of Soroca county, for the year 1875","Liste des juifs inscrits au recensement par le bureau (table) n° 2 du comte de Soroca, pour l'annee 1875","Список евреев, внесённых в перепись по столу (бюро) № 2 Сорокского уезда за 1875 год",,1,2375787,699–728,30,sur,https://www.familysearch.org/ark:/61903/3:1:3QS7-L9QM-V3HX?i=1&cc=1985804&wc=M6Z3-W68%3A264175701%2C264722601%2C266015601,229
569,1875,1875,"Lista evreilor înscrişi la recensămînt în tîrgul Tuzara, -Călăraşi a sectorului (circumscripţiei) nr. 2 a judeţului Orhei pentru anul 1875.","List of Jews registered in the census in the market town of Tuzara-Calarasi, sector (district) no. 2 of Orhei county, for the year 1875","Liste des juifs inscrits au recensement dans le bourg de Tuzara-Calarasi, secteur (circonscription) n° 2 du comte d'Orhei, pour l'annee 1875","Список евреев, внесённых в перепись в местечке Тузара-Кэлэрашь, участок (округ) № 2 Оргеевского уезда за 1875 год",,1,2375787,731–755,25,sur,https://www.familysearch.org/ark:/61903/3:1:3QS7-L9QM-V37P?i=1&cc=1985804&wc=M6Z3-WZ9%3A264175701%2C264722601%2C266015801,229
570,1875,1875,Lista alfabetică a biroului (mesei) nr. 2 a secţiei de catagrafii a Palatei de stat a Basarabiei pentru anul 1875.,Alphabetical list of desk (stol) no. 2 of the revision-lists section of the State Chamber (Palata) of Bessarabia for the year 1875,Liste alphabetique du bureau (table) n° 2 de la section des listes de revision de la Chambre d'Etat (Palata) de Bessarabie pour l'annee 1875,Алфавитный список стола № 2 ревизского отделения Бессарабской казённой палаты за 1875 год,,1,2375787,758–786,29,deduit,https://www.familysearch.org/ark:/61903/3:1:3QSQ-G9QM-V3ZW?i=1&cc=1985804&wc=M6Z3-WZS%3A264175701%2C264722601%2C266015901,229
571,1875,1875,"Lista alfabetică a evreilor de gen masculin înscrişi la recensămînt la sectorul (circumscripţia) nr. 2 a tîrgului Făleşti, judeţul Iaşi pentru anul 1875.","Alphabetical list of male Jews registered in the census in sector (district) no. 2 of the market town of Falesti, Iasi county, for the year 1875","Liste alphabetique des juifs de sexe masculin inscrits au recensement dans le secteur (circonscription) n° 2 du bourg de Falesti, comte de Iasi, pour l'annee 1875","Алфавитный список евреев мужского пола, внесённых в перепись по участку (участку) № 2 местечка Фалешты Ясского уезда за 1875 год",,1,2375787,789–879,91,probable,https://www.familysearch.org/ark:/61903/3:1:3QSQ-G9QM-V3D6?i=1&cc=1985804&wc=M6Z3-7TL%3A264175701%2C264722601%2C266016001,230
572,1881,1881,"Lista familiilor de mici burghezi din oraşul Bender, literele R-S-T pentru anul 1881","List of petty bourgeois families from the town of Bender, letters R-S-T, for the year 1881","Liste des familles de petits bourgeois de la ville de Bender, lettres R-S-T, pour l'annee 1881","Список семей мещан города Бендеры, буквы Р-С-Т, за 1881 год",,5,2375787 · 2375788,882–1045 · 4–877,1038,sur,https://www.familysearch.org/ark:/61903/3:1:S3HY-D4B9-TKT?i=1&cc=1985804&wc=M6ZS-229%3A264175701%2C264722601%2C265817001,230
573,1885,1886,"Lista familiilor de mici burghezi din oraşul Bender, literele P-R pentru anii 1885, 1886.","List of petty bourgeois families from the town of Bender, letters P-R, for the years 1885, 1886","Liste des familles de petits bourgeois de la ville de Bender, lettres P-R, pour les annees 1885, 1886","Список семей мещан города Бендеры, буквы П-Р, за 1885, 1886 годы",,3,2375788 · 2376246,880–1084 · 5–568,769,sur,https://www.familysearch.org/ark:/61903/3:1:S3HY-D4B9-RBZ?i=1&cc=1985804&wc=M6Z3-CMS%3A264175701%2C264722601%2C266031401,230
574,1824,1836,Lista alfabetică a biroului (mesei) nr. 2 a secţiei de catagrafii a Palatei de stat a Basarabiei pentru anii 1824-1836.,"Alphabetical list of desk (office) no. 2 of the revision lists section of the State Chamber of Bessarabia, for the years 1824-1836","Liste alphabetique du bureau (table) n° 2 de la section des listes de revision de la Chambre d'Etat de Bessarabie, pour les annees 1824-1836",Алфавитный список стола (бюро) № 2 ревизского отделения Бессарабской казённой палаты за 1824-1836 годы,,1,2376246,571–863,293,sur,https://www.familysearch.org/ark:/61903/3:1:3QS7-99QM-2YM9?i=1&cc=1985804&wc=M6CB-D68%3A264175701%2C264722601%2C264808101,230
575,1834,1836,"Catagrafii suplimentare cu membri ai comunităţilor de velicoruşi, de maloruşi, de şleahtici, de moldoveni, de greci şi de evrei din oraşul Akkerman şi din suburbiile oraşului Akkerman-Camenîi Most (Podul de Piatră), Crivda, Popuşoi şi Şabo pentru anii1834-1836.","Supplementary revision lists of members of the communities of Great Russians, Little Russians, szlachta (Polish nobility), Moldavians, Greeks and Jews from the town of Akkerman and from the suburbs of Akkerman-Camenii Most (Podul de Piatra/Stone Bridge), Crivda, Popusoi and Sabo, for the years 1834-1836.","Listes de revision supplementaires des membres des communautes de grands-russiens, de petits-russiens, de szlachta (noblesse polonaise), de moldaves, de grecs et de juifs de la ville d'Akkerman et des faubourgs d'Akkerman-Camenii Most (Podul de Piatra, le Pont de Pierre), Crivda, Popusoi et Sabo, pour les annees 1834-1836.","Дополнительные ревизские сказки членов обществ великороссов, малороссов, шляхтичей, молдаван, греков и евреев города Аккермана и предместий Аккермана-Каменный Мост (Подул де Пятрэ), Кривда, Попушой и Шабо, за 1834-1836 годы.",,5,2376246 · 2376247,866–1089 · 5–12,232,sur,https://www.familysearch.org/ark:/61903/3:1:33S7-95YY-9NLM?i=1&cc=1985804&wc=M6CB-J29%3A264175701%2C264722601%2C264853401,230
576,1835,1835,"Catagrafii cu romi (țigani) ai coroanei din satele de stat Faraonea (Faraonovo, Faraonovca) şi Cair, judeţul Akkerman pentru anul 1835.","Revision lists of crown Roma (gypsies) from the state villages of Faraonea (Faraonovo, Faraonovca) and Cair, Akkerman county, for the year 1835.","Listes de revision des Roms (tsiganes) de la couronne des villages d'Etat de Faraonea (Faraonovo, Faraonovca) et Cair, comte d'Akkerman, pour l'annee 1835.","Ревизские сказки коронных цыган государственных сёл Фараонея (Фараоново, Фараоновка) и Каир, Аккерманский уезд, за 1835 год.",,2,2376247,15–113,99,sur,https://www.familysearch.org/ark:/61903/3:1:33SQ-G5YY-9F1Z?i=1&cc=1985804&wc=M6C1-RZ9%3A264175701%2C264722601%2C265177501,230
577,1835,1835,Catagrafii cu colonişti şi cu oameni ai clasei privilegiate din satele judeţului Bender pentru anul 1835.,"Revision lists of colonists and persons of the privileged class from the villages of Bender county, for the year 1835","Listes de revision des colons et des personnes de la classe privilegiee des villages du comte de Bender, pour l'annee 1835","Ревизские сказки колонистов и лиц привилегированного сословия сёл Бендерского уезда, за 1835 год",,3,2376247,116–219,104,sur,https://www.familysearch.org/ark:/61903/3:1:33SQ-G5YY-9FSZ?i=1&cc=1985804&wc=M6C1-R68%3A264175701%2C264722601%2C265177801,231
578,1835,1835,Catagrafii cu locuitori şi cu oameni ai clasei privilegiate din satele judeţului Bender pentru anul 1835.,Revision lists with inhabitants and persons of the privileged class from the villages of Bender county for the year 1835.,Listes de revision avec les habitants et les personnes de la classe privilegiee des villages du comte de Bender pour l'annee 1835.,Ревизские сказки жителей и лиц привилегированного сословия сёл Бендерского уезда за 1835 год.,,6,2376247,222–495,274,sur,https://www.familysearch.org/ark:/61903/3:1:33SQ-G5YY-96B8?i=1&cc=1985804&wc=M6C1-R29%3A264175701%2C264722601%2C265178101,231
579,1835,1835,"Catagrafii cu locuitori şi cu oameni ai clasei privilegiate, cu boiernaşi, cu mazili, cu răzeşi şi cu ruptaşi din satele judeţului Bender pentru anul 1835.","Revision lists with inhabitants and persons of the privileged class, boiernaşi, mazili, răzeşi and ruptaşi from the villages of Bender county for the year 1835.","Listes de revision avec les habitants et les personnes de la classe privilegiee, les boiernaşi, les mazili, les răzeşi et les ruptaşi des villages du comte de Bender pour l'annee 1835.","Ревизские сказки жителей и лиц привилегированного сословия, боернашей, мазилов, разешей и рупташей сёл Бендерского уезда за 1835 год.",,18,2376247 · 2376248,498–1042 · 5–105,646,probable,https://www.familysearch.org/ark:/61903/3:1:33SQ-G5YY-9DQD?i=1&cc=1985804&wc=M6C1-TM9%3A264175701%2C264722601%2C265179101,231
580,1835,1835,"Catagrafii cu colonişti de stat, cu mazili, cu ruptaşi cu dvoreni, cu boiernaşi şi cu şleahtici polonezi din satele judeţului Bender pentru anul 1835","Revision lists of state colonists, of mazili, of ruptaşi, of dvoreni, of boiernaşi and of Polish szlachta from the villages of Bender county, for the year 1835.","Listes de revision des colons d'Etat, des mazili, des ruptaşi, des dvoreni, des boiernaşi et des szlachta polonais des villages du comte de Bender, pour l'annee 1835.","Ревизские сказки государственных колонистов, мазылов (mazili), рупташей (ruptaşi), дворян (dvoreni), боернашей (boiernaşi) и польских шляхтичей сел Бендерского уезда за 1835 год.",,34,2376248 · 2376248 · 2376248 · 2376249,108–710 · 713–890 · 893–970 · 5–730,1585,probable,https://www.familysearch.org/ark:/61903/3:1:3QS7-99QM-2X29?i=1&cc=1985804&wc=M6C1-RP8%3A264175701%2C264722601%2C265180201,232
581,1835,1835,"Catagrafii cu membrii comunităţilor de greci, de moldoveni, de armeni, de bulgari, de velicoruşi, cu mici burghezi şi membri ai societăţii de cetăţeni străini din oraşul Chişinău pentru anul 1835","Revision lists of members of the Greek, Moldavian, Armenian, Bulgarian and Velikorussian communities, petty bourgeois and members of the society of foreign citizens of the town of Chisinau for the year 1835.","Listes de revision des membres des communautes de grecs, de moldaves, d'armeniens, de bulgares et de velikorusses, des petits bourgeois et des membres de la societe des citoyens etrangers de la ville de Chisinau pour l'annee 1835.","Ревизские сказки членов греческой, молдавской, армянской, болгарской и великорусской общин, мещан и членов общества иностранных подданных города Кишинёва за 1835 год.",,1,2376249,733–976,244,sur,https://www.familysearch.org/ark:/61903/3:1:3QS7-99QM-K975-M?i=1&cc=1985804&wc=M6ZM-M6D%3A264175701%2C264722601%2C265220801,233
583,1835,1835,"Catagrafii cu membrii comunităţilor de moldoveni, de armeni şi de dricari din oraşul Chişinău pentru anul 1835.","Revision lists of members of the Moldavian, Armenian and gravediggers' (dricari) communities of the town of Chisinau for the year 1835.","Listes de revision des membres des communautes de moldaves, d'armeniens et des dricari (croque-morts) de la ville de Chisinau pour l'annee 1835.","Ревизские сказки членов молдавской, армянской общин и общины дрикарей (могильщиков) города Кишинёва за 1835 год.",,1,2376249 · 2379643,979–1024 · 5–163,205,sur,https://www.familysearch.org/ark:/61903/3:1:3QSQ-G9QM-K97D-B?i=1&cc=1985804&wc=M6C1-YMS%3A264175701%2C264722601%2C265183101,233
584,1835,1835,"Catagrafii cu dricari, cu mazili, cu ruptaşi şi cu membrii comunităţilor de bulgari, de greci şi de moldoveni din oraşul Chişinău pentru anul 1835.","Revision lists of coachmen (dricari), mazili, ruptaşi and members of the Bulgarian, Greek and Moldavian communities of the city of Chişinău for the year 1835.","Listes de revision des cochers (dricari), des mazili, des ruptaşi et des membres des communautes bulgare, grecque et moldave de la ville de Chişinău pour l'annee 1835.","Ревизские сказки извозчиков (dricari), мазилов, рупташей и членов болгарской, греческой и молдавской общин города Кишинёва за 1835 год.",,1,2379643,166–475,310,sur,https://www.familysearch.org/ark:/61903/3:1:3QS7-99QM-1W61?i=1&cc=1985804&wc=M6C1-TPD%3A264175701%2C264722601%2C265183601,233
585,1835,1835,Catagrafii cu membrii comunităţii de velicoruşi din oraşul Chişinău pe anul 1835.,Revision lists of members of the Velikorussian community of the town of Chisinau for the year 1835.,Listes de revision des membres de la communaute velikorusse de la ville de Chisinau pour l'annee 1835.,Ревизские сказки членов великорусской общины города Кишинёва за 1835 год.,,1,2379643,478–738,261,sur,https://www.familysearch.org/ark:/61903/3:1:3QS7-L9QM-17V2?i=1&cc=1985804&wc=M6C1-T29%3A264175701%2C264722601%2C265185401,233
586,1835,1836,Catagrafii cu persoane rebotezate şi convertite la religia creştină ortodoxă din oraşul Chişinău pentru anii 1835-1836.,Revision lists of persons rebaptized and converted to the Orthodox Christian religion from the town of Chişinău for the years 1835-1836.,Listes de revision des personnes rebaptisees et converties a la religion chretienne orthodoxe de la ville de Chişinău pour les annees 1835-1836.,"Ревизские сказки лиц, перекрещённых и обращённых в православную христианскую религию, города Кишинёв за 1835-1836 годы.",,1,2379643,741–786,46,sur,https://www.familysearch.org/ark:/61903/3:1:3QS7-99QM-17ZF?i=1&cc=1985804&wc=M6C1-TP8%3A264175701%2C264722601%2C265186201,233
587,1835,1835,"Catagrafie cu mazili din satul Cociulia (Cocealia), judeţul Leova pentru anul 1835.","Revision list of mazili from the village of Cociulia (Cocealia), Leova county, for the year 1835.","Liste de revision des mazili (petite noblesse exempte) du village de Cociulia (Cocealia), comte de Leova, pour l'annee 1835.","Ревизская сказка мазылов (мазыли, мелкое привилегированное сословие) села Кочулия (Кочалия), Леовского уезда, за 1835 год.",,1,2379643,789–794,6,sur,https://www.familysearch.org/ark:/61903/3:1:3QS7-L9QM-17MT?i=1&cc=1985804&wc=M6C1-BM9%3A264175701%2C264722601%2C265186401,233
588,1835,1835,"Catagrafii cu colonişti transdanubeni din coloniile districtului colonist Bugeacul de Sus, judeţul Leova pentru anul 1835.","Revision lists of trans-Danubian colonists from the colonies of the colonist district of Bugeacul de Sus, Leova county, for the year 1835","Listes de revision des colons transdanubiens des colonies du district colon de Bugeacul de Sus, comte de Leova, pour l'annee 1835","Ревизские сказки задунайских колонистов колоний колонистского округа Bugeacul de Sus, Леовский уезд, за 1835 год",,9,2376250 · 2379643,5–402 · 797–1095,697,sur,https://www.familysearch.org/ark:/61903/3:1:3QS7-99QM-N78S?i=1&cc=1985804&wc=M6C1-Y38%3A264175701%2C264722601%2C265186701,233
589,1835,1835,"Catagrafii cu ţărani, cu mazili şi oameni ai clasei privilegiate din satele judeţului Orhei pentru anul 1835.","Revision lists of peasants, mazili (petty nobility exempt from taxes) and persons of the privileged class from the villages of Orhei county, for the year 1835.","Listes de revision des tarani (paysans), mazili (petite noblesse exempte) et personnes de la classe privilegiee des villages du judet d'Orhei, pour l'annee 1835.","Ревизские сказки крестьян, мазылов (мелкой знати, освобождённой от податей) и лиц привилегированного сословия сел Орхейского уезда, за 1835 год.",,7,2376250,405–502,98,sur,https://www.familysearch.org/ark:/61903/3:1:3QS7-L9QM-NWCQ?i=1&cc=1985804&wc=M6C1-1TL%3A264175701%2C264722601%2C265188001,234
590,1835,1835,Catagrafii cu slujitori ai bisericii şi membrii familiilor lor din satele judeţului Orhei pentru anul 1835.,"Revision lists of church servants and their family members from the villages of Orhei county, for the year 1835.","Listes de revision des desservants de l'eglise et des membres de leurs familles des villages du judet d'Orhei, pour l'annee 1835.",Ревизские сказки церковнослужителей и членов их семей сёл Оргеевского уезда за 1835 год.,,20,2376250,505–583,79,sur,https://www.familysearch.org/ark:/61903/3:1:3QS7-99QM-NWQC?i=1&cc=1985804&wc=M6ZM-9WL%3A264175701%2C264722601%2C265188401,234
591,1835,1835,"Catagrafii cu oameni ai clasei privilegiate cu ţărani, cu mazili, cu ruptaşi şi cu mici burghezi, cu persoane din comunităţile de velicoruşi, de moldoveni şi de evrei din satele judeţului Orhei pentru anul 1835.","Revision lists of people of the privileged class, with peasants, with mazili, with ruptaşi and with petty bourgeois, with persons from the communities of Great Russians, Moldavians and Jews from the villages of Orhei county for the year 1835.","Listes de revision des personnes de la classe privilegiee, avec des paysans, des mazili, des ruptaşi et des petits bourgeois, avec des personnes des communautes de Grands-Russiens, de Moldaves et de Juifs des villages du comte d'Orhei pour l'annee 1835.","Ревизские сказки лиц привилегированного сословия, с крестьянами, с мазилами (mazili), с рупташами (ruptaşi) и с мещанами, с лицами из общин великороссов, молдаван и евреев сёл Орхейского уезда за 1835 год.",,21,2376250 · 2379642,586–1017 · 5–302,730,sur,https://www.familysearch.org/ark:/61903/3:1:3QS7-89QM-N7KL?i=1&cc=1985804&wc=M6C1-YTL%3A264175701%2C264722601%2C265188501,235
592,1835,1835,"Catagrafii cu ţărani, cu mazili şi cu ruptaşi din satele judeţului Orhei pentru anul 1835.","Revision lists of peasants, mazili (petty nobility exempt from taxes) and ruptaşi from the villages of Orhei county, for the year 1835.","Listes de revision des tarani (paysans), mazili (petite noblesse exempte) et ruptaşi des villages du judet d'Orhei, pour l'annee 1835.","Ревизские сказки крестьян, мазылов (мелкой знати, освобождённой от податей) и рупташей сел Орхейского уезда, за 1835 год.",,5,2379642,305–544,240,sur,https://www.familysearch.org/ark:/61903/3:1:3QS7-L9QM-2P7M?i=1&cc=1985804&wc=M6C1-1MS%3A264175701%2C264722601%2C265190301,235
593,1835,1835,"Catagrafii cu mazili, cu ţărani, cu ruptaşi şi cu răzeşi din satele judeţului Orhei pentru anul 1835.","Revision lists of mazili, peasants, ruptasi and razesi from the villages of Orhei county for the year 1835.","Listes de revision des mazili, paysans, ruptasi et razesi des villages du comte d'Orhei pour l'annee 1835.","Ревизские сказки мазылов, крестьян, рупташей и разешей сел Оргеевского уезда за 1835 год.",,27,2376251 · 2379642,5–475 · 548–990,914,sur,https://www.familysearch.org/ark:/61903/3:1:3QS7-99QM-VP1H?i=1&cc=1985804&wc=M6C1-YTG%3A264175701%2C264722601%2C265191101,235-236
594,1835,1835,"Catagrafii cu boiernaşi, cu cetăţeni străini, cu ţărani, cu ruptaşi, cu mazili, cu şleahtici şi cu persoane rebotezate din evrei şi convertite la religia creştină ortodoxă din satele judeţelor Hotin şi Iaşi pentru anul 1835.","Revision lists of boiernaşi, of foreign citizens, of peasants, of ruptaşi, of mazili, of szlachta and of persons rebaptized from Judaism and converted to the Orthodox Christian religion, from the villages of Hotin and Iaşi counties, for the year 1835.","Listes de revision des boiernaşi, des citoyens etrangers, des paysans, des ruptaşi, des mazili, des szlachta et des personnes rebaptisees du judaisme et converties a la religion chretienne orthodoxe, des villages des comtes de Hotin et de Iaşi, pour l'annee 1835.","Ревизские сказки боернашей (boiernaşi), иностранных подданных, крестьян, рупташей (ruptaşi), мазылов (mazili), шляхтичей и лиц, перекрещённых из иудейства и обращённых в православную христианскую веру, сел Хотинского и Ясского уездов, за 1835 год.",,18,2376251,478–1051,574,sur,https://www.familysearch.org/ark:/61903/3:1:3QS7-L9QM-VLM4?i=1&cc=1985804&wc=M6C1-YP8%3A264175701%2C264722601%2C265193201,236-237
595,1835,1835,"Catagrafii cu ţărani, cu colonişti, cu mazili şi cu ruptaşi din satele judeţului Hotin pentru anul 1835.","Revision lists of peasants, colonists, mazili (petty nobility exempt from taxes) and ruptaşi from the villages of Hotin county, for the year 1835.","Listes de revision des tarani (paysans), colonistes, mazili (petite noblesse exempte) et ruptaşi des villages du judet de Hotin, pour l'annee 1835.","Ревизские сказки крестьян, колонистов, мазылов (мелкой знати, освобождённой от податей) и рупташей сел Хотинского уезда, за 1835 год.",,10,2376252,5–300,296,sur,https://www.familysearch.org/ark:/61903/3:1:3QS7-99QM-G43?i=1&cc=1985804&wc=M6C1-YTP%3A264175701%2C264722601%2C265194001,237
596,1835,1835,"Catagrafii cu ţărani, cu ruptaşi, cu mazili, cu cetăţeni străini şi cu persoane rebotezate şi convertite la religia creştină din satele judeţului Hotin pentru anul 1835.","Revision lists of peasants, ruptaşi, mazili (petty nobility exempt from taxes), foreign citizens and persons re-baptized and converted to the Christian religion from the villages of Hotin county, for the year 1835.","Listes de revision des tarani (paysans), ruptaşi, mazili (petite noblesse exempte), citoyens etrangers et personnes rebaptisees et converties a la religion chretienne des villages du judet de Hotin, pour l'annee 1835.","Ревизские сказки крестьян, рупташей, мазылов (мелкой знати, освобождённой от податей), иностранных подданных и лиц, перекрещённых и обращённых в христианство, сел Хотинского уезда, за 1835 год.",,17,2376252 · 2376253,303–1127 · 5–136,957,sur,https://www.familysearch.org/ark:/61903/3:1:3QS7-99QM-L3QN?i=1&cc=1985804&wc=M6C1-YPD%3A264175701%2C264722601%2C265194701,237-238
597,1835,1835,"Catagrafii cu cetăţeni străini, cu mazili, cu ruptaşi, cu persoane rebotezate din armeni şi evrei şi convertite la religia creştină ortodoxă, cu pretendenţi la dvoreni, cu şleahtici, cu boiernaşi, cu dvoreni şi cu supuşi ai Moldovei din satele judeţului Iaşi pentru anul 1835.","Revision lists of foreign citizens, of mazili, of ruptaşi, of persons rebaptized from Armenians and Jews and converted to the Orthodox Christian religion, of claimants to dvoreni status, of szlachta, of boiernaşi, of dvoreni and of subjects of Moldavia from the villages of Iaşi county, for the year 1835.","Listes de revision des citoyens etrangers, des mazili, des ruptaşi, des personnes rebaptisees d'armeniens et de juifs et converties a la religion chretienne orthodoxe, des pretendants au statut de dvoreni, des szlachta, des boiernaşi, des dvoreni et des sujets de Moldavie des villages du comte de Iaşi, pour l'annee 1835.","Ревизские сказки иностранных подданных, мазылов (mazili), рупташей (ruptaşi), лиц, перекрещённых из армян и евреев и обращённых в православную христианскую веру, претендентов на дворянство (dvoreni), шляхтичей, боернашей (boiernaşi), дворян (dvoreni) и подданных Молдовы сел Ясского уезда за 1835 год.",,15,2376253,139–262,124,sur,https://www.familysearch.org/ark:/61903/3:1:3QS7-89QM-XVX2?i=1&cc=1985804&wc=M6C1-YT5%3A264175701%2C264722601%2C265196501,238
598,1835,1835,Catagrafii cu ţărani şi cu mazili din satele judeţului Hotin pentru anul 1835.,Revision lists of peasants and mazili from the villages of Hotin county for the year 1835.,Listes de revision des paysans et des mazili des villages du comte de Hotin pour l'annee 1835.,Ревизские сказки крестьян и мазилов сел Хотинского уезда за 1835 год.,,4,2376253,265–388,124,sur,https://www.familysearch.org/ark:/61903/3:1:3QS7-L9QM-XN42?i=1&cc=1985804&wc=M6ZM-M38%3A264175701%2C264722601%2C265196801,238
599,1835,1836,"Catagrafii cu mazili, cu ţărani, cu membri ai comunităţii de evrei, cu ruptaşi, cu dvoreni, cu agricultori şi cu cetăţeni străini din satele judeţelor Hotin, Iaşi şi Soroca pentru anii 1835,1836.","Revision lists of mazili, peasants, members of the Jewish community, ruptasi, dvoreni (nobility), farmers and foreign citizens from the villages of Hotin, Iasi and Soroca counties for the years 1835,1836.","Listes de revision des mazili, paysans, membres de la communaute juive, ruptasi, dvoreni (noblesse), agriculteurs et citoyens etrangers des villages des comtes de Hotin, Iasi et Soroca pour les annees 1835,1836.","Ревизские сказки мазылов, крестьян, членов еврейской общины, рупташей, дворян, земледельцев и иностранных подданных сел Хотинского, Ясского и Сорокского уездов за 1835,1836 годы.",Hotin · Iaşi · Soroca,63,2376253,391–633,243,sur,https://www.familysearch.org/ark:/61903/3:1:3QS7-L9QM-XF2T?i=1&cc=1985804&wc=M6C1-BPD%3A264175701%2C264722601%2C265221301,238-240
600,1835,1835,"Catagrafii cu ţărani, cu mazili, cu ruptaşi şi cu cetăţeni străini din satele judeţului Hotin pentru anul 1835.","Revision lists of peasants, mazili (petty nobility exempt from taxes), ruptaşi and foreign citizens from the villages of Hotin county, for the year 1835.","Listes de revision des tarani (paysans), mazili (petite noblesse exempte), ruptaşi et citoyens etrangers des villages du judet de Hotin, pour l'annee 1835.","Ревизские сказки крестьян, мазылов (мелкой знати, освобождённой от податей), рупташей и иностранных подданных сел Хотинского уезда, за 1835 год.",,10,2376253,636–973,338,sur,https://www.familysearch.org/ark:/61903/3:1:3QS7-99QM-XKBW?i=1&cc=1985804&wc=M6ZM-MWL%3A264175701%2C264722601%2C265198001,240
601,1835,1835,Catagrafii cu ţărani din satele judeţului Hotin pentru anul 1835.,Revision lists of peasants from the villages of Hotin county for the year 1835.,Listes de revision des paysans des villages du comte de Hotin pour l'annee 1835.,Ревизские сказки крестьян сёл Хотинского уезда за 1835 год.,,4,2376253,976–1091,116,sur,https://www.familysearch.org/ark:/61903/3:1:3QSQ-G9QM-XV63?i=1&cc=1985804&wc=M6C1-129%3A264175701%2C264722601%2C265199001,240-241
602,1835,1835,"Catagrafii cu ruptaşi, cu ţărani, cu mazili, cu cetăţeni străini şi cu boiernaşi din satele judeţului Hotin pentru anul 1835.","Revision lists of ruptaşi, peasants, mazili, foreign citizens and boiernaşi from the villages of Hotin county, for the year 1835.","Listes de revision des ruptaşi, des paysans, des mazili, des citoyens etrangers et des boiernaşi des villages du judet de Hotin, pour l'annee 1835.","Ревизские сказки рупташей, крестьян, мазылов, иностранных граждан и боернашей сёл Хотинского уезда за 1835 год.",,27,2376254,5–1109,1105,sur,https://www.familysearch.org/ark:/61903/3:1:3QS7-89QM-K99F-Q?i=1&cc=1985804&wc=M6C1-YP6%3A264175701%2C264722601%2C265199301,241
603,1859,1859,"Catagrafii cu colonişti din colonia Tepliţ, judeţul Akkerman pentru anul 1859","Revision lists of colonists from the colony of Tepliţ, Akkerman county, for the year 1859","Listes de revision des colons de la colonie de Tepliţ, comte d'Akkerman, pour l'annee 1859","Ревизские сказки колонистов колонии Tepliţ, Аккерманский уезд, за 1859 год",,1,2376255,5–81,77,sur,https://www.familysearch.org/ark:/61903/3:1:3QSQ-G9QM-NZS2?i=1&cc=1985804&wc=M6ZS-BPD%3A264175701%2C264722601%2C265921601,241
604,1835,1835,"Catagrafii cu ţărani, cu cetăţeni străini, cu membrii comunităţii de creştini, cu boiernaşi, cu membrii comunităţii de evrei, cu mazili şi cu ruptaşi din satele judeţului Hotin pentru anul 1835","Revision lists of peasants, foreign citizens, members of the Christian community, boiernaşi (petty boyars), members of the Jewish community, mazili (petty nobility exempt from taxes) and ruptaşi (tax-exempt category) from the villages of Hotin county, for the year 1835.","Listes de revision des tarani (paysans), citoyens etrangers, membres de la communaute chretienne, boiernaşi (petits boyards), membres de la communaute juive, mazili (petite noblesse exempte) et ruptaşi (categorie exempte d'impots) des villages du judet de Hotin, pour l'annee 1835.","Ревизские сказки крестьян, иностранных подданных, членов христианской общины, боернашей (мелких бояр), членов еврейской общины, мазылов (мелкой знати, освобождённой от податей) и рупташей (податной льготной категории) сел Хотинского уезда, за 1835 год.",,16,2376255,84–1037,954,sur,https://www.familysearch.org/ark:/61903/3:1:3QS7-89QM-NCK8?i=1&cc=1985804&wc=M6C1-Y29%3A264175701%2C264722601%2C265201401,242
605,1835,1835,"Catagrafii cu ţărani, cu ruptaşi, cu membrii comunităţii de evrei, cu boiernaşi şi cu mazili din satele judeţului Hotin pentru anul 1835.","Revision lists of peasants, ruptaşi, members of the Jewish community, boiernaşi (petty boyars) and mazili (petty nobility exempt from taxes) from the villages of Hotin county, for the year 1835.","Listes de revision des tarani (paysans), ruptaşi, membres de la communaute juive, boiernaşi (petits boyards) et mazili (petite noblesse exempte) des villages du judet de Hotin, pour l'annee 1835.","Ревизские сказки крестьян, рупташей, членов еврейской общины, боернашей (мелких бояр) и мазылов (мелкой знати, освобождённой от податей) сел Хотинского уезда, за 1835 год.",,12,2376255 · 2376256,1040–1060 · 5–606,623,probable,https://www.familysearch.org/ark:/61903/3:1:3QS7-89QM-V4CK?i=1&cc=1985804&wc=M6CB-FM9%3A264175701%2C264722601%2C264843001,242
606,1835,1835,Catagrafii cu cetăţeni străini din satele judeţului Iaşi pentru anul 1835.,"Revision lists of foreign citizens from the villages of Iaşi county, for the year 1835.","Listes de revision des citoyens etrangers des villages du comte de Iaşi, pour l'annee 1835.",Ревизские сказки иностранных подданных сел Ясского уезда за 1835 год.,,2,2376256,608–619,12,sur,https://www.familysearch.org/ark:/61903/3:1:3QSQ-G9QM-VQR9?i=1&cc=1985804&wc=M6ZM-3P8%3A264175701%2C264722601%2C265205001,242
607,,,"Catagrafii cu cetăţeni străini, cu ruptaşi, cu şleahtici, cu mazili, cu persoane pretendente la dvoreni şi cu boiernaşi din satele judeţului","Revision lists of foreign citizens, of ruptaşi, of szlachta, of mazili, of persons claiming dvoreni status and of boiernaşi from the villages of the county [name not specified].","Listes de revision des citoyens etrangers, des ruptaşi, des szlachta, des mazili, des personnes pretendant au statut de dvoreni et des boiernaşi des villages du comte [nom non precise].","Ревизские сказки иностранных подданных, рупташей (ruptaşi), шляхтичей, мазылов (mazili), лиц, претендующих на дворянство (dvoreni), и боернашей (boiernaşi) сел уезда [название не указано].",,9,2376256,622–664,43,sur,https://www.familysearch.org/ark:/61903/3:1:3QS7-L9QM-V4DV?i=1&cc=1985804&wc=M6ZM-3PD%3A264175701%2C264722601%2C265205301,243
608,1835,1835,"Catagrafii cu boiernaşi, cu supuşi străini, cu dvoreni, cu ruptaşi şi cu mazili din satele judeţului Iaşi pentru anul 1835.","Revision lists of boiernaşi, of foreign subjects, of dvoreni, of ruptaşi and of mazili from the villages of Iaşi county, for the year 1835.","Listes de revision des boiernaşi, des sujets etrangers, des dvoreni, des ruptaşi et des mazili des villages du comte de Iaşi, pour l'annee 1835.","Ревизские сказки боернашей (boiernaşi), иностранных подданных, дворян (dvoreni), рупташей (ruptaşi) и мазылов (mazili) сел Ясского уезда за 1835 год.",,10,2376256,667–707,41,probable,https://www.familysearch.org/ark:/61903/3:1:3QS7-99QM-V4LG?i=1&cc=1985804&wc=M6ZM-3M9%3A264175701%2C264722601%2C265205601,243
609,1835,1835,"Catagrafii cu romi (țigani) şerbi, cu ţărani liberi şi cu romi (țigani) ai mănăstirii din oraşul Bălţi şi din satele judeţului Iaşi pentru anul 1835.","Revision lists of serf Roma (Gypsies), free peasants and monastery Roma (Gypsies) from the town of Bălţi and the villages of Iaşi county for the year 1835.","Listes de revision des roms (tsiganes) serfs, des paysans libres et des roms (tsiganes) du monastere de la ville de Bălţi et des villages du judet de Iaşi pour l'annee 1835.","Ревизские сказки крепостных цыган, свободных крестьян и монастырских цыган города Бэлць и сёл Ясского уезда за 1835 год.",,79,2376256 · 2376257,710–1038 · 5–194,519,sur,https://www.familysearch.org/ark:/61903/3:1:3QS7-89QM-V461?i=1&cc=1985804&wc=M6C1-138%3A264175701%2C264722601%2C265205901,243-245
610,1835,1836,"Catagrafii cu mazili, cu ruptaşi, cu dvoreni, cu cetăţeni străini, cu persoane rebotezate şi convertite la religia creştină ortodoxă şi cu şleahtici din satele judeţului Iaşi pentru anii 1835,1836.","Revision lists of mazili, ruptasi, dvoreni (nobility), foreign citizens, persons rebaptized and converted to Orthodox Christianity, and szlachta from the villages of Iasi county for the years 1835,1836.","Listes de revision des mazili, ruptasi, dvoreni (noblesse), citoyens etrangers, personnes rebaptisees et converties a la religion chretienne orthodoxe et szlachta des villages du comte de Iasi pour les annees 1835,1836.","Ревизские сказки мазылов, рупташей, дворян, иностранных подданных, лиц перекрещённых и обращённых в православную христианскую веру, и шляхтичей сел Ясского уезда за 1835,1836 годы.",,41,2376257,197–546,350,sur,https://www.familysearch.org/ark:/61903/3:1:3QSQ-G9QM-2N86?i=1&cc=1985804&wc=M6ZM-MP8%3A264175701%2C264722601%2C265221701,245-246
611,1835,1835,"Catagrafii cu dvoreni şi cu ruptaşi din satele Cozeşti şi Copîcianca, judeţul Iaşi pentru anul 1835.","Revision lists of dvoreni and ruptaşi from the villages of Cozeşti and Copîcianca, Iaşi county, for the year 1835.","Listes de revision des dvoreni et des ruptaşi des villages de Cozeşti et Copîcianca, comte de Iaşi, pour l'annee 1835.",Ревизские сказки дворян и рупташей сёл Козешты и Копычанка Ясского уезда за 1835 год.,,2,2376257,549–555,7,probable,https://www.familysearch.org/ark:/61903/3:1:3QS7-89QM-2VZ2?i=1&cc=1985804&wc=M6C1-168%3A264175701%2C264722601%2C265207701,246
612,1835,1849,Catagrafii suplimentare cu colonişti de stat şi cu romi (țigani) ai coroanei din satele judeţului Bender pentru anii 1835-1849.,"Supplementary revision lists of state colonists and of crown Roma (gypsies) from the villages of Bender county, for the years 1835-1849.","Listes de revision supplementaires des colons d'Etat et des roms (tsiganes) de la couronne des villages du judet de Bender, pour les annees 1835-1849.","Дополнительные ревизские сказки государственных колонистов и коронных цыган сел Бендерского уезда, за 1835-1849 годы.",,22,2376257,558–724,167,sur,https://www.familysearch.org/ark:/61903/3:1:3QS7-99QM-2JBK?i=1&cc=1985804&wc=M6ZM-9M9%3A264175701%2C264722601%2C265223801,246-247
613,1835,1849,"Catagrafii cu ţărani, cu mazili, cu romi (țigani) şerbi şi cu ruptaşi din satele judeţului Bender pentru anii 1835-1849.","Revision lists of peasants, mazili (petty nobility exempt from taxes), Roma (gypsy) serfs and ruptaşi from the villages of Bender county, for the years 1835-1849.","Listes de revision des tarani (paysans), mazili (petite noblesse exempte), roms (tsiganes) serfs et ruptaşi des villages du judet de Bender, pour les annees 1835-1849.","Ревизские сказки крестьян, мазылов (мелкой знати, освобождённой от податей), крепостных цыган и рупташей сел Бендерского уезда, за 1835-1849 годы.",,23,2376257,727–837,111,sur,https://www.familysearch.org/ark:/61903/3:1:3QS7-L9QM-2J8V?i=1&cc=1985804&wc=M6ZM-MZS%3A264175701%2C264722601%2C265224401,247-248
614,1836,1836,Catagrafii cu mici burghezi şi cu negustori de ghilda II şi III din oraşul Reni a cîrmuirii orăşeneşti Ismail pentru anul 1836.,"Revision lists of petty bourgeois and merchants of the 2nd and 3rd guild of the town of Reni, under the town administration of Ismail, for the year 1836.","Listes de revision des petits bourgeois et des negociants de la 2e et 3e guilde de la ville de Reni, sous l'administration urbaine d'Ismail, pour l'annee 1836.","Ревизские сказки мещан и купцов 2-й и 3-й гильдии города Рени, состоящего в подчинении измаильского городского управления, за 1836 год.",,1,2376257,840–856,17,probable,https://www.familysearch.org/ark:/61903/3:1:3QSQ-G9QM-2J7Y?i=1&cc=1985804&wc=M6C1-16D%3A264175701%2C264722601%2C265207901,248
615,1848,1848,Catagrafii cu mici burghezi din comunitatea evreiască din oraşul Bălţi pentru anul 1848.,Revision lists of petty bourgeois of the Jewish community of the town of Balti for the year 1848.,Listes de revision des petits bourgeois de la communaute juive de la ville de Balti pour l'annee 1848.,Ревизские сказки мещан еврейской общины города Бельцы за 1848 год.,,1,2376257 · 2376258,859–1037 · 5–201,376,estime,,248
616,1843,1854,Catagrafii cu mici burghezi evrei şi cu membri ai comunităţilor evreieşti vechi şi noi din oraşele Ismail şi Reni pentru anul 1843-1854,Revision lists of Jewish petty bourgeois and of members of the old and new Jewish communities of the towns of Ismail and Reni for the years 1843-1854.,Listes de revision des petits bourgeois juifs et des membres des communautes juives ancienne et nouvelle des villes d'Ismail et de Reni pour les annees 1843-1854.,Ревизские сказки еврейских мещан и членов старой и новой еврейских общин городов Измаила и Рени за 1843-1854 годы.,,2,2376258,202–297,96,estime,https://www.familysearch.org/ark:/61903/3:1:3QS7-89QM-X99M-W?i=1&cc=1985804&wc=M6ZM-WM9%3A264175701%2C264722601%2C265235801,248
617,1848,1848,Catagrafii cu mici burghezi din comunitatea evreiască din oraşul Chişinău pentru anul 1848.,Revision lists of petty bourgeois of the Jewish community of the town of Chisinau for the year 1848.,Listes de revision des petits bourgeois de la communaute juive de la ville de Chisinau pour l'annee 1848.,Ревизские сказки мещан еврейской общины города Кишинёва за 1848 год.,,3,2376258,298–827,530,estime,https://www.familysearch.org/ark:/61903/3:1:3QS7-89QM-F9K3?i=1&cc=1985804&wc=M6ZM-W38%3A264175701%2C264722601%2C265252801,248
618,1848,1848,Catagrafii cu mici burghezi din comunitatea evreiască din oraşul Chişinău pentru anul 1848.,Revision lists of petty bourgeois of the Jewish community of the town of Chisinau for the year 1848.,Listes de revision des petits bourgeois de la communaute juive de la ville de Chisinau pour l'annee 1848.,Ревизские сказки мещан еврейской общины города Кишинёва за 1848 год.,,2,2376258 · 2376259,828–1100 · 5–358,627,estime,,248
619,1848,1848,"Catagrafii cu mici burghezi din comunitatea evreiască din tîrgul Rezina, judeţul Orhei pentru anul 1848.","Revision lists of petty bourgeois of the Jewish community of the market town of Rezina, Orhei county, for the year 1848.","Listes de revision des petits bourgeois de la communaute juive du bourg de Rezina, comte d'Orhei, pour l'annee 1848.","Ревизские сказки мещан еврейской общины местечка Резина, Оргеевского уезда, за 1848 год.",,1,2376259,361–438,78,sur,https://www.familysearch.org/ark:/61903/3:1:3QSQ-G9QM-N3R5?i=1&cc=1985804&wc=M6ZM-WNG%3A264175701%2C264722601%2C265255201,248
620,1848,1848,"Catagrafii cu mici burghezi din comunitatea evreiască din tîrgul Criuleni, judeţul Orhei pentru anul 1848.","Revision lists of petty bourgeois of the Jewish community of the market town of Criuleni, Orhei county, for the year 1848.","Listes de revision des petits bourgeois de la communaute juive du bourg de Criuleni, comte d'Orhei, pour l'annee 1848.","Ревизские сказки мещан еврейской общины местечка Криуляны, Оргеевского уезда, за 1848 год.",,1,2376259,441–503,63,sur,https://www.familysearch.org/ark:/61903/3:1:3QS7-89QM-NWXH?i=1&cc=1985804&wc=M6ZM-4M9%3A264175701%2C264722601%2C265255301,249
621,1848,1848,Catagrafii cu colonişti din coloniile judeţului Soroca pentru anul 1848.,"Revision lists with colonists from the colonies of Soroca district, for the year 1848.","Listes de révision des colons des colonies du district (judeţ) de Soroca, pour l'année 1848.","Ревизские сказки о колонистах колоний Сорокского уезда, за 1848 год.",,6,,,,volum,,249
622,1848,1849,"Catagrafii cu colonişti evrei agricultori din coloniile Valea lui Vlad şi Alexăndreni, judeţul Iaşi pentru anii 1848,1849","Revision lists with Jewish farming colonists from the colonies of Valea lui Vlad and Alexăndreni, Iaşi district, for the years 1848, 1849.","Listes de révision des colons agriculteurs juifs des colonies de Valea lui Vlad et Alexăndreni, district (judeţ) d'Iaşi, pour les années 1848, 1849.","Ревизские сказки о евреях-колонистах-земледельцах колоний Валя-луй-Влад и Александрень, Ясский уезд, за 1848, 1849 годы.",,2,,,,volum,,249
623,1848,1852,"Catagrafii cu romi (țigani) şerbi slujitori de curte şi cu romi (țigani), care aparţineau Mitropoliei Armene din oraşele Bălţi, Chişinău, Hotin şi din satele judeţelor Bender, Cahul, Chişinău, Hotin, Iaşi, Orhei şi Soroca pentru anii 1848,1852.","Revision lists of serf Roma (gypsies), court servants, and of Roma (gypsies) belonging to the Armenian Metropolitanate, from the towns of Bălţi, Chişinău, Hotin and from the villages of Bender, Cahul, Chişinău, Hotin, Iaşi, Orhei and Soroca counties for the years 1848, 1852.","Listes de revision des Roms (tsiganes) serfs, serviteurs de cour, et des Roms (tsiganes) appartenant a la Metropole armenienne, des villes de Bălţi, Chişinău, Hotin et des villages des comtes de Bender, Cahul, Chişinău, Hotin, Iaşi, Orhei et Soroca pour les annees 1848, 1852.","Ревизские сказки крепостных цыган, придворных служителей, и цыган, принадлежавших Армянской митрополии, городов Бэлць, Кишинёв, Хотин и сёл Бендерского, Кагульского, Кишинёвского, Хотинского, Ясского, Орхейского и Сорокского уездов за 1848, 1852 годы.",,130,2376259 · 2376260,713–964 · 5–993,1241,deduit,https://www.familysearch.org/ark:/61903/3:1:3QS7-99Q9-M3L5?i=1&cc=1985804&wc=M6ZM-XP8%3A264175701%2C264722601%2C265278501,249-253
624,1850,1850,"Catagrafii cu colonişti transdanubeni din judeţul Cahul transferaţi din coloniile judeţului Akkerman, districul Bugeacul de Sus pentru anul 1850","Revision lists of trans-Danubian colonists from Cahul county transferred from the colonies of Akkerman county, Bugeacul de Sus district, for the year 1850","Listes de revision des colons transdanubiens du comte de Cahul transferes des colonies du comte d'Akkerman, district de Bugeacul de Sus, pour l'annee 1850","Ревизские сказки задунайских колонистов Кагульского уезда, переведённых из колоний Аккерманского уезда, округ Bugeacul de Sus, за 1850 год",,7,2376261,5–414,410,probable,https://www.familysearch.org/ark:/61903/3:1:3QS7-89QM-N3TT?i=1&cc=1985804&wc=M6Z9-HZ9%3A264175701%2C264722601%2C265421101,253
625,1850,1850,Catagrafii cu colonişti de stat din satele din domeniul statului din judeţul Akkerman pentru anul 1850,"Revision lists of state colonists from the villages of the state domain of Akkerman county, for the year 1850.","Listes de revision des colons d'Etat des villages du domaine de l'Etat du comte d'Akkerman, pour l'annee 1850.",Ревизские сказки государственных колонистов сел государственного имения Аккерманского уезда за 1850 год.,Akkerman pentru anul 1850,18,2376261 · 2376262,416–1047 · 5–456,1084,sur,https://www.familysearch.org/ark:/61903/3:1:3QS7-89QM-NQTG?i=1&cc=1985804&wc=M6Z9-429%3A264175701%2C264722601%2C265422001,253
626,1850,1850,"Catagrafii cu colonişti din colonia Culm, judeţul Akkerman pentru anul 1850","Revision lists of colonists from the colony of Culm, Akkerman county, for the year 1850","Listes de revision des colons de la colonie de Culm, comte d'Akkerman, pour l'annee 1850","Ревизские сказки колонистов колонии Culm, Аккерманский уезд, за 1850 год",,1,2376262,459–554,96,sur,https://www.familysearch.org/ark:/61903/3:1:3QS7-89QM-J1B9?i=1&cc=1985804&wc=M6Z9-CZ9%3A264175701%2C264722601%2C265423801,254
627,1850,1855,"Catagrafii cu colonişti din coloniile Caţbah, judeţul Akkerman şi din Molocnîi, gubernia Taurid, judeţul Melitopol pentru anii 1850,1855.","Revision lists of colonists from the colonies of Caţbah, Akkerman county, and from Molocnîi, Taurida gubernia, Melitopol county, for the years 1850, 1855","Listes de revision des colons des colonies de Caţbah, comte d'Akkerman, et de Molocnîi, gouvernement de Tauride, comte de Melitopol, pour les annees 1850, 1855","Ревизские сказки колонистов колоний Caţbah, Аккерманский уезд, и Molocnîi, Таврическая губерния, Мелитопольский уезд, за 1850, 1855 годы",,2,2376262,557–563,7,sur,https://www.familysearch.org/ark:/61903/3:1:3QSQ-G9QM-J9MS-J?i=1&cc=1985804&wc=M6CT-GWP%3A264175701%2C264722601%2C265510301,254
628,1859,1859,"Catagrafie cu ţărani ai statului din satul Carahasani, judeţul Akkerman pentru anul 1859.","Revision list of the state peasants of the village of Carahasani, Akkerman county, for the year 1859","Liste de revision des paysans d'Etat du village de Carahasani, comte d'Akkerman, pour l'annee 1859","Ревизская сказка государственных крестьян села Карахасани, Аккерманского уезда, за 1859 год",,1,2376262,566–682,117,sur,https://www.familysearch.org/ark:/61903/3:1:3QS7-99QM-J9MH-M?i=1&cc=1985804&wc=M6ZS-BP6%3A264175701%2C264722601%2C265922101,254
629,1850,1850,"Catagrafie cu colonişti din colonia Ploţc, judeţul Akkerman pentru anul 1850","Revision list with colonists from the colony of Ploţc, Akkerman district, for the year 1850.","Liste de révision des colons de la colonie de Ploţc, district (judeţ) d'Akkerman, pour l'année 1850.","Ревизская сказка о колонистах колонии Плоцк, Аккерманский уезд, за 1850 год.",,1,2376262,653–681,29,deduit,https://www.familysearch.org/ark:/61903/3:1:3QS7-89QM-J1JP?i=1&cc=1985804&wc=M6Z9-CZS%3A264175701%2C264722601%2C265423901,254
630,1850,1850,Catagrafie cu mici burghezi din societatea de maloruşi din oraşul Ismail pentru anul 1850,Revision list of the petty bourgeois (meshchane) of the Malorussian society of the town of Ismail for the year 1850,Liste de revision des petits bourgeois de la societe des Petits-Russiens (malorusi) de la ville d'Ismail pour l'annee 1850,Ревизская сказка мещан малороссийского общества города Измаил за 1850 год,,1,2376262,685–1050,366,sur,https://www.familysearch.org/ark:/61903/3:1:3QS7-L9QM-JBVG?i=1&cc=1985804&wc=M6Z9-42S%3A264175701%2C264722601%2C265424001,254
631,1850,1851,"Catagrafii cu ţărani, cu ruptaşi şi cu odnodvorţi din satele judeţului Cahul pentru anii 1850,1851.","Revision lists of the peasants, ruptasi and odnodvortsy of the villages of Cahul county for the years 1850 and 1851","Listes de revision des paysans, ruptasi (petite noblesse exempte) et odnodvortsy des villages du comte de Cahul pour les annees 1850 et 1851","Ревизские сказки крестьян, рупташей (мелкое освобождённое от повинностей дворянство) и однодворцев сёл Кагульского уезда за 1850 и 1851 годы",,17,2376761,5–983,979,sur,https://www.familysearch.org/ark:/61903/3:1:3QS7-89Q9-336H?i=1&cc=1985804&wc=M6Z9-XZ9%3A264175701%2C264722601%2C265438901,254-255
632,1850,1852,"Catagrafii cu mici burghezi, cu ţărani şi cu odnodvorţi din oraşul Bălţi şi din satele judeţului Iaşi. Listele de familii transferate din satele judeţelor Hotin, Iaşi şi Soroca la moşiile Ochiul Alb şi Mihăileni, judeţul Iaşi pentru anii 1850-1852.","Revision lists of petty bourgeois, peasants and odnodvortsy of the town of Bălţi and of the villages of Iaşi county. Lists of families transferred from the villages of Hotin, Iaşi and Soroca counties to the estates of Ochiul Alb and Mihăileni, Iaşi county, for the years 1850-1852.","Listes de revision des petits bourgeois, des paysans et des odnodvortsy de la ville de Bălţi et des villages du comte d'Iaşi. Listes des familles transferees des villages des comtes de Hotin, Iaşi et Soroca vers les domaines d'Ochiul Alb et de Mihăileni, comte d'Iaşi, pour les annees 1850-1852.","Ревизские сказки мещан, крестьян и однодворцев города Бельцы и сёл Ясского уезда. Списки семей, переселённых из сёл Хотинского, Ясского и Сорокского уездов в имения Окюл Алб и Михэйлень Ясского уезда, за 1850-1852 годы.",,17,2376761 · 2376762,986–1056 · 5–24,91,sur,https://www.familysearch.org/ark:/61903/3:1:3QS7-L9Q9-39RH?i=1&cc=1985804&wc=M6Z9-NWG%3A264175701%2C264722601%2C265456601,255
633,1857,1859,Catagrafii cu mici burghezi din societăţile de şleahtici de maloruşi şi de moldoveni din oraşul Bender pentru anii 1857-1859.,Revision lists of the petty bourgeois (meshchane) of the Malorussian and Moldavian szlachta societies of the town of Bender for the years 1857-1859,Listes de revision des petits bourgeois des societes de szlachta petits-russienne et moldave de la ville de Bender pour les annees 1857-1859,Ревизские сказки мещан малороссийского и молдавского шляхетского обществ города Бендеры за 1857-1859 годы,,6,2376762 · 2379638,27–1040 · 5–876,1886,sur,https://www.familysearch.org/ark:/61903/3:1:3QSQ-G9Q9-SNG9?i=1&cc=1985804&wc=M6Z9-L29%3A264175701%2C264722601%2C265513601,255-256
634,1858,1859,"Catagrafii cu ţărani şi cu odnodvorţi din satele judeţului Orhei pentru anii 1858,1859","Revision lists with peasants and odnodvortsy from the villages of Orhei district, for the years 1858, 1859.","Listes de révision des paysans et des odnodvortsy des villages du district (judeţ) d'Orhei, pour les années 1858, 1859.","Ревизские сказки о крестьянах и однодворцах сёл Оргеевского уезда, за 1858, 1859 годы.",,8,2379638,590–876,287,deduit,https://www.familysearch.org/ark:/61903/3:1:3QS7-99QM-2498?i=1&cc=1985804&wc=M6ZS-NNL%3A264175701%2C264722601%2C265760601,256
635,1858,1859,"Catagrafii cu odnodvorţi şi cu ţărani din satele judeţului Chişinău pentru anii 1858,1859.","Revision lists of odnodvortsi and peasants from the villages of Chişinău county for the years 1858, 1859.","Listes de revision des odnodvorţi et des paysans des villages du comte de Chişinău pour les annees 1858, 1859.","Ревизские сказки однодворцев и крестьян сёл Кишинёвского уезда за 1858, 1859 годы.",,15,2376763 · 2379638,5–737 · 879–1075,930,sur,https://www.familysearch.org/ark:/61903/3:1:3QS7-99Q9-3QTK?i=1&cc=1985804&wc=M6ZS-FNL%3A264175701%2C264722601%2C265761201,256
636,1858,1859,"Catagrafii cu ţărani şi cu odnodvorţî din satele judeţului Hotin, literele R-S pentru anii 1858,1859.","Revision lists of peasants and odnodvortsy from the villages of Hotin county, letters R-S, for the years 1858, 1859.","Listes de revision des tarani (paysans) et odnodvorţi des villages du judet de Hotin, lettres R-S, pour les annees 1858, 1859.","Ревизские сказки крестьян и однодворцев сел Хотинского уезда, буквы R-S, за 1858, 1859 годы.",,18,2376763 · 2376764,740–1156 · 5–898,1311,sur,https://www.familysearch.org/ark:/61903/3:1:3QSQ-G9Q9-3WVZ?i=1&cc=1985804&wc=M6ZS-FMS%3A264175701%2C264722601%2C265762601,256-257
637,1858,1859,"Catagrafii cu ţărani din satele judeţului Iaşi pentru anii 1858,1859","Revision lists of peasants from the villages of Iaşi county for the years 1858, 1859.","Listes de revision des paysans des villages du comte de Iaşi pour les annees 1858, 1859.","Ревизские сказки крестьян сёл Ясского уезда за 1858, 1859 годы.",,3,2376764,901–1105,205,sur,https://www.familysearch.org/ark:/61903/3:1:3QS7-89Q9-S48W?i=1&cc=1985804&wc=M6ZS-N38%3A264175701%2C264722601%2C265772201,257
638,1859,1859,Catagrafii cu ţărani ai statului din satele judeţului Akkerman pentru anul 1859.,"Revision lists of state peasants from the villages of Akkerman county, for the year 1859.","Listes de revision des paysans d'Etat des villages du judet d'Akkerman, pour l'annee 1859.",Ревизские сказки государственных крестьян сёл Аккерманского уезда за 1859 год.,,14,2376765 · 2376766,5–1106 · 5–668,1766,sur,https://www.familysearch.org/ark:/61903/3:1:3QS7-L9Q9-7JMG?i=1&cc=1985804&wc=M6ZS-TP8%3A264175701%2C264722601%2C265922501,257
639,1859,1859,"Catagrafii cu ţărani ai statului din tîrgul Tatarbunar, judeţul Akkerman pentru anul 1859.","Revision lists of state peasants from the market town of Tatarbunar, Akkerman county, for the year 1859.","Listes de revision des paysans d'Etat du bourg de Tatarbunar, judet d'Akkerman, pour l'annee 1859.",Ревизские сказки государственных крестьян местечка Татарбунары Аккерманского уезда за 1859 год.,,1,2376766,671–967,297,sur,https://www.familysearch.org/ark:/61903/3:1:3QS7-L9Q9-7J3K?i=1&cc=1985804&wc=M6ZS-Y68%3A264175701%2C264722601%2C265926101,258
640,1859,1859,"Catagrafie cu colonişti din colonia Arcizul Vechi, judeţul Akkerman pentru anul 1859.","Revision list with colonists from the colony of Arcizul Vechi, Akkerman county, for the year 1859.","Liste de revision des colons de la colonie d'Arcizul Vechi, comte d'Akkerman, pour l'annee 1859.","Ревизская сказка о колонистах колонии Арчизул-Векь, Аккерманский уезд, за 1859 год.",,1,2376766,971–1057,87,sur,https://www.familysearch.org/ark:/61903/3:1:3QS7-99Q9-7JRJ?i=1&cc=1985804&wc=M6ZS-YPD%3A264175701%2C264722601%2C265927401,258
641,1859,1859,"Catagrafie cu colonişti din colonia Maloiaroslaveţ II, judeţul Akkerman pentru anul 1859.","Revision list of colonists from the colony of Maloiaroslaveţ II, Akkerman county, for the year 1859.","Liste de revision des colons de la colonie de Maloiaroslaveţ II, comte d'Akkerman, pour l'annee 1859.","Ревизская сказка колонистов колонии Малоярославец II, Аккерманского уезда, за 1859 год.",,1,2379639,15–83,69,sur,https://www.familysearch.org/ark:/61903/3:1:3QS7-99QM-25LG?i=1&cc=1985804&wc=M6Z3-M29%3A264175701%2C264722601%2C265928001,258
642,1859,1859,"Catagrafie cu ţărani ai statului din satul Pavlovca, judeţul Akkerman pentru anul 1859.","Revision list of state peasants from the village of Pavlovca, Akkerman county, for the year 1859.","Liste de revision des paysans d'Etat du village de Pavlovca, comte d'Akkerman, pour l'annee 1859.","Ревизская сказка государственных крестьян села Павловка, Аккерманского уезда, за 1859 год.",,1,2379639,87–177,91,sur,https://www.familysearch.org/ark:/61903/3:1:3QS7-89QM-2BDB?i=1&cc=1985804&wc=M6ZS-BPX%3A264175701%2C264722601%2C265928401,258
643,1859,1859,"Catagrafie cu colonişti din colonia Paris, judeţul Akkerman pentru anul 1859.","Revision list of colonists from the colony of Paris, Akkerman county, for the year 1859.","Liste de revision des colons de la colonie de Paris, comte d'Akkerman, pour l'annee 1859.","Ревизская сказка колонистов колонии Париж, Аккерманского уезда, за 1859 год.",,1,2379639,180–314,135,sur,https://www.familysearch.org/ark:/61903/3:1:3QS7-L9QM-2TTM?i=1&cc=1985804&wc=M6Z3-9M9%3A264175701%2C264722601%2C265928901,258
644,1859,1859,"Catagrafie cu colonişti din colonia Caţbah, judeţul Akkerman pentru anul 1859.","Revision list with colonists from the colony of Caţbah, Akkerman county, for the year 1859.","Liste de revision des colons de la colonie de Caţbah, comte d'Akkerman, pour l'annee 1859.","Ревизская сказка о колонистах колонии Кацбах, Аккерманский уезд, за 1859 год.",,1,2379639,317–371,55,sur,https://www.familysearch.org/ark:/61903/3:1:3QS7-99QM-2TGW?i=1&cc=1985804&wc=M6ZS-BTL%3A264175701%2C264722601%2C265929901,258
645,1858,1862,"Catagrafii cu membri ai comunităţilor de moldoveni, de bulgari, de maloruşi, de velicoruşi, de şleahtici, cu mici burghezi, cu negustori, cu supuşi ai Moldovei şi cu colonişti din oraşul Akkerman şi suburbiile sale Popuşoi, Turlac şi Şabo, din satele şi coloniile judeţelor Akkerman şi Bender pentru anii 1858-1862.","Revision lists of members of the Moldavian, Bulgarian, Malorussian, Velikorussian and szlachta communities, petty bourgeois, merchants, subjects of Moldavia and colonists from the town of Akkerman and its suburbs Popusoi, Turlac and Sabo, from the villages and colonies of Akkerman and Bender counties for the years 1858-1862.","Listes de revision des membres des communautes de moldaves, de bulgares, de malorusses, de velikorusses, de szlachta, des petits bourgeois, negociants, sujets de Moldavie et colons de la ville d'Akkerman et de ses faubourgs Popusoi, Turlac et Sabo, des villages et colonies des comtes d'Akkerman et de Bender pour les annees 1858-1862.","Ревизские сказки членов молдавской, болгарской, малорусской, великорусской, шляхетской общин, мещан, купцов, подданных Молдавии и колонистов города Аккермана и его предместий Попушой, Турлак и Шабо, сел и колоний Аккерманского и Бендерского уездов за 1858-1862 годы.",,58,2376767 · 2379639 · 2379639,6–122 · 9–13 · 374–1089,838,probable,,259-260
646,1858,1859,"Catagrafii cu negustori, cu odnodvorţi, cu mici burghezi velicoruşi, cu membrii societăţii creştine de rit vechi, cu ţărani şi cu meşteşugari din oraşul Bălţi pentru anii 1858,1859.","Revision lists of merchants, odnodvortsy, Great Russian petty bourgeois, members of the Old Rite Christian society, peasants and craftsmen of the town of Bălţi for the years 1858, 1859.","Listes de revision des negociants, des odnodvortsy, des petits bourgeois grands-russiens, des membres de la societe chretienne de vieux rite, des paysans et des artisans de la ville de Bălţi pour les annees 1858, 1859.","Ревизские сказки купцов, однодворцев, великорусских мещан, членов старообрядческого христианского общества, крестьян и ремесленников города Бельцы за 1858, 1859 годы.",,1,2376767,125–364,240,sur,https://www.familysearch.org/ark:/61903/3:1:3QSQ-G9Q9-3Z3Y?i=1&cc=1985804&wc=M6ZS-F2S%3A264175701%2C264722601%2C265772501,260
647,1858,1859,"Catagrafii cu ţărani ai statului din satele judeţului Bender pentru anii 1858 ,1859.","Revision lists of state peasants from the villages of Bender county, for the years 1858, 1859.","Listes de revision des paysans d'Etat des villages du judet de Bender, pour les annees 1858, 1859.","Ревизские сказки государственных крестьян сёл Бендерского уезда за 1858, 1859 годы.",,3,2376767,367–594,228,sur,https://www.familysearch.org/ark:/61903/3:1:3QS7-99Q9-3HC6?i=1&cc=1985804&wc=M6ZS-N68%3A264175701%2C264722601%2C265773201,260
648,1858,1859,"Catagrafii cu ţărani, cu răzeşi şi cu odnodvorţi din satele judeţului Chişinău, literele D-Z pentru anii 1858,1859.","Revision lists of peasants, răzeşi (free landholding peasants) and odnodvortsy from the villages of Chişinău county, letters D-Z, for the years 1858, 1859.","Listes de revision des tarani (paysans), răzeşi (paysans libres proprietaires) et odnodvorţi des villages du judet de Chişinău, lettres D-Z, pour les annees 1858, 1859.","Ревизские сказки крестьян, разешей (свободных крестьян-землевладельцев) и однодворцев сел Кишинёвского уезда, буквы D-Z, за 1858, 1859 годы.",,11,2376767 · 2376786,597–1075 · 6–1048,1522,sur,https://www.familysearch.org/ark:/61903/3:1:3QS7-99Q9-34NK?i=1&cc=1985804&wc=M6ZS-KM9%3A264175701%2C264722601%2C265807601,260-261
649,1858,1859,"Catagrafii cu ţărani şi cu odnodvorţi din satele judeţului Chişinău, literele S-T pentru anii 1858,1859.","Revision lists of peasants and odnodvortsy from the villages of Chisinau county, letters S-T, for the years 1858,1859.","Listes de revision des paysans et des odnodvortsy des villages du comte de Chisinau, lettres S-T, pour les annees 1858,1859.","Ревизские сказки крестьян и однодворцев сел Кишинёвского уезда, буквы С-Т, за 1858,1859 годы.",,17,2376768,5–468,464,sur,,261
651,1859,1859,Catagrafii cu mici burghezi din societatea orăşenească nouă de moldoveni din oraşul Chişinău pentru anul 1859.,Revision lists of petty bourgeois of the new Moldavian town society of the town of Chisinau for the year 1859.,Listes de revision des petits bourgeois de la nouvelle societe urbaine moldave de la ville de Chisinau pour l'annee 1859.,Ревизские сказки мещан нового молдавского городского общества города Кишинёва за 1859 год.,,2,2376768,471–974,504,probable,https://www.familysearch.org/ark:/61903/3:1:3QSQ-G9QM-NH8D?i=1&cc=1985804&wc=M6ZS-TPD%3A264175701%2C264722601%2C265930101,261
652,1859,1859,"Catagrafii cu mici burghezi din societatea orăşenească de moldoveni, de persoane rebotezate şi convertite la religia creştină ortodoxă din oraşul Chişinău pentru anul 1859.","Revision lists of petty bourgeois of the Moldavian town society, of persons rebaptized and converted to the Orthodox Christian religion, of the town of Chisinau for the year 1859.","Listes de revision des petits bourgeois de la societe urbaine moldave, des personnes rebaptisees et converties a la religion chretienne orthodoxe, de la ville de Chisinau pour l'annee 1859.","Ревизские сказки мещан молдавского городского общества, лиц, перекрещённых и обращённых в православное христианство, города Кишинёва за 1859 год.",,3,2376768 · 2376769,977–1041 · 5–484,545,probable,https://www.familysearch.org/ark:/61903/3:1:3QS7-99QM-29MM-8?i=1&cc=1985804&wc=M6Z3-QZ9%3A264175701%2C264722601%2C265957401,261
653,1859,1859,Catagrafii cu mici burghezi şi cu ruptaşi din societatea orăşenească de moldoveni din oraşul Chişinău pentru anul 1859.,Revision lists of petty bourgeois and ruptaşi of the Moldavian town society of the town of Chişinău for the year 1859.,Listes de revision des petits bourgeois et des ruptaşi de la societe urbaine moldave de la ville de Chişinău pour l'annee 1859.,Ревизские сказки мещан и рупташей молдавского городского общества города Кишинёва за 1859 год.,,2,2376769,487–754,268,sur,https://www.familysearch.org/ark:/61903/3:1:3QSQ-G9QM-2YHS?i=1&cc=1985804&wc=M6ZS-Y3D%3A264175701%2C264722601%2C265932401,262
654,1858,1859,"Catagrafii cu romi (țigani) şerbi slujitori de curte şi cu ţărani din oraşele Akkerman,Bălţi, Hotin şi Soroca şi din satele judeţelor Bender, Chişinău, Hotin, Iaşi, Orhei şi Soroca pentru anii 1858,1859.","Revision lists of serf Roma (gypsies), court servants, and of peasants from the towns of Akkerman, Bălţi, Hotin and Soroca and from the villages of Bender, Chişinău, Hotin, Iaşi, Orhei and Soroca counties for the years 1858, 1859.","Listes de revision des Roms (tsiganes) serfs, serviteurs de cour, et des paysans des villes d'Akkerman, Bălţi, Hotin et Soroca et des villages des comtes de Bender, Chişinău, Hotin, Iaşi, Orhei et Soroca pour les annees 1858, 1859.","Ревизские сказки крепостных цыган, придворных служителей, и крестьян городов Аккерман, Бэлць, Хотин и Сорока и сёл Бендерского, Кишинёвского, Хотинского, Ясского, Орхейского и Сорокского уездов за 1858, 1859 годы.",,165,2376769 · 2376770,757–1091 · 5–948,1279,sur,https://www.familysearch.org/ark:/61903/3:1:3QS7-L9QM-299Y-4?i=1&cc=1985804&wc=M6ZS-FWL%3A264175701%2C264722601%2C265776601,262-266
655,1858,1859,"Catagrafii cu ţărani şi cu odnodvorţi din satele judeţului Orhei, literele O-P pentru anul 1858, 1859","Revision lists of peasants and odnodvortsy from the villages of Orhei county, letters O-P, for the year 1858, 1859.","Listes de revision des tarani (paysans) et odnodvorţi des villages du judet d'Orhei, lettres O-P, pour l'annee 1858, 1859.","Ревизские сказки крестьян и однодворцев сел Орхейского уезда, буквы O-P, за 1858, 1859 годы.",,20,2376770 · 2376771,951–1090 · 6–875,1010,sur,https://www.familysearch.org/ark:/61903/3:1:3QSQ-G9QM-2996-N?i=1&cc=1985804&wc=M6ZS-FWP%3A264175701%2C264722601%2C265778601,266
656,1858,1859,"Catagrafii cu ţărani şi cu odnodvorţi din satele judeţului Orhei, literele B-D-J-L-I pentru anii 1858,1859.","Revision lists of peasants and odnodvortsy from the villages of Orhei county, letters B-D-J-L-I, for the years 1858,1859.","Listes de revision des paysans et des odnodvortsy des villages du comte d'Orhei, lettres B-D-J-L-I, pour les annees 1858,1859.","Ревизские сказки крестьян и однодворцев сел Оргеевского уезда, буквы Б-Д-Ж-Л-И, за 1858,1859 годы.",,11,2376771 · 2376772,878–1117 · 5–66,302,sur,https://www.familysearch.org/ark:/61903/3:1:3QSQ-G9QM-23MS?i=1&cc=1985804&wc=M6ZS-FWG%3A264175701%2C264722601%2C265785701,266-267
657,1858,1859,"Catagrafii cu ţărani şi cu odnodvorţi din satele judeţului Orhei, literele E-I pentru anii 1858,1859.","Revision lists of peasants and odnodvortsy from the villages of Orhei county, letters E-I, for the years 1858, 1859.","Listes de revision des tarani (paysans) et odnodvorţi des villages du judet d'Orhei, lettres E-I, pour les annees 1858, 1859.","Ревизские сказки крестьян и однодворцев сел Орхейского уезда, буквы E-I, за 1858, 1859 годы.",,5,2376772,69–366,298,sur,https://www.familysearch.org/ark:/61903/3:1:3QSQ-G9QM-16RV?i=1&cc=1985804&wc=M6ZS-NM9%3A264175701%2C264722601%2C265786301,267
658,1858,1859,"Catagrafii cu ţărani şi cu şleahtici din satele judeţului Soroca, litera C, şi din tîrgul Ataci (Otaci, Atachi), judeţul Soroca pentru anii 1858,1859.","Revision lists of peasants and şleahtici (petty nobility) from the villages of Soroca county, letter C, and from the market town of Ataci (Otaci, Atachi), Soroca county, for the years 1858, 1859.","Listes de revision des tarani (paysans) et şleahtici (petite noblesse) des villages du judet de Soroca, lettre C, et du bourg d'Ataci (Otaci, Atachi), judet de Soroca, pour les annees 1858, 1859.","Ревизские сказки крестьян и шляхтичей (мелкой шляхты) сел Сорокского уезда, буква C, и местечка Атаки (Отачь), Сорокский уезд, за 1858, 1859 годы.",,12,2376772,369–911,543,sur,https://www.familysearch.org/ark:/61903/3:1:3QS7-89QM-18ZT?i=1&cc=1985804&wc=M6ZS-FZ9%3A264175701%2C264722601%2C265786901,267
659,1859,1859,"Catagrafii cu ţărani şi cu odnodvorţi din coloniile judeţului Hotin, literele B-T pentru anul 1859.","Revision lists of peasants and odnodvortsy from the colonies of Hotin county, letters B-T, for the year 1859.","Listes de revision des paysans et des odnodvortsy des colonies du comte de Hotin, lettres B-T, pour l'annee 1859.","Ревизские сказки крестьян и однодворцев колоний Хотинского уезда, буквы Б-Т, за 1859 год.",,11,2376772 · 2376773,914–1096 · 5–191,370,sur,https://www.familysearch.org/ark:/61903/3:1:3QS7-99QM-1D2J?i=1&cc=1985804&wc=M6Z3-9P8%3A264175701%2C264722601%2C265933401,267-268
660,1858,1859,"Catagrafii cu ţărani şi cu odnodvorţi din satele judeţului Iaşi, litera B pentru anii 1858,1859.","Revision lists of peasants and odnodvortsy from the villages of Iasi county, letter B, for the years 1858,1859.","Listes de revision des paysans et des odnodvortsy des villages du comte de Iasi, lettre B, pour les annees 1858,1859.","Ревизские сказки крестьян и однодворцев сел Ясского уезда, буква Б, за 1858,1859 годы.",,14,2376773,194–812,619,sur,https://www.familysearch.org/ark:/61903/3:1:3QS7-89QM-VRT?i=1&cc=1985804&wc=M6ZS-F6D%3A264175701%2C264722601%2C265787701,268
661,1856,1881,"Catagrafii suplimentare cu ţărani, cu mici burghezi, cu moşieri şi cu odnodvorţi din oraşul Hotin şi din satele judeţului Hotin pentru anii 1856-1881.","Supplementary revision lists of peasants, of petty bourgeois, of landowners and of odnodvortsy from the town of Hotin and from the villages of Hotin county, for the years 1856-1881","Listes de revision supplementaires des paysans, des petits bourgeois, des proprietaires terriens et des odnodvortsy de la ville de Hotin et des villages du comte de Hotin, pour les annees 1856-1881","Дополнительные ревизские сказки крестьян, мещан, помещиков и однодворцев города Хотина и сел Хотинского уезда за 1856-1881 годы",,66,2376773 · 2376774,815–1101 · 5–566,849,sur,https://www.familysearch.org/ark:/61903/3:1:3QS7-89QM-299F-C?i=1&cc=1985804&wc=M6Z3-3NP%3A264175701%2C264722601%2C265979401,268-270
662,1824,1824,"Catagrafii cu ţărani, cu ruptaşi, cu mazili şi cu slujitori ai cultelor din satele judeţului Orhei pentru anul 1824.","Revision lists of peasants, ruptaşi, mazili (petty nobility exempt from taxes) and clergy from the villages of Orhei county, for the year 1824.","Listes de revision des tarani (paysans), ruptaşi, mazili (petite noblesse exempte) et desservants des cultes (clerge) des villages du judet d'Orhei, pour l'annee 1824.","Ревизские сказки крестьян, рупташей, мазылов (мелкой знати, освобождённой от податей) и духовенства сел Орхейского уезда, за 1824 год.",,119,2376774 · 2376775,569–1076 · 5–161,665,probable,,270-273
663,1835,1835,Catagrafii cu membrii societăţii de cetăţeni străini din oraşul Chişinău pentru anul 1835.,Revision lists of members of the society of foreign citizens of the town of Chisinau for the year 1835.,Listes de revision des membres de la societe des citoyens etrangers de la ville de Chisinau pour l'annee 1835.,Ревизские сказки членов общества иностранных подданных города Кишинёва за 1835 год.,,1,,,,volum,https://www.familysearch.org/ark:/61903/3:1:3QS7-L9QM-2S8S?i=1&cc=1985804&wc=M6C1-166%3A264175701%2C264722601%2C265208001,273
664,1835,1835,Catagrafii cu mici burghezi din societatea veche de moldoveni şi din partea IV a oraşului Chişinău pentru anul 1835.,Revision lists of petty bourgeois of the old Moldavian society and of the 4th part of the town of Chisinau for the year 1835.,Listes de revision des petits bourgeois de l'ancienne societe moldave et de la IVe partie de la ville de Chisinau pour l'annee 1835.,Ревизские сказки мещан старого молдавского общества и IV части города Кишинёва за 1835 год.,,1,2376775,163–444,282,deduit,https://www.familysearch.org/ark:/61903/3:1:3QS7-99QM-2SKY?i=1&cc=1985804&wc=M6C1-1NL%3A264175701%2C264722601%2C265208101,273
665,1848,1848,Catagrafii cu mici burghezi din oraşul Chişinău pentru anul 1848.,Revision lists of petty bourgeois of the town of Chisinau for the year 1848.,Listes de revision des petits bourgeois de la ville de Chisinau pour l'annee 1848.,Ревизские сказки мещан города Кишинёва за 1848 год.,,1,2376775,447–830,384,sur,,274
666,1848,1848,Catagrafii cu mici burghezi evrei din oraşul Chişinău pentru anul 1848.,Revision lists of Jewish petty bourgeois of the town of Chisinau for the year 1848.,Listes de revision des petits bourgeois juifs de la ville de Chisinau pour l'annee 1848.,Ревизские сказки еврейских мещан города Кишинёва за 1848 год.,,1,,,,volum,https://www.familysearch.org/ark:/61903/3:1:3QS7-89QM-23RH?i=1&cc=1985804&wc=M6ZM-HZ9%3A264175701%2C264722601%2C265255701,274
668,1849,1849,"Catagrafii cu şerbi slujitori de curte din satele Fundul Galbenei şi Micăuţi, judeţul Chişinău pentru anul 1849.","Revision lists of serf court servants from the villages of Fundul Galbenei and Micăuţi, Chişinău county, for the year 1849.","Listes de revision des serfs serviteurs de cour des villages de Fundul Galbenei et Micăuţi, judet de Chişinău, pour l'annee 1849.",Ревизские сказки крепостных дворовых слуг сёл Фундул-Гальбеней и Микэуць Кишинёвского уезда за 1849 год.,,2,2376775,832–846,15,deduit,https://www.familysearch.org/ark:/61903/3:1:3QSQ-G9QM-23W4?i=1&cc=1985804&wc=M6ZM-CTG%3A264175701%2C264722601%2C265269701,274
669,1850,1850,"Catagrafii cu slujitori de curte din satele Horeşti, Cricova şi Logăneşti, judeţul Chişinău pentru anul 1850","Revision lists of court servants from the villages of Horeşti, Cricova and Logăneşti, Chişinău county, for the year 1850.","Listes de revision des serviteurs de cour des villages de Horeşti, Cricova et Logăneşti, judet de Chişinău, pour l'annee 1850.","Ревизские сказки дворовых слуг сёл Хорешть, Крикова и Логэнешть Кишинёвского уезда за 1850 год.",Chişinău pentru anul 1850,4,2376775,849–858,10,sur,https://www.familysearch.org/ark:/61903/3:1:3QS7-89QM-2SBQ?i=1&cc=1985804&wc=M6Z9-CNL%3A264175701%2C264722601%2C265424801,274
670,1850,1850,Catagrafii cu slujitori de culte din satele judeţului Chişinău pentru anul 1850,"Revision lists of clergy from the villages of Chişinău county, for the year 1850.","Listes de revision des desservants des cultes des villages du judet de Chişinău, pour l'annee 1850.",Ревизские сказки духовенства сёл Кишинёвского уезда за 1850 год.,,5,2376775,861–882,22,sur,https://www.familysearch.org/ark:/61903/3:1:3QS7-L9QM-2SZP?i=1&cc=1985804&wc=M6Z9-CNG%3A264175701%2C264722601%2C265425001,274
671,1851,1851,Catagrafii cu mici burghezi din oraşul Chişinău pentru anul 1851.,Revision lists of petty bourgeois of the town of Chisinau for the year 1851.,Listes de revision des petits bourgeois de la ville de Chisinau pour l'annee 1851.,Ревизские сказки мещан города Кишинёва за 1851 год.,,1,,,,volum,https://www.familysearch.org/ark:/61903/3:1:3QSQ-G9QM-2SRQ?i=1&cc=1985804&wc=M6Z9-JWL%3A264175701%2C264722601%2C265456801,274
672,1854,1854,Catagrafii cu negustori de ghilda I din oraşul Chişinău pentru anul 1854,Revision lists of merchants of the 1st guild of the town of Chişinău for the year 1854.,Listes de revision des negociants de la 1re guilde de la ville de Chişinău pour l'annee 1854.,Ревизские сказки купцов 1-й гильдии города Кишинёва за 1854 год.,,1,2376775,885–985,101,sur,https://www.familysearch.org/ark:/61903/3:1:3QS7-99QM-23MX?i=1&cc=1985804&wc=M6Z9-PNL%3A264175701%2C264722601%2C265491801,274
673,1854,1854,Catagrafii cu mici burghezi evrei din oraşul Chişinău pentru anul 1854.,Revision lists of Jewish petty bourgeois of the town of Chisinau for the year 1854.,Listes de revision des petits bourgeois juifs de la ville de Chisinau pour l'annee 1854.,Ревизские сказки еврейских мещан города Кишинёва за 1854 год.,,2,2376775 · 2376776,988–1066 · 5–415,490,sur,https://www.familysearch.org/ark:/61903/3:1:3QS7-89QM-2SZZ?i=1&cc=1985804&wc=M6Z9-L3D%3A264175701%2C264722601%2C265492101,275
674,1858,1858,Catagrafii cu mici burghezi din societatea veche de moldoveni din oraşul Chişinău pentru anul 1858.,Revision lists of petty bourgeois of the old Moldavian society of the town of Chisinau for the year 1858.,Listes de revision des petits bourgeois de l'ancienne societe moldave de la ville de Chisinau pour l'annee 1858.,Ревизские сказки мещан старого молдавского общества города Кишинёва за 1858 год.,,2,2376776,418–840,423,sur,https://www.familysearch.org/ark:/61903/3:1:3QS7-89QM-NCN5?i=1&cc=1985804&wc=M6ZS-S29%3A264175701%2C264722601%2C265540501,275
675,1858,1859,"Catagrafii cu ţărani, cu odnodvorţi, cu mici burghezi şi cu lingurari din satele judeţului Chişinău pentru anul 1858-1859.","Revision lists of the peasants, odnodvortsy, petty bourgeois (meshchane) and lingurari of the villages of Chisinau county for the years 1858-1859","Listes de revision des paysans, odnodvortsy, petits bourgeois et lingurari des villages du comte de Chisinau pour les annees 1858-1859","Ревизские сказки крестьян, однодворцев, мещан и лингурарь сёл Кишинёвского уезда за 1858-1859 годы",,21,2376776 · 2376777 · 2377233,843–1080 · 5–1126 · 5–32,1388,sur,https://www.familysearch.org/ark:/61903/3:1:3QS7-99QM-K7RW?i=1&cc=1985804&wc=M6ZS-F38%3A264175701%2C264722601%2C265789002,275
676,1859,1859,Catagrafii cu dvoreni din oraşul Chişinău pentru anul 1859,Revision lists of the dvoreni (nobility) of the city of Chişinău for the year 1859.,Listes de revision des dvoreni (noblesse) de la ville de Chişinău pour l'annee 1859.,Ревизские сказки дворян города Кишинёва за 1859 год.,,1,2377233,35–155,121,sur,https://www.familysearch.org/ark:/61903/3:1:3QS7-99QM-2HQ5?i=1&cc=1985804&wc=M6Z3-SNL%3A264175701%2C264722601%2C265934701,275
677,1859,1859,"Catagrafii cu negustori de ghilda I, II şi III din oraşul Chişinău pentru anul 1859.","Revision lists of merchants of the 1st, 2nd and 3rd guild of the town of Chişinău for the year 1859.","Listes de revision des negociants de la 1re, 2e et 3e guilde de la ville de Chişinău pour l'annee 1859.","Ревизские сказки купцов 1-й, 2-й и 3-й гильдии города Кишинёва за 1859 год.",,1,2377233,158–232,75,sur,https://www.familysearch.org/ark:/61903/3:1:3QS7-L9QM-24Q9?i=1&cc=1985804&wc=M6Z3-SZ9%3A264175701%2C264722601%2C265934901,276
678,1859,1859,Catagrafii cu mici burghezi ai societăţii de persoane rebotezate şi convertite la religia creştină ortodoxă din oraşul Chişinău pentru anul 1859.,Revision lists of petty bourgeois of the society of persons rebaptized and converted to Orthodox Christianity from the town of Chisinau for the year 1859.,Listes de revision des petits bourgeois de la societe des personnes rebaptisees et converties a la religion chretienne orthodoxe de la ville de Chisinau pour l'annee 1859.,Ревизские сказки мещан общества лиц перекрещённых и обращённых в православную христианскую веру города Кишинёва за 1859 год.,,1,2377233,235–270,36,sur,https://www.familysearch.org/ark:/61903/3:1:3QSQ-G9QM-2WY9?i=1&cc=1985804&wc=M6Z3-SZS%3A264175701%2C264722601%2C265935101,276
679,1859,1859,"Catagrafii cu ţărani din satul Brăila, judeţul Chişinău pentru anul 1859","Revision lists of peasants from the village of Brăila, Chişinău county, for the year 1859.","Listes de revision des paysans du village de Brăila, comte de Chişinău, pour l'annee 1859.","Ревизские сказки крестьян села Brăila, Кишинёвского уезда, за 1859 год.",,1,2377233,273–294,22,sur,https://www.familysearch.org/ark:/61903/3:1:3QS7-L9QM-2W9F?i=1&cc=1985804&wc=M6Z3-S38%3A264175701%2C264722601%2C265935201,276
680,1859,1859,"Catagrafii cu mici burghezi din societatea I orăşenească de moldoveni din oraşul Chişinău, partea I pentru anul 1859.","Revision lists of petty bourgeois of the 1st Moldavian town society of the town of Chisinau, part I, for the year 1859.","Listes de revision des petits bourgeois de la 1re societe urbaine moldave de la ville de Chisinau, partie I, pour l'annee 1859.","Ревизские сказки мещан 1-го молдавского городского общества города Кишинёва, часть I, за 1859 год.",,1,2377233,297–400,104,sur,https://www.familysearch.org/ark:/61903/3:1:3QSQ-G9QM-2W8X?i=1&cc=1985804&wc=M6Z3-SM9%3A264175701%2C264722601%2C265935301,276
681,1859,1859,Catagrafii cu mici burghezi din oraşul Chişinău pentru anul 1859.,Revision lists of petty bourgeois of the town of Chisinau for the year 1859.,Listes de revision des petits bourgeois de la ville de Chisinau pour l'annee 1859.,Ревизские сказки мещан города Кишинёва за 1859 год.,,1,2377233,403–426,24,sur,https://www.familysearch.org/ark:/61903/3:1:3QS7-L9QM-27N9?i=1&cc=1985804&wc=M6Z3-SWL%3A264175701%2C264722601%2C265935401,276
682,1858,1859,"Catagrafii cu mici burghezi din oraşul Chişinău pentru anii 1858,1859.","Revision lists of petty bourgeois of the town of Chisinau for the years 1858,1859.","Listes de revision des petits bourgeois de la ville de Chisinau pour les annees 1858,1859.","Ревизские сказки мещан города Кишинёва за 1858,1859 годы.",,1,2377233,429–449,21,sur,https://www.familysearch.org/ark:/61903/3:1:3QS7-99QM-2C62?i=1&cc=1985804&wc=M6ZS-N29%3A264175701%2C264722601%2C265791201,276
683,1859,1859,Catagrafii cu mici burghezi din oraşul Chişinău pentru anul 1859.,Revision lists of petty bourgeois of the town of Chisinau for the year 1859.,Listes de revision des petits bourgeois de la ville de Chisinau pour l'annee 1859.,Ревизские сказки мещан города Кишинёва за 1859 год.,,1,2377233,452–485,34,sur,https://www.familysearch.org/ark:/61903/3:1:3QS7-L9QM-2C7L?i=1&cc=1985804&wc=M6Z3-MTL%3A264175701%2C264722601%2C265935601,276
684,1858,1859,"Catagrafii cu mici burghezi din Societatea I orăşenească de moldoveni din oraşul Chişinău pentru anii 1858,1859.","Revision lists of petty bourgeois of the 1st Moldavian town society of the town of Chisinau for the years 1858,1859.","Listes de revision des petits bourgeois de la 1re societe urbaine des moldaves de la ville de Chisinau pour les annees 1858,1859.","Ревизские сказки мещан 1-го молдавского городского общества города Кишинёва за 1858,1859 годы.",,1,2377233,488–519,32,sur,https://www.familysearch.org/ark:/61903/3:1:3QS7-89QM-2C84?i=1&cc=1985804&wc=M6Z3-MTG%3A264175701%2C264722601%2C265935701,276
685,1858,1858,"Catagrafii cu ţărani din satul Lucăceni, judeţul Hotin pentru anul 1858.","Revision lists of peasants from the village of Lucăceni, Hotin county, for the year 1858.","Listes de revision des paysans du village de Lucăceni, comte de Hotin, pour l'annee 1858.","Ревизские сказки крестьян села Lucăceni, Хотинского уезда, за 1858 год.",,1,2377233,522–578,57,sur,https://www.familysearch.org/ark:/61903/3:1:3QS7-L9QM-2HRP?i=1&cc=1985804&wc=M6ZS-QZ9%3A264175701%2C264722601%2C265541401,276
686,1859,1874,"Catagrafii cu mici burghezi din or. Chişinău pentru anii 1859, 1860, 1862, 1864, 1868, 1870, 1872, 1873, 1874.","Revision lists with petty bourgeois from the town of Chişinău, for the years 1859, 1860, 1862, 1864, 1868, 1870, 1872, 1873, 1874.","Listes de révision des petits bourgeois de la ville de Chişinău, pour les années 1859, 1860, 1862, 1864, 1868, 1870, 1872, 1873, 1874.","Ревизские сказки о мещанах города Кишинёва, за 1859, 1860, 1862, 1864, 1868, 1870, 1872, 1873, 1874 годы.",,1,2377233,581–691,111,probable,https://www.familysearch.org/ark:/61903/3:1:3QS7-L9QM-2HDD?i=1&cc=1985804&wc=M6Z3-368%3A264175701%2C264722601%2C265974801,
687,1874,1874,"Catagrafii cu lista nominală de colonişti şi de ţărani din satul Nisporeni, judeţul Chişinău pentru anul 1874.","Revision lists with the nominal list of colonists and peasants from the village of Nisporeni, Chişinău county, for the year 1874.","Listes de revision avec la liste nominale des colons et des tarani du village de Nisporeni, comte de Chişinău, pour l'annee 1874.",Ревизские сказки с поименным списком колонистов и крестьян села Ниспорены Кишинёвского уезда за 1874 год.,,2,2377233,694–1048,355,probable,https://www.familysearch.org/ark:/61903/3:1:3QS7-89QM-2HVM?i=1&cc=1985804&wc=M6Z3-4NL%3A264175701%2C264722601%2C266010601,277
688,1874,1874,"Catagrafii cu lista nominală de colonişti şi de ţărani din satul Nisporeni, judeţul Chişinău pentru anul 1874","Revision lists with the nominal list of colonists and peasants from the village of Nisporeni, Chişinău county, for the year 1874.","Listes de revision avec la liste nominale des colons et des tarani du village de Nisporeni, comte de Chişinău, pour l'annee 1874.",Ревизские сказки с поименным списком колонистов и крестьян села Ниспорены Кишинёвского уезда за 1874 год.,Chişinău pentru anul 1874,2,2377234,5–354,350,sur,https://www.familysearch.org/ark:/61903/3:1:33S7-95YG-S43?i=1&cc=1985804&wc=M6Z3-4WL%3A264175701%2C264722601%2C266011501,277
689,1842,1842,"Catagrafii cu colonişti din satele judeţelor Akkerman, Bender, Cahul, Herson, Odesa, Tiraspol şi Ananiev pentru anul 1842","Revision lists of colonists from the villages of Akkerman, Bender, Cahul, Kherson, Odesa, Tiraspol and Ananiev counties, for the year 1842","Listes de revision des colons des villages des comtes d'Akkerman, Bender, Cahul, Kherson, Odesa, Tiraspol et Ananiev, pour l'annee 1842","Ревизские сказки колонистов сёл Аккерманского, Бендерского, Кагульского, Херсонского, Одесского, Тираспольского и Ананьевского уездов, за 1842 год",Bender · Cahul · Odesa · Orhei · Tiraspol,60,2377234,357–820,464,sur,https://www.familysearch.org/ark:/61903/3:1:33S7-95YG-3TS?i=1&cc=1985804&wc=M6CT-G6D%3A264175701%2C264722601%2C265222601,277-279
690,1835,1835,"Catagrafii cu răzeşi, cu mazili, cu ruptaşi şi cu oamenii clasei privilegiate din satele Puhoi, Sadaclia, Săiţi, Sălcuţa şi, Speia, judeţul Bender pentru anul 1835.","Revision lists of răzeşi, mazili, ruptaşi and persons of the privileged class from the villages of Puhoi, Sadaclia, Săiţi, Sălcuţa and Speia, Bender county, for the year 1835.","Listes de revision des răzeşi, des mazili, des ruptaşi et des personnes de la classe privilegiee des villages de Puhoi, Sadaclia, Săiţi, Sălcuţa et Speia, judet de Bender, pour l'annee 1835.","Ревизские сказки резешей, мазылов, рупташей и лиц привилегированного сословия сёл Пухой, Садаклия, Сэиць, Сэлкуца и Спея Бендерского уезда за 1835 год.",,5,2377234,823–889,67,probable,https://www.familysearch.org/ark:/61903/3:1:33SQ-G5YG-7GX?i=1&cc=1985804&wc=M6C1-B29%3A264175701%2C264722601%2C265208401,279
691,1835,1836,"Catagrafii suplimentare cu ţărani, cu mazili şi cu romi (țigani) şerbi din satele judeţului Bender pentru anii 1835,1836.","Supplementary revision lists of peasants, of mazili and of Roma (gypsy) serfs from the villages of Bender county, for the years 1835, 1836","Listes de revision supplementaires des paysans, des mazili et des roms (tsiganes) serfs des villages du comte de Bender, pour les annees 1835, 1836","Дополнительные ревизские сказки крестьян, мазилов (mazili) и цыган-крепостных из сел Бендерского уезда за 1835, 1836 годы",,17,2377234,891–951,61,probable,https://www.familysearch.org/ark:/61903/3:1:33SQ-G5YG-73X?i=1&cc=1985804&wc=M6ZM-MPD%3A264175701%2C264722601%2C265222101,279
692,1850,1851,"Catagrafii cu slujitori de curte din oraşul Bender şi tîrgul Căuşeni judeţul Bender pentru anii 1850,1851,1853.","Revision lists of court servants from the town of Bender and the market town of Căuşeni, Bender county, for the years 1850, 1851, 1853.","Listes de revision des serviteurs de cour de la ville de Bender et du bourg de Căuşeni, judet de Bender, pour les annees 1850, 1851, 1853.","Ревизские сказки дворовых слуг города Бендеры и местечка Кэушень Бендерского уезда за 1850, 1851, 1853 годы.",,3,2377234,954–978,25,sur,https://www.familysearch.org/ark:/61903/3:1:33S7-95YG-7QN?i=1&cc=1985804&wc=M6Z9-JNL%3A264175701%2C264722601%2C265444001,280
693,1854,1854,Catagrafii cu negustori evrei din oraşul Bender pentru anul 1854,Revision lists of Jewish merchants of the town of Bender for the year 1854.,Listes de revision des negociants juifs de la ville de Bender pour l'annee 1854.,Ревизские сказки еврейских купцов города Бендеры за 1854 год.,,1,2377234,981–1016,36,sur,https://www.familysearch.org/ark:/61903/3:1:33S7-95YG-79W?i=1&cc=1985804&wc=M6Z9-5TL%3A264175701%2C264722601%2C265493401,280
694,1858,1858,"Catagrafii cu ţărani din satul Gradişte, judeţul Bender pentru anul 1858.","Revision lists of peasants from the village of Gradişte, Bender county, for the year 1858.","Listes de revision des paysans du village de Gradişte, comte de Bender, pour l'annee 1858.","Ревизские сказки крестьян села Gradişte, Бендерского уезда, за 1858 год.",,1,2377234,1019–1092,74,sur,https://www.familysearch.org/ark:/61903/3:1:33S7-95YG-QLB?i=1&cc=1985804&wc=M6ZS-QWL%3A264175701%2C264722601%2C265541701,280
695,1858,1858,"Catagrafii cu ţărani din satul Baimaclia, judeţul Bender pentru anul 1858.","Revision lists of peasants from the village of Baimaclia, Bender county, for the year 1858.","Listes de revision des paysans du village de Baimaclia, comte de Bender, pour l'annee 1858.","Ревизские сказки крестьян села Baimaclia, Бендерского уезда, за 1858 год.",,1,2377235,5–50,46,sur,https://www.familysearch.org/ark:/61903/3:1:33SQ-G5YT-KXL?i=1&cc=1985804&wc=M6ZS-923%3A264175701%2C264722601%2C265541801,280
696,1858,1858,"Catagrafii suplimentare cu mici burghezi din oraşul Chişinău pentru anii 1859-1860, 1862,1864,1868,1870,1872-1874.","Supplementary revision lists of petty bourgeois (meshchane) from the town of Chisinau, for the years 1859-1860, 1862, 1864, 1868, 1870, 1872-1874.","Listes de revision supplementaires des petits bourgeois (mechtchane) de la ville de Chisinau, pour les annees 1859-1860, 1862, 1864, 1868, 1870, 1872-1874.","Дополнительные ревизские сказки мещан города Кишинёва, за 1859-1860, 1862, 1864, 1868, 1870, 1872-1874 годы.",,2,2377235,53–155,103,sur,https://www.familysearch.org/ark:/61903/3:1:33SQ-G5YT-VT7?i=1&cc=1985804&wc=M6ZS-Q68%3A264175701%2C264722601%2C265542001,277-280
697,1858,1858,"Catagrafii cu ţărani şi cu colonişti de stat din satul Ciucur-Minjir, judeţul Bender pentru anul 1858.","Revision lists of peasants and state colonists from the village of Ciucur-Minjir, Bender county, for the year 1858.","Listes de revision des paysans et des colons d'Etat du village de Ciucur-Minjir, comte de Bender, pour l'annee 1858.","Ревизские сказки крестьян и государственных колонистов села Чукур-Минджир, Бендерского уезда, за 1858 год.",,1,2377235,158–238,81,probable,https://www.familysearch.org/ark:/61903/3:1:33SQ-G5YT-JBJ?i=1&cc=1985804&wc=M6ZS-LWG%3A264175701%2C264722601%2C265815201,280
698,1858,1858,"Catagrafii cu ţărani din satul Todireşti, judeţul Bender pentru anul 1858.","Revision lists of peasants from the village of Todireşti, Bender county, for the year 1858.","Listes de revision des paysans du village de Todireşti, comte de Bender, pour l'annee 1858.","Ревизские сказки крестьян села Todireşti, Бендерского уезда, за 1858 год.",,1,2377235,241–254,14,probable,https://www.familysearch.org/ark:/61903/3:1:33SQ-G5YT-GQL?i=1&cc=1985804&wc=M6ZS-STL%3A264175701%2C264722601%2C265542201,280
699,1859,1859,"Catagrafii cu romi (țigani) şerbi, slujitori de curte din satul Sagaidac, judeţul Bender pentru anul 1859.","Revision lists of serf Roma (Gypsies), court servants from the village of Sagaidac, Bender county, for the year 1859.","Listes de revision des roms (tsiganes) serfs, serviteurs de cour du village de Sagaidac, judet de Bender, pour l'annee 1859.","Ревизские сказки крепостных цыган, дворовых слуг села Сагайдак Бендерского уезда за 1859 год.",,1,2377235,257–266,10,sur,https://www.familysearch.org/ark:/61903/3:1:33SQ-G5YT-LBC?i=1&cc=1985804&wc=M6Z3-9TL%3A264175701%2C264722601%2C265935801,280
700,1859,1859,"Catagrafii cu colonişti din satul Cobusca Mică, judeţul Bender pentru anul 1859.","Revision lists of colonists from the village of Cobusca Mică, Bender county, for the year 1859","Listes de revision des colons du village de Cobusca Mică, comte de Bender, pour l'annee 1859","Ревизские сказки колонистов села Cobusca Mică, Бендерский уезд, за 1859 год",,1,2377235,269–280,12,sur,https://www.familysearch.org/ark:/61903/3:1:33SQ-G5YT-L5R?i=1&cc=1985804&wc=M6Z3-9TG%3A264175701%2C264722601%2C265935901,280
701,1856,1859,"Catagrafii cu colonişti din coloniile Tvardiţa şi Chiriutnea, judeţul Bender pentru anii 1856,1859.","Revision lists of the colonists of the colonies of Tvardita and Chiriutnea, Bender county, for the years 1856 and 1859","Listes de revision des colons des colonies de Tvardita et Chiriutnea, comte de Bender, pour les annees 1856 et 1859","Ревизские сказки колонистов колоний Твардица и Кириутня, Бендерского уезда, за 1856 и 1859 годы",,2,2377235,283–377,95,sur,https://www.familysearch.org/ark:/61903/3:1:33S7-95YT-GQQ?i=1&cc=1985804&wc=M6Z3-MW5%3A264175701%2C264722601%2C265936001,281
702,1848,1849,"Catagrafii cu odnodvorţi şi romi (țigani) şerbi, slujitori de curte din satele, judeţelor Bender şi Chişinău pentru anii 1848-1849,1859.","Revision lists of odnodvortsi and serf Roma (gypsies), court servants, from the villages of Bender and Chişinău counties for the years 1848-1849, 1859.","Listes de revision des odnodvorţi et des Roms (tsiganes) serfs, serviteurs de cour, des villages des comtes de Bender et de Chişinău pour les annees 1848-1849, 1859.","Ревизские сказки однодворцев и крепостных цыган, придворных служителей, сёл Бендерского и Кишинёвского уездов за 1848-1849, 1859 годы.",,4,2377235,380–403,24,sur,https://www.familysearch.org/ark:/61903/3:1:33S7-95YT-LGL?i=1&cc=1985804&wc=M6ZM-CTP%3A264175701%2C264722601%2C265269801,281
703,1854,1859,"Catagrafii cu colonişti din coloniile Başcalia şi Beşghioz, judeţul Bender pentru anii 1854,1859, 1866,1869.","Revision lists of colonists from the colonies of Başcalia and Beşghioz, Bender county, for the years 1854, 1859, 1866, 1869","Listes de revision des colons des colonies de Başcalia et Beşghioz, comte de Bender, pour les annees 1854, 1859, 1866, 1869","Ревизские сказки колонистов колоний Başcalia и Бешгиоз, Бендерский уезд, за 1854, 1859, 1866, 1869 годы",,2,2377235,406–451,46,sur,https://www.familysearch.org/ark:/61903/3:1:33S7-95YT-LNR?i=1&cc=1985804&wc=M6Z3-3Z7%3A264175701%2C264722601%2C265972901,281
704,1859,1859,"Catagrafii cu ţărani din satul Şerpeni, judeţul Bender pentru anul 1859.","Revision lists of peasants from the village of Serpeni, Bender county, for the year 1859.","Listes de revision des paysans du village de Serpeni, comte de Bender, pour l'annee 1859.","Ревизские сказки крестьян села Шерпень, Бендерского уезда, за 1859 год.",,1,2377235,454–522,69,sur,https://www.familysearch.org/ark:/61903/3:1:33SQ-G5YT-2YP?i=1&cc=1985804&wc=M6Z3-MMS%3A264175701%2C264722601%2C265936301,281
705,1858,1859,"Catagrafii cu colonişti din satul Cîrnăţeni, judeţul Bender pentru anii 1858,1859.","Revision lists of colonists from the village of Cîrnăţeni, Bender county, for the years 1858, 1859","Listes de revision des colons du village de Cîrnăţeni, comte de Bender, pour les annees 1858, 1859","Ревизские сказки колонистов села Cîrnăţeni, Бендерский уезд, за 1858, 1859 годы",,1,2377235,525–599,75,sur,https://www.familysearch.org/ark:/61903/3:1:33S7-95YT-2B4?i=1&cc=1985804&wc=M6ZS-VWL%3A264175701%2C264722601%2C265791301,281
706,1859,1859,"Catagrafii cu colonişti din coloniile Avdarma, pentru anul 1859.","Revision lists of colonists from the colonies of Avdarma, for the year 1859","Listes de revision des colons des colonies d'Avdarma, pour l'annee 1859","Ревизские сказки колонистов колоний Avdarma, за 1859 год",,1,2377235,602–702,101,sur,https://www.familysearch.org/ark:/61903/3:1:33SQ-G5YT-2HT?i=1&cc=1985804&wc=M6Z3-76D%3A264175701%2C264722601%2C265969101,281
707,1859,1864,"Catagrafii cu colonişti bulgari din colonia Tomai, judeţul Bender pentru anii 1859,1864,1866.","Revision lists of Bulgarian colonists from the colony of Tomai, Bender county, for the years 1859, 1864, 1866.","Listes de revision des colons bulgares de la colonie de Tomai, comte de Bender, pour les annees 1859, 1864, 1866.","Ревизские сказки болгарских колонистов колонии Томай, Бендерский уезд, за 1859, 1864, 1866 годы.",,1,2377235,705–835,131,probable,https://www.familysearch.org/ark:/61903/3:1:33SQ-G5YT-KVH?i=1&cc=1985804&wc=M6ZS-1P8%3A264175701%2C264722601%2C265936501,281
708,1859,1859,"Catagrafii cu ţărani din satul Cărbuna, judeţul Bender pentru anul 1859.","Revision lists of peasants from the village of Cărbuna, Bender county, for the year 1859.","Listes de revision des paysans du village de Cărbuna, comte de Bender, pour l'annee 1859.","Ревизские сказки крестьян села Cărbuna, Бендерского уезда, за 1859 год.",,1,2377235,838–933,96,sur,https://www.familysearch.org/ark:/61903/3:1:33SQ-G5YT-VKF?i=1&cc=1985804&wc=M6Z3-MWL%3A264175701%2C264722601%2C265936901,281
709,1859,1859,"Catagrafii cu odnodvorţi din satul Speia, judeţul Bender pentru anul 1859.","Revision lists of odnodvortsi from the village of Speia, Bender county, for the year 1859.","Listes de revision des odnodvorţi du village de Speia, comte de Bender, pour l'annee 1859.","Ревизские сказки однодворцев села Спея, Бендерский уезд, за 1859 год.",,1,2377235,936–942,7,probable,https://www.familysearch.org/ark:/61903/3:1:33S7-95YT-JYP?i=1&cc=1985804&wc=M6Z3-MWG%3A264175701%2C264722601%2C265937501,282
710,1859,1859,"Catagrafii cu odnodvorţi şi cu ţărani din satul Gangura, judeţul Bender pentru anul 1859.","Revision lists of odnodvortsi and peasants from the village of Gangura, Bender county, for the year 1859.","Listes de revision des odnodvorţi et des paysans du village de Gangura, comte de Bender, pour l'annee 1859.","Ревизские сказки однодворцев и крестьян села Гангура, Бендерский уезд, за 1859 год.",,1,2377235,945–972,28,sur,https://www.familysearch.org/ark:/61903/3:1:33S7-95YT-JRC?i=1&cc=1985804&wc=M6Z3-MWP%3A264175701%2C264722601%2C265937601,282
711,1874,1875,"Catagrafii cu liste generale a evreilor de genul masculin, înscrişi în recensămînt la sectorul (circumscripţia) III a judeţului Bender pentru anii 1874,1875.","Revision lists with general lists of male Jews registered in the census of the 3rd sector (circumscription) of Bender county for the years 1874, 1875.","Listes de revision avec les listes generales des Juifs de sexe masculin, inscrits au recensement du secteur (circonscription) III du comte de Bender pour les annees 1874, 1875.","Ревизские сказки с общими списками евреев мужского пола, внесённых в перепись по III участку (округу) Бендерского уезда за 1874, 1875 годы.",,0,2377235,975–1011,37,sur,https://www.familysearch.org/ark:/61903/3:1:33S7-95YT-GYK?i=1&cc=1985804&wc=M6Z3-4M9%3A264175701%2C264722601%2C266016601,
712,1835,1835,"Catagrafii cu ruptaşi, cu ţărani şi cu mici burghezi din satele judeţului Orhei pentru anul 1835.","Revision lists of ruptaşi, peasants, and petty bourgeois from the villages of Orhei county, for the year 1835.","Listes de revision des ruptaşi, des paysans et des petits bourgeois des villages du judet d'Orhei, pour l'annee 1835.","Ревизские сказки рупташей, крестьян и мещан сёл Оргеевского уезда за 1835 год.",,4,2377236,5–77,73,estime,https://www.familysearch.org/ark:/61903/3:1:3QS7-99QM-PRM?i=1&cc=1985804&wc=M6C1-BNL%3A264175701%2C264722601%2C265208801,282
713,1835,1835,"Catagrafii cu mazili şi cu ruptaşi din tîrgul Criuleni, judeţul Orhei pentru anul 1835.","Revision lists of mazili and ruptasi from the market town of Criuleni, Orhei county, for the year 1835.","Listes de revision des mazili et des ruptasi du bourg de Criuleni, judet d'Orhei, pour l'annee 1835.","Ревизские сказки мазылов и рупташей местечка Криулень, Оргеевского уезда, за 1835 год.",,1,2377236,78–101,24,estime,https://www.familysearch.org/ark:/61903/3:1:3QS7-99QM-PG6?i=1&cc=1985804&wc=M6C1-YNL%3A264175701%2C264722601%2C265209401,282
714,1835,1835,"Catagrafii cu ţărani din satul Jevreni, judeţul Orhei pentru anul 1835.","Revision lists of peasants from the village of Jevreni, Orhei county, for the year 1835.","Listes de revision des paysans du village de Jevreni, comte d'Orhei, pour l'annee 1835.","Ревизские сказки крестьян села Jevreni, Орхейского уезда, за 1835 год.",,1,2377236,102–113,12,estime,https://www.familysearch.org/ark:/61903/3:1:3QS7-89QM-PRC?i=1&cc=1985804&wc=M6ZM-S29%3A264175701%2C264722601%2C265209701,282
715,1835,1835,Catagrafii cu slujitori de culte din satele judeţului Orhei pentru anul 1835.,"Revision lists of clergy from the villages of Orhei county, for the year 1835.","Listes de revision des desservants des cultes des villages du judet d'Orhei, pour l'annee 1835.",Ревизские сказки духовенства сёл Оргеевского уезда за 1835 год.,,3,2377236,114–128,15,estime,https://www.familysearch.org/ark:/61903/3:1:3QS7-99QM-PT8?i=1&cc=1985804&wc=M6C1-1M3%3A264175701%2C264722601%2C265209801,283
716,1835,1835,"Catagrafii cu mazili, cu ruptaşi, cu boiernaşi şi cu şleahtici din satele judeţului Orhei, literele P-R pentru anul 1835.","Revision lists of mazili, ruptasi, boiernasi and szlachta from the villages of Orhei county, letters P-R, for the year 1835.","Listes de revision des mazili, des ruptasi, des boiernasi et des szlachta des villages du judet d'Orhei, lettres P-R, pour l'annee 1835.","Ревизские сказки мазылов, рупташей, боернашей и шляхты сёл Оргеевского уезда, на буквы П-Р, за 1835 год.",,14,2377236,129–281,153,estime,https://www.familysearch.org/ark:/61903/3:1:3QS7-L9QM-PBS?i=1&cc=1985804&wc=M6C1-BPX%3A264175701%2C264722601%2C265209901,283
717,1835,1835,"Catagrafii cu răzeşi din satul Bălăşeşti, judeţul Orhei pentru anul 1835.","Revision lists of răzeşi from the village of Bălăşeşti, Orhei county, for the year 1835.","Listes de revision des răzeşi du village de Bălăşeşti, judet d'Orhei, pour l'annee 1835.",Ревизские сказки резешей села Бэлэшешть Оргеевского уезда за 1835 год.,,1,2377236,282–291,10,estime,https://www.familysearch.org/ark:/61903/3:1:3QS7-L9QM-PVB?i=1&cc=1985804&wc=M6C1-YNG%3A264175701%2C264722601%2C265210101,283
718,1835,1835,"Catagrafii cu ţărani din satul Butuceni, judeţul Orhei pentru anul 1835.","Revision lists of peasants from the village of Butuceni, Orhei county, for the year 1835.","Listes de revision des paysans du village de Butuceni, comte d'Orhei, pour l'annee 1835.","Ревизские сказки крестьян села Butuceni, Орхейского уезда, за 1835 год.",,1,2377236,293–1031,739,sur,,283
719,1835,1835,Catagrafii cu ţărani şi cu mazili din satele judeţului Orhei pentru anul 1835.,"Revision lists with peasants and mazyls from the villages of Orhei district, for the year 1835.","Listes de révision des paysans et des mazili des villages du district (judeţ) d'Orhei, pour l'année 1835.","Ревизские сказки о крестьянах и мазилах сёл Оргеевского уезда, за 1835 год.",,8,,,,volum,https://www.familysearch.org/ark:/61903/3:1:3QS7-89QM-PD2?i=1&cc=1985804&wc=M6C1-YN5%3A264175701%2C264722601%2C265210301,283-284
720,1835,1835,Catagrafii cu ţărani şi cu mazili din satele judeţului Orhei pentru anul 1835.,"Revision lists with peasants and mazyls from the villages of Orhei district, for the year 1835.","Listes de révision des paysans et des mazili des villages du district (judeţ) d'Orhei, pour l'année 1835.","Ревизские сказки о крестьянах и мазилах сёл Оргеевского уезда, за 1835 год.",,9,,,,volum,https://www.familysearch.org/ark:/61903/3:1:3QS7-89QM-P9QY?i=1&cc=1985804&wc=M6C1-BTL%3A264175701%2C264722601%2C265210701,284
721,1835,1835,Catagrafii cu slujitori de culte din satele judeţului Orhei pentru anul 1835.,"Revision lists of clergy from the villages of Orhei county, for the year 1835.","Listes de revision des desservants des cultes des villages du judet d'Orhei, pour l'annee 1835.",Ревизские сказки духовенства сёл Оргеевского уезда за 1835 год.,,8,,,,volum,https://www.familysearch.org/ark:/61903/3:1:3QSQ-G9QM-PY5?i=1&cc=1985804&wc=M6ZM-9NL%3A264175701%2C264722601%2C265210902,284
722,1849,1849,Catagrafii cu romi (țigani) şerbi şi slujitori de curte din satele judeţului Orhei pentru anul 1849.,"Revision lists with serf Roma (Gypsies) and court servants from the villages of Orhei district, for the year 1849.","Listes de révision des Roms (Tsiganes) serfs et des serviteurs de cour des villages du district (judeţ) d'Orhei, pour l'année 1849.","Ревизские сказки о рома (цыганах)-крепостных и дворовых слугах сёл Оргеевского уезда, за 1849 год.",,5,,,,volum,https://www.familysearch.org/ark:/61903/3:1:3QS7-89QM-P1T?i=1&cc=1985804&wc=M6ZM-C68%3A264175701%2C264722601%2C265269901,284
723,1850,1850,"Catagrafii cu ţărani din satul Jevreni, judeţul Orhei pentru anul 1850.","Revision lists of peasants from the village of Jevreni, Orhei county, for the year 1850.","Listes de revision des paysans du village de Jevreni, comte d'Orhei, pour l'annee 1850.","Ревизские сказки крестьян села Jevreni, Орхейского уезда, за 1850 год.",,1,,,,volum,https://www.familysearch.org/ark:/61903/3:1:3QS7-L9QM-P991?i=1&cc=1985804&wc=M6Z9-CNP%3A264175701%2C264722601%2C265425101,285
724,1850,1850,"Catagrafii cu ţărani din satul Sămănanca, judeţul Orhei pentru anul 1850.","Revision lists with peasants from the village of Sămănanca, Orhei district, for the year 1850.","Listes de révision des paysans du village de Sămănanca, district (judeţ) d'Orhei, pour l'année 1850.","Ревизские сказки о крестьянах села Сэмэнанка, Оргеевский уезд, за 1850 год.",,1,,,,volum,https://www.familysearch.org/ark:/61903/3:1:3QS7-99QM-PLQ?i=1&cc=1985804&wc=M6Z9-CTL%3A264175701%2C264722601%2C265425201,285
725,1850,1850,"Catagrafii cu ţărani şi cu odnodvorţî din satele judeţului Orhei, litera S pentru anul 1850.","Revision lists with peasants and odnodvortsy from the villages of Orhei district, letter S, for the year 1850.","Listes de révision des paysans et des odnodvortsy des villages du district (judeţ) d'Orhei, lettre S, pour l'année 1850.","Ревизские сказки о крестьянах и однодворцах сёл Оргеевского уезда, буква С, за 1850 год.",,7,,,,volum,https://www.familysearch.org/ark:/61903/3:1:3QS7-L9QM-PRK?i=1&cc=1985804&wc=M6Z9-46D%3A264175701%2C264722601%2C265425301,285
726,1850,1850,"Catagrafii cu ţărani din satul Trebujeni, judeţul Orhei pentru anul 1850.","Revision lists of peasants from the village of Trebujeni, Orhei county, for the year 1850.","Listes de revision des paysans du village de Trebujeni, comte d'Orhei, pour l'annee 1850.","Ревизские сказки крестьян села Requbujeni, Оргеевского уезда, за 1850 год.",,1,2377237,5–30,26,estime,https://www.familysearch.org/ark:/61903/3:1:3QS7-89QM-JH9?i=1&cc=1985804&wc=M6Z9-4PD%3A264175701%2C264722601%2C265425501,285
727,1854,1855,"Catagrafii cu mici burghezi din societatea de evrei din tîrgul Tuzara, judeţul Orhei pentru anii 1854,1855.","Revision lists of petty bourgeois of the Jewish society of the market town of Tuzara, Orhei county, for the years 1854, 1855.","Listes de revision des petits bourgeois de la societe juive du bourg de Tuzara, comte d'Orhei, pour les annees 1854, 1855.","Ревизские сказки мещан еврейского общества местечка Тузара, Оргеевского уезда, за 1854, 1855 годы.",,1,2377237,31–58,28,estime,https://www.familysearch.org/ark:/61903/3:1:3QS7-99QM-JSP?i=1&cc=1985804&wc=M6Z9-5Z9%3A264175701%2C264722601%2C265493501,285
728,1856,1856,"Catagrafii cu romi (țigani) şerbi, slujitori de curte din satul Pistruieni, judeţul Orhei pentru anul 1856.","Revision lists of serf Roma (Gypsies), court servants from the village of Pistruieni, Orhei county, for the year 1856.","Listes de revision des roms (tsiganes) serfs, serviteurs de cour du village de Pistruieni, judet d'Orhei, pour l'annee 1856.","Ревизские сказки крепостных цыган, дворовых слуг села Пиструень Оргеевского уезда за 1856 год.",,1,2377237,60–63,4,probable,https://www.familysearch.org/ark:/61903/3:1:3QSQ-G9QM-N6DS?i=1&cc=1985804&wc=M6Z9-GW5%3A264175701%2C264722601%2C265511201,285
729,1849,1849,"Catagrafii cu romi (țigani), slujitori de curte din satele judeţului Orhei pentru anul 1849.","Revision lists with Roma (Gypsies), court servants from the villages of Orhei district, for the year 1849.","Listes de révision des Roms (Tsiganes), serviteurs de cour des villages du district (judeţ) d'Orhei, pour l'année 1849.","Ревизские сказки о рома (цыганах), дворовых слугах сёл Оргеевского уезда, за 1849 год.",,3,,,,volum,https://www.familysearch.org/ark:/61903/3:1:3QS7-L9QM-N6NG?i=1&cc=1985804&wc=M6ZM-CNP%3A264175701%2C264722601%2C265270301,285
730,1859,1859,"Catagrafii cu ţărani şi cu odnodvorţi din satele judeţului Orhei,",Revision lists of peasants and odnodvortsy from the villages of Orhei county.,Listes de revision des paysans et des odnodvortsy des villages du comte d'Orhei.,Ревизские сказки крестьян и однодворцев сел Оргеевского уезда.,,3,2377237,65–160,96,probable,https://www.familysearch.org/ark:/61903/3:1:3QS7-89QM-N6NN?i=1&cc=1985804&wc=M6ZS-NWL%3A264175701%2C264722601%2C265791601,286
731,1859,1859,"Catagrafii cu ţărani şi cu odnodvorţi din satul Bravicea, judeţul Orhei pentru anul 1859","Revision lists with peasants and odnodvortsy from the village of Bravicea, Orhei district, for the year 1859.","Listes de révision des paysans et des odnodvortsy du village de Bravicea, district (judeţ) d'Orhei, pour l'année 1859.","Ревизские сказки о крестьянах и однодворцах села Бравича, Оргеевский уезд, за 1859 год.",,1,,,,volum,https://www.familysearch.org/ark:/61903/3:1:3QSQ-G9QM-N696?i=1&cc=1985804&wc=M6ZS-1TL%3A264175701%2C264722601%2C265937801,286
732,1848,1848,Catagrafii cu mici burghezi evrei din oraşul Chişinău pentru anul 1848,Revision lists of Jewish petty bourgeois of the town of Chisinau for the year 1848.,Listes de revision des petits bourgeois juifs de la ville de Chisinau pour l'annee 1848.,Ревизские сказки еврейских мещан города Кишинёва за 1848 год.,,1,2377237,162–533,372,probable,,286
734,1858,1859,"Catagrafii cu ţărani şi cu odnodvorţi din satele judeţului Orhei, litera C pentru anii 1858,1859.","Revision lists of peasants and odnodvortsy from the villages of Orhei county, letter C, for the years 1858,1859.","Listes de revision des paysans et des odnodvortsy des villages du comte d'Orhei, lettre C, pour les annees 1858,1859.","Ревизские сказки крестьян и однодворцев сел Оргеевского уезда, буква К, за 1858,1859 годы.",,7,2377237,535–1058,524,probable,,286
735,1858,1858,"Catagrafii cu ţărani din satul Negureni, judeţul Orhei pentru anul 1858.","Revision lists with peasants from the village of Negureni, Orhei district, for the year 1858.","Listes de révision des paysans du village de Negureni, district (judeţ) d'Orhei, pour l'année 1858.","Ревизские сказки о крестьянах села Негурень, Оргеевский уезд, за 1858 год.",,1,,,,volum,https://www.familysearch.org/ark:/61903/3:1:3QSQ-G9QM-JTB?i=1&cc=1985804&wc=M6ZS-STG%3A264175701%2C264722601%2C265542401,286
736,1858,1858,Catagrafii cu ţărani şi cu odnodvorţi din satele judeţului Orhei pentru anul 1858.,"Revision lists with peasants and odnodvortsy from the villages of Orhei district, for the year 1858.","Listes de révision des paysans et des odnodvortsy des villages du district (judeţ) d'Orhei, pour l'année 1858.","Ревизские сказки о крестьянах и однодворцах сёл Оргеевского уезда, за 1858 год.",,3,,,,volum,https://www.familysearch.org/ark:/61903/3:1:3QSQ-G9QM-J5S?i=1&cc=1985804&wc=M6ZS-9NL%3A264175701%2C264722601%2C265542701,286
737,1858,1859,"Catagrafii cu romi (țigani) şerbi, slujitori de curte din satele judeţului Orhei pentru anii 1858,1859.","Revision lists of serf Roma (Gypsies), court servants from the villages of Orhei county for the years 1858, 1859.","Listes de revision des roms (tsiganes) serfs, serviteurs de cour des villages du judet d'Orhei pour les annees 1858, 1859.","Ревизские сказки крепостных цыган, дворовых слуг сёл Оргеевского уезда за 1858, 1859 годы.",,50,2377238,5–53,49,sur,,287-288
738,1858,1858,"Catagrafii cu ţărani din satul Slobozia Duşca, judeţul Orhei pentru anul 1858.","Revision lists of peasants from the village of Slobozia Duşca, Orhei county, for the year 1858.","Listes de revision des paysans du village de Slobozia Duşca, comte d'Orhei, pour l'annee 1858.","Ревизские сказки крестьян села Slobozia Duşca, Орхейского уезда, за 1858 год.",,1,2377238,56–83,28,sur,https://www.familysearch.org/ark:/61903/3:1:3QS7-99QM-VHCV?i=1&cc=1985804&wc=M6ZS-SM9%3A264175701%2C264722601%2C265543001,288
739,1858,1858,"Catagrafii cu ţărani din satul Bieşti, judeţul Orhei pentru anul 1858.","Revision lists of peasants from the village of Bieşti, Orhei county, for the year 1858.","Listes de revision des paysans du village de Bieşti, comte d'Orhei, pour l'annee 1858.","Ревизские сказки крестьян села Bieşti, Орхейского уезда, за 1858 год.",,1,2377238,86–138,53,sur,https://www.familysearch.org/ark:/61903/3:1:3QS7-L9QM-V4P1?i=1&cc=1985804&wc=M6ZS-SWL%3A264175701%2C264722601%2C265543101,288
740,1875,1875,"Lista generală a evreilor de gen masculin, înscrişi la sectorul (circumscripţia) IV a oraşului Orhei pentru anul 1875, filele,……1-32","General list of male Jews registered in sector (district) IV of the town of Orhei, for the year 1875, folios 1-32","Liste generale des juifs de sexe masculin inscrits au secteur (circonscription) IV de la ville d'Orhei, pour l'annee 1875, folios 1-32","Общий список евреев мужского пола, внесённых в участок (округ) IV города Оргеева за 1875 год, листы 1-32",,0,2377238,141–185,45,sur,https://www.familysearch.org/ark:/61903/3:1:3QS7-89QM-V4LG?i=1&cc=1985804&wc=M6Z3-WNL%3A264175701%2C264722601%2C266016901,
741,1875,1875,"Lista generală a evreilor de gen masculin, înscrişi la sectorul (circumscripţia) 2 a judeţului Orhei pentru anul 1875, filele,…….1-14. 742 Catagrafii cu colonişti transdanubeni din coloniile districtului Ismail a judeţului Cahul pentru anul 1850.","General list of male Jews registered in sector (district) no. 2 of Orhei county, for the year 1875, folios 1-14. 742 Revision lists of Trans-Danubian colonists from the colonies of Ismail district, Cahul county, for the year 1850","Liste generale des juifs de sexe masculin inscrits au secteur (circonscription) n° 2 du comte d'Orhei, pour l'annee 1875, folios 1-14. 742 Listes de revision des colons transdanubiens des colonies du district d'Ismail, comte de Cahul, pour l'annee 1850","Общий список евреев мужского пола, внесённых в участок (округ) № 2 Оргеевского уезда за 1875 год, листы 1-14. 742 Ревизские сказки задунайских колонистов колоний Измаильского округа Кагульского уезда за 1850 год",,6,2377238,188–210,23,sur,https://www.familysearch.org/ark:/61903/3:1:3QS7-99QM-V4XK?i=1&cc=1985804&wc=M6Z3-WTL%3A264175701%2C264722601%2C266017001,288
742,1850,1850,Catagrafii cu colonişti transdanubeni din coloniile districtului Ismail a judeţului Cahul pentru anul 1850,"Revision lists of trans-Danubian colonists from the colonies of the district of Ismail, Cahul county, for the year 1850","Listes de revision des colons transdanubiens des colonies du district d'Ismail, comte de Cahul, pour l'annee 1850","Ревизские сказки задунайских колонистов колоний округа Ismail, Кагульский уезд, за 1850 год",,1,2377238,213–819,607,sur,https://www.familysearch.org/ark:/61903/3:1:3QS7-99QM-V4DP?i=1&cc=1985804&wc=M6Z9-H29%3A264175701%2C264722601%2C265425701,288
743,1850,1850,Catagrafii cu colonişti transdanubeni din coloniile districtului Ismail a judeţului Cahul pentru anul 1850.,"Revision lists of trans-Danubian colonists from the colonies of the district of Ismail, Cahul county, for the year 1850","Listes de revision des colons transdanubiens des colonies du district d'Ismail, comte de Cahul, pour l'annee 1850","Ревизские сказки задунайских колонистов колоний округа Ismail, Кагульский уезд, за 1850 год",,7,2377238 · 2377239,822–1055 · 5–1052,1282,sur,https://www.familysearch.org/ark:/61903/3:1:3QSQ-G9QM-K9S1-V?i=1&cc=1985804&wc=M6Z9-DTL%3A264175701%2C264722601%2C265440201,289
744,1859,1859,"Catagrafii cu colonişti transdanubeni din colonia Dezghingea, judeţul Cahul pentru anul 1859.","Revision lists of trans-Danubian colonists from the colony of Dezghingea, Cahul county, for the year 1859","Listes de revision des colons transdanubiens de la colonie de Dezghingea, comte de Cahul, pour l'annee 1859","Ревизские сказки задунайских колонистов колонии Dezghingea, Кагульский уезд, за 1859 год",,1,2377240,5–162,158,estime,https://www.familysearch.org/ark:/61903/3:1:3QSQ-G9QM-JFF2?i=1&cc=1985804&wc=M6Z9-RNL%3A264175701%2C264722601%2C265515401,289
745,1848,1848,"Catagrafii cu liste nominale a persoanelor, care nu-şi cunosc originea şi care au fost înscrise greşit în timpul recensămîntului nr. 8 în satele judeţului Soroca pentru anul 1848.",Revision lists with nominal lists of persons who do not know their origin and who were wrongly registered during census no. 8 in the villages of Soroca county for the year 1848.,Listes de revision avec les listes nominales des personnes ne connaissant pas leur origine et inscrites par erreur lors du recensement n° 8 dans les villages du comte de Soroca pour l'annee 1848.,"Ревизские сказки с поименными списками лиц, не знающих своего происхождения и ошибочно внесённых во время переписи №8 в сёлах Сорокского уезда за 1848 год.",,139,2377240,163–479,317,estime,,289-292
746,1833,1834,"Catagrafii cu romi (țigani) şerbi, slujitori de curte din satele judeţului Soroca pentru anii 1833,1834,1839,1840,18431845,1849.","Revision lists of serf Roma (Gypsies), court servants from the villages of Soroca county for the years 1833, 1834, 1839, 1840, 1843, 1845, 1849.","Listes de revision des roms (tsiganes) serfs, serviteurs de cour des villages du judet de Soroca pour les annees 1833, 1834, 1839, 1840, 1843, 1845, 1849.","Ревизские сказки крепостных цыган, дворовых слуг сёл Сорокского уезда за 1833, 1834, 1839, 1840, 1843, 1845, 1849 годы.",,10,2377240,480–558,79,estime,,292-293
747,1849,1849,"Catagrafii cu romi (țigani) şerbi din satele judeţelor Chişinău, Orhei şi Soroca pentru anul 1849.","Revision lists of serf Roma (gypsies) from the villages of Chişinău, Orhei and Soroca counties for the year 1849.","Listes de revision des Roms (tsiganes) serfs des villages des comtes de Chişinău, Orhei et Soroca pour l'annee 1849.","Ревизские сказки крепостных цыган сёл Кишинёвского, Орхейского и Сорокского уездов за 1849 год.",,5,2377240,559–585,27,estime,https://www.familysearch.org/ark:/61903/3:1:3QS7-99QM-JNWB?i=1&cc=1985804&wc=M6ZM-8M9%3A264175701%2C264722601%2C265270601,293
748,1848,1848,"Catagrafii cu romi (țigani) şerbi din oraşul Bălţi şi din satele judeţelor Iaşi, Orhei şi Soroca pentru anul 1848.","Revision lists with serf Roma (Gypsies) from the town of Bălţi and from the villages of Iaşi, Orhei and Soroca districts, for the year 1848.","Listes de révision des Roms (Tsiganes) serfs de la ville de Bălţi et des villages des districts (judeţ) d'Iaşi, d'Orhei et de Soroca, pour l'année 1848.","Ревизские сказки о рома (цыганах)-крепостных города Бельцы и сёл Ясского, Оргеевского и Сорокского уездов, за 1848 год.",,5,,,,volum,,293
749,1850,1850,"Catagrafii cu ţărani, cu odnodvorţi şi cu boiernaşi din satele judeţului Soroca, literele D-E-J-Z-I pentru anul 1850.","Revision lists of peasants, odnodvortsy and boiernaşi (petty boyars) from the villages of Soroca county, letters D-E-J-Z-I, for the year 1850.","Listes de revision des tarani (paysans), odnodvorţi et boiernaşi (petits boyards) des villages du judet de Soroca, lettres D-E-J-Z-I, pour l'annee 1850.","Ревизские сказки крестьян, однодворцев и боернашей (мелких бояр) сел Сорокского уезда, буквы D-E-J-Z-I, за 1850 год.",,17,2377240 · 2377241,586–1075 · 5–246,732,estime,,293-294
750,1850,1850,Catagrafii cu ţărani şi cu odnodvorţi din satele judeţului Soroca pentru anul 1850.,"Revision lists of peasants and odnodvortsy from the villages of Soroca county, for the year 1850.","Listes de revision des tarani (paysans) et odnodvorţi des villages du judet de Soroca, pour l'annee 1850.","Ревизские сказки крестьян и однодворцев сел Сорокского уезда, за 1850 год.",,5,,,,volum,https://www.familysearch.org/ark:/61903/3:1:33SQ-G5YP-YFD?i=1&cc=1985804&wc=M6Z9-H68%3A264175701%2C264722601%2C265427801,294
751,1854,1854,"Catagrafii cu membrii comunităţii de evrei din tîrgul Raşcov, judeţul Soroca pentru anul 1854.","Revision lists with members of the Jewish community from the market town of Raşcov, Soroca district, for the year 1854.","Listes de révision des membres de la communauté juive du bourg de Raşcov, district (judeţ) de Soroca, pour l'année 1854.","Ревизские сказки о членах еврейской общины местечка Рашков, Сорокский уезд, за 1854 год.",,1,2377241,248–369,122,deduit,https://www.familysearch.org/ark:/61903/3:1:33SQ-G5YP-TJ2?i=1&cc=1985804&wc=M6Z9-L36%3A264175701%2C264722601%2C265493801,294
752,1854,1857,"Catagrafie cu mici burghezi din comunitatea de evrei din tîrgul Ataci (Otaci, Atachi), judeţul Soroca pentru anii 1854-1857.","Revision list of petty bourgeois from the Jewish community of the market town of Ataci (Otaci, Atachi), Soroca county, for the years 1854-1857.","Liste de revision des petits bourgeois de la communaute juive du bourg d'Ataci (Otaci, Atachi), comte de Soroca, pour les annees 1854-1857.","Ревизская сказка мещан еврейской общины местечка Атаки (Отачь, Атачь), Сорокского уезда, за 1854-1857 годы.",,2,2377241,372–794,423,sur,https://www.familysearch.org/ark:/61903/3:1:33S7-95YP-56V?i=1&cc=1985804&wc=M6Z9-GTL%3A264175701%2C264722601%2C265494301,294
753,1854,1854,Catagrafii cu colonişti din coloniile judeţului Soroca pentru anul 1854.,"Revision lists of colonists from the colonies of Soroca county, for the year 1854","Listes de revision des colons des colonies du comte de Soroca, pour l'annee 1854","Ревизские сказки колонистов колоний Сорокского уезда, за 1854 год",,5,2377241,797–951,155,sur,,294
754,1854,1854,"Catagrafie cu colonişti din colonia Mereşeuca, judeţul Soroca pentru anul 1854.","Revision list of colonists from the colony of Mereşeuca, Soroca county, for the year 1854.","Liste de revision des colons de la colonie de Mereşeuca, comte de Soroca, pour l'annee 1854.","Ревизская сказка колонистов колонии Мерешеука, Сорокского уезда, за 1854 год.",,1,2377241,953–1002,50,probable,https://www.familysearch.org/ark:/61903/3:1:33SQ-G5YP-YK9?i=1&cc=1985804&wc=M6Z9-PPD%3A264175701%2C264722601%2C265495701,294
755,1854,1855,"Catagrafie cu colonişti din colonia Dumbrăveni, judeţul Soroca pentru anii 1854-1855.","Revision list with colonists from the colony of Dumbrăveni, Soroca district, for the years 1854-1855.","Liste de révision des colons de la colonie de Dumbrăveni, district (judeţ) de Soroca, pour les années 1854-1855.","Ревизская сказка о колонистах колонии Думбрэвень, Сорокский уезд, за 1854-1855 годы.",,2,2377241,955–1002,48,deduit,https://www.familysearch.org/ark:/61903/3:1:33SQ-G5YP-Y4X?i=1&cc=1985804&wc=M6Z9-PZ9%3A264175701%2C264722601%2C265500801,294
756,1854,1857,"Catagrafii cu mici burghezi din oraşul Soroca şi cu colonişti evrei din colonia Vertiujeni, judeţul Soroca pentru anii 1854-1857.","Revision lists of petty bourgeois of the town of Soroca and of Jewish colonists of the colony of Vertiujeni, Soroca county, for the years 1854-1857.","Listes de revision des petits bourgeois de la ville de Soroca et des colons juifs de la colonie de Vertiujeni, comte de Soroca, pour les annees 1854-1857.","Ревизские сказки мещан города Сорока и еврейских колонистов колонии Вертюжень, Сорокского уезда, за 1854-1857 годы.",,2,2377241 · 2377242,1005–1064 · 5–175,231,sur,https://www.familysearch.org/ark:/61903/3:1:33SQ-G5YR-Z5Y?i=1&cc=1985804&wc=M6Z9-GMS%3A264175701%2C264722601%2C265503201,295
757,1854,1854,"Catagrafie cu mici burghezi din comunitatea de evrei din tîrgul Ataci (Otaci, Atachi), judeţul Soroca pentru anul 1854.","Revision list of petty bourgeois from the Jewish community of the market town of Ataci (Otaci, Atachi), Soroca county, for the year 1854.","Liste de revision des petits bourgeois de la communaute juive du bourg d'Ataci (Otaci, Atachi), comte de Soroca, pour l'annee 1854.","Ревизская сказка мещан еврейской общины местечка Атаки (Отачь, Атачь), Сорокского уезда, за 1854 год.",,2,2377242,178–603,426,sur,https://www.familysearch.org/ark:/61903/3:1:33SQ-G5YR-X6T?i=1&cc=1985804&wc=M6Z9-LWL%3A264175701%2C264722601%2C265496101,295
758,1859,1859,"Catagrafie cu membri ai comunităţii de evrei agricultori din colonia Liublin, judeţul Soroca pentru anul 1859.","Revision list of members of the community of Jewish farmers from the colony of Liublin, Soroca county, for the year 1859.","Liste de revision des membres de la communaute des juifs agriculteurs de la colonie de Liublin, comte de Soroca, pour l'annee 1859.","Ревизская сказка членов общины евреев-земледельцев колонии Люблин, Сорокского уезда, за 1859 год.",,2,2377242,606–636,31,sur,https://www.familysearch.org/ark:/61903/3:1:33SQ-G5YR-8LL?i=1&cc=1985804&wc=M6Z3-MNL%3A264175701%2C264722601%2C265938001,295
760,1874,1874,"Liste cu evrei de genul masculin, care au locuit în oraşele Herson şi Odesa şi în gubernia Kiev, dar erau înscrişi în oraşul Soroca şi în satele judeţului Soroca pentru anul 1874.","Lists of male Jews who lived in the towns of Herson and Odesa and in Kiev governorate, but were registered in the town of Soroca and in the villages of Soroca county, for the year 1874","Listes des juifs de sexe masculin qui ont vecu dans les villes de Herson et d'Odesa et dans le gouvernement de Kiev, mais qui etaient inscrits dans la ville de Soroca et dans les villages du comte de Soroca, pour l'annee 1874","Списки евреев мужского пола, проживавших в городах Херсоне и Одессе и в Киевской губернии, но числившихся в городе Сороки и в сёлах Сорокского уезда, за 1874 год",,2,2377242,640–648,9,sur,https://www.familysearch.org/ark:/61903/3:1:33SQ-G5YR-8JS?i=1&cc=1985804&wc=M6Z3-W29%3A264175701%2C264722601%2C266012901,295
761,1835,1835,Catagrafie cu negustori de ghilda II şi III din oraşul Akkerman pentru anul 1835.,Revision list of second- and third-guild merchants of the town of Akkerman for the year 1835.,Liste de revision des marchands de la deuxieme et de la troisieme guilde de la ville d'Akkerman pour l'annee 1835.,Ревизская сказка купцов второй и третьей гильдии города Аккермана за 1835 год.,,1,2377242,651–691,41,sur,https://www.familysearch.org/ark:/61903/3:1:33S7-95YR-ZBV?i=1&cc=1985804&wc=M6ZM-S38%3A264175701%2C264722601%2C265211101,295
762,1842,1842,"Lista locuitorilor oraşului Akkerman, înscrişi fără documente, neavînd viaţă sedentară şi care nu s-au înrudit cu locuitorii oraşului Akkerman şi a fostelor suburbii ale acestui oraş pentru anul 1842","List of inhabitants of the town of Akkerman registered without documents, having no settled life, and who were not related to the inhabitants of the town of Akkerman and of the former suburbs of this town, for the year 1842","Liste des habitants de la ville d'Akkerman inscrits sans documents, n'ayant pas de vie sedentaire, et qui n'etaient pas apparentes aux habitants de la ville d'Akkerman et des anciens faubourgs de cette ville, pour l'annee 1842","Список жителей города Аккермана, записанных без документов, не имеющих оседлого образа жизни и не состоявших в родстве с жителями города Аккермана и бывших предместий этого города, за 1842 год",,8,2377242 · 2377243 · 2377244,694–1105 · 5–1136 · 5–526,2066,sur,https://www.familysearch.org/ark:/61903/3:1:33S7-95YR-ZR6?i=1&cc=1985804&wc=M6ZM-HM9%3A264175701%2C264722601%2C265231201,295-296
763,1850,1850,"Catagrafii cu colonişti din colonia Caţbah, judeţul Akkerman pentru anul 1850","Revision lists with colonists from the colony of Caţbah, Akkerman district, for the year 1850.","Listes de révision des colons de la colonie de Caţbah, district (judeţ) d'Akkerman, pour l'année 1850.","Ревизские сказки о колонистах колонии Кацбах, Аккерманский уезд, за 1850 год.",,1,2377244,529–572,44,sur,https://www.familysearch.org/ark:/61903/3:1:3QS7-99QM-2256?i=1&cc=1985804&wc=M6Z9-C68%3A264175701%2C264722601%2C265428101,296
764,1859,1859,Catagrafie cu membri ai societăţii de şleahtici din oraşul Akkerman pentru anul 1859.,Revision list of members of the society of szlachta (nobility) of the town of Akkerman for the year 1859.,Liste de revision des membres de la societe des szlachta (petite noblesse) de la ville d'Akkerman pour l'annee 1859.,Ревизская сказка членов шляхетского общества города Аккермана за 1859 год.,,1,2377244,575–838,264,sur,https://www.familysearch.org/ark:/61903/3:1:3QS7-L9QM-22DH?i=1&cc=1985804&wc=M6Z3-MZ9%3A264175701%2C264722601%2C265938201,296
765,1859,1859,"Catagrafie cu ţărani de stat din satul Uspenscoe, judeţul Akkerman pentru anul 1859.","Revision list of state peasants from the village of Uspenscoe, Akkerman county, for the year 1859.","Liste de revision des paysans d'Etat du village d'Uspenscoe, comte d'Akkerman, pour l'annee 1859.","Ревизская сказка государственных крестьян села Успенское, Аккерманского уезда, за 1859 год.",,1,2377244,841–894,54,sur,https://www.familysearch.org/ark:/61903/3:1:3QSQ-G9QM-2KR1?i=1&cc=1985804&wc=M6ZS-129%3A264175701%2C264722601%2C265938401,296
766,1859,1859,Catagrafii cu ţărani de stat din satele judeţului Akkerman pentru anul 1859.,"Revision lists of state peasants from the villages of Akkerman county, for the year 1859.","Listes de revision des paysans d'Etat des villages du judet d'Akkerman, pour l'annee 1859.",Ревизские сказки государственных крестьян сёл Аккерманского уезда за 1859 год.,,6,2377244 · 2377245,897–1120 · 5–322,542,sur,https://www.familysearch.org/ark:/61903/3:1:33S7-95YB-94HX?i=1&cc=1985804&wc=M6ZS-1Z9%3A264175701%2C264722601%2C265938601,296
769,1859,1859,"Catagrafii cu ţărani de stat din satul Chebabcea, judeţul Akkerman pentru anul 1859.","Revision lists of state peasants from the village of Chebabcea, Akkerman county, for the year 1859.","Listes de revision des paysans d'Etat du village de Chebabcea, judet d'Akkerman, pour l'annee 1859.",Ревизские сказки государственных крестьян села Чебабча Аккерманского уезда за 1859 год.,,1,2377245,325–473,149,sur,https://www.familysearch.org/ark:/61903/3:1:33S7-95YB-9CVF?i=1&cc=1985804&wc=M6ZS-12S%3A264175701%2C264722601%2C265940101,296
770,1859,1859,"Catagrafie cu colonişti din colonia Leipţig, judeţul Akkerman pentru anul 1859.","Revision list of colonists from the colony of Leipţig, Akkerman county, for the year 1859.","Liste de revision des colons de la colonie de Leipţig, comte d'Akkerman, pour l'annee 1859.","Ревизская сказка колонистов колонии Лейпциг, Аккерманского уезда, за 1859 год.",,1,2377245,476–574,99,sur,https://www.familysearch.org/ark:/61903/3:1:33SQ-G5YB-94T3?i=1&cc=1985804&wc=M6Z3-M68%3A264175701%2C264722601%2C265940501,296
771,,,"Registru de ieşire pentru înscrierea legitimaţiilor şi documentelor, necesare pentru recensămîntul populaţiei evreieşti de genul masculin,",Outgoing register for recording the identification papers and documents necessary for the census of the male Jewish population,Registre de sortie pour l'enregistrement des pieces d'identite et documents necessaires au recensement de la population juive de sexe masculin,"Исходящий журнал для регистрации удостоверений и документов, необходимых для переписи еврейского населения мужского пола",,0,2377245,577–598,22,sur,https://www.familysearch.org/ark:/61903/3:1:33S7-95YB-9HQS?i=1&cc=1985804&wc=M6Z3-4Z9%3A264175701%2C264722601%2C266017201,
772,1875,1875,"Lista specială cu descrierea exteriorului fizic al evreilor de gen masculin din sectorul I al oraşului Akkerman pentru anul 1875,filele,..1- 28.","Special list with the description of the physical appearance of male Jews from sector I of the town of Akkerman, for the year 1875, folios 1-28","Liste speciale avec description de l'aspect physique exterieur des juifs de sexe masculin du secteur I de la ville d'Akkerman, pour l'annee 1875, folios 1-28","Особый список с описанием наружности евреев мужского пола участка I города Аккермана за 1875 год, листы 1-28",,0,2377245,601–640,40,sur,https://www.familysearch.org/ark:/61903/3:1:33SQ-G5YB-94CH?i=1&cc=1985804&wc=M6Z3-438%3A264175701%2C264722601%2C266017401,
773,1859,1859,Catagrafie cu mici burghezi din suburbia Turlac a oraşului Akkerman pentru anul 1859.,Revision list of petty bourgeois from the Turlac suburb of the town of Akkerman for the year 1859.,Liste de revision des petits bourgeois du faubourg de Turlac de la ville d'Akkerman pour l'annee 1859.,Ревизская сказка мещан предместья Турлак города Аккермана за 1859 год.,,2,2377245,643–959,317,sur,https://www.familysearch.org/ark:/61903/3:1:33SQ-G5YB-94QG?i=1&cc=1985804&wc=M6ZS-1ZS%3A264175701%2C264722601%2C265940801,297
774,1824,1824,"Catagrafii cu slujitori ai cultelor, cu călugării şi cu birnicii din comunităţile de greci, de moldoveni, de bulgari, de armeni, de evrei, de velicoruşi şi de maloruşi, cu supuşi străini şi cu şleahtici din oraşele Ismail şi Reni şi din satele ţinutului Ismail pentru anul 1824.","Revision lists of clergy, monks and taxpayers from the Greek, Moldavian, Bulgarian, Armenian, Jewish, Great Russian and Little Russian communities, with foreign subjects and şleahtici, from the towns of Ismail and Reni and the villages of Ismail tinut, for the year 1824.","Listes de revision des desservants des cultes, des moines et des contribuables des communautes grecque, moldave, bulgare, armenienne, juive, grand-russe et petite-russe, avec des sujets etrangers et des şleahtici, des villes d'Ismail et de Reni et des villages du tinut d'Ismail, pour l'annee 1824.","Ревизские сказки духовенства, монахов и податного населения греческой, молдавской, болгарской, армянской, еврейской, великорусской и малорусской общин, иностранных подданных и шляхтичей городов Измаила и Рени и сёл Измаильского цинута за 1824 год.",Ismail,183,2377245 · 2377246,962–1131 · 5–557,723,probable,https://www.familysearch.org/ark:/61903/3:1:33S7-95YB-9ZBG?i=1&cc=1985804&wc=M6CB-ZTL%3A264175701%2C264722601%2C264785001,297-302
776,1835,1835,"Catagrafii cu slujitori ai cultelor din cetatea şi oraşul Ismail, din satele cîrmuirii orăşeneşti Ismail, din oraşele Chilia, Reni şi Tucicov cu suburbiile sale pentru anul 1835.","Revision lists of clergy from the fortress and town of Ismail, from the villages of the Ismail town administration, and from the towns of Chilia, Reni and Tucicov with their suburbs, for the year 1835.","Listes de revision des desservants des cultes de la citadelle et de la ville d'Ismail, des villages de l'administration urbaine d'Ismail, des villes de Chilia, Reni et Tucicov avec leurs faubourgs, pour l'annee 1835.","Ревизские сказки духовенства крепости и города Измаила, сёл Измаильского городского управления, городов Килия, Рени и Тучков с их предместьями за 1835 год.",,12,2377246,560–641,82,sur,https://www.familysearch.org/ark:/61903/3:1:3QS7-89QM-2BV3?i=1&cc=1985804&wc=M6ZM-S3D%3A264175701%2C264722601%2C265211601,302
777,1836,1836,"Catagrafii cu mici burghezi din comunitatea de velicoruşi, de maloruşi, de greci, de moldoveni, de bulgari şi de evrei din oraşul Reni al cîrmuirii orăşeneşti Ismail pentru anul 1836.","Revision lists of petty bourgeois of the Velikorussian, Malorussian, Greek, Moldavian, Bulgarian and Jewish community of the town of Reni under the town administration of Ismail for the year 1836.","Listes de revision des petits bourgeois de la communaute de velikorusses, de malorusses, de grecs, de moldaves, de bulgares et de juifs de la ville de Reni relevant de l'administration municipale d'Ismail pour l'annee 1836.","Ревизские сказки мещан великорусской, малорусской, греческой, молдавской, болгарской и еврейской общины города Рени, подведомственного измаильскому городскому управлению, за 1836 год.",,2,2377246,644–954,311,sur,https://www.familysearch.org/ark:/61903/3:1:3QS7-99QM-2YRF?i=1&cc=1985804&wc=M6C1-Y2S%3A264175701%2C264722601%2C265212001,302
778,1836,1836,"Catagrafii suplimentare cu mici burghezi din comunităţile de velicoruşi, de maloruşi, de moldoveni, de bejenari şi de evrei din oraşul Tucicov şi suburbia sa Cuhurlui (Cugurlui) pentru anul 1836","Supplementary revision lists of petty bourgeois (meshchane) from the communities of Great Russians, Little Russians, Moldavians, refugees and Jews of the town of Tucicov and its suburb Cuhurlui (Cugurlui), for the year 1836.","Listes de revision supplementaires des petits bourgeois (mechtchane) des communautes de grands-russiens, de petits-russiens, de moldaves, de refugies (bejenari) et de juifs de la ville de Tucicov et de son faubourg Cuhurlui (Cugurlui), pour l'annee 1836.","Дополнительные ревизские сказки мещан обществ великороссов, малороссов, молдаван, беженцев (бежанарь) и евреев города Тучкова и его предместья Кагурлуй (Кугурлуй), за 1836 год.",,2,2377246,957–990,34,sur,https://www.familysearch.org/ark:/61903/3:1:3QS7-99QM-2T3P?i=1&cc=1985804&wc=M6ZM-MPX%3A264175701%2C264722601%2C265228201,303
779,1835,1836,"Catagrafii cu ţărani, cu colonişti, cu ruptaşi, cu mazili, cu cetăţeni străini, cu boiernaşi şi cu dvoreni din satele judeţului Leova pentru anii 1835,1836.","Revision lists of peasants, colonists, ruptaşi, mazili (petty nobility exempt from taxes), foreign citizens, boiernaşi (petty boyars) and dvoreni (nobility) from the villages of Leova county, for the years 1835, 1836.","Listes de revision des tarani (paysans), colonistes, ruptaşi, mazili (petite noblesse exempte), citoyens etrangers, boiernaşi (petits boyards) et dvoreni (noblesse) des villages du judet de Leova, pour les annees 1835, 1836.","Ревизские сказки крестьян, колонистов, рупташей, мазылов (мелкой знати, освобождённой от податей), иностранных подданных, боернашей (мелких бояр) и дворян сел Леовского уезда, за 1835, 1836 годы.",,24,2377246 · 2377247,993–1126 · 5–625,755,probable,https://www.familysearch.org/ark:/61903/3:1:3QS7-99QM-2TQM?i=1&cc=1985804&wc=M6C1-YNR%3A264175701%2C264722601%2C265212701,303-309
780,1824,1824,"Liste cu mazili, cu ruptaşi, cu membrii comunităţilor de creştini, de evrei, de armeni şi de şleahtici din oraşul Hotin şi din tîrgurile şi satele ţinutului Hotin pentru anul 1824.","Lists of mazili, of ruptasi, of members of the Christian, Jewish, Armenian and szlachta (petty nobility) communities from the town of Hotin and from the market towns and villages of Hotin region, for the year 1824","Listes des mazili, des ruptasi, des membres des communautes chretiennes, juives, armeniennes et des szlachtici (petite noblesse) de la ville de Hotin et des bourgs et villages de la region (tinut) de Hotin, pour l'annee 1824","Списки мазилов (mazili), рупташей (ruptasi), членов христианских, еврейских, армянских общин и шляхты города Хотина и местечек и сел Хотинского цинута за 1824 год",,220,2377247 · 2377248,628–1133 · 6–623,1124,probable,https://www.familysearch.org/ark:/61903/3:1:3QS7-99QM-FKW9?i=1&cc=1985804&wc=M6CB-8Z9%3A264175701%2C264722601%2C264792801,303-309
781,1835,1836,"Catagrafii cu membrii comunităţilor de creştini, de armeni şi de evrei din oraşul Hotin pentru anii 1835,1836.","Revision lists of members of the Christian, Armenian and Jewish communities of the town of Hotin for the years 1835,1836.","Listes de revision des membres des communautes chretienne, armenienne et juive de la ville de Hotin pour les annees 1835,1836.","Ревизские сказки членов христианской, армянской и еврейской общин города Хотина за 1835,1836 годы.",,1,2377248,625–663,39,probable,https://www.familysearch.org/ark:/61903/3:1:3QS7-99QM-KLYN?i=1&cc=1985804&wc=M6C1-BNG%3A264175701%2C264722601%2C265214401,309
782,1835,1835,"Catagrafii cu mazili, cu ruptaşi şi cu cetăţeni străini şi cu boiernaşi din satele judeţului Hotin pentru anul 1835.","Revision lists of mazili, ruptasi, foreign citizens and boiernasi from the villages of Hotin county, for the year 1835.","Listes de revision des mazili, des ruptasi, des citoyens etrangers et des boiernasi des villages du judet de Hotin, pour l'annee 1835.","Ревизские сказки мазылов, рупташей, иностранных подданных и боернашей сёл Хотинского уезда, за 1835 год.",,32,2377248,665–796,132,probable,https://www.familysearch.org/ark:/61903/3:1:3QSQ-G9QM-KG72?i=1&cc=1985804&wc=M6C1-BPF%3A264175701%2C264722601%2C265214501,309-310
783,1835,1835,"Catagrafii cu mazili, cu ruptaşi, cu boiernaşi şi cu cetăţeni străini din satele judeţului Hotin pentru anul 1835.","Revision lists of mazili, ruptasi, boiernasi and foreign citizens from the villages of Hotin county, for the year 1835.","Listes de revision des mazili, des ruptasi, des boiernasi et des citoyens etrangers des villages du judet de Hotin, pour l'annee 1835.","Ревизские сказки мазылов, рупташей, боернашей и иностранных подданных сёл Хотинского уезда, за 1835 год.",,14,2377248,798–862,65,probable,https://www.familysearch.org/ark:/61903/3:1:3QSQ-G9QM-KL16?i=1&cc=1985804&wc=M6ZM-MM9%3A264175701%2C264722601%2C265214901,310-311
784,1851,1853,Catagrafii cu mici burghezi din comunitatea de evrei din oraşul Hotin şi din satele judeţului Hotin pentru anii 1851-1853.,Revision lists of petty bourgeois of the Jewish community of the town of Hotin and of the villages of Hotin county for the years 1851-1853.,Listes de revision des petits bourgeois de la communaute juive de la ville de Hotin et des villages du comte de Hotin pour les annees 1851-1853.,Ревизские сказки мещан еврейской общины города Хотина и сел Хотинского уезда за 1851-1853 годы.,,2,2377248,864–895,32,probable,https://www.familysearch.org/ark:/61903/3:1:3QS7-99QM-KLSL?i=1&cc=1985804&wc=M6Z9-JWG%3A264175701%2C264722601%2C265457001,311
785,1850,1856,Catagrafii cu ţărani şi cu mici burghezi din oraşul Hotin şi din satele judeţului Hotin pentru anii 1850-1856,Revision lists of peasants and petty bourgeois from the town of Hotin and from the villages of Hotin county for the years 1850-1856.,Listes de revision des paysans et des petits bourgeois de la ville de Hotin et des villages du comte de Hotin pour les annees 1850-1856.,Ревизские сказки крестьян и мещан города Хотина и сел Хотинского уезда за 1850-1856 годы.,,14,2377248,897–939,43,probable,https://www.familysearch.org/ark:/61903/3:1:3QS7-99QM-K2PH?i=1&cc=1985804&wc=M6Z9-X29%3A264175701%2C264722601%2C265448001,311
786,1850,1857,"Catagrafii cu mici burghezi din comunităţile de armeni, de creştini originari din Austria şi Prusia şi din oraşul Hotin pentru anii 1850-1857.","Revision lists of petty bourgeois of the Armenian communities, of Christians originating from Austria and Prussia, and from the town of Hotin for the years 1850-1857.","Listes de revision des petits bourgeois des communautes d'armeniens, de chretiens originaires d'Autriche et de Prusse, et de la ville de Hotin pour les annees 1850-1857.","Ревизские сказки мещан армянских общин, христиан, выходцев из Австрии и Пруссии, и города Хотина за 1850-1857 годы.",,1,2377248,944–1067,124,probable,https://www.familysearch.org/ark:/61903/3:1:3QS7-89QM-KL77?i=1&cc=1985804&wc=M6Z9-D66%3A264175701%2C264722601%2C265449801,311
787,1854,1854,Catagrafii cu mici burghezi din comunitatea de evrei din oraşul Hotin pentru anul 1854.,Revision lists of petty bourgeois of the Jewish community of the town of Hotin for the year 1854.,Listes de revision des petits bourgeois de la communaute juive de la ville de Hotin pour l'annee 1854.,Ревизские сказки мещан еврейской общины города Хотина за 1854 год.,,2,2377249,5–382,378,sur,https://www.familysearch.org/ark:/61903/3:1:3QS7-99QM-N9JG?i=1&cc=1985804&wc=M6Z9-LP8%3A264175701%2C264722601%2C265497501,311
789,1854,1854,"Catagrafii cu colonişti din colonia Mărculeşti, judeţul Soroca pentru anul 1854.","Revision lists with colonists from the colony of Mărculeşti, Soroca district, for the year 1854.","Listes de révision des colons de la colonie de Mărculeşti, district (judeţ) de Soroca, pour l'année 1854.","Ревизские сказки о колонистах колонии Маркулешты, Сорокский уезд, за 1854 год.",,1,2377249,385–415,31,sur,https://www.familysearch.org/ark:/61903/3:1:3QS7-L9QM-FG7Q?i=1&cc=1985804&wc=M6Z9-LW5%3A264175701%2C264722601%2C265498701,312
790,1850,1858,Catagrafii cu ţărani şi cu mici burghezi din oraşul Hotin şi din satele judeţului Hotin pentru anul 1850-1858.,Revision lists of peasants and petty bourgeois from the town of Hotin and from the villages of Hotin county for the years 1850-1858.,Listes de revision des paysans et des petits bourgeois de la ville de Hotin et des villages du comte de Hotin pour les annees 1850-1858.,Ревизские сказки крестьян и мещан города Хотина и сел Хотинского уезда за 1850-1858 годы.,,19,2377249,418–493,76,sur,https://www.familysearch.org/ark:/61903/3:1:3QS7-L9QM-FGQS?i=1&cc=1985804&wc=M6Z9-D6X%3A264175701%2C264722601%2C265450301,312
791,1835,1835,"Catagrafii cu ţărani din satul Percăuţi, judeţul Hotin pentru anul 1835.","Revision lists of peasants from the village of Percăuţi, Hotin county, for the year 1835.","Listes de revision des paysans du village de Percăuţi, comte de Hotin, pour l'annee 1835.","Ревизские сказки крестьян села Percăuţi, Хотинского уезда, за 1835 год.",,1,2377249,496–544,49,sur,https://www.familysearch.org/ark:/61903/3:1:3QS7-L9QM-FGMK?i=1&cc=1985804&wc=M6C1-12S%3A264175701%2C264722601%2C265215201,312
792,1858,1858,"Catagrafii cu ţărani, cu odnodvorţi şi cu răzeşi din satele Alcedar, Oxentea şi Zubreşti, judeţul Orhei pentru anul 1858.","Revision lists of peasants, odnodvortsy and răzeşi (free landholding peasants) from the villages of Alcedar, Oxentea and Zubreşti, Orhei county, for the year 1858.","Listes de revision des tarani (paysans), odnodvorţi et răzeşi (paysans libres proprietaires) des villages d'Alcedar, Oxentea et Zubreşti, judet d'Orhei, pour l'annee 1858.","Ревизские сказки крестьян, однодворцев и разешей (свободных крестьян-землевладельцев) сел Алчедар, Оксентя и Зубрешти, Орхейский уезд, за 1858 год.",,3,2377249,547–744,198,sur,https://www.familysearch.org/ark:/61903/3:1:3QSQ-G9QM-NSDY?i=1&cc=1985804&wc=M6ZS-S38%3A264175701%2C264722601%2C265543201,312
793,1859,1859,Catagrafii cu colonişti de stat şi cu ţărani de stat din satele judeţului Hotin pentru anul 1859.,"Revision lists of state colonists and of state peasants from the villages of Hotin county, for the year 1859.","Listes de revision des colons d'Etat et des paysans d'Etat des villages du comte de Hotin, pour l'annee 1859.",Ревизские сказки государственных колонистов и государственных крестьян сел Хотинского уезда за 1859 год.,,4,2377249,747–952,206,sur,https://www.familysearch.org/ark:/61903/3:1:3QS7-89QM-N9NH?i=1&cc=1985804&wc=M6ZS-1Z3%3A264175701%2C264722601%2C265941101,313
794,1835,1835,"Catagrafii cu ruptaşi, cu mazili, cu dvoreni, cu boiernaşi şi cu cetăţeni străini din satele judeţului Iaşi, literele S-T-U-F pentru anul 1835.","Revision lists of ruptaşi, mazili, dvoreni (nobility), boiernaşi and foreign citizens from the villages of Iaşi county, letters S-T-U-F, for the year 1835.","Listes de revision des ruptaşi, des mazili, des dvoreni (noblesse), des boiernaşi et des citoyens etrangers des villages du judet de Iaşi, lettres S-T-U-F, pour l'annee 1835.","Ревизские сказки рупташей, мазылов, дворян, боернашей и иностранных граждан сёл Ясского уезда, буквы С-Т-У-Ф, за 1835 год.",,32,2377249 · 2377250,955–1028 · 5–188,258,sur,https://www.familysearch.org/ark:/61903/3:1:3QS7-99QM-N8P?i=1&cc=1985804&wc=M6C1-Y23%3A264175701%2C264722601%2C265215401,313-314
795,1835,1835,"Catagrafii cu negustori, cu boiernaşi, cu mazili, cu ruptaşi, cu persoane convertite la religia creştină ortodoxă, cu membrii comunităţii de evrei şi cu colonişti din oraşul Leova pentru anul 1835.","Revision lists of merchants, boiernaşi, mazili (petty exempt nobility), ruptaşi, persons converted to the Orthodox Christian religion, members of the Jewish community and colonists of the town of Leova for the year 1835.","Listes de revision des negociants, des boiernaşi, des mazili (petite noblesse exempte), des ruptaşi, des personnes converties a la religion chretienne orthodoxe, des membres de la communaute juive et des colons de la ville de Leova pour l'annee 1835.","Ревизские сказки купцов, боернашей, мазылов (мазили, мелкая нетяглая шляхта), рупташей, лиц, обращённых в православную христианскую веру, членов еврейской общины и колонистов города Леова за 1835 год.",,1,2377250,191–341,151,sur,https://www.familysearch.org/ark:/61903/3:1:3QSQ-G9QM-2BR?i=1&cc=1985804&wc=M6Z9-LPX%3A264175701%2C264722601%2C265498801,314
796,1835,1835,"Catagrafii cu dvoreni, cu mazili, cu ruptaşi, cu negustori, cu persoane rebotezate şi convertite la religia creştină ortodoxă, cu armeni, cu evrei, cu cetăţeni străini, cu mici burghezi şi cu ţărani din oraşul Bălţi pentru anul 1835.","Revision lists of dvoreni, mazili, ruptaşi, merchants, persons rebaptized and converted to the Orthodox Christian religion, Armenians, Jews, foreign citizens, petty bourgeois and peasants from the city of Bălţi for the year 1835.","Listes de revision des dvoreni, des mazili, des ruptaşi, des negociants, des personnes rebaptisees et converties a la religion chretienne orthodoxe, des Armeniens, des Juifs, des citoyens etrangers, des petits bourgeois et des tarani de la ville de Bălţi pour l'annee 1835.","Ревизские сказки дворян, мазилов, рупташей, купцов, лиц, перекрещённых и обращённых в православную христианскую веру, армян, евреев, иностранных граждан, мещан и крестьян города Бельцы за 1835 год.",,2,2377250,344–718,375,sur,https://www.familysearch.org/ark:/61903/3:1:3QS7-99QM-23C?i=1&cc=1985804&wc=M6C1-BTG%3A264175701%2C264722601%2C265215901,314
797,1835,1835,"Catagrafii cu ruptaşi, cu dvoreni, cu supuşi străini din satele Chetrosu şi Hănăşeni, judeţul Iaşi pentru anul 1835.","Revision lists of ruptaşi, dvoreni (nobility), and foreign subjects from the villages of Chetrosu and Hănăşeni, Iaşi county, for the year 1835.","Listes de revision des ruptaşi, des dvoreni (noblesse) et des sujets etrangers des villages de Chetrosu et Hănăşeni, judet de Iaşi, pour l'annee 1835.","Ревизские сказки рупташей, дворян и иностранных подданных сёл Кетросу и Хэнэшень Ясского уезда за 1835 год.",,2,2377250,721–732,12,sur,https://www.familysearch.org/ark:/61903/3:1:3QS7-89QM-K9H3-8?i=1&cc=1985804&wc=M6ZM-938%3A264175701%2C264722601%2C265216301,314
798,1835,1835,"Catagrafii cu dvoreni, cu şleahtici, cu ruptaşi, cu cetăţeni străini, cu boiernaşi şi cu mazili din satele judeţului Iaşi pentru anul 1835.","Revision lists of dvoreni, şleahtici, ruptaşi, foreign citizens, boiernaşi and mazili from the villages of Iaşi county for the year 1835.","Listes de revision des dvoreni, des şleahtici, des ruptaşi, des citoyens etrangers, des boiernaşi et des mazili des villages du comte de Iaşi pour l'annee 1835.","Ревизские сказки дворян, шляхтичей, рупташей, иностранных граждан, боернашей и мазилов сёл Ясского уезда за 1835 год.",,13,2377250,735–822,88,probable,https://www.familysearch.org/ark:/61903/3:1:3QS7-L9QM-K94X-6?i=1&cc=1985804&wc=M6C1-B38%3A264175701%2C264722601%2C265216401,314
799,1835,1835,"Catagrafii cu mazili, cu ruptaşi şi cu boiernaşi din satele Şofrîncani şi Şoltoaia, judeţul Iaşi pentru anul 1835.","Revision lists of mazili, ruptasi and boiernasi from the villages of Şofrîncani and Şoltoaia, Iaşi county, for the year 1835.","Listes de revision des mazili, des ruptasi et des boiernasi des villages de Şofrîncani et de Şoltoaia, judet de Iaşi, pour l'annee 1835.","Ревизские сказки мазылов, рупташей и боернашей сёл Шофрынкань и Шолтоая, Ясского уезда, за 1835 год.",,2,2377250,825–838,14,sur,https://www.familysearch.org/ark:/61903/3:1:3QS7-L9QM-297Z?i=1&cc=1985804&wc=M6C1-B3D%3A264175701%2C264722601%2C265216801,315
800,1835,1835,"Catagrafii cu ţărani şi cu mazili din satele Bulboci şi Gura Căinarului, judeţul Iaşi pentru anul 1835.","Revision lists of peasants and mazili from the villages of Bulboci and Gura Cainarului, Iasi county, for the year 1835.","Listes de revision des paysans et des mazili des villages de Bulboci et de Gura Cainarului, comte de Iasi, pour l'annee 1835.","Ревизские сказки крестьян и мазилов сел Булбочь и Гура-Кэинарулуй, Ясского уезда, за 1835 год.",,2,2377250,841–851,11,sur,https://www.familysearch.org/ark:/61903/3:1:3QS7-89QM-29TQ?i=1&cc=1985804&wc=M6C1-B2S%3A264175701%2C264722601%2C265216901,315
801,1835,1835,"Catagrafii cu mazili, cu ruptaşi şi cu dvoreni din satele judeţului Iaşi, literele P-R pe anul 1835.","Revision lists of mazili, ruptasi and dvoreni from the villages of Iaşi county, letters P-R, for the year 1835.","Listes de revision des mazili, des ruptasi et des dvoreni des villages du judet de Iaşi, lettres P-R, pour l'annee 1835.","Ревизские сказки мазылов, рупташей и дворян сёл Ясского уезда, на буквы П-Р, за 1835 год.",,10,2377250,854–906,53,sur,https://www.familysearch.org/ark:/61903/3:1:3QSQ-G9QM-292W?i=1&cc=1985804&wc=M6C1-BWL%3A264175701%2C264722601%2C265217001,315
802,1835,1835,"Catagrafii cu mazili, cu boiernaşi, cu ruptaşi, cu cetăţeni străini, cu oameni ai clasei privilegiate, cu persoane rebotezate şi convertite la religia creştină ortodoxă din satele judeţului Iaşi pentru anul 1835.","Revision lists of mazili, boiernasi, ruptasi, foreign citizens, persons of the privileged class, and persons rebaptized and converted to the Orthodox Christian religion, from the villages of Iaşi county, for the year 1835.","Listes de revision des mazili, des boiernasi, des ruptasi, des citoyens etrangers, des personnes de la classe privilegiee, et des personnes rebaptisees et converties a la religion chretienne orthodoxe, des villages du judet de Iaşi, pour l'annee 1835.","Ревизские сказки мазылов, боернашей, рупташей, иностранных подданных, лиц привилегированного сословия и лиц, перекрещённых и обращённых в православную христианскую веру, сёл Ясского уезда, за 1835 год.",,23,2377250 · 2377251,909–1048 · 5–129,265,sur,,315-316
803,1835,1835,"Catagrafii cu şleahtici, cu ruptaşi, cu boiernaşi, cu cetăţeni străini, cu mazili şi cu dvoreni din satele judeţului Iaşi, litera C pentru anul 1835.","Revision lists with szlachta, with ruptashi, with petty boyars, with foreign citizens, with mazyls and with nobles from the villages of Iaşi district, letter C, for the year 1835.","Listes de révision des szlachta, des ruptaşi, des petits boyards, des citoyens étrangers, des mazili et des nobles des villages du district (judeţ) d'Iaşi, lettre C, pour l'année 1835.","Ревизские сказки о шляхтичах, рупташах, боеринашах, иностранных подданных, мазилах и дворянах сёл Ясского уезда, буква С, за 1835 год.",,16,2377251,24–131,108,deduit,https://www.familysearch.org/ark:/61903/3:1:3QS7-99QM-VLHR?i=1&cc=1985804&wc=M6C1-16X%3A264175701%2C264722601%2C265217501,316
804,1835,1835,"Catagrafii cu mici burghezi creştini din oraşul Bălţi, veniţi din alte localităţi ale guberniei Basarabia pentru anul 1835","Revision lists of Christian petty bourgeois of the town of Balti, come from other localities of Bessarabia governorate, for the year 1835.","Listes de revision des petits bourgeois chretiens de la ville de Balti, venus d'autres localites du gouvernorat de Bessarabie, pour l'annee 1835.","Ревизские сказки мещан-христиан города Бельцы, прибывших из других селений Бессарабской губернии, за 1835 год.",,1,2377251,132–199,68,sur,https://www.familysearch.org/ark:/61903/3:1:3QS7-L9QM-VPLM?i=1&cc=1985804&wc=M6C1-1NG%3A264175701%2C264722601%2C265217801,316
805,1835,1836,"Catagrafii cu ruptaşi, cu mazili şi cu evrei rebotezaţi şi convertiţi la religia creştină ortodoxă din judeţul Iaşi pentru anul 1835,1836.","Revision lists of ruptaşi, mazili, and Jews rebaptized and converted to the Orthodox Christian faith, from Iaşi county, for 1835, 1836.","Listes de revision des ruptaşi, des mazili et des juifs rebaptises et convertis a la religion chretienne orthodoxe du judet de Iaşi, pour 1835, 1836.","Ревизские сказки рупташей, мазылов и евреев, перекрещённых и обращённых в православную христианскую веру, Ясского уезда за 1835, 1836 годы.",,33,2377251,202–506,305,probable,https://www.familysearch.org/ark:/61903/3:1:3QS7-89QM-VPR3?i=1&cc=1985804&wc=M6C1-B36%3A264175701%2C264722601%2C265218001,316-317
806,1849,1849,"Catagrafii cu romi (țigani) şerbi, slujitori de curte din satele judeţului Iaşi pentru anul 1849.","Revision lists of serf Roma (Gypsies), court servants from the villages of Iaşi county for the year 1849.","Listes de revision des roms (tsiganes) serfs, serviteurs de cour des villages du judet de Iaşi pour l'annee 1849.","Ревизские сказки крепостных цыган, дворовых слуг сёл Ясского уезда за 1849 год.",,11,2377251,508–622,115,sur,https://www.familysearch.org/ark:/61903/3:1:3QS7-89QM-VGV8?i=1&cc=1985804&wc=M6ZM-HNL%3A264175701%2C264722601%2C265270701,317-318
807,1849,1849,"Catagragii cu romi (țigani) şerbi, slujitori de curte din satele judeţului Iaşi pentru anul 1849.","Revision lists of Roma (gypsy) serfs, court servants from the villages of Iasi county, for the year 1849","Listes de revision des roms (tsiganes) serfs, serviteurs de cour des villages du comte de Iasi, pour l'annee 1849","Ревизские сказки цыган-крепостных, дворовых слуг из сел Ясского уезда за 1849 год",,3,2377251,625–671,47,sur,https://www.familysearch.org/ark:/61903/3:1:3QSQ-G9QM-VGDG?i=1&cc=1985804&wc=M6ZM-ZMS%3A264175701%2C264722601%2C265270901,318
808,1849,1849,"Catagrafii cu romi (țigani) şerbi, slujitori de curte din satele Balatina şi Borosenii Vechi judeţul Iaşi pentru anul 1849.","Revision lists of serf Roma (Gypsies), court servants from the villages of Balatina and Borosenii Vechi, Iaşi county, for the year 1849.","Listes de revision des roms (tsiganes) serfs, serviteurs de cour des villages de Balatina et Borosenii Vechi, judet de Iaşi, pour l'annee 1849.","Ревизские сказки крепостных цыган, дворовых слуг сёл Балатина и Боросений Векь Ясского уезда за 1849 год.",,2,2377251,674–682,9,sur,https://www.familysearch.org/ark:/61903/3:1:3QS7-L9QM-VLZ1?i=1&cc=1985804&wc=M6ZM-ZTL%3A264175701%2C264722601%2C265271101,318
809,1851,1852,Catagrafii cu mici burghezi evrei din oraşul Bălţi şi din satele judeţului Iaşi pentru anii 1851-1852.,Revision lists of Jewish petty bourgeois of the town of Balti and of the villages of Iasi county for the years 1851-1852.,Listes de revision des petits bourgeois juifs de la ville de Balti et des villages du comte de Iasi pour les annees 1851-1852.,Ревизские сказки еврейских мещан города Бельцы и сёл Ясского уезда за 1851-1852 годы.,,8,2377251,685–729,45,sur,https://www.familysearch.org/ark:/61903/3:1:3QS7-99QM-VLJT?i=1&cc=1985804&wc=M6Z9-J29%3A264175701%2C264722601%2C265456901,318
810,1854,1856,Catagrafii cu mici burghezi evrei din oraşul Bălţi pentru anii 1854-1856,Revision lists of Jewish petty bourgeois of the town of Balti for the years 1854-1856.,Listes de revision des petits bourgeois juifs de la ville de Balti pour les annees 1854-1856.,Ревизские сказки еврейских мещан города Бельцы за 1854-1856 годы.,,1,2377251,732–904,173,probable,https://www.familysearch.org/ark:/61903/3:1:3QS7-L9QM-VLQC?i=1&cc=1985804&wc=M6Z9-LPD%3A264175701%2C264722601%2C265502601,318
811,1854,1854,Catagrafii cu negustori evrei de ghilda III din oraşul Bălţi pentru anul 1854.,Revision lists of Jewish merchants of the 3rd guild of the town of Bălţi for the year 1854.,Listes de revision des negociants juifs de la 3e guilde de la ville de Bălţi pour l'annee 1854.,Ревизские сказки еврейских купцов 3-й гильдии города Бельцы за 1854 год.,,1,2377251,907–952,46,probable,https://www.familysearch.org/ark:/61903/3:1:3QS7-89QM-V58W?i=1&cc=1985804&wc=M6Z9-LPF%3A264175701%2C264722601%2C265499101,318
812,1855,1855,"Catagrafii cu evrei agricultori din colonia Valea lui Vlad, judeţul Iaşi pentru anul 1855.","Revision lists of Jewish farmers from the colony of Valea lui Vlad, Iaşi county, for the year 1855.","Listes de revision des Juifs agriculteurs de la colonie de Valea lui Vlad, comte de Iaşi, pour l'annee 1855.",Ревизские сказки евреев-земледельцев колонии Валя-луй-Влад Ясского уезда за 1855 год.,,1,2377251,955–985,31,sur,https://www.familysearch.org/ark:/61903/3:1:3QSQ-G9QM-V53H?i=1&cc=1985804&wc=M6Z9-GZ9%3A264175701%2C264722601%2C265510401,319
813,1855,1855,Catagrafii cu ţărani şi cu odnodvorţi din satele judeţului Iaşi pentru anul 1855.,"Revision lists with peasants and odnodvortsy from the villages of Iaşi district, for the year 1855.","Listes de révision des paysans et des odnodvortsy des villages du district (judeţ) d'Iaşi, pour l'année 1855.","Ревизские сказки о крестьянах и однодворцах сёл Ясского уезда, за 1855 год.",,5,2377251,988–1010,23,sur,https://www.familysearch.org/ark:/61903/3:1:3QSQ-G9QM-VPTG?i=1&cc=1985804&wc=M6Z9-RWL%3A264175701%2C264722601%2C265510501,319
814,1858,1858,Catagrafii cu odnodvorţi şi cu ţărani din satele judeţului Iaşi pentru anul 1858. - s. Tiurt (Тюртъ); - s. Tescureni; - s. Unţeşti; - tîrgul Făleşti.,"Revision lists with odnodvortsy and peasants from the villages of Iaşi district, for the year 1858. - v. Tiurt (Тюртъ); - v. Tescureni; - v. Unţeşti; - market town of Făleşti.","Listes de révision des odnodvortsy et des paysans des villages du district (judeţ) d'Iaşi, pour l'année 1858. - v. Tiurt (Тюртъ); - v. Tescureni; - v. Unţeşti; - bourg de Făleşti.","Ревизские сказки об однодворцах и крестьянах сёл Ясского уезда, за 1858 год. - с. Тюртъ; - с. Тескурень; - с. Унцешты; - местечко Фалешты.",,4,2377251 · 2377531,1013–1034 · 5–45,63,sur,https://www.familysearch.org/ark:/61903/3:1:3QSQ-G9QM-VPGG?i=1&cc=1985804&wc=M6ZS-SMS%3A264175701%2C264722601%2C265543601,
815,1858,1859,"Catagrafii cu ţărani şi cu odnodvorţi din satele judeţului Iaşi pentru anii 1858,1859.","Revision lists of peasants and odnodvortsy from the villages of Iasi county for the years 1858,1859.","Listes de revision des paysans et des odnodvortsy des villages du comte de Iasi pour les annees 1858,1859.","Ревизские сказки крестьян и однодворцев сел Ясского уезда за 1858,1859 годы.",,26,2377531,48–1032,985,probable,https://www.familysearch.org/ark:/61903/3:1:3QS7-99QM-K3JV?i=1&cc=1985804&wc=M6ZS-F3D%3A264175701%2C264722601%2C265794501,319-320
816,1859,1859,"Catagrafii cu evrei din tîrgul Făleşti, judeţul Iaşi pentru anul 1859.","Revision lists of Jews from the market town of Făleşti, Iaşi county, for the year 1859.","Listes de revision des Juifs du bourg de Făleşti, comte de Iaşi, pour l'annee 1859.",Ревизские сказки евреев местечка Фалешты Ясского уезда за 1859 год.,,1,2377531 · 2377532,1035–1074 · 152–159,48,probable,,320
818,1859,1859,"Catagrafii cu dvoreni şi cu boiernaşi din oraşul Bălţi, din satele judeţului Iaşi şi din satul Pereni, judeţul Orhei pentru anul 1859.","Revision lists of dvoreni and boiernaşi from the city of Bălţi, from the villages of Iaşi county and from the village of Pereni, Orhei county, for the year 1859.","Listes de revision des dvoreni et des boiernaşi de la ville de Bălţi, des villages du comte de Iaşi et du village de Pereni, comte d'Orhei, pour l'annee 1859.","Ревизские сказки дворян и боернашей города Бельцы, сёл Ясского уезда и села Перень Орхейского уезда за 1859 год.",,59,2377532 · 2377532,5–150 · 162–794,779,probable,,320-321
819,1859,1859,Catagrafii cu negustori evrei de ghilda III din oraşul Bălţi şi tîrgul Sculeni pentru anul 1859.,Revision lists of Jewish merchants of the 3rd guild of the town of Bălţi and the market town of Sculeni for the year 1859.,Listes de revision des negociants juifs de la 3e guilde de la ville de Bălţi et du bourg de Sculeni pour l'annee 1859.,Ревизские сказки еврейских купцов 3-й гильдии города Бельцы и местечка Скулени за 1859 год.,,2,2377532,797–995,199,sur,https://www.familysearch.org/ark:/61903/3:1:3QS7-89Q9-MQWW?i=1&cc=1985804&wc=M6ZS-JWL%3A264175701%2C264722601%2C265797401,321
820,1858,1859,"Catagrafii cu ţărani şi cu odnodvorţi din satele judeţului Iaşi, literele V-G pentru anii 1858,1859.","Revision lists of peasants and odnodvortsy from the villages of Iasi county, letters V-G, for the years 1858,1859.","Listes de revision des paysans et des odnodvortsy des villages du comte de Iasi, lettres V-G, pour les annees 1858,1859.","Ревизские сказки крестьян и однодворцев сел Ясского уезда, буквы В-Г, за 1858,1859 годы.",,22,2377532 · 2377533,998–1072 · 5–944,1015,probable,https://www.familysearch.org/ark:/61903/3:1:3QS7-L9QM-2DX3?i=1&cc=1985804&wc=M6ZS-JWG%3A264175701%2C264722601%2C265798401,322
821,1858,1859,"Catagrafii cu ţărani şi cu odnodvorţi din satele judeţului Iaşi, literele P-R-S pentru anii 1858,1859.","Revision lists of peasants and odnodvortsy from the villages of Iasi county, letters P-R-S, for the years 1858,1859.","Listes de revision des paysans et des odnodvortsy des villages du comte de Iasi, lettres P-R-S, pour les annees 1858,1859.","Ревизские сказки крестьян и однодворцев сел Ясского уезда, буквы П-Р-С, за 1858,1859 годы.",,20,2377533 · 2377534,947–1124 · 5–968,1142,sur,https://www.familysearch.org/ark:/61903/3:1:3QS7-89QM-28LF?i=1&cc=1985804&wc=M6ZS-J68%3A264175701%2C264722601%2C265801501,322-323
822,1875,1875,"Lista nominală a evreilor de gen masculin înscrişi la sectorul (circumscripţia) I din judeţul Iaşi pentru anul 1875, filele,………1-7.","Nominal list of male Jews registered in sector (district) I of Iasi county, for the year 1875, folios 1-7","Liste nominative des juifs de sexe masculin inscrits au secteur (circonscription) I du comte de Iasi, pour l'annee 1875, folios 1-7","Именной список евреев мужского пола, внесённых в участок (округ) I Ясского уезда за 1875 год, листы 1-7",,0,2377534,971–980,10,sur,https://www.familysearch.org/ark:/61903/3:1:3QS7-89Q9-9LJ2?i=1&cc=1985804&wc=M6Z3-43D%3A264175701%2C264722601%2C266017501,
823,1835,1835,Catagrafii cu dvoreni şi cu oameni ai clasei privilegiate din satele judeţului Bender pentru anul 1835.,Revision lists of dvoreni and persons of the privileged class from the villages of Bender county for the year 1835.,Listes de revision des dvoreni et des personnes de la classe privilegiee des villages du comte de Bender pour l'annee 1835.,Ревизские сказки дворян и лиц привилегированного сословия сёл Бендерского уезда за 1835 год.,,7,2377534,983–1103,121,probable,https://www.familysearch.org/ark:/61903/3:1:3QS7-89Q9-9LDV?i=1&cc=1985804&wc=M6C1-1P8%3A264175701%2C264722601%2C265218501,323
824,1859,1859,"Catagrafii cu ţărani din satul Gura Galbenei, judeţul Bender pentru anul 1859.","Revision lists with peasants from the village of Gura Galbenei, Bender district, for the year 1859.","Listes de révision des paysans du village de Gura Galbenei, district (judeţ) de Bender, pour l'année 1859.","Ревизские сказки о крестьянах села Гура-Галбеней, Бендерский уезд, за 1859 год.",,1,2377535,5–93,89,sur,,323
825,1848,1851,"Catagrafii cu mici burghezi şi cu moşieri, cu membrii comunităţilor de armeni, de pruşi, de maloruşi şi de schizmatici din oraşul Hotin pentru anii 1848-1851.","Revision lists of petty bourgeois and landowners, members of the communities of Armenians, of Prussians, of Little Russians and of schismatics of the town of Hotin for the years 1848-1851.","Listes de revision des petits bourgeois et des proprietaires terriens, membres des communautes d'Armeniens, de Prussiens, de petits-russiens et de schismatiques de la ville de Hotin pour les annees 1848-1851.","Ревизские сказки мещан и помещиков, членов общин армян, прусаков, малороссиян и раскольников города Хотина за 1848-1851 годы.",,1,2377535,96–259,164,sur,https://www.familysearch.org/ark:/61903/3:1:3QS7-99QM-2FMS?i=1&cc=1985804&wc=M6ZM-429%3A264175701%2C264722601%2C265260601,323
826,1835,1856,"Catagrafii suplimentare cu mici burghezi evrei, cu ţărani, cu negustori, cu odnodvorţi, cu romi (țigani) lingurari şi cu răzeşi din satele judeţelor Bender şi Orhei pentru anii 1835-1856","Supplementary revision lists of Jewish petty bourgeois, of peasants, of merchants, of odnodvortsy, of Roma (gypsy) lingurari and of razesi from the villages of Bender and Orhei counties, for the years 1835-1856","Listes de revision supplementaires des petits bourgeois juifs, des paysans, des negociants, des odnodvortsy, des roms (tsiganes) lingurari et des razesi des villages des comtes de Bender et d'Orhei, pour les annees 1835-1856","Дополнительные ревизские сказки мещан-евреев, крестьян, купцов, однодворцев, цыган-лингурарь и резешей из сел Бендерского и Оргеевского уездов за 1835-1856 годы",,51,2377535,262–866,605,sur,https://www.familysearch.org/ark:/61903/3:1:3QS7-89QM-2JKF?i=1&cc=1985804&wc=M6ZM-M2S%3A264175701%2C264722601%2C265225101,323-325
827,1858,1858,Catagrafii cu mici burghezi din oraşul Chişinău pentru anul 1858.,Revision lists of petty bourgeois of the town of Chisinau for the year 1858.,Listes de revision des petits bourgeois de la ville de Chisinau pour l'annee 1858.,Ревизские сказки мещан города Кишинёва за 1858 год.,,2,2377535,869–1009,141,sur,,325
829,1850,1850,"Catagrafii cu ţărani din satul Ustia, judeţul Orhei pentru anul 1850.","Revision lists of peasants from the village of Ustia, Orhei county, for the year 1850.","Listes de revision des paysans du village d'Ustia, comte d'Orhei, pour l'annee 1850.","Ревизские сказки крестьян села Устия, Оргеевского уезда, за 1850 год.",,1,2377535,1012–1033,22,sur,https://www.familysearch.org/ark:/61903/3:1:3QSQ-G9QM-2JBD?i=1&cc=1985804&wc=M6Z9-C38%3A264175701%2C264722601%2C265428401,325
830,1858,1859,"Catagrafii cu evrei agricultori din coloniile Alexăndreni şi Valea lui Vlad din judeţul Iaşi şi din colonia Lomacineţ, judeţul Hotin pentru anii 1858,1859.","Revision lists of Jewish farmers from the colonies of Alexăndreni and Valea lui Vlad in Iaşi county and from the colony of Lomacineţ, Hotin county, for the years 1858, 1859.","Listes de revision des Juifs agriculteurs des colonies d'Alexăndreni et de Valea lui Vlad du comte de Iaşi et de la colonie de Lomacineţ, comte de Hotin, pour les annees 1858, 1859.","Ревизские сказки евреев-земледельцев колоний Александрены и Валя-луй-Влад Ясского уезда и колонии Ломачинец Хотинского уезда за 1858, 1859 годы.",,3,2377535 · 2377536,1036–1144 · 5–57,162,probable,,325
831,1828,1828,"Lista nominală a cetăţenilor fugari, omişi din recensămînt, cu ruptaşi şi cu mazili din oraşul Chişinău şi din satele judeţului Orhei pentru anul 1828.","Nominal list of fugitive citizens omitted from the census, with ruptasi and mazili from the town of Chisinau and from the villages of Orhei county, for the year 1828","Liste nominative des citoyens fugitifs omis du recensement, avec les ruptasi et les mazili de la ville de Chisinau et des villages du comte d'Orhei, pour l'annee 1828","Именной список беглых жителей, пропущенных при переписи, с рупташами (ruptasi) и мазилами (mazili) города Кишинёва и сел Оргеевского уезда за 1828 год",,4,2377536,60–863,804,sur,https://www.familysearch.org/ark:/61903/3:1:3QS7-L9QM-JTQP?i=1&cc=1985804&wc=M6CB-F38%3A264175701%2C264722601%2C264832301,325
832,1835,1835,Catagrafii cu colonişti bulgari şi cu slujitorii cultelor din coloniile judeţului Leova pentru anul 1835.,"Revision lists of Bulgarian colonists and of the desservants of the cults from the colonies of Leova county, for the year 1835.","Listes de revision des colons bulgares et des desservants des cultes des colonies du comte de Leova, pour l'annee 1835.",Ревизские сказки болгарских колонистов и служителей культов колоний Леовского уезда за 1835 год.,,5,2377536,866–883,18,sur,https://www.familysearch.org/ark:/61903/3:1:3QS7-99QM-JT1P?i=1&cc=1985804&wc=M6C1-1PD%3A264175701%2C264722601%2C265218601,325
833,1836,1836,Catagrafii suplimentare cu locuitorii satelor judeţului Akkerman pentru anul 1836.,"Supplementary revision lists of the inhabitants of the villages of Akkerman county, for the year 1836.","Listes de revision supplementaires des habitants des villages du judet d'Akkerman, pour l'annee 1836.","Дополнительные ревизские сказки жителей сел Аккерманского уезда, за 1836 год.",,2,2377536,886–897,12,sur,https://www.familysearch.org/ark:/61903/3:1:3QS7-L9QM-JR2S?i=1&cc=1985804&wc=M6ZM-MNL%3A264175701%2C264722601%2C265228301,326
834,1835,1835,"Catagrafii cu moşieri, cu mici burghezi, cu ţărani, cu răzeşi, cu şleahtici, cu boiernaşi, cu ruptaşi, cu negustori şi cu colonişti din satele judeţelor Akkerman, Bender, Chişinău, Iaşi, Ismail şi Leova pentru anul 1835.","Revision lists of landowners, petty bourgeois, peasants, răzeşi (free landholders), szlachta, boiernaşi, ruptaşi, merchants and colonists of the villages of Akkerman, Bender, Chişinău, Iaşi, Ismail and Leova counties for the year 1835.","Listes de revision des proprietaires terriens, des petits bourgeois, des paysans, des răzeşi (petits proprietaires libres), de la szlachta, des boiernaşi, des ruptaşi, des negociants et des colons des villages des comtes d'Akkerman, Bender, Chişinău, Iaşi, Ismail et Leova pour l'annee 1835.","Ревизские сказки помещиков, мещан, крестьян, разешей (свободных мелких землевладельцев), шляхтичей, боернашей, рупташей, купцов и колонистов сёл Аккерманского, Бендерского, Кишинёвского, Ясского, Измаильского и Леовского уездов за 1835 год.",,10,2377536 · 2377537,900–1126 · 5–484,707,sur,,326
835,1854,1854,Catagrafii cu mici burghezi din oraşul Chişinău pentru anul 1854.,"Revision lists with petty bourgeois from the town of Chişinău, for the year 1854.","Listes de révision des petits bourgeois de la ville de Chişinău, pour l'année 1854.","Ревизские сказки о мещанах города Кишинёва, за 1854 год.",,2,2377537,80–517,438,deduit,https://www.familysearch.org/ark:/61903/3:1:3QSQ-G9QM-K94T-G?i=1&cc=1985804&wc=M6Z9-P68%3A264175701%2C264722601%2C265499301,326
836,1854,1854,"Catagrafii cu mici burghezi evrei din tîrgul Rezina, judeţul Orhei pentru anul 1854","Revision lists of Jewish petty bourgeois of the market town of Rezina, Orhei county, for the year 1854.","Listes de revision des petits bourgeois juifs du bourg de Rezina, comte d'Orhei, pour l'annee 1854.","Ревизские сказки еврейских мещан местечка Резина, Оргеевского уезда, за 1854 год.",,1,2377537,487–515,29,probable,https://www.familysearch.org/ark:/61903/3:1:3QSQ-G9QM-2FZ?i=1&cc=1985804&wc=M6Z9-5MS%3A264175701%2C264722601%2C265500401,326
837,1859,1859,"Catagrafii cu romi (țigani) şerbi, slujitori de curte din satele judeţelor Iaşi şi Soroca pentru anul 1859.","Revision lists of serf Roma (Gypsies), court servants from the villages of Iaşi and Soroca counties for the year 1859.","Listes de revision des roms (tsiganes) serfs, serviteurs de cour des villages des judets de Iaşi et de Soroca pour l'annee 1859.","Ревизские сказки крепостных цыган, дворовых слуг сёл Ясского и Сорокского уездов за 1859 год.",,28,2377537,518–693,176,sur,https://www.familysearch.org/ark:/61903/3:1:3QS7-89QM-2ZS?i=1&cc=1985804&wc=M6ZS-168%3A264175701%2C264722601%2C265946401,327
838,1859,1859,"Catagrafii cu ţărani din satul Puhăceni, judeţul Bender pentru anul 1859.","Revision lists of peasants from the village of Puhăceni, Bender county, for the year 1859.","Listes de revision des paysans du village de Puhăceni, comte de Bender, pour l'annee 1859.","Ревизские сказки крестьян села Puhăceni, Бендерского уезда, за 1859 год.",,1,2377537,696–741,46,probable,https://www.familysearch.org/ark:/61903/3:1:3QS7-99QM-K94X-M?i=1&cc=1985804&wc=M6Z3-36D%3A264175701%2C264722601%2C265947501,327
