dosar,volume,prefix,village,village_ru,county,folios,folio_from,folio_to,microfilm,image_range,image_count,confidence,image,familysearch_url
1,,s.,Roşu,Рошу,,3-26,3,26,,,,,,
1,,s.,"Hanchîşla (Ganchişla, Hanul Cîşlei)","Ханкышла (Ганкышла, Ханул-Кышлей)",,27-56,27,56,,,,,,
1,,s.,Palanca,Паланка,,57-84,57,84,2359501,169–223,55,exacte,,
1,,s.,Tudora (Tudorova),Тудора,,85-111,85,111,2359501,224–277,54,exacte,,
1,,s.,Crocmaz (Corcmaz),Крокмаз (Коркмаз),,112-154,112,154,,,,,,
1,,s.,Olăneşti,Оланешты,,155-198,155,198,,,,,,
1,,s.,Cioburciu,Чобурчи,,199-242,199,242,,,,,,
1,III,s.,Talmaza,Талмаза,,243-322,243,322,2359501,534–686,153,exacte,,
1,III,s.,"Alexandrovca, plasa Olăneşti",Александровка,,323-343,323,343,,,,,,
1,IV,s.,Vedensc,Веденск,,344-358,344,358,2359501,729–754,26,exacte,,
1,IV,s.,Voznesensc,Вознесенск,,359-372,359,372,2359501,755–782,28,exacte,,
1,IV,s.,Ermoclia,Ермоклия,,373-404,373,404,2359501,783–845,63,exacte,,
1,IV,s.,Ivanovca plasa Olăneşti,Ивановка (Оланештская волость),,405-448,405,448,,,,,,
1,V,s.,Copceac,Копчак,,449-469,449,469,,,,,,
1,V,s.,Carahasani plasa Olăneşti,Карахасаны (Оланештская волость),,470-493,470,493,,,,,,
1,V,s.,Caplani,Каплань,,494-531,494,531,,,,,,
1,V,s.,Moldovca (Vădeni),Молдовка (Вэдень),,532-577,532,577,,,,,,
1,VI,s.,"Nicolaevca, plasa Olăneşti",Николаевка,,578-604,578,604,,,,,,
1,VI,s.,"Popovca, plasa Olăneşti","Поповка, волость Оланешты",,605-620,605,620,,,,,,
1,VI,s.,"Petropavlovca, plasa Olăneşti",Петропавловка,,621-641,621,641,,,,,,
1,VI,s.,Petrovca,Петровка,,642-661,642,661,,,,,,
1,VI,s.,"Răileanca, plasa Olăneşti","Рэйленка, пласа Олэнешти",,662-699,662,699,,,,,,
1,VII,s.,"Semionovca, plasa Olăneşti",Семёновка,,700-724,700,724,,,,,,
1,VII,s.,Slobozia-Hăneşti,Слобозия-Хэнешть,,725-755,725,755,,,,,,
1,VII,s.,Uspenskoe,Успенское,,756-779,756,779,,,,,,
1,VII,s.,Feşteliţa,Фештелица,,780-801,780,801,,,,,,
1,VIII,s.,Frumuşica (Formuşica),Фрумушица,,802-824,802,824,,,,,,
1,VIII,s.,"Ţaricianca, plasa Olăneşti","Цариченка, волость Оланешты",,825-880,825,880,,,,,,
2,I,tîrgul,Tuzara,Тузара,,1-29,1,29,,,,,,
2,I,s.,Trifeşti,Трифешты,,31-39,31,39,,,,,,
2,I,s.,Tătăreşti,Тэтэрешты,,41-64,41,64,,,,,100,https://www.familysearch.org/ark:/61903/3:1:3QSQ-G93Y-Z3TR?i=99&cc=1985804&wc=M6CB-VTL%3A264175701%2C264722601%2C264869701
2,I,s.,Teleşeu,Телешеу,,65-76,65,76,,,,,145,https://www.familysearch.org/ark:/61903/3:1:3QS7-993Y-ZWDC?i=144&cc=1985804&wc=M6CB-VTL%3A264175701%2C264722601%2C264869701
2,I,s.,Tarasova,Тарасова,,77-85,77,85,,,,,,
2,I,s.,Trebujeni,Требужены,,86-103,86,103,,,,,,
2,I,s.,Tabăra,Табэра,,104-109,104,109,,,,,,
2,I,s.,Tîrzieni,Тырзиень,,110-116,110,116,,,,,,
2,II,tărgul,Teleneşti,Теленешть,,118-278,118,278,,,,,,
2,I,s.,Teleneştii Vechi,Теленештий Векь,,279-297,279,297,,,,,,
2,I,s.,Tîrşiţei,Тыршицей,,298-311,298,311,,,,,,
3,,s.,Borisovca,Борисовка,,1-2,1,2,,,,,,
3,,s.,Voznesensc,Вознесенск,,3-7,3,7,,,,,,
3,,s.,Jevrieni,Жеврьены,,8-11,8,11,,,,,,
3,,s.,Chebabcea,Кебабча,,12-21,12,21,,,,,,
3,,s.,Carahasani,Карахасаны,,22-24,22,24,,,,,,
3,,s.,Olăneşti,Оланешты,,25-26,25,26,,,,,,
3,,s.,Slobozia-Hăneşti,Слобозия-Хэнешть,,27-28,27,28,,,,,,
3,,tărgul,Tatarbunar,Татарбунары,,29-30,29,30,,,,,,
3,,s.,Uspenscoe,Успенское,,31-32,31,32,,,,,,
3,,s.,Ţariceanca,Цариченка,,33-36,33,36,,,,,,
3,,s.,Cicima,Чичима,,37-43,37,43,,,,,,
3,,s.,Şagani,Шагани,,44-45,44,45,,,,,,
4,I,suburbia,Crivda,Крывда,,1-124,1,124,,,,,,
4,II,suburbia,Popuşoi,Попушой,,125-156,125,156,,,,,,
4,,suburbia,Kamenîi Most,Каменный Мост,,157-266,157,266,,,,,,
4,III,suburbia,Popuşoi,Попушой,,267-501,267,501,,,,,,
4,IV,suburbia,Şabo,Шабо,,503-590,503,590,,,,,,
5,I,s.,Baccealia,Баччалия,,1-18,1,18,,,,,,
5,I,s.,Borisovca,Борисовка,,19-46,19,46,,,,,,
5,I,s.,Vasilievca,Васильевка,,47-62,47,62,,,,,,
5,I,s.,Gălileşti,Гэлилешть,,63-102,63,102,,,,,,
5,I,s.,Gura-Celighider (Satul Nou),Гура-Челигидер (Сатул-Ноу),,103-128,103,128,,,,,,
5,II,s.,Divizia,Дивизия,,129-166,129,166,,,,,,
5,II,s.,Draculea,Дракуля,,167-194,167,194,,,,,,
5,II,s.,Dimitrovca,Дмитровка,,195-217,195,217,,,,,,
5,II,s.,Jevreni,Жеврены,,219-254,219,254,,,,,,
5,III,s.,Zolocani,Золокани,,255-288,255,288,,,,,,
5,,s.,Chebabcea,Кебабча,,288a-312,288,312,,,,,,
5,III,s.,Caramahmet,Карамахмет,,313-356,313,356,,,,,,
5,IV,s.,"Cariacica (Cariacichi,Caracicov)","Кариачика (Кариачики, Каракичов)",,358-367,358,367,,,,,,
5,IV,s.,Chitai,Китай,,368-381,368,381,,,,,,
5,IV,s.,Neruşai,Нерушай,,382-429,382,429,,,,,,
5,IV,s.,Pavlovca,Павловка,,430-444,430,444,,,,,,
5,IV,s.,Plahteevca,Плахтеевка,,446-486,446,486,,,,,,
5,V,s.,Pocrovca,Покровка,,487-494,487,494,,,,,,
5,V,s.,Sergheevca,Сергеевка,,495-522,495,522,,,,,,
5,V,s.,Spascoe,Спасское,,524-534,524,534,,,,,,
5,V,,Tatarbunar,Татарбунары,,538-606,538,606,,,,,,
5,,s.,tîrgul Tatarbunar,местечко Татарбунары,,538-606,538,606,,,,,,
5,VI,s.,Taşlîc,Ташлык,,608-653,608,653,,,,,,
5,VI,s.,Furmanca,Фурманка,,655-674,655,674,,,,,,
5,VI,s.,Cicima,Чичима,,675-722,675,722,,,,,,
5,VII,s.,Şagani,Шагани,,723-760,723,760,,,,,,
5,VII,s.,Iaroslavca,Ярославка,,761-774,761,774,,,,,,
5,VII,s.,Iasinovca,Ясиновка,,776-780,776,780,,,,,,
5,VII,s.,Constantinovca,Константиновка,,782-788,782,788,,,,,,
5,VII,s.,Nicolaevca,Николаевка,,790-798,790,798,,,,,,
5,VII,s.,Mihailovca,Михайловка,,800-807,800,807,,,,,,
5,VII,s.,Novotroiţc,Новотроицк,,808-815,808,815,,,,,,
6,I,or.,Akkerman,Аккерман,Akkerman,1-27,1,27,,,,,,
6,,suburbia,Crivda,Крывда,,28-30,28,30,,,,,,
6,,suburbia,Păpuşoi,Пэпушой,,31-34,31,34,,,,,,
6,I,s.,Roşu,Рошу,Akkerman,35-38,35,38,,,,,,
6,I,s.,Divizia,Дивизия,Akkerman,39-42,39,42,,,,,,
6,I,s.,Tatarbunar,Татарбунары,Akkerman,43-46,43,46,,,,,,
6,,suburbia,Şabo,Шабо,,46a-49,46,49,,,,,,
6,I,s.,Carahasani,Карахасаны,Akkerman,50-53,50,53,,,,,,
6,I,s.,Olăneşti,Оланешты,Akkerman,54-57,54,57,,,,,,
6,I,staniţa,Volontirovca,Волонтировка,Akkerman,58-61,58,61,,,,,,
6,I,s.,Tălmaza,Тэлмаза,Akkerman,62-66,62,66,,,,,,
6,I,s.,Răileanca,Рэйленка,Akkerman,67-69,67,69,,,,,,
6,I,s.,Ermoclia,Ермоклия,Akkerman,70-73,70,73,,,,,,
6,I,s.,Alexandrovca Nouă,Александровка Новая,Akkerman,74-76,74,76,,,,,,
6,I,s.,Vedensc,Веденск,Akkerman,77-79,77,79,,,,,,
6,I,s.,Neruşai,Нерушай,Akkerman,80-83,80,83,,,,,,
6,I,s.,Cicima,Чичима,Akkerman,84-87,84,87,,,,,,
6,I,s.,Draculea,Дракуля,Akkerman,88-90,88,90,,,,,,
6,I,s.,Caramahmet,Карамахмет,Akkerman,91-93,91,93,,,,,,
6,I,s.,Han-Cîşla,Хан-Кышла,Akkerman,94-96,94,96,,,,,,
6,I,s.,Palanca,Паланка,Akkerman,97-99,97,99,,,,,,
6,I,s.,Tudora,Тудора,Akkerman,100-103,100,103,,,,,,
6,I,s.,Corcmaz (Crocmaz),Коркмаз (Крокмаз),Akkerman,104-107,104,107,,,,,,
6,I,s.,Purcari,Пуркары,Akkerman,108-111,108,111,,,,,,
6,II,s.,Răscăeţi,Раскаец,Akkerman,112-115,112,115,,,,,,
6,II,s.,Slobozia-Hăneşti,Слобозия-Хэнешть,Akkerman,116-119,116,119,,,,,,
6,II,s.,Caplani,Каплань,Akkerman,120-124,120,124,,,,,,
6,II,s.,Moldovca (Vodeni ),Молдовка (Водень),Akkerman,125-127,125,127,,,,,,
6,II,,Ciobruciu (Cioburciu),Чобручи,Akkerman,8-131,8,131,,,,,12,https://www.familysearch.org/ark:/61903/3:1:3QSQ-G93Y-BQ4C?i=11&cc=1985804&wc=M6CB-GNL%3A264175701%2C264722601%2C264894301
6,II,s.,Popovca,Поповка,Akkerman,132-134,132,134,,,,,,
6,II,s.,Feşteliţa,Фештелица,Akkerman,135-138,135,138,,,,,,
6,II,s.,Copceac,Копчак,Akkerman,139-141,139,141,,,,,,
6,II,s.,Formuşica (Frumuşica),Фрумушица,Akkerman,142-145,142,145,,,,,,
6,II,s.,Ţariceanca,Цариченка,Akkerman,146-148,146,148,,,,,,
6,II,s.,Şagani,Шагани,Akkerman,149-152,149,152,,,,,,
6,II,s.,Zolocari,Золокары,Akkerman,153-155,153,155,,,,,,
6,II,staniţa,Acmanghit,Акманхит,Akkerman,156-158,156,158,,,,,,
6,II,s.,Mihailovca,Михайловка,Akkerman,159-161,159,161,,,,,,
6,II,s.,Gura-Celighider (Satul Nou),Гура-Челигидер (Сатул-Ноу),Akkerman,162-165,162,165,,,,,,
6,II,s.,Gălileşti,Гэлилешть,Akkerman,166-168,166,168,,,,,,
6,II,s.,Taşlâc,Ташлык,Akkerman,169-171,169,171,,,,,,
6,II,s.,Furmanca,Фурманка,Akkerman,172-174,172,174,,,,,,
6,II,s.,Chitai,Китай,Akkerman,175-178,175,178,,,,,,
6,II,or.,Chilia,Килия,Akkerman,179-185,179,185,,,,,,
7,I,or.,Akkerman,Аккерман,,1-136,1,136,,,,,,
7,II,or.,Akkerman,Аккерман,,137-250,137,250,,,,,,
7,III,or.,Akkerman,Аккерман,,251-367,251,367,,,,,494,https://www.familysearch.org/ark:/61903/3:1:3QS7-893B-MXNY?i=493&cc=1985804&wc=M6CB-G38%3A264175701%2C264722601%2C264895701
7,IV,or.,Akkerman,Аккерман,,368-486,368,486,,,,,726,https://www.familysearch.org/ark:/61903/3:1:3QS7-993B-MXCN?i=725&cc=1985804&wc=M6CB-G38%3A264175701%2C264722601%2C264895701
7,V,or.,Akkerman,Аккерман,,487-588,487,588,,,,,948,https://www.familysearch.org/ark:/61903/3:1:3QSQ-G93B-M8RB?i=947&cc=1985804&wc=M6CB-G38%3A264175701%2C264722601%2C264895701
8,,or.,Akkerman,Аккерман,,1-22,1,22,,,,,,
8,,s.,Gura-Celighider (Satul Nou ),Гура-Челигидер (Сатул-Ноу),,23-26,23,26,,,,,,
8,,s.,Gălileşti,Гэлилешть,,27-28,27,28,,,,,,
8,,s.,Copceac,Копчак,,29-34,29,34,,,,,,
8,,s.,Chebabcea,Кебабча,,35-36,35,36,,,,,,
8,,s.,Moldovca (Vodeni ),Молдовка (Водень),,37-40,37,40,,,,,,
8,,s.,Neruşai,Нерушай,,42-46,42,46,,,,,,
8,,s.,Palanca,Паланка,,47-49,47,49,,,,,,
8,,s.,Tălmaza,Тэлмаза,,51-54,51,54,,,,,,
8,,s.,Taşlîc,Ташлык,,55-62,55,62,,,,,,
9,I,colonia,Borodino,Бородино,,1-59,1,59,,,,,5,https://www.familysearch.org/ark:/61903/3:1:3QSQ-G93Y-BL7V?i=4&cc=1985804&wc=M6CB-538%3A264175701%2C264722601%2C264904501
9,I,colonia,Berezina,Березина,,60-99,60,99,,,,,,
9,I,colonia,Brieni,Бриены,,100-120,100,120,,,,,,
9,I,colonia,Gnadental,Гнаденталь,,122-137,122,137,,,,,,
9,II,colonia,Crasna,Красна,,138-181,138,181,,,,,265,https://www.familysearch.org/ark:/61903/3:1:3QSQ-G93Y-B5P4?i=264&cc=1985804&wc=M6CB-538%3A264175701%2C264722601%2C264904501
9,II,colonia,Cleastiţi,Кляштицы,,182-231,182,231,,,,,351,https://www.familysearch.org/ark:/61903/3:1:3QS7-993Y-BGNK?i=350&cc=1985804&wc=M6CB-538%3A264175701%2C264722601%2C264904501
9,III,colonia,Cleastiţi,Кляштицы,,232-239,232,239,,,,,,
9,III,colonia,Leipţig,Лейпциг,,240-323,240,323,,,,,,
9,III,colonia,Culm,Кулм,,324-375,324,375,,,,,,
9,IV,colonia,Caţbah,Кацбах,,376-400,376,400,,,,,,
9,IV,colonia,Maloiaroslaveţi I,Малоярославец I,,401-436,401,436,,,,,,
9,IV,,Maloiaroslaveţi II,Малоярославец II,,37-475,37,475,,,,,80,https://www.familysearch.org/ark:/61903/3:1:3QS7-L93Y-BTM4?i=79&cc=1985804&wc=M6CB-538%3A264175701%2C264722601%2C264904501
9,IV,colonia,Arcizul Nou,Арцизул Ноу,,476-489,476,489,,,,,,
9,V,colonia,Paris,Париж,,490-534,490,534,,,,,,
9,V,colonia,Sarata,Сарата,,535-564,535,564,,,,,,
9,V,colonia,Arcizul Vechi,Арцизул Векь,,565-597,565,597,,,,,,
9,VI,colonia,Tarutino,Тарутино,,598-673,598,673,,,,,,
9,VI,colonia,Tepliţ,Теплиц,,674-703,674,703,,,,,,
9,VII,colonia,Ferşampenoise I,Фершампенуаз I,,704-733,704,733,,,,,,
9,VII,,Ferşampenoise II,Фершампенуаз II,,34-760,34,760,,,,,75,https://www.familysearch.org/ark:/61903/3:1:3QS7-993Y-BVPZ?i=74&cc=1985804&wc=M6CB-538%3A264175701%2C264722601%2C264904501
9,,colonia,"nr. 13, Friedenstal","№ 13, Фриденсталь",,761-790,761,790,,,,,,
9,VII,colonia,Şabo,Шабо,,791-802,791,802,,,,,,
10,,s.,"Penico, filele …..2",Пенико,,4-7,4,7,,,,,,
10,,s.,Băhrineşti,Бэхринешть,Iaşi,3-11,3,11,,,,,,
10,,s.,Nădejdea,Надежда,Akkerman,12-21,12,21,,,,,,
10,,s.,Purcari,Пуркары,Akkerman,22-54,22,54,,,,,,
10,,s.,Răscăieţi,Раскаец,Akkerman,55-84,55,84,,,,,,
11,,or.,Akkerman,Аккерман,,1-38,1,38,,,,,3,https://www.familysearch.org/ark:/61903/3:1:3QS7-893Y-YHZD?i=2&cc=1985804&wc=M6CB-529%3A264175701%2C264722601%2C264915201
11,,s.,Cădăeşti,Кэдэешты,,39-41,39,41,,,,,,
12,,s.,Petropavlovca,Петропавловка,,1-12,1,12,,,,,,
12,,s.,Palanca,Паланка,,13-19,13,19,,,,,,
12,,or.,Akkerman,Аккерман,,20-89,20,89,,,,,,
12,,s.,Neruşai,Нерушай,,90-91,90,91,,,,,,
13,I,or.,Bender,Бендеры,,1-122,1,122,,,,,,
13,II,or.,Bender,Бендеры,,123-250,123,250,,,,,,
13,III,or.,Bender,Бендеры,,251-356,251,356,,,,,,
14,I,or.,Bender,Бендеры,,3-88b,3,88,,,,,,
14,,or.,Bender,Бендеры,,89-215,89,215,,,,,,
14,III,or.,Bender,Бендеры,,216-290,216,290,,,,,,
14,IV,or.,Bender,Бендеры,,291-388,291,388,,,,,180,https://www.familysearch.org/ark:/61903/3:1:3QSQ-G93B-M6P?i=179&cc=1985804&wc=M6CB-R6D%3A264175701%2C264722601%2C264919701
15,,or.,Bender,Бендеры,,1-60,1,60,,,,,,
15,,or.,Ismail,Измаил,,61-63,61,63,,,,,,
15,,,Gura Galbenă,Гура-Галбенэ,,4-65,4,65,,,,,,
15,,s.,Chiţcani,Кицканы,,66-68,66,68,,,,,,
15,,s.,Speia,Спея,,69-71,69,71,,,,,,
15,,,Gura Bîcului,Гура-Быкулуй,,2-74,2,74,,,,,,
15,,tîrgul,Căuşeni,Каушаны,,75-76,75,76,,,,,,
16,,or.,Chişinău,Кишинёв,,1-3,1,3,,,,,,
16,,or.,Bender,Бендеры,,3a-70,3,70,,,,,,
17,I,or.,Akkerman,Аккерман,,1-10,1,10,,,,,,
17,I,or.,Bender,Бендеры,,11-48,11,48,,,,,,
17,I,,Gura Galbenă,Гура-Галбенэ,Bender,9-50,9,50,,,,,,
17,I,s.,Chiţcani,Кицканы,Bender,51-53,51,53,,,,,,
17,I,tîrgul,Căuşeni,Каушаны,Bender,54-55,54,55,,,,,,
17,I,s.,Speia,Спея,Bender,56-58,56,58,,,,,,
17,I,,Gura Bîcului,Гура-Быкулуй,Bender,59-63,59,63,,,,,,
17,I,or.,Ismail,Измаил,Ismail,64-79,64,79,,,,,,
17,I,or.,Tucicov,Тучиков,Ismail,80-99,80,99,,,,,,
17,II,or.,Chişinău,Кишинёв,Ismail,100-145,100,145,,,,,113,https://www.familysearch.org/ark:/61903/3:1:3QS7-L93B-MSYH?i=112&cc=1985804&wc=M6CB-TM9%3A264175701%2C264722601%2C264924001
17,II,cetatea,Chilia,Килия,Ismail,146-150,146,150,,,,,,
17,II,colonia,Bolgrad,Болград,Ismail,151-154,151,154,,,,,,
17,II,or.,Leova,Леово,Ismail,155-156,155,156,,,,,,
17,II,colonia,Hagi-Abdul,Гаджи-Абдул,Ismail,157-158,157,158,,,,,,
17,II,s.,Slobozia Căliceni,Слобозия Кэличень,Orhei,159-161,159,161,,,,,,
17,II,s.,Pereni,Перень,Orhei,162-167,162,167,,,,,,
17,II,s.,Mărcăuţi,Мэркэуць,Hotin,168-174,168,174,,,,,,
17,II,s.,Babin,Бабин,Hotin,175-183,175,183,,,,,,
17,II,or.,Hotin,Хотин,Hotin,184-206,184,206,,,,,,
17,II,s.,Bălcăuţi,Бэлкэуць,Hotin,207-210,207,210,,,,,,
17,II,s.,Seneheu,Сенехеу,Hotin,211-213,211,213,,,,,,
17,II,s.,Mărcăuţi,Мэркэуць,Hotin,214-219,214,219,,,,,,
17,II,tîrgul,Ataki (Ataci ) Movilău,Атаки Могилёв,Hotin,220-223,220,223,,,,,,
17,II,s.,Secureni,Секурены,Hotin,224-227,224,227,,,,,,
17,II,s.,Edineţ (Edinţa),Единцы (Единца),Hotin,228-230,228,230,,,,,,
17,II,s.,Rudi,Руды,Hotin,231-233,231,233,,,,,,
17,II,s.,Nedibăuţi (Nedăbăuţi),Недэбэуць,Hotin,234-235,234,235,,,,,,
17,II,s.,Noua Suliţă (Novoseliţa),Новоселица,Hotin,236-238,236,238,,,,,,
18,,s.,Todireşti,Тодирешты,,1-1a,1,1,,,,,,
18,,s.,Taraclia,Тараклия,,2-4,2,4,,,,,,
18,,s.,Tănătari,Тэнэтарь,,5-14,5,14,,,,,,
18,,cătunul,Floreşti,Флорешты,,15-17,15,17,,,,,,
18,,s.,Fîrlădeni,Фырлэдень,,18-20,18,20,,,,,,
18,,s.,Ţînţăreni,Цынцэрень,,21-23,21,23,,,,,,
18,,tîrgul,Cimişlia,Чимишлия,,24-28,24,28,,,,,,
18,,s.,Cioara Murza,Чоара-Мурза,,29-31,29,31,,,,,,
18,,s.,Abaclia,Абаклия,,32-33,32,33,,,,,,
19,I,or.,Bender,Бендеры,,1-7,1,7,,,,,,
19,I,s.,Hîrbovăţ,Хырбовэц,,8-12,8,12,,,,,,
19,I,s.,Bulboaca,Булбоака,,13-15,13,15,,,,,,
19,I,s.,Gura Bîcului,Гура-Быкулуй,,16-18,16,18,,,,,,
19,I,s.,Fîrlădeni,Фырлэдень,,19-21,19,21,,,,,,
19,I,s.,Sălcuţa,Сэлкуца,,22-26,22,26,,,,,,
19,I,s.,Hagimus,Гаджимус,,27-29,27,29,,,,,,
19,I,s.,Chircăeşti,Кыркэешты,,30-32,30,32,,,,,,
19,I,s.,Tănătari,Тэнэтарь,,33-35,33,35,,,,,,
19,I,s.,Cărbuna,Кэрбуна,,36-40,36,40,,,,,,
19,I,s.,Coşcalia,Кошкалия,,41-43,41,43,,,,,,
19,I,s.,Zaim,Заим,,44-48,44,48,,,,,,
19,I,s.,Luţeni (Ţînţăreni ),Луцень (Цынцэрень),,49-53,49,53,,,,,,
19,I,s.,Căinari,Каинары,,54-58,54,58,,,,,,
19,I,s.,Geamăna,Жамэна,,59-63,59,63,,,,,,
19,I,s.,Puhoi,Пугой,,64-68,64,68,,,,,,
19,I,s.,Gangura,Гангура,,69-73,69,73,,,,,,
19,I,s.,Dubăsarii Vechi,Дубоссары Старые,,74-78,74,78,,,,,,
19,I,s.,Corjova,Коржова,,79-83,79,83,,,,,,
19,I,s.,Baccealia,Баччалия,,84-86,84,86,,,,,,
19,I,,Cobusca Veche,Кобуска Веке,,7-91,7,91,,,,,,
19,I,,Cobusca Nouă,Кобуска Ноуэ,,2-94,2,94,,,,,,
19,I,s.,Roşcani,Рошкани,,95-97,95,97,,,,,,
19,I,s.,Teliţa,Телица,,98-100,98,100,,,,,,
19,II,s.,Şerpeni,Шерпены,,101-105,101,105,,,,,,
19,II,s.,Speia,Спея,,106-108,106,108,,,,,,
19,II,s.,Puhăceni,Пугэчены,,109-113,109,113,,,,,,
19,II,s.,Delacău (Bilachev),Делакэу (Билачев),,114-116,114,116,,,,,,
19,,s.,Taraclia,Тараклия,,117-119,117,119,,,,,,
19,II,s.,Sadaclia,Садаклия,,120-122,120,122,,,,,,
19,II,tîrgul,Cimişlia,Чимишлия,,123-127,123,127,,,,,,
19,II,s.,Batîr,Батыр,,128-130,128,130,,,,,,
19,II,s.,Abaclia (Abaclîdjaba),Абаклия (Абаклыджаба),,131-135,131,135,,,,,,
19,II,s.,Selemet,Селемет,,136-138,136,138,,,,,,
19,II,s.,Cioara-Murza (Ceramuza),Чоара-Мурза (Черамуза),,139-141,139,141,,,,,,
19,II,tîrgul,Căuşeni,Каушаны,,142-146,142,146,,,,,,
19,II,s.,Tocuz,Токуз,,147-151,147,151,,,,,,
19,II,s.,Cîrnăţeni,Кырнэцень,,152-154,152,154,,,,,,
19,,s.,Opaci,Опач,,155-157,155,157,,,,,,
19,II,s.,Manzîr,Манзырь,,158-160,158,160,,,,,,
19,II,s.,Chiţcani,Кицканы,,161-165,161,165,,,,,,
19,II,s.,Copanca,Копанка,,166-169,166,169,,,,,,
19,II,s.,Varniţa,Варница,,170-172,170,172,,,,,,
19,II,s.,Căuşenii Vechi,Каушаны Старые,,173-175,173,175,,,,,,
19,II,s.,Gura Galbenă,Гура-Галбенэ,,176-181,176,181,,,,,,
19,II,s.,Moleşti,Молешть,,182-186,182,186,,,,,,
19,,s.,Grădeşti,Грэдешть,,187-191,187,191,,,,,,
19,II,s.,Sagadaic (Sahaidac),Сагадаик (Сагайдак),,192-194,192,194,,,,,,
19,,judeţul,Bender,Бендеры,,195-200,195,200,,,,,,
20,I,or.,Tucicov,Тучиков,,2-114,2,114,,,,,3,https://www.familysearch.org/ark:/61903/3:1:3QS7-L93Y-1H45?i=2&cc=1985804&wc=M6CB-TP8%3A264175701%2C264722601%2C264928301
20,II,or.,Tucicov,Тучиков,,115-230,115,230,,,,,,
20,III,or.,Tucicov,Тучиков,,231-344,231,344,,,,,,
20,IV,suburbia,Cugurlui (Cuhurlui),Кугурлуй (Кухурлуй),,345-383,345,383,,,,,,
20,,suburbia,Broasca,Броаска,,384-410,384,410,,,,,,
20,,suburbia,Sofiana (Softiani),Софиана (Софтиань),,411-450,411,450,,,,,,
21,I,s.,Baccealia,Баччалия,,1-42,1,42,,,,,,
21,I,s.,Bogdanovca,Богдановка,,43-64,43,64,,,,,,
21,,s.,Gura Galbenei,Гура-Галбеней,,65-144b,65,144,,,,,,
21,I,s.,Grădeşti (Grădişte ),Грэдешть (Грэдиште),,145-178,145,178,,,,,,
21,I,s.,Gangura,Гангура,,179-222,179,222,,,,,,
21,I,s.,Gura Bîcului,Гура-Быкулуй,,223-238,223,238,,,,,,
21,III,s.,Geamana,Жамана,,239-297,239,297,,,,,,
21,III,s.,Delacău (Bilachev),Делакэу (Билачев),,299-318,299,318,,,,,,
21,III,s.,Dubăsarii Vechi,Дубоссары Старые,,319-360,319,360,,,,,,
21,IV,s.,Ivanovca,Ивановка,,361-368,361,368,,,,,,
21,IV,s.,Corjova,Коржова,,369-391,369,391,,,,,,
21,IV,s.,Căinari,Каинары,,392-447,392,447,,,,,,
21,,s.,Cărbuna,Кэрбуна,,448-500c,448,500,,,,,,
21,IV,s.,Cobusca Mică,Кобуска Микэ,,501-514,501,514,,,,,,
21,IV,s.,Cobusca Veche,Кобуска Веке,,515-550,515,550,,,,,,
21,IV,s.,Coşcalia,Кошкалия,,551-601,551,601,,,,,,
21,IV,s.,Ţînţăreni (Luţeni),Цынцэрень (Луцень),,602-632,602,632,,,,,,
21,VI,s.,Moleşti,Молешть,,633-660,633,660,,,,,,
21,VI,s.,Puhoi,Пугой,,661-691,661,691,,,,,,
21,VI,s.,Puhăceni,Пугэчены,,692-707,692,707,,,,,,
21,VI,s.,Roşcana,Рошкана,,708-718,708,718,,,,,,
21,VI,s.,Speia,Спея,,719-738,719,738,,,,,,
21,VII,s.,Sagaidac,Сагайдак,,739-772,739,772,,,,,,
21,VII,s.,Todireşti,Тодирешты,,773-788,773,788,,,,,,
21,VII,s.,Teliţa,Телица,,789-804,789,804,,,,,,
21,,cătunul,Floreşti,Флорешты,,805-806,805,806,,,,,,
21,VII,s.,Şerpeni,Шерпены,,807-831,807,831,,,,,,
22,I,s.,Abaclia (Abaclîdjaba),Абаклия (Абаклыджаба),,1-27,1,27,,,,,,
22,I,s.,Opaci,Опач,,28-63,28,63,,,,,49,https://www.familysearch.org/ark:/61903/3:1:3QS7-L93Y-TH38?i=48&cc=1985804&wc=M6CB-BM9%3A264175701%2C264722601%2C264941901
22,I,s.,Bulboaca,Булбоака,,64-83,64,83,,,,,,
22,I,s.,Batîr,Батыр,,84-113,84,113,,,,,,
22,I,s.,Baimaclia,Баймаклия,,114-135,114,135,,,,,,
22,II,s.,Varniţa,Варница,,137-163,137,163,,,,,,
22,II,s.,Hîrbovăţ,Хырбовэц,,165-203,165,203,,,,,,
22,II,s.,Hagimus,Гаджимус,,205-220,205,220,,,,,,
22,II,s.,Zaim,Заим,,221-250,221,250,,,,,,
22,III,tîrgul,Căuşeni,Каушаны,,260-329,260,329,,,,,425,https://www.familysearch.org/ark:/61903/3:1:3QS7-893Y-TZ5Z?i=424&cc=1985804&wc=M6CB-BM9%3A264175701%2C264722601%2C264941901
22,III,s.,Chircăeşti,Кыркэешты,,331-353,331,353,,,,,,
22,III,s.,Copanca,Копанка,,354-397,354,397,,,,,576,https://www.familysearch.org/ark:/61903/3:1:3QS7-893Y-TCKV?i=575&cc=1985804&wc=M6CB-BM9%3A264175701%2C264722601%2C264941901
22,IV,s.,Căuşenii Vechi,Каушаны Старые,,398-423,398,423,,,,,,
22,IV,s.,Cîrnăţeni,Кырнэцень,,424-443,424,443,,,,,,
22,,s.,Chiţcani,Кицканы,,444-488a,444,488,,,,,,
22,IV,s.,Calfa,Калфа,,489-502,489,502,,,,,,
22,IV,s.,Mihailovca,Михайловка,,503-526,503,526,,,,,,
22,V,s.,Selemet,Селемет,,527-564,527,564,,,,,908,https://www.familysearch.org/ark:/61903/3:1:3QS7-993Y-1HRK?i=907&cc=1985804&wc=M6CB-BM9%3A264175701%2C264722601%2C264941901
22,V,s.,Săiţi,Сэиць,,565-590,565,590,,,,,,
22,V,s.,Sălcuţa,Сэлкуца,,591-632,591,632,,,,,,
22,VI,s.,Sadaclia,Садаклия,,633-676,633,676,,,,,1130,https://www.familysearch.org/ark:/61903/3:1:3QS7-L93Y-1W1B?i=1129&cc=1985804&wc=M6CB-BM9%3A264175701%2C264722601%2C264941901
22,VI,s.,Tocuz,Токуз,,677-714,677,714,,,,,,
22,VI,s.,Troiţca,Троица,,715-739,715,739,,,,,,
22,VI,s.,Taraclia,Тараклия,,740-772,740,772,,,,,,
22,VI,s.,Tanătari,Танэтарь,,773-801,773,801,,,,,,
22,VI,s.,Fîrlădeni,Фырлэдень,,802-827,802,827,,,,,,
22,VI,tîrgul,Cimişlia,Чимишлия,,828-885,828,885,,,,,,
22,VI,s.,Cioara Murza (Ceramuza ),Чоара-Мурза (Черамуза),,886-896,886,896,,,,,,
23,,colonia,Babele,Бабеле,,1-6,1,6,,,,,,
23,,colonia,Bolgrad,Болград,,7-14,7,14,,,,,,
23,,colonia,Vaisal,Вайсал,,15-19,15,19,,,,,,
23,,colonia,Duluchioi,Дулукиой,,20-25,20,25,,,,,,
23,,colonia,Dermendere,Дермендере,,26-30,26,30,,,,,,
23,,colonia,Cairaclia,Каиракли́я,,31-36,31,36,,,,,,
23,,colonia,Cubei,Кубей,,37-46,37,46,,,,,,
23,,colonia,Caracurt,Каракурт,,47-54,47,54,,,,,,
23,,colonia,Novotraian (Traianul Nou),Новотраян,,55-57,55,57,,,,,,
23,,colonia,Taşbunar,Ташбунар,,58-67,58,67,,,,,,
23,,colonia,Tatar-Copceac,Татар-Копчак,,68-72,68,72,,,,,,
23,,colonia,Taraclia,Тараклия,,73-77,73,77,,,,,,
23,,colonia,Tabac,Табак,,78-85,78,85,,,,,,
23,,colonia,Cişmeaua Văruită,Кишмяуа-Вэруитэ,,86-93,86,93,,,,,,
23,,colonia,Ciişia,Чиишия,,94-101,94,101,,,,,,
23,,colonia,Erdec-Burno,Ердек-Бурну,,102-104,102,104,,,,,,
24,,colonia,Burgugi,Бургуй,,1-3,1,3,,,,,,
24,,colonia,Banova (Banovca),Банова (Бановка),,4-11,4,11,,,,,,
24,,colonia,Glavana,Главана,,12-14,12,14,,,,,,
24,,colonia,Hasan Batâr,Хасан-Батар,,15-17,15,17,,,,,,
24,,colonia,Dermendere,Дермендере,,18-20,18,20,,,,,,
24,,colonia,Devlet Agaci,Девлет-Агач,,21-25,21,25,,,,,,
24,,colonia,Dimitrova,Дмитрова,,26-32,26,32,,,,,,
24,,colonia,Enichioi,Еникиой,,33-39,33,39,,,,,,
24,,colonia,Zadunaevca,Задунаевка,,40-47,40,47,,,,,,
24,,colonia,Iserlia,Изерлия,,48-50,48,50,,,,,,
24,,colonia,Ivanova,Иванова,,51-55,51,55,,,,,,
24,,colonia,Culevcea,Кулевча,,56-58,56,58,,,,,,
24,,colonia,Camcic,Камчик,,59-61,59,61,,,,,,
24,,colonia,Cuporani,Купорань,,62-64,62,64,,,,,,
24,,colonia,Cod-Chitai,Код-Китай,,65-68,65,68,,,,,,
24,,colonia,Noul Cragaci (Novocaragaci),Новокарагач,,70-72,70,72,,,,,,
24,,,Pocrouca-Nouă (Novopocrov),Покроука-Ноуэ (Новопокров),,3-75,3,75,,,,,,
24,,colonia,Pandaclia,Пандаклия,,76-78,76,78,,,,,,
24,,colonia,Selioglo,Селиогло,,79-83,79,83,,,,,,
24,,colonia,Satalîc-Hagi,Саталык-Хаджи,,84-88,84,88,,,,,,
24,,colonia,Traianul Vechi (Starotraian),Траянул Векь (Старотраян),,89-94,89,94,,,,,,
24,,colonia,Fîntîna Zînelor,Фынтына Зынелор,,95-99,95,99,,,,,,
24,,colonia,Ciumlechioi,Чумлекиой,,100-102,100,102,,,,,,
24,,colonia,Şichirlichitai,Шикирличитай,,103-114,103,114,,,,,,
25,,suburbia,Cugurlui (Cuhurlui),Кугурлуй (Кухурлуй),,1-47,1,47,,,,,,
25,,suburbia,Necrasovca,Некрасовка,,66-48,66,48,,,,,,
25,,suburbia,Broasca,Броаска,,67-85,67,85,,,,,,
25,,suburbia,Sofiana,Софьяна,,87-107,87,107,,,,,,
26,,or.,Chilia,Килия,,1-21,1,21,,,,,,
27,I,or.,Chilia,Килия,,1-111,1,111,,,,,,
27,II,or.,Chilia,Килия,,112-192,112,192,,,,,,
27,II,s.,Vilcov (Vâlcov),Вильков (Вылков),,193-238,193,238,,,,,,
28,,or.,Chilia,Килия,,1-125,1,125,,,,,,
28,II,or.,Chilia,Килия,,127-216,127,216,,,,,,
28,III,or.,Chilia,Килия,,217-279,217,279,,,,,,
28,IV,tîrgul,Vilcov (Vîlcov),Вильков (Вылков),,280-314,280,314,,,,,,
29,,or.,Bender,Бендеры,Bender,1-2,1,2,,,,,4,https://www.familysearch.org/ark:/61903/3:1:3QS7-893Y-ZK4Z?i=3&cc=1985804&wc=M6CB-1M9%3A264175701%2C264722601%2C264956501
29,,s.,Sadaclia,Садаклия,Bender,3-4,3,4,,,,,6,https://www.familysearch.org/ark:/61903/3:1:3QS7-L93Y-ZVN9?i=5&cc=1985804&wc=M6CB-1M9%3A264175701%2C264722601%2C264956501
29,,or.,Bălţi,Бельцы,Bender,5-8,5,8,,,,,9,https://www.familysearch.org/ark:/61903/3:1:3QS7-893Y-ZKHC?i=8&cc=1985804&wc=M6CB-1M9%3A264175701%2C264722601%2C264956501
29,,or.,Chişinău,Кишинёв,Bender,9-82,9,82,,,,,14,https://www.familysearch.org/ark:/61903/3:1:3QS7-893Y-ZK71?i=13&cc=1985804&wc=M6CB-1M9%3A264175701%2C264722601%2C264956501
29,,s.,Drăsliceni,Дрэсличены,Orhei,83-85,83,85,,,,,89,https://www.familysearch.org/ark:/61903/3:1:3QS7-993Y-ZV6W?i=88&cc=1985804&wc=M6CB-1M9%3A264175701%2C264722601%2C264956501
29,,s.,Teleşeu,Телешеу,Orhei,86-88,86,88,,,,,92,https://www.familysearch.org/ark:/61903/3:1:3QSQ-G93Y-ZVV6?i=91&cc=1985804&wc=M6CB-1M9%3A264175701%2C264722601%2C264956501
29,,s.,Dănjenii de Jos,Дэнженьий-де-Жос,Soroca,89-90,89,90,,,,,,
29,,s.,Marcăuţi,Маркауцы,,91,91,91,,,,,,
29,,s.,Petruşeni,Петрушены,Hotin,92-93,92,93,,,,,,
29,,s.,Slobozia Şireuţi,Слобозия-Ширеуць,Hotin,94-95,94,95,,,,,,
30,,or.,Chişinău,Кишинёв,,1-57,1,57,,,,,,
31,I,or.,Chişinău,Кишинёв,,1-101,1,101,,,,,,
31,II,or.,Chişinău,Кишинёв,,102-213,102,213,,,,,,
31,III,or.,Chişinău,Кишинёв,,214-303,214,303,,,,,,
31,IV,or.,Chişinău,Кишинёв,,304-404,304,404,,,,,,
31,V,or.,Chişinău,Кишинёв,,405-505,405,505,,,,,,
31,VI,or.,Chişinău,Кишинёв,,506-606,506,606,,,,,347,https://www.familysearch.org/ark:/61903/3:1:3QS7-893Y-87X7?i=346&cc=1985804&wc=M6CB-BNG%3A264175701%2C264722601%2C264958101
31,VII,or.,Chişinău,Кишинёв,,607-698,607,698,,,,,554,https://www.familysearch.org/ark:/61903/3:1:3QS7-893Y-87X2?i=553&cc=1985804&wc=M6CB-BNG%3A264175701%2C264722601%2C264958101
32,,,Basarabia (lăieşi ),Бессарабия,,1-54,1,54,,,,,,
32,,judeţul,"Orhei (lingurari, ursari )",Оргеев,,55-114,55,114,,,,,,
33,,or.,Chişinău,Кишинёв,,1-28,1,28,,,,,,
34,I,or.,Chişinău,Кишинёв,,1-108,1,108,,,,,,
34,II,or.,Chişinău,Кишинёв,,109-211,109,211,,,,,,
34,III,or.,Chişinău,Кишинёв,,212-319,212,319,,,,,,
34,IV,or.,Chişinău,Кишинёв,,320-420,320,420,,,,,486,https://www.familysearch.org/ark:/61903/3:1:3QS7-993Y-PTW?i=485&cc=1985804&wc=M6CB-1NL%3A264175701%2C264722601%2C264966901
34,V,or.,Chişinău,Кишинёв,,421-540,421,540,,,,,,
35,,or.,Chişinău,Кишинёв,,1-177,1,177,,,,,,
36,,or.,Chişinău,Кишинёв,,1-21,1,21,,,,,,
37,,or.,Bălţi,Бельцы,,1-3,1,3,,,,,,
37,,or.,Chişinău,Кишинёв,,3a-51,3,51,,,,,,
37,,or.,Hotin,Хотин,,52-59c,52,59,,,,,,
37,,tîrgul,"Otaci (Ataci, Atachi) Movilău",Атаки (Могилёв),,62d-63,62,63,,,,,,
37,,s.,Nagoreni,Нагорены,,62-63,62,63,,,,,,
37,,tîrgul,Noua Suliţă (Novoseliţa),Новоселица,,64-76,64,76,,,,,,
37,,s.,Stălineşti,Стэлинешть,,77-79,77,79,,,,,,
37,,s.,Hădărăuţi,Хэдэрэуць,,80-82,80,82,,,,,,
37,,s.,Cepeleuţi,Чепелеуць,,83-84,83,84,,,,,,
37,,s.,Şendreni,Шендрены,,85-87,85,87,,,,,,
37,,s.,Drăgăneşti,Драганешты,,88-91,88,91,,,,,,
37,,s.,Micleuşeni,Миклеушень,,92-93,92,93,,,,,,
37,,s.,Sculeni,Скуляны,,94-97,94,97,,,,,,
37,,s.,Petreşti,Петрешты,,98-101,98,101,,,,,,
37,,s.,Prutechici Alexăndreni,Прутечичи-Александрены,,102-105,102,105,,,,,,
37,,s.,Ciulucani,Чулуканы,,106-108,106,108,,,,,,
38,I,or.,Chişinău,Кишинёв,,1-148,1,148,,,,,4,https://www.familysearch.org/ark:/61903/3:1:3QSQ-G93Y-PZFF?i=3&cc=1985804&wc=M6C1-M68%3A264175701%2C264722601%2C264975001
38,II,or.,Chişinău,Кишинёв,,149-259,149,259,,,,,191,https://www.familysearch.org/ark:/61903/3:1:3QS7-893Y-PCX9?i=190&cc=1985804&wc=M6C1-M68%3A264175701%2C264722601%2C264975001
38,III,or.,Chişinău,Кишинёв,,260-380,260,380,,,,,,
38,IV,or.,Chişinău,Кишинёв,,381-545,381,545,,,,,490,https://www.familysearch.org/ark:/61903/3:1:3QSQ-G93Y-PHQZ?i=489&cc=1985804&wc=M6C1-M68%3A264175701%2C264722601%2C264975001
39,,or.,Leova,Леово,,1-20,1,20,,,,,,
40,,s.,Hănăşenii Noi,Хэнэшений-Ной,,1-16,1,16,,,,,,
41,,or.,Leova,Леово,,1-8,1,8,,,,,,
41,,s.,Borogani,Бороганы,,9-10,9,10,,,,,,
41,,s.,Cazangic,Казангик,,11-12,11,12,,,,,,
41,,s.,Caracui,Каракуй,,13-14,13,14,,,,,,
41,,s.,Cuvurlui,Кувурлуй,,15-16,15,16,,,,,,
41,,s.,Lărguţa,Ларгуца,,17-18,17,18,,,,,,
41,,s.,Sărata,Сэрата,,19-20,19,20,,,,,,
41,,s.,Sărăţica,Сэрэцика,,21-22,21,22,,,,,,
41,,s.,Tigheci,Тигечи,,23-24,23,24,,,,,,
41,,s.,Cenac,Чинак,,25-26,25,26,,,,,,
41,,s.,Baurci-Moldoveni,Баурчи-Молдовень,,27-28,27,28,,,,,,
41,,s.,Borceag (Burceac),Борчаг (Бурчак),,29-30,29,30,,,,,,
41,,s.,Vadul lui Isac,Вадул луй Исак,,31-32,31,32,,,,,,
41,,s.,Vetreşoi,Ветрешой,,33-34,33,34,,,,,,
41,,s.,Hănăşenii Vechi,Хэнэшений-Векь,,35-36,35,36,,,,,,
41,,s.,Hănăşenii Noi,Хэнэшений-Ной,,37-38,37,38,,,,,,
41,,s.,Goteşti,Готешть,,39-40,39,40,,,,,,
41,,s.,Enichioi,Еникиой,,41-42,41,42,,,,,,
41,,s.,Javgur,Жавгур,,43-44,43,44,,,,,,
41,,s.,Cania,Кания,,45-46,45,46,,,,,,
41,,s.,Capaclia,Капаклия,,47-48,47,48,,,,,,
41,,s.,Chircani,Кырканы,,49-50,49,50,,,,,,
41,,s.,Cupcui (Copcui),Купкуй (Копкуй),,51-52,51,52,,,,,,
41,,s.,Cociulia (Cocealia ),Кочулия (Кочалия),,53-54,53,54,,,,,,
41,,s.,Coştangalia,Коштангалия,,55-56,55,56,,,,,,
41,,s.,Chioselia Mică (Chiselî Mici ),Киоселия Микэ (Кисельи Мичь),,57-58,57,58,,,,,,
41,,s.,Larga,Ларга,,59-60,59,60,,,,,,
41,,s.,Leca,Лека,,61-62,61,62,,,,,,
41,,s.,Măcreşti,Мэкрешть,,63-64,63,64,,,,,,
41,,s.,Manta,Манта,,65-66,65,66,,,,,,
41,,s.,Mingir,Мингир,,67-67a,67,67,,,,,,
41,,s.,Musaitu,Мусайту,,68-69,68,69,,,,,,
41,,s.,Orac,Орак,,70-71,70,71,,,,,,
41,,s.,Pelinei Moldoveni,Пелиней Молдовень,,72-73,72,73,,,,,,
41,,s.,Pogăneşti,Погэнешты,,74-75,74,75,,,,,,
41,,s.,Tartaul,Тартаул,,76-77,76,77,,,,,,
41,,s.,Tomai,Томай,,78-79,78,79,,,,,,
41,,s.,Toceni,Точены,,80-81,80,81,,,,,,
41,,s.,Frumoasa,Фрумоаса,,82-83,82,83,,,,,,
41,,s.,Hagichioi,Гаджикиой,,84-85,84,85,,,,,,
41,,s.,Ceadîr,Чадыр,,86-87,86,87,,,,,,
41,,s.,Ciucur-Mingir,Чучур-Мингир,,88-89,88,89,,,,,,
41,,s.,Ialpugeni,Ялпужены,,90-91,90,91,,,,,,
42,,or.,Akkerman,Аккерман,,1-109,1,109,2359832,6–131,126,sur,,
42,II,or.,Akkerman,Аккерман,,110-198,110,198,2359832,6–131,126,sur,,
42,III,or.,Akkerman,Аккерман,,199-233,199,233,2359832,6–131,126,sur,,
42,IV,or.,Akkerman,Аккерман,,234-333,234,333,2359832,6–131,126,sur,,
42,V,or.,Akkerman,Аккерман,,334-417,334,417,2359832,6–131,126,sur,,
42,VI,or.,Akkerman,Аккерман,,418-467,418,467,2359832,6–131,126,sur,,
42,VII,or.,Akkerman,Аккерман,,468-553,468,553,2359832,6–131,126,sur,,
43,,colonia,Avdarma,Авдарма,,1-3,1,3,2359832,132–136,5,exacte,,
43,,colonia,Beşchioz,Бешкиоз,,4-6,4,6,,,,,,
43,,colonia,Baurci,Баурчи,,7-9,7,9,2359832,144–149,6,exacte,,
43,,colonia,Beşalma,Бешалма,,10-13,10,13,2359832,150–156,7,exacte,,
43,,colonia,Başcalia,Башкалия,,14-16,14,16,2359832,157–162,6,exacte,,
43,,colonia,Valea Perjei,Валя-Пержей,,17-19,17,19,,,,,,
43,,colonia,Dezghingea,Дезгинжа,,20-25,20,25,,,,,,
43,,colonia,Joltai,Жолтай,,26-28,26,28,2359832,178–183,6,exacte,,
43,,colonia,Cazaclia (Cazaiaclia),Казаклия (Казаяклия),,29-36,29,36,,,,,,
43,,colonia,Congaz,Конгаз,,37-41,37,41,2359832,196–203,8,exacte,,
43,,colonia,Chiriet Lunga,Кириет-Лунга,,42-44,42,44,,,,,,
43,,colonia,Chirsova,Кирсова,,45-48,45,48,,,,,,
43,,colonia,Comrat,Комрат,,49-51,49,51,2359832,217–222,6,exacte,,
43,,colonia,Tomai,Томай,,52-54,52,54,2359832,223–228,6,exacte,,
43,,colonia,Ferapontievca,Ферапонтьевка,,55-57,55,57,2359832,229–234,6,exacte,,
43,,colonia,Ceadîr Lunga,Чадыр-Лунга,,58-60,58,60,,,,,,
44,,colonia,Brînza,Брынза,,1-3,1,3,,,,,,
44,,colonia,Barta,Барта,,4-9,4,9,2359832,251–259,9,exacte,,
44,,colonia,Bulboaca,Булбоака,,10-13,10,13,2359832,260–265,6,exacte,,
44,,colonia,Vulcăneşti (Volcăneşti ),Волканешты,,14-25,14,25,2359832,266–281,16,exacte,,
44,,colonia,Giurgiuleşti,Джурджулешть,,26-29,26,29,,,,,,
44,,colonia,Etulia,Этулия,,30-35,30,35,,,,,,
44,,colonia,Împuţita,Импуцита,,36-39,36,39,,,,,,
44,,colonia,Câşliţa (Chişliţa),Кышлица (Кишлица),,40-42,40,42,,,,,,
44,,colonia,Colibaşi,Колибашь,,43-45,43,45,2359832,311–316,6,exacte,,
44,,colonia,Caragaci,Карагач,,46-48,46,48,2359832,317–322,6,exacte,,
44,,colonia,Curci,Курчь,,49-54,49,54,2359832,323–330,8,exacte,,
44,,colonia,Slobozia,Слобозия,,55-57,55,57,2359832,331–336,6,exacte,,
44,,,Satul Mare (Satunova),Сатул Маре (Сатунова),,8-63,8,63,,,,,,
44,,colonia,Frecăţei,Фрецэцей,,64-69,64,69,,,,,,
44,,colonia,Hagi Abdul,Гаджи-Абдул,,70-81,70,81,,,,,,
44,,colonia,Cişmichioi,Кишмикиой,,82-85,82,85,,,,,,
45,I,colonia,Comrat,Комрат,,1-121,1,121,2359832,381–744,364,sur,686,https://www.familysearch.org/ark:/61903/3:1:3QS7-893Y-5W7L?i=685&cc=1985804&wc=M6C1-S3D%3A264175701%2C264722601%2C264987201
45,II,colonia,Comrat,Комрат,,122-189,122,189,2359832,381–744,364,sur,,
45,III,colonia,Chirsova,Кирсова,,190-271,190,271,,,,,,
45,IV,colonia,Chiriet Lunga,Кириет-Лунга,,272-316,272,316,,,,,,
45,IV,colonia,Congaz,Конгаз,,318-367,318,367,,,,,,
45,V,colonia,Cazaclia (Cazaiaclia),Казаклия (Казаяклия),,368-437,368,437,,,,,,
45,V,colonia,Chiriutnea,Кириутня,,438-474,438,474,,,,,,
45,VI,colonia,Tvardiţa,Твардица,,477-535,477,535,,,,,,
45,VI,colonia,Tomai,Томай,,536-580,536,580,,,,,,
45,VII,colonia,Ferapontievca,Ферапонтьевка,,582-608,582,608,,,,,,
45,VII,colonia,Cioc-Maidan,Чок-Майдан,,610-640,610,640,,,,,,
45,VIII,colonia,Ciadîr-Lunga,Чадыр-Лунга,,642-701,642,701,,,,,,
46,I,colonia,Banova,Банова,,2-43,2,43,,,,,,
46,I,colonia,Burgugi,Бургуй,,44-70,44,70,,,,,,
46,I,colonia,Hasan Batîr,Хасан-Батыр,,71-112,71,112,,,,,,
46,II,colonia,Glavan,Главан,,113-127,113,127,,,,,,
46,II,colonia,Goliţa,Голица,,128-141,128,141,,,,,,
46,II,colonia,Devlet Agaci,Девлет-Агач,,142-178,142,178,,,,,697,https://www.familysearch.org/ark:/61903/3:1:3QS7-L93Y-B4K7?i=696&cc=1985804&wc=M6C1-SZ9%3A264175701%2C264722601%2C264993801
46,II,colonia,Diulmeni,Дюльмень,,179-219,179,219,,,,,,
46,III,colonia,Dimitrieva,Дмитриева,,221-270,221,270,,,,,24,https://www.familysearch.org/ark:/61903/3:1:3QS7-893Y-5QR2?i=23&cc=1985804&wc=M6C1-SZ9%3A264175701%2C264722601%2C264993801
46,III,colonia,Delgiler,Дельгилер,,271-297,271,297,,,,,,
46,IV,colonia,Enichioi,Еникиой,,298-384,298,384,,,,,147,https://www.familysearch.org/ark:/61903/3:1:3QSQ-G93Y-5ZNK?i=146&cc=1985804&wc=M6C1-SZ9%3A264175701%2C264722601%2C264993801
46,V,colonia,Zadunaevca,Задунаевка,,385-424,385,424,,,,,,
46,V,colonia,Ivanova,Иванова,,425-456,425,456,,,,,,
47,I,colonia,Ivanova,Иванова,,1-2,1,2,,,,,,
47,I,colonia,Iserlia,Изерлия,,3-29,3,29,,,,,,
47,I,colonia,Cod Chitai,Код-Китай,,31-77,31,77,,,,,,
47,I,colonia,Pocrovca Nouă,Покровка Ноуэ,,78-88,78,88,,,,,,
47,I,colonia,Cuporani,Купорань,,89-113,89,113,,,,,,
47,II,colonia,Camcic,Камчик,,114-140,114,140,,,,,,
47,II,colonia,Caragaciul Nou,Новый Карагач,,141-154,141,154,,,,,,
47,II,colonia,Culevca,Кулевка,,156-192,156,192,,,,,,
47,II,colonia,Pandaclia,Пандаклия,,193-233,193,233,,,,,,
47,III,colonia,Satalîc Hagi,Саталык Хаджи,,243-277,243,277,,,,,,
47,III,colonia,Selioglo,Селиогло,,278-336,278,336,,,,,,
47,IV,colonia,Selioglo,Селиогло,,335-336,335,336,,,,,,
47,IV,colonia,Traianul Nou,Траянул Ноу,,337-385,337,385,,,,,,
47,IV,colonia,Tropoclo,Трополо,,386-393,386,393,,,,,,
47,IV,colonia,Fîntîna Zînelor,Фынтына Зынелор,,394-435,394,435,,,,,,
47,V,colonia,Ciumlechioi,Чумлекиой,,436-480,436,480,,,,,,
47,V,colonia,Şichirlichitai,Шикирличитай,,481-575,481,575,,,,,,
48,I,s.,Larga,Ларга,,1-11,1,11,2360600,288–306,19,exacte,,
48,I,s.,Leca,Лека,,12-27,12,27,2360600,307–327,21,exacte,,
48,I,s.,Lărguţa,Ларгуца,,28-56,28,56,2360600,328–376,49,exacte,,
48,I,s.,Manta,Манта,,57-83,57,83,2360600,377–423,47,exacte,,
48,I,s.,Mingir,Мингир,,84-98,84,98,,,,,,
48,I,s.,Mocreşti (Măcreşti),Мокрешть (Мэкрешть),,99-107,99,107,2360600 · 2360600,450–464 · 465–471,22,probable,,
48,I,s.,Mocreştii Vechi (Măcreştii Vechi),Мокрештий-Векь (Мэкрештий-Векь),,108-111,108,111,2360600 · 2360600,450–464 · 465–471,22,probable,,
48,II,s.,Musaitu,Мусайту,,112-113,112,113,2360600,472–475,4,exacte,,
48,II,s.,Orac,Орак,,114-139,114,139,2360600,476–521,46,exacte,,
48,II,s.,Pelinei Moldoveni,Пелиней Молдовень,,140-159,140,159,2360600 · 2360600,522–560 · 561–571,50,probable,,
48,II,s.,Pelinei Bulgari,Пелиней Булгарь,,160-165,160,165,2360600 · 2360600,522–560 · 561–571,50,probable,,
48,II,s.,Pleşeni,Плешены,,166-179,166,179,2360600,572–597,26,exacte,,
48,II,s.,Porumbeşti,Порумбешты,,180-201,180,201,2360600,598–636,39,exacte,,
49,,s.,Cociulia (Cocealia),Кочулия (Кочалия),,1-7,1,7,,,,,,
49,,s.,Cania,Кания,,8-21,8,21,,,,,,
49,,or.,Leova,Леово,,23-37,23,37,2360600,672–697,26,exacte,,
49,,s.,Larga,Ларга,,38-40,38,40,2360600,698–701,4,exacte,,
49,,s.,Lărguţa,Ларгуца,,41-44,41,44,2360600,702–706,5,exacte,,
49,,s.,Leca,Лека,,45-50,45,50,2360600,707–714,8,exacte,,
49,,s.,Mocreştii Vechi (Măcreştii Vechi ),Мокрештий Вехь,,51-55,51,55,2360600 · 2360600,715–721 · 722–725,11,deduit,,
49,,s.,Mocreşti (Măcreşti),Мокрешть (Мэкрешть),,56-58,56,58,2360600 · 2360600,715–721 · 722–725,11,deduit,,
49,,s.,Manta,Манта,,59-61,59,61,2360600,726–729,4,exacte,,
49,,s.,Orac,Орак,,62-65,62,65,2360600,730–735,6,exacte,,
49,,s.,Porumbeşti,Порумбешты,,66-69,66,69,2360600,736–743,8,exacte,,
49,,s.,Pelinei Moldoveni,Пелиней Молдовень,,70-72,70,72,2360600,744–747,4,exacte,,
49,,s.,Sărata Răzeşti,Сэрата Рэзешь,,73-78,73,78,,,,,,
49,,s.,Sărăţica,Сэрэцика,,79-80,79,80,,,,,,
49,,s.,Tigheci,Тигечи,,81-85,81,85,,,,,,
49,,s.,Tatar Baurci,Татар Баурчи,,86-88,86,88,2360600,771–774,4,exacte,,
49,,s.,Frumoasa (Formoza),Фрумоаса (Формоза),,89-111,89,111,2360600,775–806,32,exacte,,
49,,colonia,Ceadîr-Lunga,Чадыр-Лунга,,112-113,112,113,,,,,,
49,,s.,Ciobalaccia,Чобалакчия,,114-116,114,116,,,,,,
49,,s.,Ceadîr,Чадыр,,117-120,117,120,,,,,,
49,,s.,Cenac,Чинак,,121-124,121,124,,,,,,
49,,s.,Şamalia,Шамалия,,125-129,125,129,,,,,,
50,,colonia,Bolgrad,Болград,,1-6,1,6,2360600,838–849,12,exacte,,
50,,colonia,Tatar-Copceac,Татар-Копчак,,7-8,7,8,2360600,850–853,4,exacte,,
50,,colonia,Tabac,Табак,,9-10,9,10,2360600,854–857,4,exacte,,
50,,colonia,Babele,Бабеле,,11-14,11,14,2360600,858–865,8,exacte,,
50,,colonia,Vulcăneşti (Volcaneşti),Волканешты,,15-18,15,18,,,,,,
50,,colonia,Anadol (Anadolca),Анадол (Анадолка),,19-20,19,20,2360600,874–877,4,exacte,,
50,,colonia,Etulia,Этулия,,21-22,21,22,,,,,,
50,,colonia,Slobozia,Слобозия,,23-24,23,24,2360600,882–885,4,exacte,,
50,,colonia,Dezghingea,Дезгинжа,,25-26,25,26,,,,,,
50,,colonia,Comrat,Комрат,,27-32,27,32,2360600,890–901,12,exacte,,
50,,colonia,Congaz,Конгаз,,33-34,33,34,2360600,902–905,4,exacte,,
50,,colonia,Chirsova,Кирсова,,35-38,35,38,,,,,,
50,,colonia,Troianul Vechi,Троянул Векь,,39-40,39,40,,,,,,
50,,colonia,Enichioi,Еникиой,,41-42,41,42,,,,,,
51,,s.,Javgur,Жавгур,,1-29,1,29,2360600,925–978,54,exacte,,
51,,s.,Ciucur-Mingir,Чучур-Мингир,,30-55,30,55,,,,,,
51,,s.,Cenac,Чинак,,56-92,56,92,,,,,,
52,I,colonia,Cairaclia,Каиракли́я,,1-26,1,26,2360601,43–116,74,exacte,,
52,I,colonia,Troianul Nou,Троянул Ноу,,27-67,27,67,,,,,,
52,I,colonia,Tabac,Табак,,68-119,68,119,2360601,195–282,88,exacte,,
52,II,colonia,Taraclia,Тараклия,,121-202,121,202,2360601,283–441,159,exacte,243,https://www.familysearch.org/ark:/61903/3:1:3QS7-993Y-ZHG9?i=242&cc=1985804&wc=M6C1-3WL%3A264175701%2C264722601%2C265005901
52,III,colonia,Tatar-Copceac,Татар-Копчак,,203-252,203,252,2360601,442–543,102,exacte,402,https://www.familysearch.org/ark:/61903/3:1:3QS7-993Y-ZHW5?i=401&cc=1985804&wc=M6C1-3WL%3A264175701%2C264722601%2C265005901
52,III,colonia,Taşbunar,Ташбунар,,253-318,253,318,2360601,544–669,126,exacte,504,https://www.familysearch.org/ark:/61903/3:1:3QS7-993Y-Z8S5?i=503&cc=1985804&wc=M6C1-3WL%3A264175701%2C264722601%2C265005901
52,IV,colonia,Ciişia,Чиишия,,319-361,319,361,,,,,623,https://www.familysearch.org/ark:/61903/3:1:3QS7-L93Y-Z8SV?i=622&cc=1985804&wc=M6C1-3WL%3A264175701%2C264722601%2C265005901
52,V,colonia,Cişmeaua-Văruită,Кишмяуа-Вэруитэ,,362-421,362,421,,,,,,
52,V,colonia,Erdec-Burno,Ердек-Бурну,,422-462,422,462,2360601,872–954,83,exacte,,
53,I,colonia,Bolgrad,Болград,,1-146,1,146,2360602,6–447,442,sur,,
53,II,colonia,Bolgrad,Болград,,147-291,147,291,2360602,6–447,442,sur,,
53,III,colonia,Babele,Бабеле,,293-340,293,340,2360602,448–538,91,exacte,,
53,III,colonia,Vaisal,Вайсал,,345-374,345,374,2360602,539–587,49,exacte,,
53,III,colonia,Dermendere,Дермендере,,375-397,375,397,2360602,588–631,44,exacte,,
53,IV,colonia,Duluchioi,Дулукиой,,398-447,398,447,,,,,,
53,IV,colonia,Caracurt,Каракурт,,448-493,448,493,2360602,722–836,115,sur,,
53,V,colonia,Caracurt,Каракурт,,494-514,494,514,2360602,722–836,115,sur,,
53,V,colonia,Cubei,Кубей,,515-572,515,572,2360602,837–939,103,exacte,,
54,I,colonia,Anadol (Anadolca),Анадол (Анадолка),,2-58,2,58,2360602,940–1038,99,exacte,4,https://www.familysearch.org/ark:/61903/3:1:3QS7-893Y-Z83S?i=3&cc=1985804&wc=M6C1-QTL%3A264175701%2C264722601%2C265015601
54,I,colonia,Bulboaca,Булбоака,,60-125,60,125,2360603,6–65,60,exacte,,
54,II,colonia,Barta,Барта,,126-177,126,177,2360603,66–164,99,exacte,,
54,II,colonia,Brînza,Брынза,,178-202,178,202,,,,,,
54,II,colonia,Văleni,Вэлень,,203-237,203,237,2360603,213–280,68,exacte,378,https://www.familysearch.org/ark:/61903/3:1:3QS7-993Y-Z8YS?i=377&cc=1985804&wc=M6C1-QTL%3A264175701%2C264722601%2C265015601
54,II,colonia,Vulcăneşti (Volcaneşti),Волканешты,,239-363,239,363,2360603,281–507,227,exacte,446,https://www.familysearch.org/ark:/61903/3:1:3QS7-993Y-Z86L?i=445&cc=1985804&wc=M6C1-QTL%3A264175701%2C264722601%2C265015601
54,IV,colonia,Giurgiuleşti,Джурджулешть,,364-411,364,411,,,,,,
54,IV,colonia,Etulia,Этулия,,412-453,412,453,,,,,,
54,V,colonia,Împuţita,Импуцита,,454-493,454,493,,,,,826,https://www.familysearch.org/ark:/61903/3:1:3QS7-L93Y-Z6P5?i=825&cc=1985804&wc=M6C1-QTL%3A264175701%2C264722601%2C265015601
54,V,colonia,Curchi,Курки,,494-553,494,553,2360603,730–838,109,exacte,901,https://www.familysearch.org/ark:/61903/3:1:3QSQ-G93Y-Z6WR?i=900&cc=1985804&wc=M6C1-QTL%3A264175701%2C264722601%2C265015601
55,I,s.,Andruşu,Андрушу,Leova,1-4,1,4,,,,,,
55,I,s.,Albota,Альбота,Leova,6-17,6,17,2360603,845–872,28,exacte,,
55,I,s.,Borogani,Бороганы,Leova,18-52,18,52,2360603,873–939,67,exacte,,
55,I,s.,Burlăceni,Бурлэчень,Leova,53-56,53,56,2360603,940–947,8,exacte,,
55,I,s.,Baurci-Moldoveni,Баурчи-Молдовень,Leova,57-73,57,73,2360603,948–975,28,exacte,,
55,I,s.,Huluboaia (Goluboe),Голубое,Leova,74-76,74,76,,,,,,
55,I,s.,Paicu,Пайку,Leova,77-78,77,78,,,,,,
55,I,s.,Badicul,Бадикул,Leova,79-86,79,86,2360603,984–996,13,exacte,,
55,I,s.,Borceag (Borceac),Борчаг (Борчак),Leova,87-104,87,104,,,,,,
55,I,s.,Baimaclia Mare,Баймаклия Маре,Leova,105-118,105,118,2360603,1033–1055,23,sur,,
55,I,s.,Baimaclia Mică,Баймаклия Мика,Leova,119-123,119,123,2360603,1033–1055,23,sur,,
55,I,s.,Broscoşeşti,Броскошешты,Leova,124-127,124,127,,,,,,
55,,moşia,Bobolici,Боболица,,128-130,128,130,,,,,,
55,II,s.,Vadul lui Isac,Вадул луй Исак,Leova,131-156,131,156,,,,,,
55,II,s.,Vetruşoi,Ветрушой,Leova,157-165,157,165,,,,,,
55,,moşia,Vîltoţi,Вылцоц,,166-168,166,168,,,,,,
55,,,Solibozia Chiştelniţa (Slobozia Onilov),Слобозия Кыштельница (Слобозия Онилов),,169-170,169,170,,,,,,
55,II,s.,Tochile,Точиле,Leova,171-173,171,173,,,,,,
55,II,s.,Hănăsenii Noi (Ganasenii Noi),Ганасений-Ной,Leova,174-186,174,186,,,,,,
55,,s.,Hănăsenii Vechi (Ganasenii Vechi),Ганасений Векь,,186a-220,186,220,,,,,,
55,II,s.,Greceni,Гречень,Leova,221-225,221,225,,,,,,
55,II,s.,Goteşti,Готешть,Leova,226-243,226,243,,,,,,
55,II,s.,Hagichioi,Гаджикиой,Leova,244-245,244,245,,,,,,
55,III,s.,Enichioi,Еникиой,Leova,246-275,246,275,,,,,,
55,III,s.,Zîrneşti,Зырнешты,Leova,276-291,276,291,,,,,,
55,III,s.,Cania,Кания,Leova,292-312,292,312,,,,,,
55,III,s.,Chîrpeşti,Кырпешты,Leova,313-325,313,325,,,,,,
55,III,s.,Chircani,Кырканы,Leova,326-362,326,362,,,,,,
55,III,s.,Chioselia Mare,Киоселия Маре,Leova,363-369,363,369,,,,,,
55,III,s.,Cazaclia,Казаклия,Leova,370-372,370,372,,,,,,
55,III,s.,Coştangalia Mare,Коштангалия Маре,Leova,374-384,374,384,,,,,,
55,III,s.,Chioselia Mică,Киоселия Микэ,Leova,385-388,385,388,,,,,,
55,III,s.,Cîietu,Кыету,Leova,389-397,389,397,,,,,,
55,III,,Cugurlui (Cuhurlui),Кугурлуй (Кухурлуй),Leova,0-425,0,425,,,,,,
55,,cătunul,Constantinovca,Константиновка,,398-399,398,399,,,,,,
55,III,s.,Cupcui,Купкуй,Leova,426-447,426,447,,,,,,
55,V,s.,Cazangic,Казангик,Leova,448-493,448,493,,,,,,
55,V,s.,Caracui,Каракуй,Leova,494-550,494,550,,,,,910,https://www.familysearch.org/ark:/61903/3:1:3QSQ-G93Y-ZPT8?i=909&cc=1985804&wc=M6C1-7WL%3A264175701%2C264722601%2C265021001
55,V,s.,Capaclia,Капаклия,Leova,552-568,552,568,,,,,,
55,V,s.,Cociulia (Cacialia),Кочулия (Качалия),Leova,569-593,569,593,,,,,,
56,I,colonia,Caragaci,Карагач,,1-64,1,64,,,,,,
56,I,colonia,Cartal,Картал,,65-118,65,118,,,,,,
56,II,colonia,Colibaşi,Колибашь,,119-163,119,163,,,,,,
56,II,colonia,Chîşliţa (Chisliţa),Кышлица,,164-187,164,187,,,,,,
56,II,colonia,Satul Nou (Satunova),Сатул Ноу (Сатунова),,188-252,188,252,,,,,,
56,III,colonia,Slobozia,Слобозия,,253-319,253,319,,,,,,
56,III,colonia,Frecăţei,Фрецэцей,,320-381,320,381,,,,,,
56,IV,colonia,Haji-Abdul,Хаджи-Абдул,,382-448,382,448,,,,,,
56,IV,colonia,Chişmechioi,Кишмекиой,,449-529,449,529,,,,,,
57,I,colonia,Bolgrad,Болград,,6-11,6,11,,,,,,
57,I,colonia,Comrat,Комрат,,12-18,12,18,,,,,,
57,I,colonia,Ciişia,Чиишия,,19-23,19,23,,,,,,
57,I,colonia,Cod-Chitai,Код-Китай,,24-27,24,27,,,,,,
57,I,colonia,Ceadîr-Lunga,Чадыр-Лунга,,28-33,28,33,,,,,,
57,I,colonia,Vulcăneşti (Volcaneşti),Волканешты,,34-36,34,36,,,,,,
57,I,colonia,Cazaclia,Казаклия,,37-41,37,41,,,,,,
57,I,colonia,Slobozia,Слобозия,,42-45,42,45,,,,,,
57,I,colonia,Taşbunar,Ташбунар,,46-50,46,50,,,,,,
57,I,colonia,Duluchioi,Дулукиой,,51-53,51,53,,,,,,
57,I,colonia,Erdec-Burno,Ердек-Бурну,,54-56,54,56,,,,,,
57,I,colonia,Şichirlichitai,Шикирличитай,,57-59,57,59,,,,,,
57,I,colonia,Enichioi,Еникиой,,60-62,60,62,,,,,,
57,I,colonia,Cubei,Кубей,,63-65,63,65,,,,,,
57,I,colonia,Împuţita,Импуцита,,66-68,66,68,,,,,,
57,I,colonia,Caracurt,Каракурт,,69-71,69,71,,,,,,
57,I,colonia,Cişmeaua-Văruită,Кишмяуа-Вэруитэ,,72-74,72,74,,,,,,
57,I,colonia,Babele,Бабеле,,75-77,75,77,,,,,,
57,I,colonia,Tabac,Табак,,78-81,78,81,,,,,,
57,II,colonia,Curci,Курчь,,82-84,82,84,,,,,,
57,II,colonia,Bulboaca,Булбоака,,85-87,85,87,,,,,,
57,II,colonia,Barta,Барта,,88-90,88,90,,,,,,
57,II,,Satul Nou (Satunova),Сатул Ноу (Сатунова),,1-93,1,93,,,,,,
57,II,colonia,Cartal,Картал,,94-96,94,96,,,,,,
57,II,colonia,Caragaci,Карагач,,97-99,97,99,,,,,,
57,II,colonia,Etulia,Этулия,,100-102,100,102,,,,,,
57,II,colonia,Hagi-Abdul,Гаджи-Абдул,,103-106,103,106,,,,,,
57,II,colonia,Colibaşi,Колибашь,,107-110,107,110,,,,,,
57,II,colonia,Brînza,Брынза,,111-113,111,113,,,,,,
57,II,colonia,Văleni,Вэлень,,114-116,114,116,,,,,,
57,II,,Anadol (Anadolca),Анадол (Анадолка),,17-119,17,119,,,,,,
57,II,colonia,Frecăţei,Фрецэцей,,120-122,120,122,,,,,,
57,II,colonia,Chişmichioi,Кишмикиой,,123-125,123,125,,,,,,
57,II,colonia,Dezghingea,Дезгинжа,,126-128,126,128,,,,,,
57,II,colonia,Beşalma,Бешалма,,129-131,129,131,,,,,,
57,II,colonia,Tomai,Томай,,132-138,132,138,,,,,,
57,II,colonia,Avdarma,Авдарма,,136-138,136,138,,,,,,
57,II,colonia,Gaidar,Гайдар,,139-142,139,142,,,,,,
57,II,colonia,Valea-Perjei,Валя-Пержей,,143-145,143,145,,,,,,
57,II,colonia,Baurci,Баурчи,,146-147,146,147,,,,,,
57,II,colonia,Congaz,Конгаз,,148-151,148,151,,,,,,
57,II,colonia,Taraclia,Тараклия,,152-155,152,155,,,,,,
57,II,colonia,Tatar-Copceac,Татар-Копчак,,156-159,156,159,,,,,,
57,II,colonia,Ivanovca,Ивановка,,160-162,160,162,,,,,,
57,II,colonia,Dimitrievca,Дмитриевка,,163-165,163,165,,,,,,
57,II,colonia,Banovca (Banova),Баново,,166-168,166,168,,,,,,
57,II,colonia,Cioc-Maidan,Чок-Майдан,,169-171,169,171,,,,,,
57,II,colonia,Giurgiuleşti,Джурджулешть,,172-174,172,174,,,,,,
58,,tîrgul,Hînceşti,Хынчешты,,1-3,1,3,,,,,,
58,,s.,Fundul Galbenei,Фундул Галбеней,,4-5,4,5,,,,,,
58,,or.,Chişinău,Кишинёв,,6-32,6,32,,,,,,
58,,s.,Cinişeuţi,Чинишеуць,,33-44,33,44,,,,,,
58,,s.,Suslenii de jos,Суслений де жос,,45-47,45,47,,,,,,
58,,s.,Holercani,Холеркань,,48-51,48,51,,,,,,
58,,s.,Berezlogi,Березлоги,,52-55,52,55,,,,,,
58,,s.,Molovata,Моловата,,56-59,56,59,,,,,,
58,,s.,Marcăuţi,Маркауцы,,60-62,60,62,,,,,,
58,,s.,Trebujeni,Требужены,,63-65,63,65,,,,,,
58,,s.,Butuceni,Бутучень,,66-68,66,68,,,,,,
58,,s.,Oxentea,Оксентя,,69-72,69,72,,,,,,
58,,s.,Chiperceni,Кипирчены,,73-75,73,75,,,,,,
58,,s.,Maşcăuţi,Машкауцы,,76-79,76,79,,,,,,
58,,s.,Ciocîlteni,Чокылтень,,80-83,80,83,,,,,,
58,,s.,Tîrzieni,Тырзиень,,84-86,84,86,,,,,,
58,,s.,Dîşcova,Дышкова,,87-89,87,89,,,,,,
58,,s.,Brăviceni,Брэвичены,,90-93,90,93,,,,,,
58,,s.,Morozeni,Морозень,,94-96,94,96,,,,,,
58,,s.,Sărăteni,Сэрэтень,,97-100,97,100,,,,,,
58,,s.,Stanca (Bezina),Станка (Безина),,101-103,101,103,,,,,,
58,,s.,Ţînţăreni,Цынцэрень,,104-106,104,106,,,,,,
58,,s.,Zăhăicani,Захайкани,,107-109,107,109,,,,,,
58,,s.,Indărăpnici,Индэрэпничи,,110-112,110,112,,,,,,
58,,s.,Camenca,Каменка,,113-115,113,115,,,,,,
58,,s.,Clişova,Клишова,,116-118,116,118,,,,,,
58,,s.,Jora de Mijloc,Жора-де-Мижлок,,119-121,119,121,,,,,,
58,,s.,Jora de Jos,Жора-де-Жос,,122-124,122,124,,,,,,
58,,s.,Jora de Sus,Жора-де-Сус,,125-127,125,127,,,,,,
58,,s.,Vîşcăuţi,Выщэуць,,128-130,128,130,,,,,,
58,,s.,Lopatna,Лопатна,,131-133,131,133,,,,,,
58,,s.,Bulăieşti,Булэешты,,134-136,134,136,,,,,,
58,,s.,Bucuişca,Букуишка,,137-139,137,139,,,,,,
58,,s.,Lalova,Лалова,,140-142,140,142,,,,,,
58,,s.,Horodişte,Городище,,143-145,143,145,,,,,,
58,,s.,Izvoare,Извоаре,,146-148,146,148,,,,,,
58,,s.,Stodolna,Стодольна,,149-151,149,151,,,,,,
58,,s.,Saharna,Сахарна,,152-154,152,154,,,,,,
58,,s.,Echimăuţi,Екимоуцы,,155-157,155,157,,,,,,
58,,s.,Jevreni,Жеврены,,158-160,158,160,,,,,,
58,,s.,Răculeşti,Рэкулешти,,161-163,161,163,,,,,,
58,,s.,Slobozia Duşca,Слобозия Душка,,164-166,164,166,,,,,,
58,,s.,Ustia,Устия,,167-169,167,169,,,,,,
59,,or.,Chişinău,Кишинёв,,1-39,1,39,,,,,,
59,,s.,Nisporenii de Sus,Ниспоренй-де-Сус,,41-43,41,43,,,,,,
59,,s.,Nisporenii de Jos,Ниспоренй-де-Жос,,44-46,44,46,,,,,,
59,,s.,Ciuciuleni,Чучулень,,47-50,47,50,,,,,,
59,,s.,Grozeşti,Грозешть,,51-53,51,53,,,,,,
59,,s.,Bălăureşti,Бэлэурешть,,54-56,54,56,,,,,,
59,,s.,Zberoaia,Зберойя,,57-59,57,59,,,,,,
59,,s.,Şişcani,Шишканы,,60-62,60,62,,,,,,
59,,s.,Hlopeşti (Nemţeni),Хлопешть (Немцень),,63-65,63,65,,,,,,
59,,s.,Boghiceni,Богичень,,66-68,66,68,,,,,,
59,,s.,Bujor,Бужор,,69-71,69,71,,,,,,
59,,s.,Marinici,Маринич,,72-74,72,74,,,,,,
59,,s.,Cotul Morii,Котул Морий,,75-77,75,77,,,,,,
59,,s.,Vărzăreşti,Вэрзэрешты,,78-80,78,80,,,,,,
59,,s.,Valea Trăisteni,Валя-Трэйстени,,81-83,81,83,,,,,,
59,,s.,Costuleni,Костулены,,84-86,84,86,,,,,,
59,,s.,Brătuleni,Брэтулены,,87-89,87,89,,,,,,
59,,s.,Mileşti,Милешть,,90-92,90,92,,,,,,
59,,s.,Găureni,Гэурень,,93-95,93,95,,,,,,
59,,s.,Bărboieni,Бэрбоень,,96-98,96,98,,,,,,
59,,s.,Măcăreşti,Мэкэрешть,,100-102,100,102,,,,,,
59,,s.,Bălăneşti,Бэлэнешть,,103-105,103,105,,,,,,
59,,s.,Ciuteşti,Чутешты,,106-108,106,108,,,,,,
59,,s.,Selişte,Селиште,,109-111,109,111,,,,,,
59,,s.,Isăicani,Исэйкань,,112-114,112,114,,,,,,
59,,s.,Boldureşti,Болдурешть,,115-117,115,117,,,,,,
59,,s.,Pereni,Перень,,118-120,118,120,,,,,,
59,,s.,Dahnovici,Дахновичи,,121-123,121,123,,,,,,
60,I,s.,Cornova,Корнова,,3-22,3,22,,,,,,
60,I,s.,Crăsnăşeni,Крэснэшены,,23-25,23,25,,,,,,
60,I,s.,Căpriana,Кэприана,,26-28,26,28,,,,,,
60,I,s.,Coropceni (Suhuluceni),Коропчень (Сухулучень),,29-38,29,38,,,,,,
60,I,s.,Cruglic,Круглик,,39-43,39,43,,,,,,
60,I,s.,Chiperceni,Кипирчены,,44-64,44,64,,,,,,
60,I,s.,Camenca,Каменка,,65-66,65,66,,,,,,
60,I,s.,Cruzeşti,Крузешты,,67-73,67,73,,,,,,
60,I,s.,Chiştelniţa,Киштельница,,74-90,74,90,,,,,,
60,I,s.,Cotul Morii,Котул Морий,,91-92,91,92,,,,,,
60,I,s.,Cucuruzeni,Кукурузены,,93-94,93,94,,,,,,
60,I,s.,Cricova,Крикова,,95-96,95,96,,,,,,
60,I,s.,Leuşeni,Леушены,,97-102,97,102,,,,,,
60,I,s.,Lozova,Лозова,,103-106,103,106,,,,,,
60,I,s.,Lipceni,Липчень,,107-115,107,115,,,,,,
60,II,s.,Lalova,Лалова,,116-117,116,117,,,,,,
60,II,s.,Măcăreşti,Мэкэрешть,,118-123,118,123,,,,,,
60,II,s.,Munceşti,Мунчешть,,124-125,124,125,,,,,,
60,II,s.,Morozeni,Морозень,,126-131,126,131,,,,,,
60,II,s.,Mileşti,Милешть,,132-146,132,146,,,,,,
60,II,s.,Meleşeni,Мелешень,,147-160,147,160,,,,,,
60,II,s.,Marinici,Маринич,,161-164,161,164,,,,,,
60,II,s.,Micăuţi,Микэуць,,165-166,165,166,,,,,,
60,II,s.,Mateuţi,Матеуцы,,167-171,167,171,,,,,,
60,II,s.,Micleşti,Миклешть,,172-175,172,175,,,,,,
60,II,s.,Molovata,Моловата,,176-177,176,177,,,,,,
60,II,s.,Malcoci,Малкоч,,178-180,178,180,,,,,,
60,II,s.,Mihuleni,Михулени,,181-184,181,184,,,,,,
60,II,s.,Malotohatin,Малотохатин,,185-187,185,187,,,,,,
60,II,s.,Mănoileşti,Мэноилешть,,188-191,188,191,,,,,,
60,II,s.,Micleuşeni,Миклеушень,,192-195,192,195,,,,,,
60,II,s.,Maşcăuţi,Машкауцы,,196-201,196,201,,,,,,
60,II,s.,Mîrzeşti,Мырзешть,,202-208,202,208,,,,,,
60,II,s.,Mereni,Мерень,,209-224,209,224,,,,,,
61,,s.,Horodişte,Городище,Orhei,2-5,2,5,,,,,,
61,,s.,Slobozia Duşca (Căliceni),Слобозия Душка (Кэличень),Orhei,6-7,6,7,,,,,,
61,,,Slobozia Duşca (Căliceni) Dobruşa,Слобозия Душка (Кэличень) Добруша,Orhei,8,8,8,,,,,,
61,,mănăstirea,Dobruşa,Добруша,,8-8v,8,8,,,,,,
61,,s.,Echimăuţi,Екимоуцы,Orhei,9-10,9,10,,,,,,
61,,s.,Steţcani,Стецкань,Orhei,11-12,11,12,,,,,,
61,,s.,Mărcăuţi,Мэркэуць,Hotin,13-17,13,17,,,,,,
61,,s.,Păscăuţi,Пэскэуць,Hotin,18-19,18,19,,,,,,
61,,s.,Hădărăuţi,Хэдэрэуць,Hotin,20-21,20,21,,,,,,
61,,s.,Mereni,Мерень,Hotin,22-23,22,23,,,,,,
62,,s.,Breanova,Бряново,,1-3,1,3,,,,,,
62,,s.,Vorniceni,Ворничены,,4-7,4,7,,,,,,
62,,s.,Goleşti,Голешть,,8-11,8,11,,,,,,
62,,s.,Gojineşti,Гожинешть,,12-14,12,14,,,,,,
62,,s.,Sipoteni,Шипотены,,15-18,15,18,,,,,,
62,,s.,Stolniceni,Стольничень,,19-21,19,21,,,,,,
62,,s.,Tătăreşti,Тэтэрешты,,22-25,22,25,,,,,,
63,,s.,Boşcana,Бошкана,,1-3,1,3,,,,,,
63,,s.,Brăneşti,Брэнешты,,4-6,4,6,,,,,,
63,,s.,Hîrtopul Mic,Хыртопул-Мик,,7-9,7,9,,,,,,
63,,s.,Jeloboc,Желобок,,10-12,10,12,,,,,,
63,,s.,Izbişte,Избиште,,13-15,13,15,,,,,,
63,,s.,Cruglic,Круглик,,16-18,16,18,,,,,,
63,,s.,Rîşcova,Рышкова,,19-21,19,21,,,,,,
63,,s.,Furceni,Фурчень,,22-24,22,24,,,,,,
64,,s.,Alcedar,Алчедар,,1-3,1,3,,,,,,
64,,s.,Bieşti,Биешты,,4-6,4,6,,,,,,
64,,s.,Voroteţ,Воротец,,7-9,7,9,,,,,,
64,,s.,Ghiduleni,Гидулень,,10-12,10,12,,,,,,
64,,s.,Gordineşti,Гординешть,,13-15,13,15,,,,,,
64,,s.,Ignăţei,Игнэцей,,16-18,16,18,,,,,,
64,,s.,Chipeşca,Кипешка,,19-21,19,21,,,,,,
64,,s.,Chiştelniţa,Киштельница,,22-24,22,24,,,,,,
64,,s.,Curleni,Курлень,,25-27,25,27,,,,,,
64,,s.,Meşeni,Мешень,,28-30,28,30,,,,,,
64,,s.,Mihuleni,Михулени,,31-33,31,33,,,,,,
64,,s.,Minceni,Минчень,,34-36,34,36,,,,,,
64,,s.,Olişcani,Ольшканы,,37-39,37,39,,,,,,
64,,s.,Pecişte,Пещера,,40-42,40,42,,,,,,
64,,s.,Pereni,Перень,,43-45,43,45,,,,,,
64,,s.,Pohrebeni,Погребены,,46-48,46,48,,,,,,
64,,s.,Păpăuţi,Пэпэуць,,49-51,49,51,,,,,,
64,,s.,Răspopeni,Распопены,,52-54,52,54,,,,,,
64,,s.,Sămăşcani,Сэмэшкань,,55-60,55,60,,,,,,
64,,s.,Sîrcova,Сыркова,,61-63,61,63,,,,,,
64,,s.,Sirota,Сирота,,64-66,64,66,,,,,,
64,,s.,Scorţeni,Скорцены,,67-69,67,69,,,,,,
64,,s.,Slobozia Hodorogea,Слобозия Ходорогя,,70-72,70,72,,,,,,
64,,s.,Trifeşti,Трифешты,,73-75,73,75,,,,,,
64,,s.,Fuzăuca,Фузэука,,76-78,76,78,,,,,,
64,,s.,Ţareuca,Царёвка,,79-81,79,81,,,,,,
64,,s.,Cihoreni,Чихорень,,82-84,82,84,,,,,,
64,,s.,Ţahnăuţi,Цахнэуци,,85-87,85,87,,,,,,
64,,s.,Şercani,Шеркани,,88-90,88,90,,,,,,
65,,s.,Oniţcani,Оницканы,,1-11,1,11,,,,,,
66,,s.,Holercani,Холеркань,,1-11,1,11,,,,,,
67,,or.,Akkerman,Аккерман,,1-32,1,32,,,,,,
68,I,s.,Oxentea,Оксентя,,1-2,1,2,,,,,,
68,I,s.,Alcedar,Алчедар,,3-8,3,8,,,,,,
68,I,s.,Bogzeşti,Богзешть,,9-20,9,20,,,,,,
68,I,s.,Bălceana,Бэлчана,,21-22,21,22,,,,,,
68,I,s.,Boldureşti,Болдурешть,,23-24,23,24,,,,,,
68,I,s.,Bravicea,Бравича,,25-26,25,26,,,,,,
68,I,s.,Băcioi,Бэчой,,27-36,27,36,,,,,,
68,I,s.,Buţeni,Буцень,,37-43,37,43,,,,,,
68,I,s.,Buciuşca,Бучушка,,44-45,44,45,,,,,,
68,I,s.,Bardar,Бардар,,46-47,46,47,,,,,,
68,I,s.,Budăi,Будэй,,48-59,48,59,,,,,,
68,I,s.,Bieşti,Биешты,,60-69,60,69,,,,,,
68,I,s.,Brăviceni,Брэвичены,,70-73,70,73,,,,,,
68,I,s.,Bravicea,Бравича,,74-97,74,97,,,,,,
68,I,s.,Berezlogi,Березлоги,,98-105,98,105,,,,,,
68,I,s.,Brăila,Брэила,,106-108,106,108,,,,,,
68,II,s.,Bălăureşti,Бэлэурешть,,109-112,109,112,,,,,,
68,II,s.,Breanova,Бряново,,113-116,113,116,,,,,,
68,II,s.,Brăneşti,Брэнешты,,117-118,117,118,,,,,,
68,II,s.,Butuceni,Бутучень,,119-122,119,122,,,,,,
68,,s.,Boghiceni,Богичень,,123-127a,123,127,,,,,,
68,II,s.,Bărboieni,Бэрбоень,,128-129,128,129,,,,,,
68,II,s.,Budeşti,Будешты,,130-132,130,132,,,,,,
68,II,s.,Bălăneşti,Бэлэнешть,,133-145,133,145,,,,,,
68,II,s.,Bălăşeşti,Бэлэшешть,,146-154,146,154,,,,,,
68,II,s.,Vîprova,Выпрова,,155-183,155,183,,,,,,
68,II,s.,Vorniceni,Ворничены,,184-189,184,189,,,,,,
68,II,s.,Visterniceni,Вистерничены,,190-191,190,191,,,,,,
68,II,s.,Vadul lui Vodă,Вадул луй Водэ,,192-195,192,195,,,,,,
68,II,s.,Văsieni,Вэсиень,,196-201,196,201,,,,,,
68,II,s.,Vărzăreşti,Вэрзэрешты,,202-214,202,214,,,,,,
68,II,s.,Văsieni,Вэсиень,,215-218,215,218,,,,,,
68,II,s.,Vînători,Вынэторы,,219-220,219,220,,,,,,
68,II,s.,Vatici,Ватичь,,221-222,221,222,,,,,,
68,II,s.,Vîşcăuţi,Выщэуць,,223-226,223,226,,,,,,
68,II,s.,Voroteţ,Воротец,,227-230,227,230,,,,,,
68,III,s.,Volcineţ,Волчинец,,231-236,231,236,,,,,,
68,III,s.,Slobozia Hodorogea,Слобозия Ходорогя,,237-238,237,238,,,,,,
68,III,s.,Glingeni,Глинджень,,239-240,239,240,,,,,,
68,III,tîrgul,Hînceşti,Хынчешты,,241-244,241,244,,,,,,
68,III,s.,Hogineşti,Хоргинешты,,245-273,245,273,,,,,,
68,III,s.,Ghetlova,Гетлова,,274-291,274,291,,,,,,
68,III,s.,Drăsliceni,Дрэсличены,,292-301,292,301,,,,,,
68,III,s.,Zubreşti,Зубрешты,,302-309,302,309,,,,,,
68,III,s.,Ghermăneşti,Гермэнешть,,310-318,310,318,,,,,,
68,III,s.,Hîrtopul Mare,Хыртопул-Маре,,319-334,319,334,,,,,,
68,III,s.,Ghidighici (Hidighici),Гидигич (Хидигич),,335-348,335,348,,,,,,
68,III,s.,Horodişte,Городище,,349-361,349,361,,,,,,
68,IV,s.,Găureni,Гэурень,,362-364,362,364,,,,,,
68,IV,s.,Gordineşti,Гординешть,,365-368,365,368,,,,,,
68,IV,s.,Goreşti,Горешть,,369-372,369,372,,,,,,
68,IV,s.,Găleşti,Гэлешть,,373-382,373,382,,,,,,
68,IV,s.,Hiirova,Хиирова,,383-384,383,384,,,,,,
68,IV,s.,Gîrla,Гырла,,385-391,385,391,,,,,,
68,IV,s.,Dereneu,Дэренеу,,392-419,392,419,,,,,,
68,IV,s.,Durleşti,Дурлешты,,420-445,420,445,,,,,,
68,IV,s.,Dolna,Дольна,,446-452,446,452,,,,,,
68,IV,s.,Dănceni,Дэнчень,,453-459,453,459,,,,,,
68,IV,s.,Dulejeni,Дулежены,,460-461,460,461,,,,,,
68,IV,s.,Dişcova,Дишкова,,462-465,462,465,,,,,,
68,IV,s.,Drăguşenii Vechi,Драгушений Векь,,466-468,466,468,,,,,,
68,IV,s.,Echimăuţi,Екимоуцы,,469-470,469,470,,,,,,
68,IV,s.,Jevreni,Жеврены,,471-473,471,473,,,,,,
69,,s.,Cinişeuţi,Чинишеуць,,1-32,1,32,,,,,,
69,,s.,Cişmea,Кишмя,,33-38,33,38,,,,,,
69,,s.,Cihoreni,Чихорень,,39-72,39,72,,,,,,
69,,s.,Ciocîlteni,Чокылтень,,73-92,73,92,,,,,,
69,,s.,Şoldăneşti,Шолданешты,,93-104,93,104,,,,,,
69,,s.,Şercani,Шеркани,,105-112,105,112,,,,,,
69,,s.,Şipca,Шипка,,113-124,113,124,,,,,,
69,,s.,Ciuteşti,Чутешты,,125-132,125,132,,,,,,
69,,s.,Ciuciuleni,Чучулень,,133-140,133,140,,,,,,
69,,s.,Şendreni,Шендрены,,141-145,141,145,,,,,,
69,,s.,Şişcani,Шишканы,,146-150a,146,150,,,,,,
69,,s.,Iurceni,Юрчены,,151-162,151,162,,,,,,
69,,s.,Ialoveni,Яловень,,163-166,163,166,,,,,,
70,,s.,Vărzăreşti,Вэрзэрешты,,2-9,2,9,,,,,,
70,,s.,Indărăpnici,Индэрэпничи,,10-15,10,15,,,,,,
70,,s.,Isacova,Исакова,,16-17,16,17,,,,,,
70,,s.,Chiştelniţa,Киштельница,,18-22,18,22,,,,,,
70,,s.,Leuşeni,Леушены,,23-27,23,27,,,,,,
70,,s.,Maşcăuţi,Машкауцы,,28-29,28,29,,,,,,
70,,s.,Hirişeni,Хиришень,,30-31,30,31,,,,,,
71,I,s.,Răspopeni,Распопены,,1-3,1,3,,,,,,
71,I,s.,Răculeşti,Рэкулешти,,4-12,4,12,,,,,,
71,I,s.,Răzeni,Резены,,13-22,13,22,,,,,,
71,I,s.,Rezina,Резина,,23-24,23,24,,,,,,
71,I,s.,Stolniceni,Стольничень,,25-26,25,26,,,,,,
71,I,s.,Sadova,Садова,,27-34,27,34,,,,,,
71,I,s.,Slobozia Duşca,Слобозия Душка,,35-36,35,36,,,,,,
71,I,s.,Srăşeni,Срэшень,,38-46,38,46,,,,,,
71,I,s.,Sipoteni,Шипотены,,47-60,47,60,,,,,,
71,I,s.,Selişte,Селиште,,61-70,61,70,,,,,,
71,I,s.,Suruceni,Суручень,,71-84,71,84,,,,,,
71,I,s.,Sireţi,Сирець,,85-100,85,100,,,,,,
71,I,s.,Săseni,Сэсень,,101-114,101,114,,,,,,
71,I,s.,Slobozia-Hodorogea,Слобозия-Ходорожа,,115-123,115,123,,,,,,
71,I,s.,Sîrcova,Сыркова,,124-127,124,127,,,,,,
71,I,s.,Sămăşcanii de Sus,Сэмэшкань де Сус,,128-133,128,133,,,,,,
71,I,s.,Sirota,Сирота,,134-137,134,137,,,,,,
71,I,s.,Sărăteni,Сэрэтень,,138-141,138,141,,,,,,
71,I,s.,Steţcani,Стецкань,,142-144,142,144,,,,,,
71,I,s.,Secăreni,Секэрены,,145-146,145,146,,,,,,
71,I,s.,Susleni,Суслень,,147-154,147,154,,,,,,
71,II,s.,Sociteni,Сочитень,,155-159,155,159,,,,,,
71,II,s.,Scorţeni,Скорцены,,160-171,160,171,,,,,,
71,II,s.,Spărieţi,Спэриець,,172-175,172,175,,,,,,
71,II,s.,Teleşeu,Телешеу,,176-179,176,179,,,,,,
71,II,s.,Tătăreşti,Тэтэрешты,,180-182,180,182,,,,,,
71,II,s.,Trifeşti,Трифешты,,183-185,183,185,,,,,,
71,II,s.,Trebujeni,Требужены,,186-190,186,190,,,,,,
71,II,tîrgul,Tuzara,Тузара,,191-194,191,194,,,,,,
71,II,s.,Truşeni,Трушены,,195-202,195,202,,,,,,
71,II,s.,Tengeleşti (Tălăieşti),Тенгелешты (Тэлэешты),,203-204,203,204,,,,,,
71,II,s.,Ulmu,Улму,,205-212,205,212,,,,,,
71,II,s.,Ustia,Устия,,213-214,213,214,,,,,,
71,II,s.,Fundul Galbenei,Фундул Галбеней,,215-219,215,219,,,,,,
71,II,s.,Frăsineşti,Фрэсинешть,,220-226,220,226,,,,,,
71,II,s.,Furceni,Фурчень,,227-229,227,229,,,,,,
71,II,s.,Hogineşti,Хоргинешты,,230-231,230,231,,,,,,
71,II,s.,Holercani,Холеркань,,232-235,232,235,,,,,,
71,II,s.,Hîrtopul Mic,Хыртопул-Мик,,236-238,236,238,,,,,,
71,II,s.,Hirova,Хирова,,239-244,239,244,,,,,,
71,II,s.,Hulboaca,Хулбоака,,245-256,245,256,,,,,,
71,II,s.,Hirişeni,Хиришень,,257-263,257,263,,,,,,
71,II,s.,Ţareuca,Царёвка,,264-269,264,269,,,,,,
71,II,s.,Ţînţăreni,Цынцэрень,,270-275,270,275,,,,,,
71,II,s.,Ţîpala,Цыпала,,276-281,276,281,,,,,,
71,II,s.,Ţibirica,Цибирика,,282-284,282,284,,,,,,
71,II,s.,Ciorna,Чорна,,285-286,285,286,,,,,,
71,II,s.,Ciopleni,Чоплень,,287-288,287,288,,,,,,
71,II,s.,Cioreşti,Чорешть,,289-290,289,290,,,,,,
71,II,s.,Ciocîlteni,Чокылтень,,291-308,291,308,,,,,,
72,I,or.,Chişinău,Кишинёв,,1-62,1,62,,,,,,
72,,s.,Bălăşeşti,Бэлэшешть,,63-63a,63,63,,,,,,
72,I,s.,Băcşeni,Бэкшень,,64-65,64,65,,,,,,
72,I,s.,Bilieşti,Билиешты,,66-71,66,71,,,,,,
72,I,s.,Boghiceni,Богичень,,72-74,72,74,,,,,,
72,I,s.,Boldureşti,Болдурешть,,75-77,75,77,,,,,,
72,I,s.,Brătuleni,Брэтулены,,78-83,78,83,,,,,,
72,I,s.,Bujor,Бужор,,84-89,84,89,,,,,,
72,I,s.,Budeşti,Будешты,,90-95,90,95,,,,,,
72,I,s.,Buţeni,Буцень,,91-102,91,102,,,,,,
72,I,s.,Valea Traisteni,Валя-Трэйстени,,103-104,103,104,,,,,,
72,I,s.,Visterniceni,Вистерничены,,105-108,105,108,,,,,,
72,I,s.,Voroteţ,Воротец,,109-115,109,115,,,,,,
72,I,s.,Vîşcăuţi,Выщэуць,,116-117,116,117,,,,,,
72,I,s.,Hansca,Ханска,,118-125,118,125,,,,,,
72,I,s.,Ghetlova,Гетлова,,126-129,126,129,,,,,,
72,I,s.,Hîrtopul Mare,Хыртопул-Маре,,130-131,130,131,,,,,,
72,,s.,Găleşti,Гэлешть,,132-133a,132,133,,,,,,
72,I,s.,Bulboaca,Булбоака,,134-135,134,135,,,,,,
72,I,s.,Horodişte,Городище,,136-159,136,159,,,,,,
72,II,s.,Grebleşti,Греблешть,,130-163,130,163,,,,,,
72,II,s.,Hruşova,Хрушова,,164-165,164,165,,,,,,
72,II,s.,Dîşcova,Дышкова,,166-169,166,169,,,,,,
72,II,s.,Drambaşani,Драмбашаны,,170-171,170,171,,,,,,
72,II,s.,Dulegeni,Дулежены,,172-173,172,173,,,,,,
72,II,s.,Zăhăicani,Захайкани,,174-175,174,175,,,,,,
72,II,s.,Zamciogi,Замчоги,,176-177,176,177,,,,,,
72,II,s.,Zberoaia,Зберойя,,178-179,178,179,,,,,,
72,II,s.,Novaci,Новаки,,180-183,180,183,,,,,,
72,II,s.,Echimăuţi,Екимоуцы,,184-187,184,187,,,,,,
72,II,s.,Işnovăţ,Ишноваць,,188-195,188,195,,,,,,
72,II,s.,Pietrosu,Пьетросу,,196-197,196,197,,,,,,
72,II,s.,Chetrosu,Кетросу,,198-199,198,199,,,,,,
72,II,s.,Căpriana,Кэприана,,200-213,200,213,,,,,,
72,II,s.,Cucuruzeni,Кукурузены,,214-231,214,231,,,,,,
72,II,s.,Coşerniţa,Кошерница,,232-233,232,233,,,,,,
72,II,s.,Cuizăuca,Куйзэука,,234-237,234,237,,,,,,
72,II,,Morozeni,Морозень,,38-239,38,239,,,,,,
72,,mănăstirea,Curchi lîngă satul Morozeni,Курки,,238-239,238,239,,,,,,
72,II,s.,Curluceni,Курлучень,,240-243,240,243,,,,,,
72,II,s.,Crăsnăşeni,Крэснэшены,,244-251,244,251,,,,,,
72,II,s.,Logăneşti,Логэнешть,,252-255,252,255,,,,,,
72,II,s.,Lăpuşniţa,Лапушница,,256-261,256,261,,,,,,
72,II,s.,Marcăuţi,Маркауцы,,262-264,262,264,,,,,,
72,II,s.,Maşcăuţi,Машкауцы,,265-266,265,266,,,,,,
72,II,s.,Micăuţi,Микэуць,,267-269,267,269,,,,,,
72,II,s.,Mileşti,Милешть,,270-273,270,273,,,,,,
72,II,s.,Meşeni,Мешень,,274-275,274,275,,,,,,
72,II,s.,Morozeni,Морозень,,276-279,276,279,,,,,,
72,II,s.,Munceşti,Мунчешть,,280-284,280,284,,,,,,
72,II,s.,Negreşti,Негрешть,,285-287,285,287,,,,,,
72,II,,Nileşti (Mileşti),Милешты,,88-289,88,289,,,,,,
72,II,s.,Păuleşti,Пэулешть,,290-292,290,292,,,,,,
72,II,s.,Pojăreni,Пожарены,,293-301,293,301,,,,,,
72,II,s.,Puţintei,Пуцинтей,,302-303,302,303,,,,,,
72,III,s.,Rădeni,Рэдень,,304-305,304,305,,,,,,
72,III,s.,Roşcani,Рошкани,,306-307,306,307,,,,,,
72,III,s.,Selişte,Селиште,,308-311,308,311,,,,,,
72,III,s.,Sîngera,Сынджера,,312-313,312,313,,,,,,
72,III,s.,Săseni,Сэсень,,314-315,314,315,,,,,,
72,III,s.,Sipoteni,Шипотены,,316-331,316,331,,,,,,
72,III,s.,Slobozia Dobruşa,Слобозия Добруша,,332-333,332,333,,,,,,
72,III,s.,Slobozia Călimăneşti,Слобозия Кэлимэнешть,,334-335,334,335,,,,,,
72,III,,Slobozia Căliceni,Слобозия Кэличень,,6-337,6,337,,,,,,
72,III,s.,Stînca (Bezina),Стынка (Безина),,338-339,338,339,,,,,,
72,III,s.,Străşeni,Стрэшень,,340-348,340,348,,,,,,
72,III,s.,Suruceni,Суручень,,349-355,349,355,,,,,,
72,III,s.,Suslenii de Jos şi de Sus,Суслений де Жос ши де Сус,,356-361,356,361,,,,,,
72,III,s.,Sîngera,Сынджера,,362-365,362,365,,,,,,
72,III,s.,Tătăreşti,Тэтэрешты,,367-371,367,371,,,,,,
72,III,s.,Temeleuţi,Темелеуць,,372-373,372,373,,,,,,
72,III,tîrgul,Tuzara,Тузара,,374-376,374,376,,,,,,
72,III,s.,Frăsineşti,Фрэсинешть,,377-380,377,380,,,,,,
72,III,s.,Fundul Galbenii,Фундул Галбений,,381-382,381,382,,,,,,
72,III,s.,Furceni,Фурчень,,383-385,383,385,,,,,,
72,III,s.,Ghidighici (Hidighici),Гидигич (Хидигич),,386-388,386,388,,,,,,
72,III,s.,Holercani,Холеркань,,389-390,389,390,,,,,,
72,III,s.,Ţîgăneşti,Цыганешты,,391-399,391,399,,,,,,
72,III,s.,Cinişeuţi,Чинишеуць,,400-404,400,404,,,,,,
72,III,s.,Şişcani,Шишканы,,405-415,405,415,,,,,,
72,III,s.,Şoldăneşti,Шолданешты,,416-419,416,419,,,,,,
73,I,s.,Buda,Буда,,1-8,1,8,,,,,,
73,I,s.,Băcioi,Бэчой,,9-64,9,64,,,,,,
73,I,s.,Bălceana,Бэлчана,,65-90,65,90,,,,,,
73,I,s.,Bozieni,Бозиень,,91-94,91,94,,,,,,
73,I,s.,Budăi,Будэй,,95-101,95,101,,,,,,
73,I,s.,Bardar,Бардар,,102-117,102,117,,,,,,
73,II,s.,Boghiceni,Богичень,,118-144,118,144,,,,,,
73,II,s.,Buţeni,Буцень,,145-183,145,183,,,,,,
73,II,s.,Bilieşti,Билиешты,,184-195,184,195,,,,,,
73,II,s.,Bujor,Бужор,,196-235,196,235,,,,,,
73,III,s.,Bălăureşti,Бэлэурешть,,236-250,236,250,,,,,,
73,III,s.,Bărboieni,Бэрбоень,,251-258,251,258,,,,,,
73,III,s.,Budeşti,Будешты,,259-286,259,286,,,,,,
73,III,s.,Bubuieşti (Bubuieci),Бубуешты (Бубуечи),,287-305,287,305,,,,,,
73,III,s.,Bălăbăneşti,Бэлэбэнешть,,306-313,306,313,,,,,,
73,III,s.,Băcşeni,Бэкшень,,314-318,314,318,,,,,,
73,III,s.,Brăila,Брэила,,319-324,319,324,,,,,,
73,III,s.,Bălăneşti,Бэлэнешть,,325-346,325,346,,,,,,
73,III,s.,Bolţun,Бэлцун,,347-360,347,360,,,,,,
73,IV,s.,Brătuleni,Брэтулены,,361-372,361,372,,,,,,
73,IV,s.,Boldureşti,Болдурешть,,373-402,373,402,,,,,,
73,IV,s.,Vorniceni,Ворничены,,403-426,403,426,,,,,,
73,IV,s.,Visterniceni,Вистерничены,,427-456,427,456,,,,,,
73,IV,s.,Vălcineţ,Вэлчинец,,457-500,457,500,,,,,,
73,V,s.,Vinini,Винини,,501-505,501,505,,,,,,
73,V,s.,Vadul lui Vodă,Вадул луй Водэ,,506-515,506,515,,,,,,
73,V,s.,Văsieni,Вэсиень,,516-534,516,534,,,,,,
73,V,s.,Vînători,Вынэторы,,535-549,535,549,,,,,,
73,V,s.,Vărzăreşti,Вэрзэрешты,,550-610,550,610,,,,,,
73,V,s.,Valea Trăisteni,Валя-Трэйстени,,611-622,611,622,,,,,,
73,V,tîrgul,Hînceşti,Хынчешты,,623-640,623,640,,,,,,
73,VI,tîrgul,Hînceşti,Хынчешты,,641-688,641,688,,,,,,
73,VI,s.,Horodişte,Городище,,689-712,689,712,,,,,,
73,VI,s.,Horeşti,Хорешты,,713-740,713,740,,,,,,
73,VI,s.,Găureni,Гэурень,,741-755,741,755,,,,,,
73,VI,s.,Gîrla,Гырла,,756-778,756,778,,,,,,
73,VI,s.,Grozeşti,Грозешть,,779-798,779,798,,,,,,
73,VI,s.,Bulboaca,Булбоака,,799-804,799,804,,,,,,
73,VI,s.,Goian,Гоян,,805-814,805,814,,,,,,
73,VI,,Slobozia Horodca,Слобозия Городка,,5-820,5,820,,,,,,
73,VI,s.,Horodca,Городка,,819-820,819,820,,,,,,
74,,s.,Visterniceni,Вистерничены,,1-2,1,2,,,,,,
74,,s.,Lozova,Лозова,,3-4,3,4,,,,,,
74,,s.,Micleuşeni,Миклеушень,,5-7b,5,7,,,,,,
74,,s.,Sireţ,Сирец,,7-8,7,8,,,,,,
74,,s.,Ciuciuleni,Чучулень,,9-10,9,10,,,,,,
74,,s.,Cioreşti,Чорешть,,11-18,11,18,,,,,,
75,I,s.,Buda,Буда,,1-9,1,9,,,,,,
75,I,s.,Băcioi,Бэчой,,10-64,10,64,,,,,,
75,I,s.,Bălceana,Бэлчана,,65-91,65,91,,,,,,
75,I,s.,Bozieni,Бозиень,,92-95,92,95,,,,,,
75,,s.,Budăi,Будэй,,96-101a,96,101,,,,,,
75,I,s.,Bardar,Бардар,,102-115,102,115,,,,,,
75,I,s.,Boghiceni,Богичень,,116-141,116,141,,,,,,
75,II,s.,Buţeni,Буцень,,142-180,142,180,,,,,335,https://www.familysearch.org/ark:/61903/3:1:3QSQ-G93Y-ZQSS?i=334&cc=1985804&wc=M6C1-D29%3A264175701%2C264722601%2C265050601
75,II,s.,Bilieşti,Билиешты,,181-192,181,192,,,,,,
75,II,s.,Bujor,Бужор,,193-232,193,232,,,,,,
75,II,s.,Bălăureşti,Бэлэурешть,,233-247,233,247,,,,,,
75,II,s.,Bărboieni,Бэрбоень,,248-255,248,255,,,,,,
75,II,s.,Budeşti,Будешты,,256-284,256,284,,,,,,
75,III,s.,Bubuieşti (Bubuieci),Бубуешты (Бубуечи),,285-303,285,303,,,,,,
75,III,s.,Bălăbăneşti,Бэлэбэнешть,,304-311,304,311,,,,,,
75,III,s.,Băcşeni,Бэкшень,,312-316,312,316,,,,,,
75,III,s.,Brăila,Брэила,,317-322,317,322,,,,,,
75,III,s.,Bălăneşti,Бэлэнешть,,323-344,323,344,,,,,,
75,III,s.,Bolţun,Бэлцун,,345-359,345,359,,,,,,
75,III,s.,Brătuleni,Брэтулены,,360-371,360,371,,,,,,
75,III,s.,Boldureşti,Болдурешть,,372-401,372,401,,,,,,
76,I,s.,Mana,Мана,,1-3,1,3,,,,,,
76,I,s.,Şapova,Шапова,,4-8,4,8,,,,,,
76,I,s.,Bogzeşti,Богзешть,,9-11,9,11,,,,,,
76,I,s.,Crăsnăşeni,Крэснэшены,,12-14,12,14,,,,,,
76,I,s.,Ghermăneşti,Гермэнешть,,15-17,15,17,,,,,,
76,I,s.,Coropceni,Коропчень,,18-20,18,20,,,,,,
76,I,s.,Leuşeni,Леушены,,21-23,21,23,,,,,,
76,I,s.,Văsieni,Вэсиень,,24-26,24,26,,,,,,
76,I,s.,Budăi,Будэй,,27-29,27,29,,,,,,
76,I,s.,Suhuluceni,Сухулучень,,30-32,30,32,,,,,,
76,I,s.,Vîprova,Выпрова,,33-35,33,35,,,,,,
76,I,s.,Ghetlova,Гетлова,,36-38,36,38,,,,,,
76,I,s.,Hulboaca,Хулбоака,,39-41,39,41,,,,,,
76,I,s.,Puţintei,Пуцинтей,,42-44,42,44,,,,,,
76,I,s.,Săseni,Сэсень,,45-47,45,47,,,,,,
76,I,s.,Meleşeni,Мелешень,,48-50,48,50,,,,,,
76,I,s.,Bravicea,Бравича,,51-54,51,54,,,,,,
76,I,s.,Slobozia Hojineşti,Слобозия Хожинешть,,55-57,55,57,,,,,,
76,I,s.,Ţibirica,Цибирика,,58-61,58,61,,,,,,
76,I,s.,Hirişeni,Хиришень,,62-64,62,64,,,,,,
76,I,s.,Hirova,Хирова,,65-69,65,69,,,,,,
76,I,s.,Dereneu,Дэренеу,,70-72,70,72,,,,,,
76,I,s.,Rădeni,Рэдень,,73-76,73,76,,,,,,
76,I,s.,Onişcani,Онишканы,,77-80,77,80,,,,,,
76,I,s.,Năpădeni,Напэдены,,81-84,81,84,,,,,,
76,I,s.,Cornova,Корнова,,85-87,85,87,,,,,,
76,I,s.,Nişcani,Нишканы,,88-91,88,91,,,,,,
76,I,s.,Călăraşi,Кэлэраши,,92-94,92,94,,,,,,
76,I,s.,Slobozia Tuzara,Слобозия-Тузара,,95-97,95,97,,,,,,
76,I,tîrgul,Tuzara,Тузара,,98-101,98,101,,,,,,
76,I,s.,Păuleşti,Пэулешть,,102-105,102,105,,,,,,
76,I,s.,Temeleuţi,Темелеуць,,106-108,106,108,,,,,,
76,I,s.,Dolna,Дольна,,109-111,109,111,,,,,,
76,I,s.,Micleuşeni,Миклеушень,,112-115,112,115,,,,,,
76,II,s.,Lozova,Лозова,,116-119,116,119,,,,,,
76,II,s.,Sadova,Садова,,120-122,120,122,,,,,,
76,II,s.,Buda,Буда,,123-125,123,125,,,,,,
76,II,s.,Cioreşti,Чорешть,,126-129,126,129,,,,,,
76,II,s.,Hordişte,Хордиште,,130-133,130,133,,,,,,
76,II,s.,Pîrjolteni,Пыржолтень,,134-136,134,136,,,,,,
76,II,s.,Vălcineţ,Вэлчинец,,137-141,137,141,,,,,,
76,II,s.,Negreşti,Негрешть,,142-144,142,144,,,,,,
76,II,s.,Vărzăreşti,Вэрзэрешты,,145-151,145,151,,,,,,
76,II,s.,Sireţ,Сирец,,152-155,152,155,,,,,,
76,II,s.,Roşcani,Рошкани,,156-158,156,158,,,,,,
76,II,s.,Visterniceni,Вистерничены,,159-162,159,162,,,,,,
76,II,s.,Hidighişi (Ghidighici),Хидигишь (Гидигичь),,163-166,163,166,,,,,,
76,II,s.,Străşeni,Стрэшень,,167-171,167,171,,,,,,
76,II,s.,Scoreni,Скорены,,172-175,172,175,,,,,,
76,II,s.,Malcoci,Малкоч,,176-178,176,178,,,,,,
76,II,s.,Durleşti,Дурлешты,,179-183,179,183,,,,,,
76,II,s.,Petricani,Петриканы,,184-186,184,186,,,,,,
76,II,s.,Căpriana,Кэприана,,187-189,187,189,,,,,,
76,II,s.,Truşeni,Трушены,,190-192,190,192,,,,,,
76,II,s.,Cotul Morii,Котул Морий,,193-195,193,195,,,,,,
76,II,s.,Răciula,Рэчула,,196-198,196,198,,,,,,
76,II,s.,Tabăra,Табэра,,199-201,199,201,,,,,,
76,II,s.,Hirova,Хирова,,202-204,202,204,,,,,,
76,II,,Tîrgul Orhei,Тыргул Орхей,,208-216,208,216,,,,,,
76,,tîrgul,Orhei,Орхей,,208-216,208,216,,,,,,
76,II,s.,Slobozia Doamnei,Слобозия Доамней,,217-219,217,219,,,,,,
76,II,s.,Selişte,Селиште,,220-223,220,223,,,,,,
76,II,s.,Peresecina,Пересечина,,224-227,224,227,,,,,,
76,II,s.,Zamciogi,Замчоги,,228-230,228,230,,,,,,
77,,s.,Cimişeni,Чимишень,,1-3,1,3,,,,,,
77,,s.,Vadul lui Vodă,Вадул луй Водэ,,4-6,4,6,,,,,,
77,,s.,Malotohatin,Малотохатин,,7-9,7,9,,,,,,
77,,s.,Mereni,Мерень,,10-13,10,13,,,,,,
77,,s.,Bubuieci,Бубуечи,,14-16,14,16,,,,,,
77,,s.,Pocşeşti,Покшешты,,17-19,17,19,,,,,,
77,,s.,Zubreşti,Зубрешты,,20-23,20,23,,,,,,
77,,s.,Voinova,Войнова,,24-26,24,26,,,,,,
77,,s.,Ţîgăneşti,Цыганешты,,27-29,27,29,,,,,,
77,,s.,Micăuţi,Микэуць,,30-32,30,32,,,,,,
77,,s.,Oneşti,Онешты,,33-35,33,35,,,,,,
77,,s.,Cobîlea,Кобыля,,36-38,36,38,,,,,,
77,,s.,Bilieşti,Билиешты,,39-41,39,41,,,,,,
77,,s.,Grebleşti,Греблешть,,42-44,42,44,,,,,,
77,,s.,Recea,Речя,,45-48,45,48,,,,,,
77,,s.,Rădeni,Рэдень,,49-51,49,51,,,,,,
77,,s.,Buiucani,Буюканы,,52-55,52,55,,,,,,
77,,or.,Chişinău,Кишинёв,,56-59,56,59,,,,,,
77,,s.,Mileşti,Милешть,Orhei,60-62,60,62,,,,,,
77,,s.,Ialoveni,Яловень,Orhei,63-66,63,66,,,,,,
77,,s.,Teleşeu,Телешеу,Orhei,67-69,67,69,,,,,,
77,,s.,Sociteni,Сочитень,Orhei,70-72,70,72,,,,,,
77,,s.,Mimoreni (Nimoreni),Нимоурень,Orhei,73-75,73,75,,,,,,
77,,s.,Ţîpala,Цыпала,Orhei,76-78,76,78,,,,,,
77,II,s.,Negreşti,Негрешть,Orhei,79-81,79,81,,,,,,
77,II,s.,Sîngera,Сынджера,Orhei,82-85,82,85,,,,,,
77,II,s.,Dănceni,Дэнчень,Orhei,86-89,86,89,,,,,,
77,II,s.,Mănoileşti,Мэноилешть,Orhei,90-92,90,92,,,,,,
77,II,s.,Răzeni,Резены,Orhei,93-95,93,95,,,,,,
77,II,s.,Băcioi,Бэчой,Orhei,96-99,96,99,,,,,,
77,II,s.,Suruceni,Суручень,Orhei,100-103,100,103,,,,,,
77,II,s.,Budăi,Будэй,Orhei,104-106,104,106,,,,,,
77,II,s.,Costeşti,Костешть,Orhei,107-110,107,110,,,,,,
77,II,s.,Cigîrleni,Чигырлень,Orhei,111-113,111,113,,,,,,
77,II,s.,Ulmu,Улму,Orhei,114-117,114,117,,,,,,
77,II,s.,Hansca,Ханска,Orhei,118-120,118,120,,,,,,
77,II,s.,Gîrla,Гырла,Orhei,121-123,121,123,,,,,,
77,II,s.,Pojăreni,Пожарены,Orhei,124-126,124,126,,,,,,
77,II,s.,Văsieni,Вэсиень,Orhei,127-130,127,130,,,,,,
77,II,s.,Ruseştii Vechi,Русештий Векь,Orhei,131-133,131,133,,,,,,
77,II,s.,Ruseştii Noi,Русештий Ной,Orhei,134-136,134,136,,,,,,
77,II,s.,Bardar,Бардар,Orhei,137-139,137,139,,,,,,
77,II,s.,Zîmbreni,Зымбрены,Orhei,140-142,140,142,,,,,,
77,II,s.,Horeşti,Хорешты,Orhei,143-145,143,145,,,,,,
77,II,or.,Chişinău,Кишинёв,Orhei,146-150,146,150,,,,,,
77,II,tîrgul,Orhei,Орхей,Orhei,151-154,151,154,,,,,,
77,II,tîrgul,Hînceşti,Хынчешты,Orhei,155-156,155,156,,,,,,
78,I,s.,Temeleuţi,Темелеуць,,1-8,1,8,,,,,,
78,I,s.,Truşeni,Трушены,,9-35,9,35,,,,,,
78,I,s.,Topor,Топор,,37-44,37,44,,,,,,
78,I,s.,Tengeleşti (Tălăieşti),Тенгелешты (Тэлэешты),,45-58,45,58,,,,,,
78,I,s.,Ulmu,Улму,,59-88,59,88,,,,,,
78,I,s.,Fîrlădeni,Фырлэдень,,89-96,89,96,,,,,,
78,I,s.,Frumuşica (Frumoasa),Фрумушица,,97-102,97,102,,,,,,
78,I,s.,Frăsineşti,Фрэсинешть,,103-108,103,108,,,,,,
78,II,s.,Fundul Galbenei,Фундул Галбеней,,109-132,109,132,,,,,,
78,II,s.,Hansca,Ханска,,133-146,133,146,,,,,,
78,II,s.,Ţîpala,Цыпала,,147-160,147,160,,,,,,
78,II,s.,Cioreşti,Чорешть,,161-181,161,181,,,,,,
78,II,s.,Cigîrleni,Чигырлень,,182-208,182,208,,,,,,
78,II,s.,Ciuciuleni,Чучулень,,210-263,210,263,,,,,,
78,III,s.,Ciopleni,Чоплень,,264-267,264,267,,,,,,
78,III,s.,Ciuteşti,Чутешты,,268-280,268,280,,,,,,
78,III,s.,Şişcani,Шишканы,,282-305,282,305,,,,,,
78,III,s.,Şendreni,Шендрены,,306-317,306,317,,,,,,
78,III,s.,Iurceni,Юрчены,,318-339,318,339,,,,,,
78,III,s.,Ialoveni,Яловень,,340-382,340,382,,,,,610,https://www.familysearch.org/ark:/61903/3:1:3QS7-L93Y-ZSSN?i=609&cc=1985804&wc=M6C1-X38%3A264175701%2C264722601%2C265055001
78,,s.,Iurceni,Юрчены,,383-392,383,392,,,,,,
79,,s.,Ciuciuleni,Чучулень,,1-4,1,4,,,,,,
79,,s.,Ciopleni,Чоплень,,5-8,5,8,,,,,,
79,,s.,Ciuteşti,Чутешты,,9-21,9,21,,,,,,
79,,s.,Şişcani,Шишканы,,22-25,22,25,,,,,,
80,,s.,Steţcani,Стецкань,,1-3,1,3,,,,,,
80,,s.,Paşcani,Пашканы,,4-6,4,6,,,,,,
80,,s.,Logăneşti,Логэнешть,,7-9,7,9,,,,,,
80,,s.,Cricova,Крикова,,10-12,10,12,,,,,,
80,,s.,Işnovăţ,Ишноваць,,13-15,13,15,,,,,,
80,,s.,Micleşti,Миклешть,,16-18,16,18,,,,,,
81,I,s.,Ignăţei,Игнэцей,,1-18,1,18,,,,,,
81,I,s.,Işnovăţ,Ишноваць,,19-38,19,38,,,,,,
81,I,s.,Echimăuţi,Екимоуцы,,39-68,39,68,,,,,,
81,I,s.,Isacova,Исакова,,69-112,69,112,,,,,123,https://www.familysearch.org/ark:/61903/3:1:3QS7-993Y-ZQJW?i=122&cc=1985804&wc=M6C1-6TG%3A264175701%2C264722601%2C265058101
81,I,s.,Ivancea,Иванча,,113-128,113,128,,,,,,
81,I,s.,Izbişte,Избиште,,129-155,129,155,,,,,,
81,I,s.,Izvoare,Извоаре,,156-168,156,168,,,,,,
81,I,,Îndărăpnici,Индерепничи,,69-181,69,181,,,,,123,https://www.familysearch.org/ark:/61903/3:1:3QS7-993Y-ZQJW?i=122&cc=1985804&wc=M6C1-6TG%3A264175701%2C264722601%2C265058101
81,II,s.,Chipeşca,Кипешка,,182-197,182,197,,,,,,
81,II,,Criuleni,Криулены,,98-234,98,234,,,,,,
81,II,s.,Cogîlniceni,Когильничены,,235-244,235,244,,,,,,
81,II,s.,Cuizăuca,Куйзэука,,245-260,245,260,,,,,,
81,II,s.,Curleni,Курлень,,261-280,261,280,,,,,,
81,II,,Cucuruzeni,Кукурузены,,81-288,81,288,,,,,144,https://www.familysearch.org/ark:/61903/3:1:3QS7-L93Y-ZQ6N?i=143&cc=1985804&wc=M6C1-6TG%3A264175701%2C264722601%2C265058101
81,II,s.,Călăraşi,Кэлэраши,,289-324,289,324,,,,,,
81,II,s.,Ineşti,Инешты,,325-359,325,359,,,,,,
82,I,s.,Buda,Буда,Orhei,4-7,4,7,,,,,,
82,I,s.,Sobozia Bălcena,Слобозия-Бэлчана,Orhei,8-15,8,15,,,,,,
82,I,s.,Bardar,Бардар,Orhei,16-17,16,17,,,,,,
82,I,s.,Buţeni,Буцень,Orhei,18-21,18,21,,,,,,
82,I,s.,Bujor,Бужор,Orhei,22-23,22,23,,,,,,
82,I,s.,Budeşti,Будешты,Orhei,24-25,24,25,,,,,,
82,I,s.,Bolţun,Бэлцун,Orhei,26-27,26,27,,,,,,
82,I,s.,Brătuleni,Брэтулены,Orhei,28-29,28,29,,,,,,
82,I,s.,Bărboieni,Бэрбоень,Orhei,30-31,30,31,,,,,,
82,I,s.,Valea Trăisteni,Валя-Трэйстени,Chişinău,32-33,32,33,,,,,,
82,I,s.,Vorniceni,Ворничены,Chişinău,34-37,34,37,,,,,,
82,I,s.,Visterniceni,Вистерничены,Chişinău,38-43,38,43,,,,,,
82,I,s.,Vălcineţ,Вэлчинец,Chişinău,44-47,44,47,,,,,,
82,I,s.,Vînători,Вынэторы,Orhei,48-49,48,49,,,,,,
82,I,s.,Văsieni,Вэсиень,Orhei,50-51,50,51,,,,,,
82,I,tîrgul,Hînceşti,Хынчешты,Orhei,52-61,52,61,,,,,,
82,I,s.,Găuzeni,Гэузень,Orhei,62-64,62,64,,,,,,
82,I,s.,Horeşti,Хорешты,Orhei,65-66,65,66,,,,,,
82,I,s.,Cioreşti,Чорешть,Orhei,67-68,67,68,,,,,,
82,I,s.,Horodişte,Городище,Orhei,69-70,69,70,,,,,,
82,I,s.,Dolna,Дольна,Orhei,71-72,71,72,,,,,,
82,I,s.,Zîmbreni,Зымбрены,Chişinău,73-74,73,74,,,,,,
82,I,s.,Cartişa,Картиша,Chişinău,75-76,75,76,,,,,,
82,I,s.,Cojuşna,Кожушна,Chişinău,77-78,77,78,,,,,,
82,I,s.,Chicera,Кичера,Orhei,79-80,79,80,,,,,,
82,I,s.,Poşta Chişinăului (Poşta Veche),Кишинёвская Почта (Старая Почта),Orhei,81-84,81,84,,,,,,
82,I,s.,Cărpineni,Кэрпинень,Chişinău,85-86,85,86,,,,,,
82,I,s.,Călimăneşti,Кэлимэнешты,Orhei,87-88,87,88,,,,,,
82,I,s.,Căpriana,Кэприана,Chişinău,89-92,89,92,,,,,,
82,I,s.,Costeşti,Костешть,Chişinău,93-94,93,94,,,,,,
82,I,s.,Logăneşti,Логэнешть,Chişinău,95-98,95,98,,,,,,
82,I,s.,Lăpuşna,Лапушна,Orhei,99-100,99,100,,,,,,
82,I,s.,Leuşeni,Леушены,Chişinău,101-102,101,102,,,,,,
82,I,s.,Munceşti,Мунчешть,Orhei,103-104,103,104,,,,,,
82,I,s.,Malcoci,Малкоч,Orhei,105-106,105,106,,,,,,
82,I,s.,Mileşti,Милешть,Orhei,107-108,107,108,,,,,,
82,I,s.,Nisporeni,Ниспорены,Orhei,109-110,109,110,,,,,,
82,II,s.,Nimoreni,Нимореий,Orhei,111-112,111,112,,,,,,
82,II,s.,Pulbereni,Пулберены,Chişinău,113-114,113,114,,,,,,
82,II,s.,Piatra,Пятра,Orhei,115-120,115,120,,,,,,
82,II,s.,Ruseşti,Русешти,Orhei,121-124,121,124,,,,,,
82,II,s.,Ruseştii Noi,Русештий Ной,Orhei,125-126,125,126,,,,,,
82,II,s.,Răzeni,Резены,Orhei,127-128,127,128,,,,,,
82,II,s.,Roşcani,Рошкани,Chişinău,129-130,129,130,,,,,,
82,II,s.,Sireţi,Сирець,Orhei,131-134,131,134,,,,,,
82,II,s.,Selişte,Селиште,Orhei,135-173,135,173,,,,,,
82,II,s.,Scoreni,Скорены,Chişinău,174-175,174,175,,,,,,
82,II,s.,Sadova,Садова,Chişinău,176-177,176,177,,,,,,
82,II,s.,Fundul Galbenei,Фундул Галбеней,Orhei,178-183,178,183,,,,,,
82,II,s.,Hansca,Ханска,Orhei,184-185,184,185,,,,,,
82,II,s.,Ţîpala,Цыпала,Chişinău,186-187,186,187,,,,,,
82,II,s.,Cimişeni,Чимишень,Orhei,188-203,188,203,,,,,,
82,II,s.,Ciuciuleni,Чучулень,Orhei,204-205,204,205,,,,,,
82,II,s.,Ialoveni,Яловень,Chişinău,206-207,206,207,,,,,,
83,I,s.,Alcedar,Алчедар,,1-13,1,13,,,,,,
83,I,s.,Oxentea,Оксентя,,14-27,14,27,,,,,,
83,I,s.,Buşăuca,Бушэука,,28-39,28,39,,,,,,
83,I,s.,Bravicea,Бравича,,40-94,40,94,,,,,77,https://www.familysearch.org/ark:/61903/3:1:3QS7-L93Y-ZCF3?i=76&cc=1985804&wc=M6C1-6TP%3A264175701%2C264722601%2C265060801
83,I,s.,Boşerniţa,Бошерница,,95-100,95,100,,,,,,
83,I,s.,Bălăşeşti,Бэлэшешть,,101-111,101,111,,,,,,
83,I,s.,Butuceni,Бутучень,,112-122,112,122,,,,,,
83,I,s.,Brăneşti,Брэнешты,,123-136,123,136,,,,,,
83,I,s.,Bălceana,Бэлчана,,137-141,137,141,,,,,,
83,I,s.,Boşcana,Бошкана,,142-149,142,149,,,,,,
83,II,s.,Bulăieşti,Булэешты,,150-163,150,163,,,,,,
83,II,s.,Berezlogi,Березлоги,,164-175,164,175,,,,,,
83,II,s.,Bieşti,Биешты,,176-198,176,198,,,,,,
83,II,s.,Buciuşca,Бучушка,,199-209,199,209,,,,,,
83,II,s.,Burlarga (Bularda),Бурларга (Буларда),,210-215,210,215,,,,,,
83,II,s.,Breanova,Бряново,,216-225,216,225,,,,,,
83,II,s.,Budăi,Будэй,,226-241,226,241,,,,,,
83,II,s.,Băneşti,Бэнешть,,242-265,242,265,,,,,,
83,II,s.,Brăviceni,Брэвичены,,266-283,266,283,,,,,,
83,II,s.,Bogzeşti,Богзешть,,284-293,284,293,,,,,,
84,I,s.,Lozova,Лозова,,1-34,1,34,,,,,,
84,I,s.,Logăneşti,Логэнешть,,35-42,35,42,,,,,,
84,I,s.,Lăpuşna,Лапушна,,43-86,43,86,,,,,,
84,I,s.,Logăneşti,Логэнешть,,87-112,87,112,,,,,,
84,I,s.,Leuşeni,Леушены,,113-132,113,132,,,,,,
84,II,s.,Munceşti,Мунчешть,,134-141,134,141,,,,,,
84,II,s.,Malcoci,Малкоч,,142-153,142,153,,,,,,
84,II,s.,Micleuşeni,Миклеушень,,154-167,154,167,,,,,,
84,II,s.,Mileşti,Милешть,,168-220,168,220,,,,,487,https://www.familysearch.org/ark:/61903/3:1:3QS7-993Y-Z8P2?i=486&cc=1985804&wc=M6C1-XZ9%3A264175701%2C264722601%2C265063101
84,II,s.,Modval (Găureni),Модвал (Гэурень),,221-228,221,228,,,,,,
84,II,s.,Mănoileşti,Мэноилешть,,229-248,229,248,,,,,,
84,III,s.,Mereşeni,Мерешень,,249-262,249,262,,,,,,
84,III,s.,Micăuţi,Микэуць,,263-278,263,278,,,,,,
84,III,s.,Măcăreşti,Мэкэрешть,,279-292,279,292,,,,,,
84,III,s.,Marinici,Маринич,,293-300,293,300,,,,,,
84,III,s.,Mereni,Мерень,,301-359,301,359,,,,,840,https://www.familysearch.org/ark:/61903/3:1:3QS7-893Y-ZZBL?i=839&cc=1985804&wc=M6C1-XZ9%3A264175701%2C264722601%2C265063101
84,III,s.,Malotohatin,Малотохатин,,360-372,360,372,,,,,,
84,IV,s.,Mireşti,Мирешть,,373-377,373,377,,,,,,
84,IV,s.,Negreşti,Негрешть,,378-389,378,389,,,,,,
84,IV,s.,Nimoreni,Нимореий,,390-405,390,405,,,,,,
84,IV,s.,Negrea,Негря,,406-413,406,413,,,,,,
84,IV,s.,Novaci,Новаки,,414-421,414,421,,,,,,
84,IV,s.,Nemţeni,Немцень,,422-431,422,431,,,,,,
84,IV,s.,Nisporeni,Ниспорены,,432-476,432,476,,,,,,
85,I,s.,Răzeni,Резены,,1-28,1,28,,,,,,
85,I,s.,Ruseştii Vechi,Русештий Векь,,29-31,29,31,,,,,,
85,I,s.,Ruseşti,Русешти,,32-58,32,58,,,,,,
85,I,s.,Roşcani,Рошкани,,59-70v,59,70,,,,,,
85,I,s.,Recea,Речя,,71-94,71,94,,,,,,
85,I,s.,Rădeni,Рэдень,,95-110,95,110,,,,,,
85,II,s.,Străşeni,Стрэшень,,111-158,111,158,,,,,,
85,II,s.,Scoreni,Скорены,,159-178,159,178,,,,,,
85,II,s.,Sadova,Садова,,179-204,179,204,,,,,,
85,II,s.,Sîngera,Сынджера,,205-220,205,220,,,,,,
85,II,s.,Suruceni,Суручень,,221-242,221,242,,,,,,
85,III,s.,Sociteni,Сочитень,,243-250,243,250,,,,,,
85,III,s.,Sireţi,Сирець,,251-282,251,282,,,,,,
85,III,s.,Sipoteni,Шипотены,,283-316v,283,316,,,,,,
85,III,s.,Stolniceni,Стольничень,,317-340,317,340,,,,,,
85,III,s.,Secăreni,Секэрены,,341-353,341,353,,,,,,
85,III,s.,Spărieţi,Спэриець,,354-359,354,359,,,,,,
85,III,s.,Selişte (Tuzara),Селиште (Тузара),,360-368,360,368,,,,,,
85,III,s.,Soltăneşti,Солтэнешть,,369-374,369,374,,,,,,
85,IV,s.,Temeleuţi,Темелеуць,,375-382v,375,382,,,,,,
85,IV,s.,Truşeni,Трушены,,383-409,383,409,,,,,,
85,IV,s.,Topor,Топор,,410-417v,410,417,,,,,,
85,IV,s.,Tenjeleşti (Tălăieşti),Тенжелешты (Тэлэешты),,418-429,418,429,,,,,,
85,IV,s.,Ulmu,Улму,,430-459,430,459,,,,,,
85,IV,s.,Fîrlădeni,Фырлэдень,,460-467,460,467,,,,,,
85,IV,s.,Frmuşica (Frumoasa),Фрумушица,,468-473v,468,473,,,,,,
85,IV,s.,Frăsineşti,Фрэсинешть,,474-479v,474,479,,,,,,
85,V,s.,Fundul Galbenei,Фундул Галбеней,,480-503,480,503,,,,,,
85,V,s.,Hansca,Ханска,,504-517,504,517,,,,,,
85,V,s.,Ţîpala,Цыпала,,518-531v,518,531,,,,,,
85,V,s.,Cioreşti,Чорешть,,532-552,532,552,,,,,,
85,V,s.,Cigîrleni,Чигырлень,,553-581,553,581,,,,,,
85,V,s.,Ciuciuleni,Чучулень,,582-630,582,630,,,,,,
86,,s.,Nişcani,Нишканы,,1-17,1,17,,,,,,
86,,s.,Nimoreni,Нимореий,,19-20,19,20,,,,,,
86,,s.,Nisporeni,Ниспорены,,21-31v,21,31,,,,,,
86,,tîrgul,Orhei,Орхей,,32-37,32,37,,,,,,
86,,s.,Onişcani,Онишканы,,38-60,38,60,,,,,,
86,,s.,Olişcani,Ольшканы,,61-91,61,91,,,,,,
86,,s.,Oniţcani,Оницканы,,91a-104,91,104,,,,,,
86,,s.,Ohrincea,Охринча,,105-107,105,107,,,,,,
86,,s.,Oneşti,Онешты,,108-112,108,112,,,,,,
86,,s.,Păhărniceni,Пэхэрничень,,113-116,113,116,,,,,,
86,,s.,Peresecina,Пересечина,,117-139,117,139,,,,,,
87,,tîrgul,Orhei,Орхей,,1-98,1,98,,,,,,
88,I,s.,Iurceni,Юрчены,,1-2,1,2,,,,,,
88,I,s.,Ialoveni,Яловень,,3-13,3,13,,,,,,
88,I,s.,Bogzeşti,Богзешть,,14-23,14,23,,,,,,
88,I,s.,Vărzăreşti,Вэрзэрешты,,24-41,24,41,,,,,,
88,I,s.,Voinova,Войнова,,42-53,42,53,,,,,,
88,I,s.,Vîşcăuţi,Выщэуць,,54-69,54,69,,,,,,
88,I,s.,Voroteţ,Воротец,,70-89,70,89,,,,,,
88,I,s.,Vîprova,Выпрова,,90-109,90,109,,,,,,
88,I,s.,Vatici,Ватичь,,110-115,110,115,,,,,,
88,I,s.,Valea Popii,Валя-Попий,,116-119,116,119,,,,,,
88,II,s.,Vălcineţ,Вэлчинец,,120-160,120,160,,,,,,
88,II,s.,Văsieni,Вэсиень,,161-178,161,178,,,,,,
88,II,s.,Brînzeni,Брынзены,,179-201,179,201,,,,,,
88,II,s.,Verejeni,Вережень,,202-229,202,229,,,,,,
88,II,s.,Vadul Leca,Вадул Лека,,230-255,230,255,,,,,,
89,,,incluse în dosarul Nr.89,включено в дело № 89,,1-4,1,4,,,,,,
89,I,s.,Băneşti,Бэнешть,,5-6,5,6,,,,,,
89,I,s.,Buşăuca,Бушэука,,7-8,7,8,,,,,,
89,I,s.,Boşerniţa,Бошерница,,9-10,9,10,,,,,,
89,I,s.,Bălăşeşti,Бэлэшешть,,11-12,11,12,,,,,,
89,I,s.,Buciuşca,Бучушка,,13-14,13,14,,,,,,
89,I,s.,Bularga (Bularda),Булярга (Буларда),,15-18,15,18,,,,,,
89,I,s.,Bravicea,Бравича,,19-20,19,20,,,,,,
89,I,s.,Brăviceni,Брэвичены,,21-22,21,22,,,,,,
89,I,s.,Voinova,Войнова,,23-24,23,24,,,,,,
89,I,s.,Vîşcăuţi,Выщэуць,,25-26,25,26,,,,,,
89,I,s.,Vîprova,Выпрова,,27-30,27,30,,,,,,
89,I,s.,Vărzăreşti,Вэрзэрешты,,31-32,31,32,,,,,,
89,I,s.,Hîrtopul Mare,Хыртопул-Маре,,33-34,33,34,,,,,,
89,I,s.,Hîrtop,Хыртоп,,35-36,35,36,,,,,,
89,I,s.,Ghiduleni,Гидулень,,37-41,37,41,,,,,,
89,I,s.,Hogineşti,Хоргинешты,,42-47,42,47,,,,,,
89,I,s.,Horodişte,Городище,,48-49,48,49,,,,,,
89,I,s.,Hulboaca,Хулбоака,,50-51,50,51,,,,,,
89,I,s.,Gordineşti,Гординешть,,52-53,52,53,,,,,,
89,I,s.,Ghetlova,Гетлова,,54-55,54,55,,,,,,
89,I,s.,Ghermăneşti,Гермэнешть,,56-57,56,57,,,,,,
89,I,s.,Hîrjauca,Хыржаука,,58-59,58,59,,,,,,
89,I,s.,Slobozia Duşca,Слобозия Душка,,60-61,60,61,,,,,,
89,I,s.,Dereneu,Дэренеу,,62-65,62,65,,,,,,
89,I,s.,Zubreşti,Зубрешты,,66-67,66,67,,,,,,
89,I,s.,Zăhăicani,Захайкани,,68-69,68,69,,,,,,
89,I,s.,Ignăţei,Игнэцей,,70-75,70,75,,,,,,
89,I,s.,Ineşti,Инешты,,76-78,76,78,,,,,,
89,I,s.,Echimăuţi,Екимоуцы,,79-82,79,82,,,,,,
89,I,s.,Isacova,Исакова,,83-88,83,88,,,,,,
89,I,s.,Izvoare,Извоаре,,89-92,89,92,,,,,,
89,,tărgul,Criuleni,Криулены,,93-94,93,94,,,,,,
89,I,s.,Chipeşca,Кипешка,,95-96,95,96,,,,,,
89,I,s.,Cuizăuca,Куйзэука,,97-100,97,100,,,,,,
89,I,s.,Curleni,Курлень,,101-102,101,102,,,,,,
89,I,s.,Cucuruzeni,Кукурузены,,103-104,103,104,,,,,,
89,I,s.,Călăraşi,Кэлэраши,,105-106,105,106,,,,,,
89,I,s.,Camencea,Каменча,,107-108,107,108,,,,,,
89,I,s.,Chiştelniţa,Киштельница,,109-116,109,116,,,,,,
89,I,s.,Coropceni,Коропчень,,117-118,117,118,,,,,,
89,I,s.,Cornova,Корнова,,119-120,119,120,,,,,,
89,I,s.,Cobîlca (Cobîlea),Кобылка (Кобыля),,121-122,121,122,,,,,,
89,I,s.,Lipceni,Липчень,,123-130,123,130,,,,,,
89,I,s.,Leuşeni,Леушены,,131-132,131,132,,,,,,
89,I,s.,Mîndra,Мындра,,133-134,133,134,,,,,,
89,I,s.,Molovata,Моловата,,135-136,135,136,,,,,,
89,I,s.,Meleşeni,Мелешень,,137-142,137,142,,,,,,
89,I,s.,Mălăieşti,Мэлэешть,,143-144,143,144,,,,,,
89,I,s.,Morozeni,Морозень,,145-146,145,146,,,,,,
89,I,s.,Maşcăuţi,Машкауцы,,147-150,147,150,,,,,,
89,II,s.,Minceni,Минчень,,151-152,151,152,,,,,,
89,II,s.,Micleşti,Миклешть,,153-154,153,154,,,,,,
89,II,s.,Oneşti,Онешты,,155-158,155,158,,,,,,
89,II,s.,Ordăşei,Ордэшей,,159-160,159,160,,,,,,
89,II,s.,Olişcani,Ольшканы,,161-164,161,164,,,,,,
89,II,s.,Onişcani,Онишканы,,165-166,165,166,,,,,,
89,II,s.,Oniţcani,Оницканы,,167-169,167,169,,,,,,
89,II,s.,Onişcani,Онишканы,,170-173,170,173,,,,,,
89,II,s.,Ohrincea,Охринча,,174-175,174,175,,,,,,
89,II,s.,Pecişte,Пещера,,176-180,176,180,,,,,,
89,II,s.,Pripiceni,Припичены,,181-188,181,188,,,,,,
89,II,s.,Poiana,Поляна,,189-190,189,190,,,,,,
89,II,s.,Puţintei,Пуцинтей,,191-194,191,194,,,,,,
89,II,s.,Păhărniceni,Пэхэрничень,,195-196,195,196,,,,,,
89,II,s.,Peresecina,Пересечина,,197-198,197,198,,,,,,
89,II,s.,Pereni,Перень,,199-208,199,208,,,,,,
89,II,s.,Pivniceni,Пивничены,,209-212,209,212,,,,,,
89,II,s.,Răspopeni,Распопены,,213-214,213,214,,,,,,
89,II,s.,Rădeni,Рэдень,,215-216,215,216,,,,,,
89,II,s.,Solonceni,Солончены,,217-220,217,220,,,,,,
89,II,,Stodolna (Cobîleanca),Стодольна (Кобыляна),,21-222,21,222,,,,,,
89,II,s.,Sărăteni,Сэрэтень,,223-224,223,224,,,,,,
89,II,s.,Selişte,Селиште,,225-226,225,226,,,,,,
89,II,s.,Stanca (Bezina),Станка (Безина),,227-228,227,228,,,,,,
89,II,tîrgul,Tuzara,Тузара,,229-246,229,246,,,,,,
89,II,s.,Trifeşti,Трифешты,,247-248,247,248,,,,,,
89,II,s.,Tîrzieni,Тырзиень,,249-250,249,250,,,,,,
89,II,s.,Hirişeni,Хиришень,,251-252,251,252,,,,,,
89,II,s.,Hirova,Хирова,,253-256,253,256,,,,,,
89,II,s.,Ţînţăreni,Цынцэрень,,257-260,257,260,,,,,,
89,II,s.,Cinişeuţi,Чинишеуць,,261-264,261,264,,,,,,
89,II,s.,Cihoreni,Чихорень,,265-266,265,266,,,,,,
89,II,s.,Ciocîlteni,Чокылтень,,267-268,267,268,,,,,,
89,II,s.,Şipca,Шипка,,269-270,269,270,,,,,,
89,II,s.,Şoldăneşti,Шолданешты,,271-272,271,272,,,,,,
89,II,s.,Vadul Leca,Вадул Лека,Iaşi,273-274,273,274,,,,,,
89,II,s.,Ineşti,Инешты,Iaşi,275-277,275,277,,,,,,
89,II,s.,Căzăneşti,Кэзэнешты,Iaşi,278-282,278,282,,,,,,
89,II,tîrgul,Teleneşti,Теленешть,Iaşi,283-288,283,288,,,,,,
89,II,s.,Tîrşiţei,Тыршицей,Iaşi,289-290,289,290,,,,,,
89,II,s.,Hîrtopul Mare,Хыртопул-Маре,Chişinău,291-294,291,294,,,,,,
89,II,s.,Temeleuţi,Темелеуць,Chişinău,295-296,295,296,,,,,,
90,,s.,Lalova,Лалова,,1-10,1,10,,,,,,
90,,s.,Lipceni,Липчень,,11-20,11,20,,,,,,
90,,s.,Leuşeni,Леушены,,21-38,21,38,,,,,,
90,,s.,Lopatna,Лопатна,,39-44,39,44,,,,,,
90,,s.,Minceni,Минчень,,45-56,45,56,,,,,,
90,,s.,Mîndra,Мындра,,57-69,57,69,,,,,,
90,,s.,Mărtineşti,Мэртинешть,,70-75,70,75,,,,,,
90,,s.,Micleşti,Миклешть,,76-93,76,93,,,,,,
90,,s.,Mateuţi,Матеуцы,,94-111,94,111,,,,,,
90,II,s.,Maşcăuţi,Машкауцы,,112-160,112,160,,,,,,
90,II,s.,Mihuleni,Михулени,,162-171,162,171,,,,,,
90,II,s.,Mitoc,Миток,,172-182,172,182,,,,,,
90,II,s.,Mana,Мана,,183-187,183,187,,,,,,
90,II,s.,Molovata,Моловата,,188-204,188,204,,,,,,
90,II,s.,Mîrzeşti,Мырзешть,,205-214,205,214,,,,,,
90,II,s.,Morozeni,Морозень,,215-230,215,230,,,,,,
90,III,s.,Meleşeni,Мелешень,,231-250,231,250,,,,,,
90,III,s.,Marcăuţi,Маркауцы,,251-264,251,264,,,,,,
90,III,s.,Meşeni,Мешень,,265-270,265,270,,,,,,
90,III,s.,Mălăieşti,Мэлэешть,,271-282,271,282,,,,,,
90,III,s.,Nişcani,Нишканы,,283-297,283,297,,,,,,
90,III,s.,Oneşti,Онешты,,298-313,298,313,,,,,,
90,III,s.,Olişcani,Ольшканы,,314-363,314,363,,,,,,
90,IV,s.,Ohrincea,Охринча,,364-379,364,379,,,,,,
90,IV,s.,Oniţcani,Оницканы,,380-394,380,394,,,,,,
90,IV,s.,Onişcani,Онишканы,,395-419,395,419,,,,,,
90,IV,s.,Mihălaşa,Михэлаша,Iaşi,420-434,420,434,,,,,,
90,IV,s.,Negureni,Негурень,Iaşi,435-444,435,444,,,,,,
91,I,s.,Găuzeni,Гэузень,,5-22,5,22,,,,,,
91,I,s.,Horodişte,Городище,,23-43,23,43,,,,,,
91,I,s.,Ghiduleni,Гидулень,,45-56,45,56,,,,,,
91,I,s.,Slobozia Hodorogea,Слобозия Ходорогя,,57-70,57,70,,,,,,
91,I,s.,Hulboaca,Хулбоака,,71-84,71,84,,,,,,
91,I,s.,Găleşti,Гэлешть,,85-109,85,109,,,,,,
91,I,s.,Grebleşti,Греблешть,,111-116,111,116,,,,,,
91,I,s.,Hîjdieni,Хыждень,,117-121,117,121,,,,,,
91,I,s.,Glingeni,Глинджень,,121-131,121,131,,,,,,
91,II,s.,Gordineşti,Гординешть,,133-146,133,146,,,,,,
91,II,s.,Slobozia Hogineşti,Слобозия Хогинешть,,147-160,147,160,,,,,,
91,II,s.,Holercani,Холеркань,,161-181,161,181,,,,,,
91,II,s.,Hogineşti,Хоргинешты,,183-200,183,200,,,,,,
91,II,s.,Ghetlova,Гетлова,,201-216,201,216,,,,,,
91,II,s.,Hruşova,Хрушова,,217-229,217,229,,,,,,
91,II,s.,Hîrbovăţ,Хырбовэц,,231-240,231,240,,,,,,
91,II,s.,Ghermăneşti,Гермэнешть,,241-252,241,252,,,,,,
91,III,s.,Hîrjauca,Хыржаука,,253-263,253,263,,,,,,
91,III,s.,Slobozia Dobruşa,Слобозия Добруша,,265-272,265,272,,,,,,
91,III,s.,Slobozia Duşca,Слобозия Душка,,273-274,273,274,,,,,,
91,III,s.,Slobozia Duşca şi Căliceni,Слобозия Душка ши Кэличень,,275-281,275,281,,,,,,
91,III,s.,Dîşcova,Дышкова,,283-303,283,303,,,,,,
91,III,s.,Dereneu,Дэренеу,,305-326,305,326,,,,,,
91,III,s.,Slobozia Doamnei,Слобозия Доамней,,329-341,329,341,,,,,,
91,III,s.,Jevreni,Жеврены,,343-354,343,354,,,,,,
91,III,s.,Jeloboc,Желобок,,355-362,355,362,,,,,,
91,IV,s.,Jora de Jos,Жора-де-Жос,,363-376,363,376,,,,,,
91,IV,s.,Jora de Mijloc,Жора-де-Мижлок,,377-388,377,388,,,,,,
91,IV,s.,Jora de Sus,Жора-де-Сус,,389-398,389,398,,,,,,
91,IV,s.,Zahoreni,Загорены,,399-412,399,412,,,,,,
91,IV,s.,Zubreşti,Зубрешты,,413-436,413,436,,,,,,
91,IV,s.,Zăhăicani,Захайкани,,437-460,437,460,,,,,,
91,I,judeţul,Hotin,Хотин,,1-114,1,114,,,,,,
91,II,judeţul,Hotin,Хотин,,116-238,116,238,,,,,,
91,III,judeţul,Hotin,Хотин,,239-340,239,340,,,,,,
93,,tîrgul,Lipcani,Липканы,,1-3,1,3,,,,,,
93,,s.,Ruseni,Русени,,4-5,4,5,,,,,,
94,,tîrgul,Lipcani,Липканы,,1-6,1,6,,,,,,
94,,s.,Lencăuţi,Ленкэуць,,8-9,8,9,,,,,,
94,,s.,Lomacinţî,Ломачинцы,,10-11,10,11,,,,,,
94,,s.,Larova (Tătărăuca Nouă şi Slobozia),Ларова (Тэтэрэука Ноуэ и Слобозия),,12-17,12,17,,,,,,
94,,s.,Lipnic,Липник,,18-19,18,19,,,,,,
94,,s.,Măcăreuca,Мэкэреука,,20-23,20,23,,,,,,
94,,s.,Malinţi,Малинцы,,24-27,24,27,,,,,,
94,,s.,Marşeniţa,Маршеница,,28-31,28,31,,,,,,
94,,s.,Mereşeuca,Мерешеука,,34-35,34,35,,,,,,
94,,s.,Mămăliga,Мамалыга,,36-38,36,38,,,,,,
94,,s.,Noua Suliţă,Новосулица,,40-43,40,43,,,,,,
94,,s.,Neporotovo,Непоротово,,44-45,44,45,,,,,,
94,,s.,Nelipăuţi,Нелипэуць,,46-47,46,47,,,,,,
94,,s.,Nesvoia (Nesfoia),Несфоя,,48-50,48,50,,,,,,
94,,s.,Plopi,Плопь,,52-63,52,63,,,,,,
94,,s.,Porciuleanca,Порчуленка,,64-66,64,66,,,,,,
94,,s.,Păscăuţi,Пэскэуць,,68-71,68,71,,,,,,
94,,s.,Petruşeni,Петрушены,,74-75,74,75,,,,,,
94,,s.,Percăuţi,Перкауцы,,76-77,76,77,,,,,,
94,,s.,Pociumbeni,Почумбены,,78-80,78,80,,,,,,
94,,s.,Prihorodoc,Прихородок,,82-86,82,86,,,,,,
94,,s.,Pererîta,Перерыта,,87-89,87,89,,,,,,
94,,s.,Rudii de Sus (din Deal),Рудий-де-Сус (дин Дял),,91-105,91,105,,,,,,
94,,s.,Visoca,Высока,,106-135,106,135,,,,,,
94,,s.,Verejeni,Вережень,,136-156,136,156,,,,,,
95,,tîrgul,"Otaci (Ataci, Atachi, Movilău )",Атаки (Могилёв),,1-39,1,39,,,,,,
95,,s.,Balinţi,Балинцы,,40-41,40,41,,,,,,
95,,s.,Bilăuţi,Билэуць,,42-44,42,44,,,,,,
95,,s.,Bălcăuţi,Бэлкэуць,,46-47,46,47,,,,,,
95,,s.,Braicău,Брайкэу,,48-51,48,51,,,,,,
95,,s.,Burlăneşti,Бурлэнешты,,52-54,52,54,,,,,,
95,,s.,Bleşinăuţi (Blescenăuţi),Блешинэуць (Блещенэуць),,56-58,56,58,,,,,,
95,,s.,Brătuşeni,Брэтушены,,60-63,60,63,,,,,,
95,,s.,Vălcineţ,Вэлчинец,,64-65,64,65,,,,,,
95,,s.,Văsileuţi,Вэсилеуць,,66-67,66,67,,,,,,
95,,s.,Vancicăuţi,Ванчикэуць,,68-69,68,69,,,,,,
95,,s.,Văratic,Вэратик,,70-71,70,71,,,,,,
95,,s.,Văscăuţi,Вэскэуць,,72-75,72,75,,,,,,
95,,s.,Beleavinţi (Hilovăţ),Белявинцы (Хиловэц),,76-83,76,83,,,,,,
95,,s.,Hincăuţi,Хинкэуць,,84-85,84,85,,,,,,
95,,s.,Gordineşti,Гординешть,,82-92,82,92,,,,,,
95,,s.,Horodişte,Городище,,93-94,93,94,,,,,,
95,,s.,Hinăuţi (Hincăuţi),Хинэуць (Хинкэуць),,95-97,95,97,,,,,,
95,,s.,Gruşoviţa,Грушовица,,98-101,98,101,,,,,,
95,,s.,Dăncăuţi,Дэнкэуць,,102-103,102,103,,,,,,
95,,s.,Drepcăuţi,Дрепкэуць,,104-105,104,105,,,,,,
95,,s.,Edineţ,Единцы,,106-110,106,110,,,,,,
95,,s.,Corpaci,Корпач,,111-112,111,112,,,,,,
95,,s.,Mîndîcăuţi,Мындыкэуць,,113-114,113,114,,,,,,
95,II,s.,Mărcăuţi,Мэркэуць,,115-166,115,166,,,,,,
95,II,tîrgul,Noua Suliţă,Новосулица,,167-185,167,185,,,,,,
95,II,s.,Negrinţi,Негринць,,186-188,186,188,,,,,,
95,II,s.,Paladea,Паладя,,189-190,189,190,,,,,,
95,II,s.,Pererîta,Перерыта,,191-192,191,192,,,,,,
95,II,s.,Balamutovca (Pol-Onut),Баламутовка (Поль-Онут),,193-194,193,194,,,,,,
95,II,s.,Perebicăuţi,Перебыковцы,,195-198,195,198,,,,,,
95,II,s.,Păşcăuţi,Пэшкэуць,,199-200,199,200,,,,,,
95,II,s.,Ruseni,Русени,,201-202,201,202,,,,,,
95,II,s.,Rudi de Jos,Рудь-де-Жос,,203-205,203,205,,,,,,
95,II,s.,Rjavînţi,Ржавынць,,206-208,206,208,,,,,,
95,II,s.,Romîncăuţi,Роминкэуци,,209-216,209,216,,,,,,
95,II,s.,Rediul Mare,Редиул Маре,,217-218,217,218,,,,,,
95,II,s.,Rosoşeni,Росошени,,219-220,219,220,,,,,,
95,II,s.,Tabani,Табань,,221-224,221,224,,,,,,
95,II,s.,Tîrnova,Тырново,,225-226,225,226,,,,,,
95,II,s.,Feteşti,Фетешты,,227-230,227,230,,,,,,
95,II,s.,Halahoreni,Халахорень,,231-232,231,232,,,,,,
95,II,or.,Hotin,Хотин,,233-236,233,236,,,,,,
95,II,s.,Cernoleuca,Чернолевка,,237-241,237,241,,,,,,
95,II,s.,Cepănoasa,Чепэноаса,,242-243,242,243,,,,,,
95,II,s.,Cepeleuţi,Чепелеуць,,244-245,244,245,,,,,,
95,II,s.,Iarova,Ярова,,246-248,246,248,,,,,,
96,I,tîrgul,"Otaci (Ataci,Atachi) Movilău",Атаки (Могилёв),Hotin,1-164,1,164,,,,,,
96,II,s.,Arioneşti,Арионешты,Hotin,165-201,165,201,,,,,,
96,II,s.,Bîrnova de Jos,Бырнова-де-Жос,Hotin,202-240,202,240,,,,,,
96,II,s.,Boroseni,Боросень,Hotin,241-249,241,249,,,,,,
96,II,s.,Balinţi,Балинцы,Hotin,250-257,250,257,,,,,,
96,II,s.,Briceni,Бричаны,Hotin,258-286,258,286,,,,,,
96,II,s.,Braicău,Брайкэу,Hotin,287-305,287,305,,,,,,
96,III,s.,Bodeşti,Бодешть,Iaşi,306-321v,306,321,,,,,,
96,III,s.,Bobuleşti,Бобулешть,Iaşi,322-336,322,336,,,,,,
96,III,s.,Băhrineşti,Бэхринешть,Iaşi,337-373v,337,373,,,,,,
96,III,s.,Băxani,Бэксань,Iaşi,374-407v,374,407,,,,,,
96,III,s.,Bădiceni,Бэдичень,Iaşi,408-444v,408,444,,,,,,
96,IV,s.,Bezeni,Безены,Iaşi,445-454v,445,454,,,,,,
96,IV,s.,Borosenii Noi,Боросений Ной,Iaşi,455-474v,455,474,,,,,,
96,IV,s.,Borodniceni (Cenuşa),Бородничень (Ченуша),Iaşi,475-488v,475,488,,,,,,
96,IV,s.,Bujereuca,Бужерянка,Iaşi,489-520,489,520,,,,,,
96,IV,s.,Bălăşeşti,Бэлэшешть,Iaşi,521-534v,521,534,,,,,,
96,IV,s.,Bulboci,Булбочь,Iaşi,535-557,535,557,,,,,,
97,,s.,Darabani,Дарабань,,6-6v,6,6,,,,,,
97,,s.,"Otaci (Ataci, Atachi)",Атаки,,7-12,7,12,,,,,,
97,,s.,Arestovca (Rădăuţi),Арестовка (Рэдэуць),,13-14,13,14,,,,,,
97,,s.,Buzdugeni,Буздугень,,15-18,15,18,,,,,,
97,,s.,Buzoviţa,Бузовица,,19-20,19,20,,,,,,
97,,s.,Briceni,Бричаны,,21-23,21,23,,,,,,
97,,s.,Berestea (Berestie),Берестя (Берестие),,25-26,25,26,,,,,,
97,,s.,Bădragi,Бэдраджь,,27-27a,27,27,,,,,,
97,,s.,Bocicăuţi,Бочикэуць,,28-29,28,29,,,,,,
97,,s.,Bording (Talmaci),Бординг (Талмач),,30-31,30,31,,,,,,
97,,s.,Bălcăuţi,Бэлкэуць,,32-33,32,33,,,,,,
97,,s.,Vancicăuţi,Ванчикэуць,,34-35,34,35,,,,,,
97,,s.,Vălcineţ,Вэлчинец,,36-37,36,37,,,,,,
97,,s.,Griţeni (Feteşti),Грицени (Фетешть),,38-39,38,39,,,,,,
97,,s.,Gvăzdăuţi,Гвэздэуць,,40-43,40,43,,,,,,
97,,s.,Grinăuţi,Гринэуць,,44-47,44,47,,,,,,
97,,s.,Hîjdău,Хыждэу,,48-49,48,49,,,,,,
97,,s.,Hlinaia de Jos,Глинная-де-Жос,,50-51,50,51,,,,,,
97,,s.,Gruşoviţa,Грушовица,,52-53,52,53,,,,,,
97,,s.,Dăncăuţi,Дэнкэуць,,54-57,54,57,,,,,,
97,,s.,Dinăuţi,Дынэуць,,58-59,58,59,,,,,,
97,,s.,Drepcăuţi,Дрепкэуць,,60-61,60,61,,,,,,
97,,s.,Doljoc,Должок,,62-63,62,63,,,,,,
97,,s.,Edineţ,Единцы,,64-67,64,67,,,,,,
97,,s.,Crestineşti,Крестинешты,,68-69,68,69,,,,,,
97,,s.,Clişcăuţi,Клишкэуцы,,72-73,72,73,,,,,,
97,,s.,Chelmineţ,Кельминец,,74-75,74,75,,,,,,
97,,s.,Capleuca,Каплеука,,76-79,76,79,,,,,,
97,,s.,Corjeuţi,Коржеуць,,80-81,80,81,,,,,,
97,,s.,Coşuleni,Кошулены,,82-85,82,85,,,,,,
97,,s.,Culişăuca,Кулишэука,,86-87,86,87,,,,,,
97,,s.,Comarova,Комарова,,88-91,88,91,,,,,,
97,,s.,Coteala,Котяла,,92-95,92,95,,,,,,
97,,s.,Cîşla Salii,Кышла Салий,,96-97,96,97,,,,,,
97,,s.,Cîşla Negima,Кышла Негима,,98-99,98,99,,,,,,
97,,s.,Cîşla Zamjii,Кышла Замжий,,100-101,100,101,,,,,,
97,,s.,Cotiujeni,Котюжены,,102-105,102,105,,,,,,
97,,tîrg.,Lipcani,Липканы,,106-111,106,111,,,,,,
97,,s.,Larga,Ларга,,112-113,112,113,,,,,,
97,,s.,Lomacinţî,Ломачинцы,,114-115,114,115,,,,,,
97,,s.,Mălineşti,Мэлинешть,,116-119,116,119,,,,,,
97,,s.,Mărcăuţi,Мэркэуць,,120-121,120,121,,,,,,
97,,s.,Mihalcovo,Михалково,,122-123,122,123,,,,,,
97,,s.,Noua Suliţă,Новосулица,,124-127,124,127,,,,,,
97,,s.,Nagoreni,Нагорены,,129-130,129,130,,,,,,
97,,s.,Prihorodoc,Прихородок,,131-134,131,134,,,,,,
97,,s.,Perebicăuţi,Перебыковцы,,135-136,135,136,,,,,,
97,,s.,Păşcăuţi,Пэшкэуць,,137-139,137,139,,,,,,
97,,s.,Răspopinţi,Распопинцы,,140-141,140,141,,,,,,
97,,s.,Rucşin,Рукшин,,142-145,142,145,,,,,,
97,,s.,Ritevo,Ритево,,146-147,146,147,,,,,,
97,,s.,Rosoşani,Росошани,,148-153,148,153,,,,,,
97,,s.,Rotunda,Ротунда,,154-155,154,155,,,,,,
97,,s.,"Ritevo şi Otaci (Ataci, Atachi)",Ритево и Отачь (Атачь),,156-157,156,157,,,,,,
97,,s.,Răchitna,Рэкитна,,158-160,158,160,,,,,,
97,,s.,Secureni,Секурены,,161-162,161,162,,,,,,
97,,s.,Sîngera,Сынджера,,163-166,163,166,,,,,,
97,,s.,Tolbureni,Толбурень,,167-168,167,168,,,,,,
97,,s.,Tărăsăuţi,Тэрэсэуць,,169-171,169,171,,,,,,
97,,s.,Tabani,Табань,,171a-174,171,174,,,,,,
97,,s.,Forstna (Forostina),Форостина,,175-176,175,176,,,,,,
97,,s.,Cerlina Mare,Черлина Маре,,177-178,177,178,,,,,,
97,,s.,Cepeleuţi,Чепелеуць,,179-180,179,180,,,,,,
97,,s.,Şebutinţi,Шебутинцы,,181-182,181,182,,,,,,
97,,s.,Şilouţi,Шилоуцы,,183-184,183,184,,,,,,
97,,s.,Şirăuţii de Jos,Ширэуций-де-Жос,,185-187,185,187,,,,,,
98,I,s.,Gvăzdăuţi,Гвэздэуць,,1-28,1,28,,,,,,
98,I,s.,Vetrianca,Ветрянка,,29-53,29,53,,,,,,
98,I,s.,Vasiliuţi,Василиуць,,54-71,54,71,,,,,,
98,I,s.,Vorniceni,Ворничены,,72-78,72,78,,,,,,
98,I,s.,Vălcineţ,Вэлчинец,,79-95,79,95,,,,,,
98,I,s.,Voloşcova,Волошкова,,96-116,96,116,,,,,,
98,II,s.,Văncicăuţi,Вэнчикэуць,,117-146,117,146,,,,,,
98,II,s.,Varticăuţi,Вартикэуць,,147-170,147,170,,,,,,
98,II,s.,Viişoara,Виишоара,,171-188,171,188,,,,,,
98,II,s.,Hilovăţ (Beleavinţi),Хиловэц (Белявинць),,189-209,189,209,,,,,,
98,II,s.,Gordineşti,Гординешть,,210-238,210,238,,,,,,
98,III,s.,Grinăuţii de Sus,Гринэуций де Сус,,239-252,239,252,,,,,,
98,III,s.,Grinăuţii de Jos,Гринэуций де Жос,,253-254,253,254,,,,,,
98,III,s.,Hincăuţi,Хинкэуць,,255-271,255,271,,,,,,
98,III,s.,Hlinaia,Глинная,,272-298,272,298,,,,,,
98,III,s.,Hlina,Хлина,,299-313,299,313,,,,,,
98,III,s.,Hlinaia de Sus,Глинная-де-Сус,,314-316,314,316,,,,,,
98,III,s.,Văscăuţi,Вэскэуць,,317-345,317,345,,,,,,
98,IV,s.,Voronoviţa,Вороновица,,346-365,346,365,,,,,,
98,IV,s.,Gordeuţi (Gordinţi),Гордэуць (Гординц),,366-379,366,379,,,,,,
98,IV,s.,Grozinţi (Grozniţa),Грозинць (Грозница),,380-416,380,416,,,,,,
99,I,s.,Bahmut,Бахмут,,1-1a,1,1,,,,,,
99,I,s.,Bogheni,Богень,Iaşi,2-3,2,3,,,,,,
99,I,s.,Vrăneşti,Врэнешты,Iaşi,4-6,4,6,,,,,,
99,I,s.,Vulpeşti,Вулпешты,Iaşi,7-8,7,8,,,,,,
99,I,s.,Hîrceşti,Хырчешты,Iaşi,9-12,9,12,,,,,,
99,I,s.,Heciul Nou,Хециул-Ноу,Iaşi,13-14,13,14,,,,,,
99,I,s.,Glingeni,Глинджень,Iaşi,15-21,15,21,,,,,,
99,I,s.,Glodeni,Глодень,Iaşi,22-23,22,23,,,,,,
99,I,s.,Gherman,Герман,Iaşi,24-25,24,25,,,,,,
99,I,s.,Duşmani,Душмань,Iaşi,26-27,26,27,,,,,,
99,I,s.,Dumbrăviţa,Думбравица,Iaşi,28-29,28,29,,,,,,
99,I,s.,Drujineni,Дружинены,Iaşi,30-31,30,31,,,,,,
99,I,s.,Danu,Дану,Iaşi,32-34,32,34,,,,,,
99,I,s.,Iezăreni,Езэрены,Iaşi,35-36,35,36,,,,,,
99,I,s.,Zahăicani,Захайкани,Iaşi,37-40,37,40,,,,,,
99,I,s.,Zăzuleni,Зазулены,Iaşi,41-42,41,42,,,,,,
99,I,s.,Izvoare,Извоаре,Iaşi,43-44,43,44,,,,,,
99,I,s.,Chirileni,Кирилены,Iaşi,45-46,45,46,,,,,,
99,I,s.,Cîrpiţi,Кырпицы,Iaşi,47-48,47,48,,,,,,
99,I,s.,Chişcăreni,Кишкарены,Iaşi,49-54,49,54,,,,,,
99,I,s.,Coiceni,Койчены,Iaşi,55-56,55,56,,,,,,
99,I,s.,Cozeşti,Козешты,Iaşi,57-58,57,58,,,,,,
99,I,s.,Corneşti,Корнешть,Iaşi,59-60,59,60,,,,,,
99,I,s.,Coşcodeni,Кошкодены,Iaşi,61-62,61,62,,,,,,
99,I,s.,Cucuieţi şi cătunul Sturzeni,Кукуецы и хутор Стурзены,Iaşi,63-64,63,64,,,,,,
99,I,s.,Cubani,Кубань,Iaşi,65-67,65,67,,,,,,
99,I,s.,Condrăteşti,Кондрэтешть,Iaşi,68-71,68,71,,,,,,
99,I,s.,Corpaci,Корпач,Iaşi,72-73,72,73,,,,,,
99,I,s.,Călineşti,Кэлинешты,Iaşi,74-75,74,75,,,,,,
99,I,s.,Limbeni,Лимбень,Iaşi,76-79,76,79,,,,,,
99,I,s.,Micleuşeni,Миклеушень,Iaşi,80-82,80,82,,,,,,
99,I,s.,Mănoileşti,Мэноилешть,Iaşi,83-84,83,84,,,,,,
99,I,s.,Mirceşti,Мирчешть,Iaşi,85-86,85,86,,,,,,
99,I,s.,Mănzăteşti,Мэнзэтешть,Iaşi,87-100,87,100,,,,,,
99,I,s.,Măgura,Мэгура,Iaşi,101-103,101,103,,,,,,
99,I,s.,Năvîrneţ,Навырнец,Iaşi,104-106,104,106,,,,,,
99,I,s.,Năpădeni,Напэдены,Iaşi,107-108,107,108,,,,,,
99,I,s.,Obreja,Обря,Iaşi,109-110,109,110,,,,,,
99,I,s.,Pîrliţa (Pîrliţi),Пырлица (Пырлиць),Iaşi,111-115,111,115,,,,,,
99,I,s.,Putineşti,Путинешты,Iaşi,116-117,116,117,,,,,,
99,I,s.,Recea,Речя,Iaşi,118-120,118,120,,,,,,
99,I,s.,Rădoaia,Рэдоая,Iaşi,121-122,121,122,,,,,,
99,I,s.,Rădeni,Рэдень,Iaşi,123-125,123,125,,,,,,
99,II,s.,Slobozia Bălţilor,Слобозия Бэлцилор,Iaşi,126-127,126,127,,,,,,
99,II,s.,Scumpia,Скумпия,Iaşi,128-129,128,129,,,,,,
99,II,tîrgul,Sculeni,Скуляны,Iaşi,130-139,130,139,,,,,,
99,II,s.,Stîngineni,Стынджинень,Iaşi,140-142,140,142,,,,,,
99,II,s.,Sineşti,Синешты,Iaşi,143-144,143,144,,,,,,
99,II,s.,Sărata,Сэрата,Iaşi,145-148,145,148,,,,,,
99,II,s.,Sîngerei,Сынджерей,Iaşi,149-150,149,150,,,,,,
99,II,s.,Tomeşti,Томешты,Iaşi,151-153,151,153,,,,,,
99,II,s.,Tomeştii Vechi,Томештий Вехь,Iaşi,154-155,154,155,,,,,,
99,II,s.,Todireşti,Тодирешты,Iaşi,156-158,156,158,,,,,,
99,II,s.,Unţeşti,Унцешты,Iaşi,159-164,159,164,,,,,,
99,II,s.,Ustia,Устия,Iaşi,165-167,165,167,,,,,,
99,II,s.,Floreşti,Флорешты,Iaşi,168-170,168,170,,,,,,
99,II,s.,Floriţoaia,Флорицоая,Iaşi,171-172,171,172,,,,,,
99,II,tîrgul,Făleşti,Фалешты,Iaşi,173-198,173,198,,,,,,
99,II,s.,Frigeni (Albineţ),Фриджень,Iaşi,199-201,199,201,,,,,,
99,II,s.,Flămînzeni,Флэмынзень,Iaşi,202-203,202,203,,,,,,
99,II,s.,Cioropcani,Чоропкань,Iaşi,204-206,204,206,,,,,,
99,II,s.,Ciuciulea,Чучулея,Iaşi,207-208,207,208,,,,,,
99,II,s.,Şoltoaia,Шолтоая,Iaşi,209-211,209,211,,,,,,
99,II,s.,Blescenăuţi (Bleşinăuţi),Блещенэуць (Блешинэуць),Hotin,212-217,212,217,,,,,,
99,II,s.,Slobozia Blescenăuţi (Bleşinăuţi),Слобозия Блещенэуць (Блешинэуць),Hotin,218-219,218,219,,,,,,
99,II,s.,Văratic,Вэратик,Hotin,220-221,220,221,,,,,,
99,II,s.,Zăbriceni,Забричени,Hotin,222-223,222,223,,,,,,
99,II,s.,Porciuleanca,Порчуленка,Hotin,224-225,224,225,,,,,,
99,II,s.,Parcova,Парково,Hotin,226-227,226,227,,,,,,
99,II,s.,Pociumbeni,Почумбены,Hotin,228-229,228,229,,,,,,
99,II,s.,Pocimbăuţi,Почимбэуць,Hotin,230-231,230,231,,,,,,
99,II,s.,Stîngăceni (Druţa),Стынгэчень (Друца),Hotin,232-233,232,233,,,,,,
99,II,s.,Terebna,Теребна,Hotin,234-235,234,235,,,,,,
100,I,or.,Hotin,Хотин,,5-12,5,12,,,,,,
100,I,tîrgul,Noua Suliţă,Новосулица,,13-15,13,15,,,,,,
100,I,tîrgul,Lipcani,Липканы,,16-18,16,18,,,,,,
100,I,s.,"Otaci (Ataci, Atachi)",Атаки,,19-21,19,21,,,,,,
100,I,s.,Prihorodoc,Прихородок,,22-24,22,24,,,,,,
100,I,s.,Raşcov (Rîşcov),Рашков (Рышков),,25-27,25,27,,,,,,
100,I,s.,Cepănoasa,Чепэноаса,,28-30,28,30,,,,,,
100,I,s.,Rucşin,Рукшин,,31-34,31,34,,,,,,
100,I,s.,Capleuca,Каплеука,,36-38,36,38,,,,,,
100,I,s.,Percăuţi,Перкауцы,,39-41,39,41,,,,,,
100,I,s.,Varticăuţi,Вартикэуць,,42-44,42,44,,,,,,
100,I,s.,Chelmineţi,Кельминец,,45-47,45,47,,,,,,
100,I,s.,Lencăuţi,Ленкэуць,,48-50,48,50,,,,,,
100,I,s.,Voronoviţa,Вороновица,,51-53,51,53,,,,,,
100,I,s.,Moşineţi,Мошинець,,54-56,54,56,,,,,,
100,I,s.,Bîrnova,Бырнова,,57-59,57,59,,,,,,
100,I,s.,Şirăuţi,Ширэуцы,,60-62,60,62,,,,,,
100,I,s.,Nedibăuţi,Недибэуць,,63-65,63,65,,,,,,
100,I,s.,Dolineni,Долинены,,66-68,66,68,,,,,,
100,I,s.,Păscăuţi,Пэскэуць,,69-71,69,71,,,,,,
100,I,s.,Dăncăuţi,Дэнкэуць,,72-74,72,74,,,,,,
100,I,s.,Hîjdău,Хыждэу,,75-77,75,77,,,,,,
100,I,s.,Bilăuţ (Beleuţi),Билэуц (Белеуцы),,78-80,78,80,,,,,,
100,I,s.,Sîngera (Başcani),Сынджера (Баскань),,81-83,81,83,,,,,,
100,I,s.,Cruglic,Круглик,,84-86,84,86,,,,,,
100,I,s.,Stăuceni,Стэучень,,87-89,87,89,,,,,,
100,I,s.,Poiana,Поляна,,90-92,90,92,,,,,,
100,I,s.,Grozniţa (Grozinţi),Грозница (Грозинць),,93-95,93,95,,,,,,
100,I,s.,Colincăuţi,Колинкэуць,,96-98,96,98,,,,,,
100,I,s.,Rjavinţi,Ржавинць,,99-103,99,103,,,,,,
100,I,s.,Balamutovca,Баламутовка,,104-106,104,106,,,,,,
100,I,s.,Perebicăuţi,Перебыковцы,,107-109,107,109,,,,,,
100,I,s.,Ruhotin,Рухотин,,110-112,110,112,,,,,,
100,I,s.,Bocicăuţi,Бочикэуць,,113-115,113,115,,,,,,
100,I,s.,Şilouţi,Шилоуцы,,116-118,116,118,,,,,,
100,I,s.,Malinţi,Малинцы,,119-121,119,121,,,,,,
100,I,s.,Clişcăuţi,Клишкэуцы,,124-126,124,126,,,,,,
100,II,s.,Zarojani,Зарожаны,,127-129,127,129,,,,,,
100,II,s.,Crestineşti,Крестинешты,,130-132,130,132,,,,,,
100,II,s.,Doljoc,Должок,,133-135,133,135,,,,,,
100,II,s.,Berestea,Берестя,,136-138,136,138,,,,,,
100,II,s.,Dinăuţi,Дынэуць,,139-141,139,141,,,,,,
100,II,s.,Săncăuţi,Сэнкэуць,,142-144,142,144,,,,,,
100,II,s.,Răchitna,Рэкитна,,145-147,145,147,,,,,,
100,,s.,Revcăuţi,Ревкэуць,,147a-149,147,149,,,,,,
100,II,s.,Stroieşti,Строешть,,150-152,150,152,,,,,,
100,II,s.,Marşeniţa,Маршеница,,153-155,153,155,,,,,,
100,II,s.,Tărăsăuţi,Тэрэсэуць,,156-158,156,158,,,,,,
100,II,s.,Văncicăuţi,Вэнчикэуць,,159-161,159,161,,,,,,
100,II,s.,Costiceni,Костичень,,162-164,162,164,,,,,,
100,II,s.,Şendreni,Шендрены,,165-167,165,167,,,,,,
100,II,s.,Şerbinţi,Шербинцы,,168-170,168,170,,,,,,
100,II,s.,Forostina,Форостина,,171-173,171,173,,,,,,
100,II,s.,Cerlina,Черлина,,174-176,174,176,,,,,,
100,II,s.,Cotelea,Котеля,,177-179,177,179,,,,,,
100,II,s.,Mălineşti,Мэлинешть,,180-182,180,182,,,,,,
100,II,s.,Şişcăuţi,Шишкэуци,,183-185,183,185,,,,,,
100,II,s.,Rîngaci,Рынгачь,,186-188,186,188,,,,,,
100,II,s.,Cîşla Salii,Кышла Салий,,189-192,189,192,,,,,,
100,II,s.,Drepcăuţi,Дрепкэуць,,193-195,193,195,,,,,,
100,II,s.,Cebrău,Чебрук,,196-198,196,198,,,,,,
100,II,s.,Criva,Крива,,199-201,199,201,,,,,,
100,II,s.,Mămăliga,Мамалыга,,202-204,202,204,,,,,,
100,II,s.,Negrinţi,Негринць,,205-207,205,207,,,,,,
100,II,s.,Stălineşti,Стэлинешть,,208-210,208,210,,,,,,
100,II,s.,Nesfoaea,Несфоая,,211-213,211,213,,,,,,
100,II,s.,Bălcăuţi,Бэлкэуць,,214-216,214,216,,,,,,
100,II,s.,Tolbureni,Толбурень,,217-219,217,219,,,,,,
100,II,s.,Coteala (Coteleu),Котяла (Котелеу),,220-222,220,222,,,,,,
100,II,s.,Hilovăţ (Beleavinţi),Хиловэц (Белявинць),,223-225,223,225,,,,,,
100,II,s.,Bălăsineşti,Бэлэсинешть,,226-228,226,228,,,,,,
100,II,s.,Pererîta,Перерыта,,229-231,229,231,,,,,,
100,II,s.,Şirăuţi,Ширэуцы,,232-234,232,234,,,,,,
100,II,s.,Hlina,Хлина,,235-237,235,237,,,,,,
100,II,s.,Larga,Ларга,,238-240,238,240,,,,,,
100,II,s.,Cîşla Zamjii,Кышла Замжий,,241-243,241,243,,,,,,
100,II,s.,Gruşoviţa,Грушовица,,244-246,244,246,,,,,,
100,II,s.,Babin,Бабин,,247-249,247,249,,,,,,
100,III,s.,Irstov (Restev),Ирстов (Рестев),,250-252,250,252,,,,,,
100,III,s.,Comarov,Комаров,,253-255,253,255,,,,,,
100,III,s.,Buzoviţa,Бузовица,,256-258,256,258,,,,,,
100,III,s.,Burdiug,Бурдюг,,259-261,259,261,,,,,,
100,III,s.,Vălcineţ,Вэлчинец,,262-264,262,264,,,,,,
100,III,s.,Nelipăuţi,Нелипэуць,,265-267,265,267,,,,,,
100,III,s.,Macareuca,Макареука,,268-270,268,270,,,,,,
100,III,s.,Nagoreni,Нагорены,,271-273,271,273,,,,,,
100,III,tîrgul,Briceni,Бричаны,,274-277,274,277,,,,,,
100,III,s.,Cotiujeni,Котюжены,,279-282,279,282,,,,,,
100,III,s.,Caracuşeni,Каракушень,,283-286,283,286,,,,,,
100,III,s.,Corjeuţi,Коржеуць,,287-291,287,291,,,,,,
100,III,s.,Trinca,Тринка,,292-294,292,294,,,,,,
100,III,s.,Feteşti,Фетешты,,295-298,295,298,,,,,,
100,III,s.,Burlăneşti,Бурлэнешты,,299-301,299,301,,,,,,
100,III,s.,Viişoara,Виишоара,,302-305,302,305,,,,,,
100,III,s.,Bădragi,Бэдраджь,,306-308,306,308,,,,,,
100,III,s.,Brînzeni,Брынзены,,309-312,309,312,,,,,,
100,III,s.,Gordineşti,Гординешть,,313-315,313,315,,,,,,
100,III,s.,Tîrnova,Тырново,,316-319,316,319,,,,,,
100,III,s.,Balcăuţi,Балкауцы,,320-322,320,322,,,,,,
100,III,s.,Colicăuţi,Колыкэуць,,323-325,323,325,,,,,,
100,III,s.,Tabani,Табань,,326-328,326,328,,,,,,
100,III,s.,Mărcăuţi,Мэркэуць,,329-332,329,332,,,,,,
100,III,s.,Hlina,Хлина,,333-336,333,336,,,,,,
100,III,s.,Rotunda,Ротунда,,337-339,337,339,,,,,,
100,III,s.,Hincăuţi,Хинкэуць,,340-342,340,342,,,,,,
100,III,s.,Cepeleuţi,Чепелеуць,,343-346,343,346,,,,,,
100,III,s.,Corestăuţi,Корестэуць,,347-349,347,349,,,,,,
100,III,s.,Hădărăuţi,Хэдэрэуць,,350-352,350,352,,,,,,
100,III,s.,Clocuşna,Клокушна,,353-356,353,356,,,,,,
100,III,s.,Gvăzdăuţi,Гвэздэуць,,357-360,357,360,,,,,,
100,III,s.,Mîndîcăuţi,Мындыкэуць,,361-363,361,363,,,,,,
100,III,s.,Bulboaca,Булбоака,,364-366,364,366,,,,,,
100,III,s.,Trebisăuţi,Требисэуць,,367-369,367,369,,,,,,
100,III,s.,Ianăuţi,Янэуцы,,370-372,370,372,,,,,,
100,III,s.,Selişte,Селиште,,373-375,373,375,,,,,,
100,IV,s.,Molodova,Молодова,,376-378,376,378,,,,,,
100,IV,s.,Cormani,Кормань,,379-381,379,381,,,,,,
100,IV,s.,Şebutinţi,Шебутинцы,,382-384,382,384,,,,,,
100,IV,s.,Culisăuca,Кулисэука,,385-387,385,387,,,,,,
100,IV,s.,Vitrianca,Витрянка,,388-390,388,390,,,,,,
100,IV,s.,Serbiceni,Сербичены,,391-393,391,393,,,,,,
100,IV,s.,Romîncăuţi,Роминкэуци,,394-396,394,396,,,,,,
100,IV,s.,Văscăuţi,Вэскэуць,,397-399,397,399,,,,,,
100,IV,s.,Grimăncăuţi,Гриманкэуць,,400-402,400,402,,,,,,
100,IV,s.,Rosoşeni,Росошени,,403-405,403,405,,,,,,
100,IV,s.,Noua Suliţă,Новосулица,,406-408,406,408,,,,,,
100,IV,s.,Cobîlceni,Кобылчены,,409-412,409,412,,,,,,
100,IV,s.,Secureni,Секурены,,413-415,413,415,,,,,,
100,IV,s.,Naslavcea,Наславча,,416-419,416,419,,,,,,
100,IV,s.,Voloşcova,Волошкова,,420-422,420,422,,,,,,
100,IV,s.,Vasileuţi,Василеуць,,423-426,423,426,,,,,,
100,IV,s.,Ojeva,Ожева,,427-429,427,429,,,,,,
100,IV,s.,Lomacinţi,Ломачинць,,430-432,430,432,,,,,,
100,IV,s.,Neporotova,Непоротова,,433-435,433,435,,,,,,
100,IV,s.,Mihalcovca,Михалковка,,436-438,436,438,,,,,,
100,IV,s.,Belousovca,Белоусовка,,439-441,439,441,,,,,,
100,IV,s.,Ocniţa,Окница,,442-444,442,444,,,,,,
100,IV,s.,Lipnic,Липник,,445-448,445,448,,,,,,
100,IV,s.,Bîrnova,Бырнова,,449-451,449,451,,,,,,
100,IV,s.,Mihălăşeni,Михэлэшень,,452-454,452,454,,,,,,
100,IV,s.,Grinăuţi,Гринэуць,,455-457,455,457,,,,,,
100,IV,s.,Bîrlădeni,Бырлэдень,,458-461,458,461,,,,,,
100,IV,s.,Paladea,Паладя,,462-464,462,464,,,,,,
100,IV,s.,Ruseni,Русени,,465-468,465,468,,,,,,
100,IV,s.,Edineţ,Единцы,,469-471,469,471,,,,,,
100,IV,s.,Cupcini,Купчинь,,472-475,472,475,,,,,,
100,IV,s.,Parcova,Парково,,476-478,476,478,,,,,,
100,IV,s.,Fîntîna Albă,Фынтына Албэ,,479-481,479,481,,,,,,
100,IV,s.,Rediul Mare,Редиул Маре,,482-484,482,484,,,,,,
100,IV,s.,Donduşeni,Дондюшаны,,485-487,485,487,,,,,,
100,IV,s.,Corbu,Корбу,,488-490,488,490,,,,,,
100,IV,s.,Dînjeni,Дынжень,,491-493,491,493,,,,,,
100,IV,s.,Horodişte,Городище,,494-496,494,496,,,,,,
100,IV,s.,Visoca,Высока,,497-500,497,500,,,,,,
100,V,s.,Tătăreuca Nouă,Новая Татарауца,,501-503,501,503,,,,,,
100,V,s.,Tătăreuca Veche,Старая Татарауца,,504-506,504,506,,,,,,
100,V,s.,Iarova,Ярова,,507-510,507,510,,,,,,
100,V,s.,Rudii de Jos,Рудий-де-Жос,,511-513,511,513,,,,,,
100,V,s.,Rudii de Sus,Рудий-де-Сус,,514-516,514,516,,,,,,
100,V,s.,Arioneşti,Арионешты,,517-520,517,520,,,,,,
100,V,s.,Calaraşovca,Каларашовка,,521-523,521,523,,,,,,
100,V,s.,Unguri,Унгуры,,524-526,524,526,,,,,,
100,V,s.,Sudarca,Сударка,,527-530,527,530,,,,,,
100,V,tîrgul,"Otaci (Ataci, Atachi)",Атаки,,531-534,531,534,,,,,,
100,V,s.,Lencăuţi,Ленкэуць,,535-538,535,538,,,,,,
100,V,s.,Gîrbova,Гырбова,,539-541,539,541,,,,,,
100,V,s.,Verejeni,Вережень,,542-544,542,544,,,,,,
100,V,s.,Cernoleuca,Чернолевка,,545-548,545,548,,,,,,
100,V,s.,Gorodici (Ţaul),Городичи (Цаул),,549-551,549,551,,,,,,
100,V,s.,Climăuţi,Климэуцы,,552-554,552,554,,,,,,
100,V,s.,Trestieni,Трестиень,,555-558,555,558,,,,,,
100,V,s.,Braicău,Брайкэу,,559-561,559,561,,,,,,
100,V,s.,Sauca,Саука,,562-565,562,565,,,,,,
100,V,s.,Codreni,Кодрены,,566-568,566,568,,,,,,
100,V,s.,Ianăuţi,Янэуцы,,569-571,569,571,,,,,,
100,V,s.,Grimăncăuţi,Гриманкэуць,,572-574,572,574,,,,,,
100,V,s.,Ruseni,Русени,,575-577,575,577,,,,,,
100,V,s.,Parcova,Парково,,578-580,578,580,,,,,,
100,V,s.,Visoca,Высока,,581-583,581,583,,,,,,
100,V,s.,Rudii de Sus,Рудий-де-Сус,,584-586,584,586,,,,,,
100,V,s.,Rudii de Jos,Рудий-де-Жос,,587-589,587,589,,,,,,
100,V,s.,Codreni,Кодрены,,590-592,590,592,,,,,,
100,V,s.,Corpaci,Корпач,,593-595,593,595,,,,,,
100,V,s.,Cepeleuţi,Чепелеуць,,596-598,596,598,,,,,,
100,V,s.,Blescenăuţi (Bleşinăuţi),Блещенэуць (Блешинэуць),,599-601,599,601,,,,,,
100,V,s.,Porciuleanca,Порчуленка,,602-605,602,605,,,,,,
100,V,s.,Terebna,Теребна,,606-608,606,608,,,,,,
100,V,s.,Pociumbăuţi,Почумбэуць,,609-611,609,611,,,,,,
100,V,s.,Pociumbeni,Почумбены,,612-614,612,614,,,,,,
100,V,s.,Stîngăceni,Стынгэчень,,615-617,615,617,,,,,,
100,V,s.,Horodişte,Городище,,618-620,618,620,,,,,,
100,V,s.,Văratic,Вэратик,,621-623,621,623,,,,,,
100,V,s.,Costeşti,Костешть,,624-626,624,626,,,,,,
100,V,s.,Cuconeşti,Куконешты,,627-629,627,629,,,,,,
101,I,or.,Hotin,Хотин,,1-80,1,80,,,,,,
101,,s.,Tărăsăuţi,Тэрэсэуць,,81v-82,81,82,,,,,,
101,,s.,Coteleu,Котелеу,,81v-82,81,82,,,,,,
101,,s.,Colincăuţi,Колинкэуць,,81v-82,81,82,,,,,,
101,,s.,Larga,Ларга,,81v-82,81,82,,,,,,
101,,s.,Medveja,Медвежа,,82v-83,82,83,,,,,,
101,,s.,Cotiujeni,Котюжены,,82v-83,82,83,,,,,,
101,,s.,Hilovăţ (Beleavinţi),Хиловэц (Белявинць),,83v-84,83,84,,,,,,
101,,tîrgul,Briceni,Бричаны,,83v-84,83,84,,,,,,
101,,s.,Grimăncăuţi,Гриманкэуць,,83v-84v,83,84,,,,,,
101,,s.,Tabani,Табань,,85v-86,85,86,,,,,,
101,,s.,Colicăuţi,Колыкэуць,,85v-86,85,86,,,,,,
101,,s.,Mărcăuţi,Мэркэуць,,86v-87,86,87,,,,,,
101,,s.,Bulboaca,Булбоака,,86v-87,86,87,,,,,,
101,,s.,Corestăuţi,Корестэуць,,86v-87,86,87,,,,,,
101,,s.,Rosoşani,Росошани,,86v-87,86,87,,,,,,
101,,s.,Noua Suliţă,Новосулица,,87v-88,87,88,,,,,,
101,,s.,Cepeleuţi,Чепелеуць,,87v-88,87,88,,,,,,
101,,s.,Hincăuţi,Хинкэуць,,88v-89,88,89,,,,,,
101,,s.,Rătunda,Рэтунда,,88v-89,88,89,,,,,,
101,,s.,Paladea,Паладя,,88v-89,88,89,,,,,,
101,,s.,Chelmineţi,Кельминец,,89v-90,89,90,,,,,,
101,,s.,Buzoviţa,Бузовица,,89v-90,89,90,,,,,,
101,,s.,Babin,Бабин,,89v-90,89,90,,,,,,
101,,s.,Corjeuţi,Коржеуць,,89v-90,89,90,,,,,,
101,,s.,Gordineşti,Гординешть,,90v-91,90,91,,,,,,
101,,s.,Trinca,Тринка,,90v-91,90,91,,,,,,
101,,tîrgul,Edineţ,Единцы,,90v-91,90,91,,,,,,
101,,s.,Tîrnova,Тырново,,90v-91,90,91,,,,,,
101,,s.,Bădragi,Бэдраджь,,91v-92,91,92,,,,,,
101,,s.,Burlăneşti,Бурлэнешты,,91v-92,91,92,,,,,,
101,,s.,Secureni,Секурены,,91v-92,91,92,,,,,,
101,,s.,Cobîlceni (Cobolcin),Кобыльчены,,91v-93v,91,93,,,,,,
101,,s.,Vasileuţi,Василеуць,,93v-94v,93,94,,,,,,
101,,s.,Belousovca,Белоусовка,,94v-95,94,95,,,,,,
101,,s.,Hădărăuţi,Хэдэрэуць,,94v-95v,94,95,,,,,,
101,,s.,Grinăuţi,Гринэуць,,95v-96,95,96,,,,,,
101,,s.,Mihălăşeni,Михэлэшень,,95v-96,95,96,,,,,,
101,,s.,Lomacinţi,Ломачинць,,95v-96,95,96,,,,,,
101,,s.,Ianăuţi,Янэуцы,,95v-96,95,96,,,,,,
101,,s.,Chelmineţi,Кельминец,,97v-98,97,98,,,,,,
101,,s.,Restev,Рестев,,97v-98v,97,98,,,,,,
101,,s.,Bordiug (Tolmaceia),Бордюг (Толмачия),,98v-99,98,99,,,,,,
101,,s.,Buzoviţa,Бузовица,,99v-100,99,100,,,,,,
101,,s.,Bîrlădeni,Бырлэдень,,99v-99v,99,99,,,,,,
101,,s.,Vasileuţi,Василеуць,,99v-100,99,100,,,,,,
101,,s.,Mihălăşeni,Михэлэшень,,100v-101,100,101,,,,,,
101,,tîegul,Secureni,Секурены,,100v-101,100,101,,,,,,
101,,s.,Colincăuţi,Колинкэуць,,100v-101,100,101,,,,,,
101,,s.,Hădărăuţi,Хэдэрэуць,,100v-101,100,101,,,,,,
101,,s.,Voloşcova,Волошкова,,100v-101,100,101,,,,,,
101,,s.,Bîrlădeni,Бырлэдень,,101v-102,101,102,,,,,,
101,,s.,Ocniţa,Окница,,101v-102,101,102,,,,,,
101,,s.,Buzoviţa,Бузовица,,101v-102,101,102,,,,,,
101,,s.,Bogdăneşti,Богдэнешть,,101v-102,101,102,,,,,,
101,,s.,Coteleu,Котелеу,,103v-104,103,104,,,,,,
101,,s.,Grimăncăţi,Гримэнкэуць,,103v-104,103,104,,,,,,
101,,s.,Caracuşeni,Каракушень,,103v-104,103,104,,,,,,
101,,tîrgul,Briceni,Бричаны,,105v-111,105,111,,,,,,
101,,s.,Trebiscăuţi,Требискэуць,,110v-111,110,111,,,,,,
101,,s.,Bulboaca,Булбоака,,110v-111,110,111,,,,,,
101,,s.,Corestăuţi,Корестэуць,,110v-111,110,111,,,,,,
101,,s.,Cepeleuţi,Чепелеуць,,111v-112,111,112,,,,,,
101,,s.,Paladea,Паладя,,111v-112,111,112,,,,,,
101,,tîrgul,Edineţ,Единцы,,111v-112,111,112,,,,,,
101,,tîrgul,Secureni,Секурены,,111v-112,111,112,,,,,,
101,,s.,Corjeuţi,Коржеуць,,111v-112,111,112,,,,,,
101,,s.,Grimăncăuţi,Гриманкэуць,,112v-113,112,113,,,,,,
101,,tîrgul,Briceni,Бричаны,,112v-113,112,113,,,,,,
101,,s.,Vălcineţ,Вэлчинец,,114v-115,114,115,,,,,,
101,,s.,Corestăuţi,Корестэуць,,114v-115,114,115,,,,,,
101,,s.,Corjeuţi,Коржеуць,,114v-115,114,115,,,,,,
101,,s.,Marşinţi,Маршинцы,,114v-115,114,115,,,,,,
101,,s.,Medveja,Медвежа,,116v-117,116,117,,,,,,
101,,s.,Ocniţa,Окница,,116v-117,116,117,,,,,,
101,,s.,Moldova,Молдова,,116v-117,116,117,,,,,,
101,,s.,Chelmineţi,Кельминец,,116v-117,116,117,,,,,,
101,,s.,Hincăuţi,Хинкэуць,,116v-117,116,117,,,,,,
101,,s.,Gruşoviţa,Грушовица,,117v-118,117,118,,,,,,
101,,s.,Rătunda,Рэтунда,,116v-117,116,117,,,,,,
101,,s.,Chelmineţi,Кельминец,,120v-121,120,121,,,,,,
101,,s.,Babin,Бабин,,120v-121,120,121,,,,,,
101,,s.,Buzoviţa,Бузовица,,121v-122,121,122,,,,,,
101,,s.,Restev,Рестев,,121v-123,121,123,,,,,,
101,,s.,Neporotovo,Непоротово,,122v-123,122,123,,,,,,
101,,s.,Comarova,Комарова,,122v-123,122,123,,,,,,
101,,s.,Moldova,Молдова,,123v-125,123,125,,,,,,
101,,s.,Comarova,Комарова,,125v-127,125,127,,,,,,
101,,s.,Cepeleuţi,Чепелеуць,,126v-127,126,127,,,,,,
101,,s.,Grimăncăuţi,Гриманкэуць,,126v-127,126,127,,,,,,
101,,s.,Corestăuţi,Корестэуць,,126v-127,126,127,,,,,,
101,,s.,Colicăuţi,Колыкэуць,,126v-127,126,127,,,,,,
101,,s.,Vălcineţ,Вэлчинец,,126v-127,126,127,,,,,,
101,,s.,Grinăuţi,Гринэуць,,127v-128,127,128,,,,,,
101,,s.,Belousovca,Белоусовка,,127v-128,127,128,,,,,,
101,,s.,Voloşcova,Волошкова,,127v-128,127,128,,,,,,
101,,s.,Holohoreni,Холохорень,,127v-128,127,128,,,,,,
101,,s.,Cobîlceni (Cobolcin),Кобыльчены,,127v-128,127,128,,,,,,
101,,s.,Rjavinţi,Ржавинць,,127v-128v,127,128,,,,,,
101,,s.,Gruşoviţa,Грушовица,,130v-131,130,131,,,,,,
101,,s.,Gordineşti,Гординешть,,130v-131,130,131,,,,,,
101,,s.,Slobozia Holohoreni,Слобозия Холохорень,,131v,131,131,,,,,,
101,,s.,Bădăraji,Бэдэраж,,132v-133,132,133,,,,,,
101,,s.,Tîrnova,Тырново,,132v-133,132,133,,,,,,
101,,s.,Burlăneşti,Бурлэнешты,,132v-133,132,133,,,,,,
101,,s.,Gordineşti,Гординешть,,132v-133,132,133,,,,,,
101,,s.,Chelmineţi,Кельминец,,134v-135,134,135,,,,,,
101,,s.,Noua Suliţă,Новосулица,,134v-135,134,135,,,,,,
101,,s.,Chelmineţi,Кельминец,,136v-137,136,137,,,,,,
101,,s.,Babin,Бабин,,136v-139,136,139,,,,,,
101,,s.,Gruşoviţa,Грушовица,,138v-140,138,140,,,,,,
101,,tîrgul,Noua Suliţă,Новосулица,,141v-142,141,142,,,,,,
101,,s.,Grimăncăuţi,Гриманкэуць,,141v-142,141,142,,,,,,
101,,tîrgul,Edineţ,Единцы,,141v-142,141,142,,,,,,
101,,s.,Bilăuţi (Beleuţi),Билэуць (Белеуцы),,141v-142,141,142,,,,,,
101,,s.,Capleuca,Каплеука,,141v-142,141,142,,,,,,
101,,s.,Nelipăuţi (Cosăuţi),Косэуць,,142v-143,142,143,,,,,,
101,,s.,Lencăuţi,Ленкэуць,,142v-143,142,143,,,,,,
101,,s.,Restev,Рестев,,142v-143,142,143,,,,,,
101,,s.,Romîncăuţi,Роминкэуци,,142v-143,142,143,,,,,,
101,,s.,Văscăuţi,Вэскэуць,,142v-143,142,143,,,,,,
101,,s.,Cormani,Кормань,,143v-144,143,144,,,,,,
101,,s.,Şebutinţi,Шебутинцы,,143v-144,143,144,,,,,,
101,,s.,Comarova,Комарова,,143v-144,143,144,,,,,,
101,,s.,Ianăuţi,Янэуцы,,143v-144,143,144,,,,,,
101,,tîrgul,Secureni,Секурены,,143v-145,143,145,,,,,,
101,,s.,Vasileuţi,Василеуць,,144v-145,144,145,,,,,,
101,II,s.,Vasileuţi,Василеуць,,147v-148,147,148,,,,,,
101,,s.,Darabani,Дарабань,,147v-148,147,148,,,,,,
101,,s.,Tabani,Табань,,149v-150,149,150,,,,,,
101,,s.,Cepeleuţi,Чепелеуць,,149v-150,149,150,,,,,,
101,,s.,Trebisăuţi,Требисэуць,,149v-150,149,150,,,,,,
101,,s.,Mărcăuţi,Мэркэуць,,149v-150,149,150,,,,,,
101,,s.,Bulboaca,Булбоака,,150v-151,150,151,,,,,,
101,,s.,Mihălăşeni,Михэлэшень,,150v-151,150,151,,,,,,
101,,s.,Grimăncăuţi,Гриманкэуць,,150v-151,150,151,,,,,,
101,,s.,Mărcăuţi,Мэркэуць,,151v-152,151,152,,,,,,
101,,s.,Lencăuţi,Ленкэуць,,153v-155,153,155,,,,,,
101,,s.,Cobolcin (Cobîlceni),Кобыльчены,,153v-155,153,155,,,,,,
101,,s.,Rosoşani,Росошани,,156v-157,156,157,,,,,,
101,,s.,Buzoviţa,Бузовица,,156v-157,156,157,,,,,,
101,,s.,Noua Suliţă,Новосулица,,156v-157,156,157,,,,,,
101,,s.,Nagoreni,Нагорены,,158v-159,158,159,,,,,,
101,,s.,Gruşoviţa,Грушовица,,158v-159,158,159,,,,,,
101,,s.,Babin,Бабин,,158v-159,158,159,,,,,,
101,,s.,Moşineţ,Мошинец,,160v-161,160,161,,,,,,
101,,tîrgul,Secureni,Секурены,,160v-161,160,161,,,,,,
101,,ss.,Restev (Irtsov),Рестев (Ирцов),,162v-163,162,163,,,,,,
101,,s.,Bîrlădeni,Бырлэдень,,162v-163,162,163,,,,,,
101,,s.,Bădragi,Бэдраджь,,162v-163,162,163,,,,,,
101,,s.,Hădărăuţi,Хэдэрэуць,,162v-163,162,163,,,,,,
101,,s.,Clocuşna,Клокушна,,163v-164,163,164,,,,,,
101,,s.,Chelmineţ,Кельминец,,165v-166,165,166,,,,,,
101,,s.,Varticăuţi,Вартикэуць,,165v-166,165,166,,,,,,
101,,s.,Moşineţ,Мошинец,,165v-166,165,166,,,,,,
101,,s.,Neporotova,Непоротова,,165v-167,165,167,,,,,,
101,,s.,Şebutinţi,Шебутинцы,,166v-167,166,167,,,,,,
101,,s.,Comarova,Комарова,,166v-168,166,168,,,,,,
101,,s.,Moldova,Молдова,,167v-168,167,168,,,,,,
101,,s.,Hincăuţi,Хинкэуць,,167v-168,167,168,,,,,,
101,,s.,Cepeleuţi,Чепелеуць,,168v-169,168,169,,,,,,
101,,tîrgul,Secureni,Секурены,,170v-171,170,171,,,,,,
101,,s.,Vasileuţi,Василеуць,,170v-171,170,171,,,,,,
101,,s.,Pencăuţi,Пенкэуць,,170v-171,170,171,,,,,,
101,,tîrgul,Noua Suliţă,Новосулица,,172v-175,172,175,,,,,,
101,,s.,Marşinţi,Маршинцы,,174v-176,174,176,,,,,,
101,,s.,Tărăsăuţi,Тэрэсэуць,,175v-176,175,176,,,,,,
101,,s.,Coteleu,Котелеу,,176v-177,176,177,,,,,,
101,,s.,Rîngaci,Рынгачь,,177v-178,177,178,,,,,,
101,,s.,Văncicăuţi,Вэнчикэуць,,178v-179,178,179,,,,,,
101,,s.,Revcăuţi,Ревкэуць,,178v-179,178,179,,,,,,
101,,s.,Răchitna,Рэкитна,,179v-181,179,181,,,,,,
101,,s.,Berestea,Берестя,,180v-182,180,182,,,,,,
101,,s.,Mălineşti,Мэлинешть,,181v-182,181,182,,,,,,
101,,s.,Cerlina Mare,Черлина Маре,,182v-183,182,183,,,,,,
101,,s.,Dinăuţi,Дынэуць,,182v-183,182,183,,,,,,
101,,s.,Grozinţi,Грозинць,,182v-184,182,184,,,,,,
101,,s.,Colicăuţi,Колыкэуць,,183v-186,183,186,,,,,,
101,,s.,Perebicăuţi,Перебыковцы,,186v-188,186,188,,,,,,
101,,s.,Balamutovca,Баламутовка,,187v-189,187,189,,,,,,
101,,s.,Şilouţi,Шилоуцы,,188v-190,188,190,,,,,,
101,,s.,Bocicăuţi,Бочикэуць,,189v-190,189,190,,,,,,
101,,s.,Malinţi,Малинцы,,190v-191,190,191,,,,,,
101,,s.,Doljoc,Должок,,190v-192,190,192,,,,,,
101,,s.,Clişcăuţi,Клишкэуцы,,191v-194,191,194,,,,,,
101,,s.,Crestineşti,Крестинешты,,193v-196,193,196,,,,,,
101,,s.,Nedibăuţi,Недибэуць,,195v-197,195,197,,,,,,
101,,s.,Zarojeni,Зарожены,,196v-197,196,197,,,,,,
101,,s.,Cepănoasa,Чепэноаса,,196v-197,196,197,,,,,,
101,,s.,Raşcov (Raşcu),Рашков (Раску),,197v-197v,197,197,,,,,,
101,,s.,Şirăuţi,Ширэуцы,,197v-199,197,199,,,,,,
101,,s.,Rucşin,Рукшин,,198v-199,198,199,,,,,,
101,,s.,Cruglic,Круглик,,198v-200,198,200,,,,,,
101,,s.,Stăuceni,Стэучень,,199v-201,199,201,,,,,,
101,,s.,Sînger (Başcani),Сынджер (Баскань),,200v-201,200,201,,,,,,
101,,s.,Forostna,Форостна,,201v-202,201,202,,,,,,
101,,s.,Şerbinţi,Шербинцы,,201v-202,201,202,,,,,,
101,,s.,Bilăuţ (Beleuţi),Билэуц (Белеуцы),,202v-203,202,203,,,,,,
101,,s.,Nesfoaia,Несфоая,,202v-204,202,204,,,,,,
101,,s.,Bălcăuţi,Бэлкэуць,,203v-204,203,204,,,,,,
101,,s.,Capleuca,Каплеука,,203v-205,203,205,,,,,,
101,,s.,Darabani,Дарабань,,204v-205,204,205,,,,,,
101,,s.,Anadol,Анадол,,204v-205,204,205,,,,,,
101,,s.,Şirăuţii de Jos,Ширэуций-де-Жос,,205v-206,205,206,,,,,,
101,,s.,Zalucea,Залучея,,205v-206,205,206,,,,,,
101,,s.,Drepcăuţi,Дрепкэуць,,205v-206,205,206,,,,,,
101,,s.,Cebrău,Чебрук,,206v-207,206,207,,,,,,
101,,s.,Criva,Крива,,206v-207,206,207,,,,,,
101,,s.,Cîşla Salii,Кышла Салий,,206v-208,206,208,,,,,,
101,,s.,Medveja,Медвежа,,207v-209,207,209,,,,,,
101,,s.,Cotiujeni,Котюжены,,208v-210,208,210,,,,,,
101,,s.,Coteala,Котяла,,209v-211,209,211,,,,,,
101,,s.,Larga,Ларга,,210v-212,210,212,,,,,,
101,,tîrgul,Edineţ,Единцы,,211v-214,211,214,,,,,,
101,,s.,Corjeuţi,Коржеуць,,213v-214,213,214,,,,,,
101,,s.,Grimeşti,Гримешть,,214v-215,214,215,,,,,,
101,,s.,Viişoara,Виишоара,,214v-215,214,215,,,,,,
101,,s.,Bogdăneşti,Богдэнешть,,214v-215,214,215,,,,,,
101,,s.,Halahoreni,Халахорень,,215v-216,215,216,,,,,,
101,,s.,Grimăncăuţi,Гриманкэуць,,215v-216,215,216,,,,,,
101,,s.,Hincăuţi,Хинкэуць,,215v-217,215,217,,,,,,
101,,s.,Colicăuţi,Колыкэуць,,216v-217,216,217,,,,,,
101,,s.,Corestăuţi,Корестэуць,,216v-217,216,217,,,,,,
101,,s.,Hlinaia,Глинная,,216v-217,216,217,,,,,,
101,,tîrgul,Secureni,Секурены,,217v-218,217,218,,,,,,
101,,s.,Belousovca,Белоусовка,,217v-219,217,219,,,,,,
101,,s.,Gvăzdăuţi,Гвэздэуць,,218v-219,218,219,,,,,,
101,,s.,Percăuţi,Перкауцы,,219v-220,219,220,,,,,,
101,,s.,Bădragi,Бэдраджь,,221v-224,221,224,,,,,,
101,,s.,Tîrnova,Тырново,,223v-225,223,225,,,,,,
101,,s.,Gordineşti,Гординешть,,224v-225,224,225,,,,,,
101,,tîrgul,Briceni,Бричаны,,224v-226,224,226,,,,,,
101,,s.,Tabani,Табань,,227v-229v,227,229,,,,,,
101,,s.,Mărcăuţi,Мэркэуць,,228v-229,228,229,,,,,,
101,,s.,Hincăuţi,Хинкэуць,,228v-229,228,229,,,,,,
101,,s.,Berlinţi,Берлинцы,,230v-231,230,231,,,,,,
101,,tîrgul,Briceni,Бричаны,,230v-231,230,231,,,,,,
101,,s.,Grozinţi,Грозинць,,230v-231,230,231,,,,,,
101,,s.,Vălcineţ,Вэлчинец,,232v-233,232,233,,,,,,
101,,s.,Lencăuţi,Ленкэуць,,232v-233,232,233,,,,,,
101,,s.,Bordiug (Talmaceia),Бордюг,,232v-233,232,233,,,,,,
101,,s.,Rosoşani,Росошани,,234v-235,234,235,,,,,,
101,,s.,Noua Suliţă,Новосулица,,234v-235,234,235,,,,,,
101,,s.,Chelmineţ,Кельминец,,234v-236,234,236,,,,,,
101,,s.,Buzoviţa,Бузовица,,235v-236,235,236,,,,,,
101,,s.,Grozinţi,Грозинць,,235v-236,235,236,,,,,,
101,,s.,Trestieni,Трестиень,,237v-238,237,238,,,,,,
101,,s.,Larga,Ларга,,238v-239,238,239,,,,,,
101,,s.,Rucşin,Рукшин,,238v-239,238,239,,,,,,
101,,s.,Gruşoviţa,Грушовица,,240v-241,240,241,,,,,,
101,,s.,Nagoreni,Нагорены,,240v-241,240,241,,,,,,
101,,s.,Chelmineţ,Кельминец,,242v-243,242,243,,,,,,
101,,s.,Grinăuţi,Гринэуць,,244v-245,244,245,,,,,,
101,,s.,Vasileuţi,Василеуць,,244v-245,244,245,,,,,,
101,,s.,Mihălăşeni,Михэлэшень,,244v-245,244,245,,,,,,
101,,s.,Clocuşna,Клокушна,,244v-245,244,245,,,,,,
101,,s.,Bogdăneşti,Богдэнешть,,244v-246,244,246,,,,,,
101,,s.,Viişoara,Виишоара,,245v-246,245,246,,,,,,
101,,s.,Grimeşti,Гримешть,,245v-247,245,247,,,,,,
101,,s.,Cobolcin (Cobîlceni),Кобыльчены,,248v-249,248,249,,,,,,
101,,s.,Mihălăşeni,Михэлэшень,,248v-249,248,249,,,,,,
101,,s.,Varticăuţi,Вартикэуць,,248v-249,248,249,,,,,,
101,,s.,Hincăuţi,Хинкэуць,,248v-249,248,249,,,,,,
101,,s.,Cîşla Negima,Кышла Негима,,248v-249,248,249,,,,,,
101,,s.,Comarova,Комарова,,248v-249,248,249,,,,,,
101,,s.,Neporotova,Непоротова,,248v-249,248,249,,,,,,
101,,s.,Bogdăneşti,Богдэнешть,,249v-250,249,250,,,,,,
101,,s.,Grimeşti,Гримешть,,249v-250,249,250,,,,,,
101,,s.,Capleuca,Каплеука,,249v-250,249,250,,,,,,
101,,s.,Clişcăuţi,Клишкэуцы,,250v-251,250,251,,,,,,
101,,s.,Bogdăneşti,Богдэнешть,,252v-253,252,253,,,,,,
101,,s.,Mihălăşeni,Михэлэшень,,252v-253,252,253,,,,,,
101,,s.,Varticăuţi,Вартикэуць,,252v-253,252,253,,,,,,
101,,s.,Comarova,Комарова,,252v-253,252,253,,,,,,
101,,s.,Gruşoviţa,Грушовица,,252v-253,252,253,,,,,,
101,,s.,Văncicăuţi,Вэнчикэуць,,254v-255,254,255,,,,,,
101,,s.,Marşinţi,Маршинцы,,254v-255,254,255,,,,,,
101,,s.,Tărăsăuţi,Тэрэсэуць,,254v-255,254,255,,,,,,
101,,s.,Dinăuţi,Дынэуць,,254v-255,254,255,,,,,,
101,,s.,Gordeuţi (Gordinţi),Гордэуць (Гординц),,255v-256,255,256,,,,,,
101,,s.,Cotiujeni,Котюжены,,255v-256,255,256,,,,,,
101,,s.,Şirăuţii de Jos,Ширэуций-де-Жос,,255v-256,255,256,,,,,,
101,,s.,Slobozia Trestieni,Слобозия Трестень,,255v-256,255,256,,,,,,
101,,s.,Cepeleuţi,Чепелеуць,,256v-257,256,257,,,,,,
101,,s.,Bulboaca,Булбоака,,256v-257,256,257,,,,,,
101,,s.,Hincăuţi,Хинкэуць,,256v-257,256,257,,,,,,
101,,s.,Mărcăuţi,Мэркэуць,,256v-257,256,257,,,,,,
101,,s.,Paladia,Паладия,,257v-258,257,258,,,,,,
101,,s.,Grimăncăuţi,Гриманкэуць,,257v-258,257,258,,,,,,
101,,s.,Rosoşani,Росошани,,257v-258,257,258,,,,,,
101,,s.,Vasileuţi,Василеуць,,257v-258,257,258,,,,,,
101,,s.,Văscăuţi,Вэскэуць,,257v-258,257,258,,,,,,
101,,s.,Gruşoviţa,Грушовица,,258v-259,258,259,,,,,,
101,,s.,Bîrlădeni,Бырлэдень,,258v-259,258,259,,,,,,
101,,s.,Bulboaca,Булбоака,,260v-261,260,261,,,,,,
101,,s.,Chelmineţ,Кельминец,,262v-263,262,263,,,,,,
101,,s.,Bîrlădeni,Бырлэдень,,264v-265,264,265,,,,,,
101,,s.,Ocniţa,Окница,,264v-265,264,265,,,,,,
101,,s.,Comarova,Комарова,,266v-267,266,267,,,,,,
101,,s.,Gruşoviţa,Грушовица,,268v-269,268,269,,,,,,
101,,s.,Comarova,Комарова,,268v-269,268,269,,,,,,
101,,tîrgul,Briceni,Бричаны,,270v-271,270,271,,,,,,
101,,tîrgul,Lipcani,Липканы,,272v-273,272,273,,,,,,
101,,tîrgul,Noua Suliţă,Новосулица,,272v-274,272,274,,,,,,
101,,tîrgul,Briceni,Бричаны,,275v-276,275,276,,,,,,
101,,tîrgul,Lipcani,Липканы,,277v-278,277,278,,,,,,
101,,tîrgul,Briceni,Бричаны,,277v-278,277,278,,,,,,
101,,tîrgul,Lipcani,Липканы,,279v-281,279,281,,,,,,
101,,tîrgul,Noua Suliţă,Новосулица,,282v-283,282,283,,,,,,
101,,tîrgul,Lipcani,Липканы,,284v-285,284,285,,,,,,
101,,tîrgul,Lipcani,Липканы,,286v-287,286,287,,,,,,
101,,tîrgul,Noua Suliţă,Новосулица,,286v-289,286,289,,,,,,
101,,tîrgul,Lipcani,Липканы,,290v-291,290,291,,,,,,
102,I,s.,Limbeni,Лимбень,Iaşi,1-35v,1,35,,,,,,
102,I,s.,Mînzăteşti,Мынзэтешть,Iaşi,36-74v,36,74,,,,,58,https://www.familysearch.org/ark:/61903/3:1:3QS7-893Y-TS9L?i=57&cc=1985804&wc=M6C1-VP8%3A264175701%2C264722601%2C265104201
102,I,s.,Medeleni,Меделень,Iaşi,75-86v,75,86,,,,,,
102,I,s.,Mănoileşti,Мэноилешть,Iaşi,87-105v,87,105,,,,,,
102,I,s.,Micleuşeni,Миклеушень,Iaşi,106-112v,106,112,,,,,,
102,II,s.,Musteaţa,Мустяца,Iaşi,113-136,113,136,,,,,,
102,II,s.,Mălăieşti,Мэлэешть,Iaşi,137-158,137,158,,,,,,
102,II,s.,Măgurele,Мэгуреле,Iaşi,159-176,159,176,,,,,,
102,II,s.,Mirceşti,Мирчешть,Iaşi,177-210v,177,210,,,,,,
102,II,s.,Măgura,Мэгура,Iaşi,211-235v,211,235,,,,,,
102,III,s.,Mîndreşti,Мындрешть,Iaşi,236-287,236,287,,,,,,
102,III,s.,Năvîrneţ,Навырнец,Iaşi,288-322v,288,322,,,,,471,https://www.familysearch.org/ark:/61903/3:1:3QS7-893Y-RP2L?i=470&cc=1985804&wc=M6C1-VP8%3A264175701%2C264722601%2C265104201
102,III,s.,Năpădeni,Напэдены,Iaşi,323-359,323,359,,,,,,
102,IV,s.,Obreja,Обря,Iaşi,360-392v,360,392,,,,,,
102,IV,s.,Odaia-Pravila de Jos,Одая-Правила-де-Жос,Iaşi,393-405v,393,405,,,,,,
102,IV,s.,Petreşti,Петрешты,Iaşi,406-431v,406,431,,,,,,
102,IV,s.,Pîrliţa,Пырлица,Iaşi,432-492v,432,492,,,,,,
102,V,s.,Petruşeni,Петрушены,Iaşi,493-513,493,513,,,,,,
102,V,s.,Dămăşcani,Дэмэшкань,Iaşi,514-515,514,515,,,,,,
102,V,s.,Pînzăreni,Пынзэрень,Iaşi,517-543,517,543,,,,,,
102,V,s.,Pietrosu,Пьетросу,Iaşi,544-560v,544,560,,,,,,
102,V,s.,Pîrjota,Пыржота,Iaşi,561-572v,561,572,,,,,,
102,V,s.,Poporniţa,Попорница,Iaşi,573-584v,573,584,,,,,,
102,V,s.,Alexăndrenii de pe Prut,Александрений де пе Прут,Iaşi,585-592,585,592,,,,,,
102,V,s.,Pelinia,Пелиния,Iaşi,593-596,593,596,,,,,,
102,VI,s.,Pelinia,Пелиния,Iaşi,597-633v,597,633,,,,,,
102,VI,s.,Pociumbeni,Почумбены,Hotin,634-636,634,636,,,,,,
102,VI,s.,Pociumbăuţi,Почумбэуць,Hotin,637-649,637,649,,,,,,
102,VI,s.,Pociumbeni,Почумбены,Hotin,650-659,650,659,,,,,,
102,VI,s.,Parcova,Парково,Hotin,660-684,660,684,,,,,,
102,VI,s.,Porciuleanca,Порчуленка,Hotin,685-709,685,709,,,,,,
103,I,s.,Gherman,Герман,,1-16,1,16,,,,,,
103,I,s.,Glodeni,Глодень,,17-61,17,61,,,,,27,https://www.familysearch.org/ark:/61903/3:1:3QSQ-G93Y-RSJN?i=26&cc=1985804&wc=M6C1-2M9%3A264175701%2C264722601%2C265110001
103,I,s.,Gălăşeni,Гэлэшень,,63-99,63,99,,,,,,
103,I,s.,Heciul Nou,Хециул-Ноу,,100-148,100,148,,,,,,
103,I,s.,Heciul Vechi,Хециул-Векь,,149-172,149,172,,,,,,
103,II,s.,Hăsnaşenii de Jos,Хэснашений-де-Жос,,173-183,173,183,,,,,,
103,II,s.,Hînceşti,Хынчешты,,184-210,184,210,,,,,,
103,II,s.,Glingeni,Глинджень,,211-244,211,244,,,,,,
103,II,s.,Hăreşti (Goreşti),Горешты,,245-263,245,263,,,,,,
103,II,s.,Groseni,Гросень,,264-278,264,278,,,,,,
103,II,s.,Ghiliceni,Гилиčень,,279-301,279,301,,,,,,
103,II,s.,Harbuţcani,Харбуцкань,,302-311,302,311,,,,,,
103,III,s.,Dănuţeni,Дэнуцень,,312-367,312,367,,,,,,
103,III,s.,Drujineni,Дружинены,,368-379,368,379,,,,,,
103,III,s.,Duşmani,Душмань,,380-402,380,402,,,,,,
103,III,s.,Duruitoarea,Друитоаря,,403-424,403,424,,,,,,
103,III,s.,Dumbrăviţa,Думбравица,,425-457,425,457,,,,,,
103,IV,s.,Danu (Danul ),Дану (Данул),,458-482,458,482,,,,,,
103,IV,s.,Horodiştea de Jos (Gorodişce),Городиштя-де-Жос (Городище),,483-502,483,502,,,,,,
103,IV,s.,Dumeni,Думень,,503-535,503,535,,,,,,
104,,s.,Avrămeni,Аврэмень,,1-2,1,2,,,,,,
104,,s.,Bumbăra,Бумбэра,,3-6,3,6,,,,,,
104,,s.,Buteştii lui Staver,Бутештий-луй-Ставер,,7-8,7,8,,,,,,
104,,s.,Buteşti Velicico,Бутешты Величико,,9-11,9,11,,,,,,
104,,s.,Beşeni,Бешены,,12-13,12,13,,,,,,
104,,s.,Biliceni,Биличены,,14-15,14,15,,,,,,
104,,s.,Balatina (Balatino),Балатина (Болотино),,16-17,16,17,,,,,,
104,,s.,Buciumeni,Бучумены,,18-20,18,20,,,,,,
104,,s.,Bobletici,Боблетичь,,21-22,21,22,,,,,,
104,,s.,Burghelea,Бургеля,,23-24,23,24,,,,,,
104,,s.,Burghelea Soci,Бургеля Сочь,,25-26,25,26,,,,,,
104,,s.,Bahmut,Бахмут,,27-28,27,28,,,,,,
104,,s.,Vadul Ţării de Sus (Vadul Ţîrii) de Sus,Вадул Цэрий де Сус (Вадул Цырий) де Сус,,29-33,29,33,,,,,,
104,,s.,Vadul Ţării de Jos (Vadul Ţîrii) de Jos,Вадул Цэрий де Жос (Вадул Цырий) де Жос,,34-45,34,45,,,,,,
105,,cătunul,Hîjdieni,Хыждень,,1-2,1,2,,,,,,
105,,s.,Dumbrăveni (Rădoaia),Думбравень (Радоая),,3-5,3,5,,,,,,
105,,s.,Dumbrăviţa,Думбравица,,6-14,6,14,,,,,,
105,,s.,Duruitoarea,Друитоаря,,15-19,15,19,,,,,,
105,,s.,Dărcăuţi,Дэркэуць,,20-31,20,31,,,,,,
105,,s.,Dănuţeni,Дэнуцень,,33-35,33,35,,,,,,
105,,s.,Drăgăneşti,Драганешты,,36-38,36,38,,,,,,
105,,s.,Domulugeni,Домулужены,,39-43,39,43,,,,,,
105,,s.,Dubna,Дубна,,44-45,44,45,,,,,,
105,,s.,Drochia,Дрокия,,48-49,48,49,,,,,,
105,,s.,Odaia Şureli,Одая-Шурель,,50-51,50,51,,,,,,
105,,s.,Danu (Danul),Дану (Данул),,52-54,52,54,,,,,,
105,,s.,Japca,Жапка,,56-59,56,59,,,,,,
105,,s.,Zăluceni,Залучени,,60-61,60,61,,,,,,
105,,s.,Zahorna,Загорна,,62-63,62,63,,,,,,
105,,s.,Zastînca,Застынка,,65-66,65,66,,,,,,
105,,s.,Zăhăicani,Захайкани,,67-69,67,69,,,,,,
105,,s.,Zgărdeşti,Згардешты,,70-73,70,73,,,,,,
105,,s.,Ineşti,Инешты,,74-76,74,76,,,,,,
105,,s.,Izvoare,Извоаре,,77-78,77,78,,,,,,
105,,s.,Cremenciug,Кременчуг,,79-98,79,98,,,,,,
105,,s.,Cosăuţi,Косэуцы,,99-103,99,103,,,,,,
106,,s.,Golieşti (Gălileşti) (Odaia Păgubeni),Голиешть (Гэлилешть) (Одая Пэгубень),,1-22,1,22,,,,,,
106,,s.,"Holoşniţa (Goloşniţa, Volovcineţ)","Холошница (Голошница, Воловчинец)",,23-47,23,47,,,,,,
106,,s.,Ghindeşti,Гиндешть,,48-53,48,53,,,,,,
106,,s.,Gîrbova,Гырбова,,54-72,54,72,,,,,,
106,,s.,Grinăuţii de Jos,Гринэуций де Жос,,73-93,73,93,,,,,,
106,,s.,Ţaul (Gorodici),Цауль (Городичи),,94-114,94,114,,,,,,
107,I,s.,Ghindeşti,Гиндешть,Iaşi,1-12,1,12,,,,,,
107,I,s.,Hîrtop,Хыртоп,Iaşi,13-31,13,31,,,,,,
107,I,s.,Gura Camencii,Гура-Каменчий,Iaşi,32-46,32,46,,,,,,
107,I,s.,Gura Căinarului  (Gura Căinari),Гура-Кэинарулуй (Гура-Кэинарь),Iaşi,47-69,47,69,,,,,,
107,I,s.,Ghizdita,Гиздица,Iaşi,70-110,70,110,,,,,,
107,I,s.,Hăsnăşenii de Sus (Odaia Hăsnăşeni),Хэснэшений-де-Сус (Одая-Хэснэшень),Iaşi,111-113,111,113,,,,,189,https://www.familysearch.org/ark:/61903/3:1:3QS7-893Y-YYXX?i=188&cc=1985804&wc=M6C1-2TL%3A264175701%2C264722601%2C265114001
107,II,s.,Asnăşeni (Hăsnăşeni),Аснэшень (Хэснэшень),Iaşi,114-147,114,147,,,,,194,https://www.familysearch.org/ark:/61903/3:1:3QS7-893Y-YY6W?i=193&cc=1985804&wc=M6C1-2TL%3A264175701%2C264722601%2C265114001
107,II,s.,Drăgăneşti,Драганешты,Iaşi,148-179,148,179,,,,,,
107,II,s.,Dărcăuţi,Дэркэуць,Iaşi,180-199,180,199,,,,,,
107,II,s.,Domulugeni,Домулужены,Iaşi,200-222,200,222,,,,,,
107,III,s.,Dubna,Дубна,Iaşi,223-243,223,243,,,,,,
107,III,s.,Drochia,Дрокия,Iaşi,244-245,244,245,,,,,,
107,III,s.,Drochia şi cătunul Şurile,Дрокия и хутор Шуриле,Iaşi,246-275,246,275,,,,,,
107,III,s.,Horodişte,Городище,Hotin,276-278,276,278,,,,,,
107,III,s.,Horodiştea de Jos,Городиштя-де-Жос,Hotin,279-295,279,295,,,,,,
107,III,s.,Dîngenii de Sus,Дынжений-де-Сус,Hotin,296-301,296,301,,,,,,
107,III,s.,Donduşeni,Дондюшаны,Hotin,302-322,302,322,,,,,,
107,III,s.,Dîngenii de Jos,Дынжений-де-Жос,Hotin,323-338,323,338,,,,,,
108,I,s.,Sculeni,Скуляны,,1-4,1,4,,,,,,
108,I,s.,Gherman,Герман,,5-8,5,8,,,,,,
108,I,s.,Dănuţeni,Дэнуцень,,9-12,9,12,,,,,,
108,I,s.,Blindeşti,Блиндешть,,13-16,13,16,,,,,,
108,I,s.,Taxobeni,Таксобень,,17-20,17,20,,,,,,
108,I,s.,Vrăneşti,Врэнешты,,21-23,21,23,,,,,,
108,I,s.,Unteni,Унтень,,24-26,24,26,,,,,,
108,I,s.,Mirceni (Hăreşti),Мирчень (Хэрешть),,27-29,27,29,,,,,,
108,I,s.,Iugani (Alexăndreni),Юганы (Алексэндрень),,30-32,30,32,,,,,,
108,I,s.,Valea Rusului,Валя-Русулуй,,33-36,33,36,,,,,,
108,I,s.,Coiuceni (Coiceni),Коюческы (Койчены),,37-40,37,40,,,,,,
108,I,s.,Cetireni,Четиряны,,41-45,41,45,,,,,,
108,I,s.,Unţeşti,Унцешты,,46-48,46,48,,,,,,
108,I,s.,Floriţoaia,Флорицоая,,49-51,49,51,,,,,,
108,I,s.,Mănoileşti,Мэноилешть,,52-54,52,54,,,,,,
108,I,s.,Vulpeşti,Вулпешты,,55-58,55,58,,,,,,
108,I,s.,Rădeni,Рэдень,,59-62,59,62,,,,,,
108,I,s.,Bahmut,Бахмут,,63-65,63,65,,,,,,
108,I,s.,Condrăteşti,Кондрэтешть,,66-69,66,69,,,,,,
108,I,s.,Hîrceşti,Хырчешты,,70-72,70,72,,,,,,
108,I,s.,Mînzăteşti,Мынзэтешть,,73-75,73,75,,,,,,
108,I,s.,Sineşti,Синешты,,76-79,76,79,,,,,,
108,I,s.,Bogheni,Богень,,80-82,80,82,,,,,,
108,I,s.,Mirceşti,Мирчешть,,83-86,83,86,,,,,,
108,I,s.,Bumbăta,Бумбэта,,87-90,87,90,,,,,,
108,I,s.,Corneşti,Корнешть,,91-94,91,94,,,,,,
108,I,s.,Teşcureni,Тешкурень,,95-97,95,97,,,,,,
108,I,s.,Măgura,Мэгура,,98-101,98,101,,,,,,
108,II,s.,Măgurele,Мэгуреле,,102-104,102,104,,,,,,
108,II,s.,Soci,Сочь,,105-108,105,108,,,,,,
108,II,tîrgul,Făleşti,Фалешты,,109-112,109,112,,,,,,
108,II,s.,Oişeni (Musteaţa),Ойшены (Мустяца),,113-116,113,116,,,,,,
108,II,s.,Risipeni,Рисипень,,117-120,117,120,,,,,,
108,II,s.,Izvoare,Извоаре,,121-123,121,123,,,,,,
108,II,s.,Scumpia,Скумпия,,124-127,124,127,,,,,,
108,II,s.,Sărata,Сэрата,,128-131,128,131,,,,,,
108,II,s.,Şoltoaia,Шолтоая,,132-134,132,134,,,,,,
108,II,s.,Stîngineni,Стынджинень,,135-138,135,138,,,,,,
108,II,s.,Stolniceni,Стольничень,,139-142,139,142,,,,,,
108,II,s.,Floreşti,Флорешты,,142-145,142,145,,,,,,
108,II,s.,Buciumeni,Бучумены,,146-148,146,148,,,,,,
108,II,s.,Todireşti,Тодирешты,,149-152,149,152,,,,,,
108,II,s.,Pîrliţa (Pîrliţi),Пырлица (Пырлиць),,153-156,153,156,,,,,,
108,II,s.,Iezăreni,Езэрены,,157-160,157,160,,,,,,
108,II,s.,Coşcodeni,Кошкодены,,161-163,161,163,,,,,,
108,II,s.,Dumbrăviţa,Думбравица,,164-167,164,167,,,,,,
108,II,s.,Bobletici,Боблетичь,,168-171,168,171,,,,,,
108,II,s.,Bursuceni,Бурсучень,,172-174,172,174,,,,,,
108,II,s.,Cozeşti,Козешты,,175-177,175,177,,,,,,
108,II,s.,Zgărdeşti,Згардешты,,178-181,178,181,,,,,,
108,II,s.,Ghiliceni,Гилиčень,,182-185,182,185,,,,,,
108,II,s.,Cucioaia,Кучоая,,186-189,186,189,,,,,,
108,II,s.,Beşeni,Бешены,,190-193,190,193,,,,,,
108,II,s.,Ciulucani,Чулуканы,,194-197,194,197,,,,,,
108,II,s.,Mîndreşti,Мындрешть,,198-201,198,201,,,,,,
108,III,s.,Mihălaşa,Михэлаша,,202-204,202,204,,,,,,
108,III,tîrgul,Teleneşti,Теленешть,,205-209,205,209,,,,,,
108,III,s.,Negureni,Негурень,,210-212,210,212,,,,,,
108,III,s.,Verejenii de Jos,Вережений-де-Жос,,213-216,213,216,,,,,,
108,III,s.,Verejenii de Sus,Вережений-де-Сус,,217-219,217,219,,,,,,
108,III,s.,Chiţcani,Кицканы,,220-223,220,223,,,,,,
108,III,s.,Căzăneşti,Кэзэнешты,,224-226,224,226,,,,,,
108,III,s.,Brînzeni,Брынзены,,227-229,227,229,,,,,,
108,III,s.,Vadul-Leca,Вадул-Лека,,230-232,230,232,,,,,,
108,III,s.,Ordăşei,Ордэшей,,233-235,233,235,,,,,,
108,III,s.,Domulugeni,Домулужены,,236-238,236,238,,,,,,
108,III,s.,Ciutuleşti,Чутулешты,,239-242,239,242,,,,,,
108,III,s.,Băneşti,Бэнешть,,243-245,243,245,,,,,,
108,III,s.,Teleneştii Vechi,Теленештий Векь,,246-249,246,249,,,,,,
108,III,s.,Ineşti,Инешты,,250-252,250,252,,,,,,
108,III,s.,Rogojeni,Рогожень,,253-255,253,255,,,,,,
108,III,s.,Drăgăneşti,Драганешты,,256-259,256,259,,,,,,
108,III,s.,Stîngerei,Стынджерей,,260-263,260,263,,,,,,
108,III,s.,Pepeni,Пепень,,264-266,264,266,,,,,,
108,III,s.,Răzălăi,Рэзэлэй,,267-269,267,269,,,,,,
108,III,s.,Bălăşeşti,Бэлэшешть,,270-272,270,272,,,,,,
108,III,s.,Copăceni,Копэчень,,273-275,273,275,,,,,,
108,III,s.,Cotiujenii Noi,Котюжений Ной,,276-278,276,278,,,,,,
108,III,s.,Heciul Nou,Хециул-Ноу,,279-282,279,282,,,,,,
108,III,s.,Heciul Vechi,Хециул-Векь,,283-285,283,285,,,,,,
108,III,s.,Ţipleşti,Циплешты,,286-288,286,288,,,,,,
108,III,s.,Pravila (Prajila),Правила (Пражила),,289-292,289,292,,,,,,
108,III,s.,Stîrceni,Стырчень,,293-295,293,295,,,,,,
108,III,s.,Cenuşa (Borodniceni),Ченуша (Бородничень),,296-298,296,298,,,,,,
108,III,s.,Prepeliţa,Препелица,,299-301,299,301,,,,,,
108,IV,s.,Albineţ,Альбинец,,302-305,302,305,,,,,,
108,IV,s.,Pînzăreni,Пынзэрень,,306-308,306,308,,,,,,
108,IV,s.,Obreja,Обря,,309-311,309,311,,,,,,
108,IV,s.,Limbeni,Лимбень,,312-314,312,314,,,,,,
108,IV,s.,Ustia,Устия,,315-317,315,317,,,,,,
108,IV,s.,Ciuciulea,Чучулея,,318-320,318,320,,,,,,
108,IV,s.,Cuhneşti,Кухнешты,,321-323,321,323,,,,,,
108,IV,s.,Bisericanii de Cîmp,Бисериканий-де-Кымп,,324-326,324,326,,,,,,
108,IV,s.,Bisericanii de Luncă,Бисериканий-де-Лункэ,,327-329,327,329,,,,,,
108,IV,s.,Chilia (Juleşti),Килия (Жулешты),,330-332,330,332,,,,,,
108,IV,s.,Chetriş (Petriş),Кетриш (Петриш),,333-335,333,335,,,,,,
108,IV,s.,Călineşti,Кэлинешты,,336-338,336,338,,,,,,
108,IV,s.,Hînceşti,Хынчешты,,339-341,339,341,,,,,,
108,IV,s.,Drujineni,Дружинены,,342-344,342,344,,,,,,
108,IV,s.,Năvîrneţ,Навырнец,,345-347,345,347,,,,,,
108,IV,s.,Gălăşeni,Гэлэшень,,348-351,348,351,,,,,,
108,IV,s.,Glodeni,Глодень,,352-355,352,355,,,,,,
108,IV,s.,Camenca,Каменка,,356-358,356,358,,,,,,
108,IV,s.,Cucuieţi,Кукуецы,,359-361,359,361,,,,,,
108,IV,s.,Zăhăicani,Захайкани,,362-365,362,365,,,,,,
108,IV,s.,Hiliuţi,Хилюць,,366-368,366,368,,,,,,
108,IV,s.,Mălăieşti,Мэлэешть,,369-371,369,371,,,,,,
108,IV,s.,Petruşeni,Петрушены,,372-375,372,375,,,,,,
108,IV,s.,Duruitoarea,Друитоаря,,376-378,376,378,,,,,,
108,IV,s.,Brăneşti,Брэнешты,,379-381,379,381,,,,,,
108,IV,s.,Vasileuţi,Василеуць,,382-384,382,384,,,,,,
108,IV,s.,Balatina (Bolotino),Балатина (Болотино),,385-388,385,388,,,,,,
108,IV,s.,Cobani (Cubani),Кобаны,,389-392,389,392,,,,,,
108,IV,s.,Buteşti,Бутешты,,393-395,393,395,,,,,,
108,IV,s.,Duşmani,Душмань,,396-399,396,399,,,,,,
108,IV,s.,Căpreşti,Кэпрешты,,400-402,400,402,,,,,,
108,IV,s.,Petreşti,Петрешты,,403-405,403,405,,,,,,
109,,or.,Soroca,Сорока,,1-112,1,112,,,,,,
110,I,s.,Todireşti,Тодирешты,Iaşi,1-23,1,23,,,,,,
110,I,s.,Taxobeni,Таксобень,Iaşi,24-34,24,34,,,,,,
110,I,s.,Teşcureni,Тешкурень,Iaşi,35-53,35,53,,,,,,
110,I,s.,Tomeştii Vechi,Томештий Вехь,Iaşi,54-56,54,56,,,,,,
110,I,s.,Tomeşti,Томешты,Iaşi,57-82,57,82,,,,,,
110,I,s.,Tomeşti Rezeşi,Томешты Резешь,Iaşi,83-96,83,96,,,,,,
110,I,s.,Ungheni,Унгень,Iaşi,97-106,97,106,,,,,,
110,I,s.,Unţeşti,Унцешты,Iaşi,107-141,107,141,,,,,,
110,II,s.,Ustia,Устия,Iaşi,142-175,142,175,,,,,,
110,II,s.,Unteni,Унтень,Iaşi,176-188,176,188,,,,,,
110,II,s.,Floriţoaia,Флорицоая,Iaşi,189-199,189,199,,,,,,
110,II,s.,Frăsineni,Фрэсинень,Iaşi,200-237,200,237,,,,,,
110,III,tîrgul,Făleşti,Фалешты,Iaşi,238-439,238,439,,,,,,
110,IV,s.,Flămînzeni,Флэмынзень,Iaşi,440-465,440,465,,,,,,
110,IV,s.,Floreşti,Флорешты,Iaşi,466-486,466,486,,,,,,
110,IV,s.,Hînceşti,Хынчешты,Iaşi,487-509,487,509,,,,,,
110,IV,s.,Hiliuţi,Хилюць,Iaşi,510-523,510,523,,,,,,
110,IV,,Ţipleteşti (Ţîpleţeşti),Циплетешты (Цыплецешты),Iaşi,7-548,7,548,,,,,14,https://www.familysearch.org/ark:/61903/3:1:3QS7-893Y-Y99L-5?i=13&cc=1985804&wc=M6C1-LZ9%3A264175701%2C264722601%2C265118701
110,,moşia,Floceni,Флочень,,524-526,524,526,,,,,,
110,,moşia,Coşeno-Floceni,Кошено-Флочены,,527-536,527,536,,,,,,
110,IV,s.,Cetireni,Четиряны,Iaşi,549-580,549,580,,,,,,
110,V,s.,Cioropcani,Чоропкань,Iaşi,581-592,581,592,,,,,,
110,V,s.,Ciuciulea,Чучулея,Iaşi,593-623,593,623,,,,,,
110,V,s.,Odaia Ciuciuieni,Одая-Чучуень,Iaşi,624-649,624,649,,,,,,
110,V,s.,Ciulucani,Чулуканы,Iaşi,650-667,650,667,,,,,,
110,V,s.,Şoltoaia,Шолтоая,Iaşi,668-685,668,685,,,,,,
110,V,s.,Tiurta,Тюрта,Iaşi,686-691,686,691,,,,,,
110,V,s.,Terebna,Теребна,Iaşi,692-719,692,719,,,,,,
110,V,s.,Fîntîna Albă,Фынтына Албэ,Iaşi,720-733,720,733,,,,,,
111,,s.,Hîrceşti,Хырчешты,Iaşi,1-2,1,2,,,,,,
111,,s.,Golieşti (Odaia Păgubeni),Голиешть (Одая Пэгубень),Iaşi,3-6,3,6,,,,,,
111,,s.,Heciul Nou,Хециул-Ноу,Iaşi,7-10,7,10,,,,,,
111,,s.,Ciripcău,Чирипкэу,Iaşi,11-32v,11,32,,,,,,
111,,s.,Şestaci,Шестачи,Iaşi,33-64,33,64,,,,,,
111,,s.,Şolcani,Шолканы,Iaşi,65-87v,65,87,,,,,,
111,,s.,Şeptelici,Шептеличи,Iaşi,88-105,88,105,,,,,,
111,,s.,Şalviri,Шалвиры,Iaşi,106-123,106,123,,,,,,
111,,s.,Iorjniţa,Иоржница,Iaşi,124-129v,124,129,,,,,,
111,,s.,Iarova,Ярова,Hotin,130-149,130,149,,,,,,
112,,s.,Ţepilova,Цепилова,Iaşi,1-16,1,16,,,,,,
112,,s.,Ţipleşti,Циплешты,Iaşi,17-37v,17,37,,,,,,
112,,s.,Ciutuleşti,Чутулешты,Iaşi,38-86,38,86,,,,,123,https://www.familysearch.org/ark:/61903/3:1:3QS7-893Y-YCJ?i=122&cc=1985804&wc=M6C1-LNL%3A264175701%2C264722601%2C265125101
112,,s.,Ciorniţa,Чорница,Iaşi,87-111,87,111,,,,,,
112,,s.,Cerlina,Черлина,Iaşi,112-136,112,136,,,,,,
112,,s.,Cereşnovăţ,Черешновэц,Iaşi,137-148,137,148,,,,,,
112,,s.,Cernoleuca,Чернолевка,Hotin,149-182,149,182,,,,,,
113,I,s.,Risipeni,Рисипень,Iaşi,1-12v,1,12,,,,,,
113,I,s.,Recea,Речя,Iaşi,13-64v,13,64,,,,,,
113,I,s.,Rădeni,Рэдень,Iaşi,65-95v,65,95,,,,,,
113,I,s.,Rădoaia (Dumbrăveni),Рэдоая (Думбрэвень),Iaşi,96-98,96,98,,,,,,
113,I,s.,Odaia Dumbrăveni,Одая-Думбрэвень,Iaşi,99-101,99,101,,,,,,
113,I,s.,Rădoaia (Dumbrăveni),Рэдоая (Думбрэвень),Iaşi,102-127v,102,127,,,,,,
113,II,tîrgul,Sculeni,Скуляны,Iaşi,128-199v,128,199,,,,,,
113,II,s.,Sculenii Vechi,Скулений Векь,Iaşi,200-219,200,219,,,,,,
113,II,s.,Stîngineni,Стынджинень,Iaşi,220-243,220,243,,,,,,
113,II,s.,Scumpia,Скумпия,Iaşi,244-268,244,268,,,,,,
113,II,s.,Stolniceni,Стольничень,Iaşi,269-283,269,283,,,,,,
113,III,s.,Stîncăuţi,Стынкэуць,Iaşi,284-301v,284,301,,,,,,
113,III,s.,Slobozia Copăceni Răcăria,Слобозия Копэчень Рэкэрия,Iaşi,302-314v,302,314,,,,,,
113,III,s.,Sărata,Сэрата,Iaşi,315-370v,315,370,,,,,,
113,III,s.,Sineşti,Синешты,Iaşi,371-412v,371,412,,,,,638,https://www.familysearch.org/ark:/61903/3:1:3QSQ-G93Y-YX6Q?i=637&cc=1985804&wc=M6C1-LP8%3A264175701%2C264722601%2C265126401
113,IV,s.,Săngerei,Сынжерей,Iaşi,413-490v,413,490,,,,,,
113,IV,s.,Sturzeni,Стурзень,Iaşi,491-506v,491,506,,,,,,
113,IV,s.,Singurenii Vechi,Сингурений Векь,Iaşi,507-522,507,522,,,,,,
113,IV,s.,Slobozia Galata (Călugăr),Слобозия Галаца (Кэлугэр),Iaşi,523-532v,523,532,,,,,,
113,IV,s.,Slobozia Bălţi,Слобозия Бэлць,Iaşi,533-553v,533,553,,,,,,
113,IV,s.,Semeni,Семены,Iaşi,554-559,554,559,,,,,,
113,IV,s.,Stîngăceni (Druţă),Стынгэчень (Друцэ),Hotin,560-581,560,581,,,,,,
114,,s.,Coşeleuca,Кошелеука,,1-2,1,2,,,,,,
115,,s.,Văncicăuţi,Вэнчикэуць,Hotin,2-3,2,3,,,,,,
115,,s.,Vertiugeni,Вертюджень,Iaşi,4-21,4,21,,,,,,
115,,s.,Văscăuţi,Вэскэуць,Iaşi,22-47,22,47,,,,,,
115,,s.,Voroncăul Vechi,Воронкэул Векь,Iaşi,48-49,48,49,,,,,,
115,,s.,Voroncău,Воронкэу,Iaşi,50-73,50,73,,,,,,
115,,s.,Vasilcău,Василкэу,Iaşi,74-96,74,96,,,,,,
115,,s.,Voloave,Волоаве,Iaşi,97-112v,97,112,,,,,,
115,,s.,Voloviţa,Воловица,Iaşi,113-126v,113,126,,,,,,
115,,s.,Vodeni,Водены,Iaşi,127-153,127,153,,,,,,
115,,s.,Gvozdova,Гвоздова,Iaşi,154-162,154,162,,,,,,
116,I,s.,Bostancea,Бостанча,Chişinău,1-9,1,9,,,,,,
116,I,s.,Bozieni,Бозиень,Chişinău,10-35,10,35,,,,,,
116,I,s.,Băcşeni (Bacşani),Бэкшень (Бакшань),Chişinău,36-46,36,46,,,,,,
116,I,s.,Bălceana,Бэлчана,Chişinău,47-89,47,89,,,,,,
116,I,s.,Boldureşti,Болдурешть,Chişinău,90-135,90,135,,,,,,
116,I,s.,Brătuleni,Брэтулены,Chişinău,126-146,126,146,,,,,,
116,II,s.,Brăila,Брэила,,147,147,147,,,,,,
116,II,s.,Bubuieci,Бубуечи,Chişinău,148-176,148,176,,,,,,
116,II,s.,Buţeni,Буцень,Chişinău,177-239,177,239,,,,,,
116,II,s.,Buda,Буда,Chişinău,240-259,240,259,,,,,,
116,III,s.,Bujor,Бужор,Chişinău,260-356,260,356,,,,,,
116,III,s.,Bobeica,Бобейка,Chişinău,358-368,358,368,,,,,,
116,III,s.,Budăi,Будэй,Chişinău,369-374,369,374,,,,,,
116,III,s.,Budeşti,Будешты,Chişinău,375-437,375,437,,,,,,
117,I,s.,Dumbrăviţa,Думбравица,Iaşi,1-11,1,11,,,,,,
117,I,s.,Dănuţeni,Дэнуцень,Iaşi,12-18v,12,18,,,,,,
117,I,s.,Danu (Danul),Дану (Данул),Iaşi,19-22,19,22,,,,,,
117,I,s.,Duşmani,Душмань,Iaşi,23-26,23,26,,,,,,
117,I,s.,Dumulgeni,Думулдженъ,Iaşi,27-31,27,31,,,,,,
117,I,s.,Iezăreni,Езэрены,Iaşi,32-33v,32,33,,,,,,
117,I,s.,Zahorna,Загорна,Iaşi,34-40,34,40,,,,,,
117,I,s.,Zgărdeşti,Згардешты,Iaşi,41-52v,41,52,,,,,,
117,I,s.,Izvoare,Извоаре,Iaşi,53-62,53,62,,,,,,
117,I,s.,Cucuieţi,Кукуецы,Iaşi,63-71,63,71,,,,,,
117,I,s.,Cucioaia,Кучоая,Iaşi,72-85v,72,85,,,,,,
117,I,s.,Condrăteşti,Кондрэтешть,Iaşi,86-102v,86,102,,,,,,
117,I,s.,Cunicea,Куничя,Iaşi,103-114,103,114,,,,,,
117,II,s.,Cuhneşti,Кухнешты,Iaşi,116-118v,116,118,,,,,,
117,II,s.,Chirileni,Кирилены,Iaşi,119-122v,119,122,,,,,,
117,II,s.,Căinarii Vechi,Кэинарий Векь,Iaşi,124-127,124,127,,,,,,
117,II,s.,Căinarii Noi,Кэинарий Ной,Iaşi,128-133v,128,133,,,,,,
117,II,s.,Camenca,Каменка,Iaşi,134-136v,134,136,,,,,,
117,II,s.,Gura Camencii,Гура-Каменчий,Iaşi,137-139v,137,139,,,,,,
117,II,s.,Cobîlea Veche,Кобыля Веке,Iaşi,140-144v,140,144,,,,,,
117,II,,Cobani (Cubani),Кобаны,Iaşi,45-146,45,146,,,,,226,https://www.familysearch.org/ark:/61903/3:1:3QSQ-G93Y-BN9R?i=225&cc=1985804&wc=M6C1-G38%3A264175701%2C264722601%2C265138501
117,II,s.,Climăuţi,Климэуцы,Iaşi,147-149v,147,149,,,,,,
117,II,s.,Corneşti,Корнешть,Iaşi,150-159,150,159,,,,,,
117,II,s.,Cureşniţa,Курешница,Iaşi,160-165,160,165,,,,,,
117,II,s.,Chiţcani,Кицканы,Iaşi,168-171v,168,171,,,,,,
117,II,s.,Coşcodeni,Кошкодены,Iaşi,172-192v,172,192,,,,,,
117,II,s.,Limbeni,Лимбень,Iaşi,193-195v,193,195,,,,,,
117,II,s.,Măgurele,Мэгуреле,Iaşi,196-212v,196,212,,,,,,
117,II,s.,Mîndîc,Мындык,Iaşi,213-216v,213,216,,,,,,
117,II,s.,Mirceşti,Мирчешть,Iaşi,217-220,217,220,,,,,,
117,II,s.,Mihălaşa,Михэлаша,Iaşi,221-222v,221,222,,,,,,
118,I,s.,Iezăreni,Езэрены,,1a-33v,1,33,,,,,,
118,I,s.,Zagarancea,Загаранча,Iaşi,34-45,34,45,,,,,,
118,I,s.,Zăhăicani,Захайкани,Iaşi,46-97v,46,97,,,,,170,https://www.familysearch.org/ark:/61903/3:1:3QS7-L93Y-B65Q?i=169&cc=1985804&wc=M6C1-GWL%3A264175701%2C264722601%2C265139601
118,I,s.,Zgărdeşti,Згардешты,Iaşi,98-115v,98,115,,,,,,
118,I,s.,Zăzuleni,Зазулены,Iaşi,116-125,116,125,,,,,,
118,I,,Coiceni (Coiuceni),Койчены (Коюческы),Iaşi,2-156,2,156,,,,,4,https://www.familysearch.org/ark:/61903/3:1:3QS7-893Y-BF7V?i=3&cc=1985804&wc=M6C1-GWL%3A264175701%2C264722601%2C265139601
118,,s.,Izvoare,Извоаре,,125a-141v,125,141,,,,,,
118,II,s.,Chetriş,Кетриш,Iaşi,157-176v,157,176,,,,,,
118,II,s.,Călineşti,Кэлинешты,Iaşi,177-220v,177,220,,,,,,
118,II,s.,Cuhneşti,Кухнешты,Iaşi,221-245v,221,245,,,,,,
118,II,s.,Cubani (Cobani),Кубань (Кобань),Iaşi,246-283v,246,283,,,,,,
118,II,s.,Camenca (cătunul Hîjdieni),Каменка (Хыждиень),Iaşi,284-285,284,285,,,,,,
118,II,s.,Camenca,Каменка,Iaşi,286-301v,286,301,,,,,,
118,III,s.,Cucuieţi,Кукуецы,Iaşi,302-320v,302,320,,,,,,
118,III,s.,Copîceanca,Копычанка,Iaşi,321-347v,321,347,,,,,,
118,III,s.,Copăceni,Копэчень,Iaşi,348-349,348,349,,,,,,
118,III,s.,Chirniţa,Кирница,Iaşi,350-373v,350,373,,,,,,
118,III,s.,Corlăteni (Strîmba),Корлэтень (Стрымба),Iaşi,374-434v,374,434,,,,,,
118,III,s.,Cucioaia,Кучоая,Iaşi,435-455,435,455,,,,,,
118,IV,s.,Chişcăreni,Кишкарены,Iaşi,456-498v,456,498,,,,,,
118,IV,s.,Coşcodeni,Кошкодены,Iaşi,499-522,499,522,,,,,,
118,IV,s.,Condrăteşti,Кондрэтешть,Iaşi,523-549v,523,549,,,,,,
118,,s.,Corneşti,Корнешть,,549a-601v,549,601,,,,,,
118,IV,s.,Cozeşti,Козешты,Iaşi,602-621v,602,621,,,,,,
118,IV,s.,Cuzmeni,Кузмень,Iaşi,622-627v,622,627,,,,,,
118,IV,s.,Chirileni,Кирилены,Iaşi,628-652,628,652,,,,,,
118,IV,s.,Cupcini,Купчинь,Hotin,683-694,683,694,,,,,,
118,IV,s.,Zăbriceni,Забричени,Hotin,695-710,695,710,,,,,,
118,IV,s.,Chetroşica,Кетрошица,Hotin,711-718,711,718,,,,,,
118,IV,s.,Costeşti,Костешть,Hotin,719-749,719,749,,,,,,
119,,s.,Japca,Жапка,Iaşi,1-20,1,20,,,,,,
119,,s.,Zahorna,Загорна,Iaşi,21-44,21,44,,,,,,
119,,s.,Zastînca,Застынка,Iaşi,45-56,45,56,,,,,,
119,,s.,Zăluceni,Залучени,Iaşi,57-71,57,71,,,,,,
119,,s.,Izvoare (moşia Scăieni),Извоаре (имение Скэень),Iaşi,72-106,72,106,,,,,,
119,,s.,Climăuţi,Климэуцы,Iaşi,107-133,107,133,,,,,,
119,II,s.,Copăceni,Копэчень,Iaşi,134-170,134,170,,,,,,
119,II,s.,Căpreşti,Кэпрешты,Iaşi,171-186,171,186,,,,,,
119,II,s.,Cuhureştii de Sus,Кухурештий-де-Сус,Iaşi,187-209,187,209,,,,,,
119,II,s.,Cuhureştii de Jos,Кухурештий-де-Жос,Iaşi,210-229,210,229,,,,,,
119,II,s.,Cunicea,Куничя,Iaşi,230-262,230,262,,,,,,
119,II,s.,Cuşmirca de Sus,Кушмирка-де-Сус,Iaşi,263-275,263,275,,,,,,
119,II,s.,Cuşmirca de Jos,Кушмирка-де-Жос,Iaşi,276-293,276,293,,,,,,
119,II,s.,Cuşmirca,Кушмирка,Iaşi,294-296,294,296,,,,,,
119,III,s.,Cobîlnea Nouă,Кобылня Ноуэ,Iaşi,297-316,297,316,,,,,,
119,III,s.,Cobîlnea Veche,Кобылня Веке,Iaşi,317-345,317,345,,,,,,
119,III,s.,Coşerniţa,Кошерница,Iaşi,346-373,346,373,,,,,,
119,III,s.,Cosăuţi,Косэуцы,Iaşi,374-400,374,400,,,,,,
119,III,s.,Cureşniţa,Курешница,Iaşi,401-426,401,426,,,,,,
119,III,s.,Cremenciug,Кременчуг,Iaşi,427-472,427,472,,,,,,
119,IV,s.,Căinarii Vechi,Кэинарий Векь,Iaşi,473-486,473,486,,,,,,
119,IV,s.,Căinarii Noi,Кэинарий Ной,Iaşi,487-498,487,498,,,,,,
119,IV,s.,Chetrosu şi Odaia Chetrosu (Petrosu),Кетросу ши Одая Кетросу (Петросу),Iaşi,499-528,499,528,,,,,,
119,IV,s.,Sobozia Chetrosu,Слобозия-Кетросу,Iaşi,529-536,529,536,,,,,,
119,IV,s.,Cubolta,Куболта,Iaşi,537-566,537,566,,,,,,
119,IV,s.,Cotiujenii Mici,Котюжений Мичь,Iaşi,567-579,567,579,,,,,,
119,IV,s.,Cotiujenii Mari,Котюжений Марь,Iaşi,580-646,580,646,,,,,,
119,V,s.,Cotova,Котова,Iaşi,647-668,647,668,,,,,,
119,V,s.,Calaraşovca,Каларашовка,Hotin,669-689,669,689,,,,,,
119,V,s.,Corbu,Корбу,Hotin,690-719,690,719,,,,,,
119,V,s.,Codreni,Кодрены,Hotin,720-739,720,739,,,,,,
119,V,s.,Climăuţi,Климэуцы,Hotin,740-758,740,758,,,,,,
120,I,or.,Bălţi,Бельцы,,1-5,1,5,,,,,,
120,I,s.,Slobozia Bălţilor,Слобозия Бэлцилор,,6-8,6,8,,,,,,
120,I,s.,Pelinia,Пелиния,,9-12,9,12,,,,,,
120,I,s.,Boroseni,Боросень,,13-15,13,15,,,,,,
120,I,s.,Recea,Речя,,16-19,16,19,,,,,,
120,I,s.,Ciuciuieni,Чучуиень,,20-22,20,22,,,,,,
120,I,s.,Singurenii Vechi,Сингурений Векь,,23-25,23,25,,,,,,
120,I,s.,Flămînzeni,Флэмынзень,,26-28,26,28,,,,,,
120,I,s.,Chişcăreni,Кишкарены,,29-32,29,32,,,,,,
120,I,s.,Glingeni,Глинджень,,33-35,33,35,,,,,,
120,I,s.,Pîrliţa (Pîrliţi),Пырлица (Пырлиць),,36-38,36,38,,,,,,
120,I,s.,Strîmba,Стрымба,,39-41,39,41,,,,,,
120,I,s.,Copîceanca,Копычанка,,42-44,42,44,,,,,,
120,I,s.,Biliceni,Биличены,,45-48,45,48,,,,,,
120,I,s.,Cureşniţa,Курешница,,49-51,49,51,,,,,,
120,I,s.,Izvoare,Извоаре,,52-54,52,54,,,,,,
120,I,s.,Stineni (Schineni),Стынень (Скинень),,55-57,55,57,,,,,,
120,I,s.,Dănuţeni,Дэнуцень,,58-58v,58,58,,,,,,
120,I,s.,Hristici,Христичи,,59-61,59,61,,,,,,
120,I,s.,Băxani,Бэксань,,62-64,62,64,,,,,,
120,I,s.,Cosăuţi,Косэуцы,,65-67,65,67,,,,,,
120,I,s.,Bulboci,Булбочь,,68-70,68,70,,,,,,
120,I,s.,Ocolina,Околина,,71-73,71,73,,,,,,
120,I,,Volovcineţ (Holoşniţa),Воловчинец,,4-76,4,76,,,,,,
120,I,s.,Cremenciug,Кременчуг,,77-79,77,79,,,,,,
120,I,s.,Mălcăuţi,Мэлкэуць,,80-82,80,82,,,,,,
120,I,s.,Măcăreuca,Мэкэреука,,83-85,83,85,,,,,,
120,I,s.,Căinarii Vechi,Кэинарий Векь,,86-88,86,88,,,,,,
120,I,s.,Dărcăuţi,Дэркэуць,,89-91,89,91,,,,,,
120,I,s.,Şolcani,Шолканы,,92-94,92,94,,,,,,
120,I,s.,Rubleniţa,Рубленица,,95-96,95,96,,,,,,
120,I,s.,Bădiceni,Бэдичень,,98-100,98,100,,,,,,
120,I,s.,Sănătăuca (Senatovca),Сенатовка,,101-103,101,103,,,,,,
120,I,tîrgul,Raşcovul de Jos,Рашков Нижний,,104-106,104,106,,,,,,
120,I,tîrgul,Raşcovul de Sus,Рашков Верхний,,107-109,107,109,,,,,,
120,I,s.,Bursuc (Namalova),Бурсук (Намалова),,110-112,110,112,,,,,,
120,I,s.,Cobîlea de Sus,Кобыля де Сус,,113-115,113,115,,,,,,
120,I,s.,Cobîlea de Jos,Кобыля де Жос,,116-118,116,118,,,,,,
120,I,s.,Japca,Жапка,,119-121,119,121,,,,,,
120,I,s.,Climăuţi,Климэуцы,,122-124,122,124,,,,,,
120,I,s.,Şestacii de Sus,Шестачий-де-Сус,,125-127,125,127,,,,,,
120,I,s.,Şestacii de Jos,Шестачий-де-Жос,,128-130,128,130,,,,,,
120,I,s.,Cuşmirca de Jos,Кушмирка-де-Жос,,131-133,131,133,,,,,,
120,I,s.,Cuşmirca de Sus,Кушмирка-де-Сус,,134-136,134,136,,,,,,
120,I,s.,Răduleni,Рэдулень,,137-139,137,139,,,,,,
120,I,s.,Bobuleşti,Бобулешть,,140-142,140,142,,,,,,
120,I,s.,Găuzeni,Гэузень,,143-145,143,145,,,,,,
120,I,s.,Unchiteşti,Унчитешты,,146-148,146,148,,,,,,
120,I,s.,Salcia,Сальча,,149-151,149,151,,,,,,
120,I,s.,Cuhureştii de Jos,Кухурештий-де-Жос,,152-154,152,154,,,,,,
120,I,s.,Cuhurşetii de Sus,Кухуршетий-де-Сус,,155-157,155,157,,,,,,
120,I,s.,Socola,Соколовка,,158-160,158,160,,,,,,
120,I,s.,Ciorniţa,Чорница,,161-163,161,163,,,,,,
120,II,s.,Coşerniţa,Кошерница,,164-166,164,166,,,,,,
120,II,s.,Năpadova,Наподова,,167-169,167,169,,,,,,
120,II,s.,Poiana Cunicea,Поляна Куничя,,170-172,170,172,,,,,,
120,II,s.,Bodeşti,Бодешть,,173-176,173,176,,,,,,
120,II,s.,Saharna,Сахарна,,177-179,177,179,,,,,,
120,II,s.,Ţîra,Цыра,,180-182,180,182,,,,,,
120,II,s.,Hîrtop,Хыртоп,,183-185,183,185,,,,,,
120,II,s.,Receşti,Речешть,,186-188,186,188,,,,,,
120,II,s.,Tîrşiţei,Тыршицей,,189-191,189,191,,,,,,
120,II,s.,Cotiujenii de Jos,Котюжений де Жос,,192-194,192,194,,,,,,
120,II,s.,Cotiujenii de Sus,Котюжений де Сус,,195-197,195,197,,,,,,
120,II,s.,Gvozdova,Гвоздова,,198-200,198,200,,,,,,
120,II,s.,Sevirova,Севирова,,201-203,201,203,,,,,,
120,II,s.,Gura Camencii,Гура-Каменчий,,204-206,204,206,,,,,,
120,II,s.,Vădeni,Вэдены,,207-209,207,209,,,,,,
120,II,s.,Voroncăul Vechi,Воронкэул Векь,,210-212,210,212,,,,,,
120,II,s.,Voroncăul Nou,Воронкэул Ноу,,213-215,213,215,,,,,,
120,II,s.,Vasilcău,Василкэу,,216-218,216,218,,,,,,
120,II,s.,Trifăuţi,Трифэуць,,219-221,219,221,,,,,,
120,II,tîrgul,Soroca,Сорока,,222-224,222,224,,,,,,
120,II,s.,Bujerovca,Бужеровка,,225-227,225,227,,,,,,
120,II,s.,Zastînca,Застынка,,228-230,228,230,,,,,,
120,II,s.,Volova (Voloave),Волова,,231-233,231,233,,,,,,
120,II,s.,Parcani,Парканы,,234-236,234,236,,,,,,
120,II,s.,Redi-Cereşnovăţ,Реди-Черешноваць,,237-239,237,239,,,,,,
120,II,s.,Racovăţ,Раковэц,,240-242,240,242,,,,,,
120,II,s.,Stoicani,Стойкань,,243-245,243,245,,,,,,
120,II,s.,Dubna,Дубна,,246-248,246,248,,,,,,
120,II,s.,Soloneţ,Солонец,,249-251,249,251,,,,,,
120,II,s.,Ciripcău,Чирипкэу,,252-254,252,254,,,,,,
120,II,s.,Văscăuţi,Вэскэуць,,255-257,255,257,,,,,,
120,II,s.,Temeleuţi,Темелеуць,,258-260,258,260,,,,,,
120,II,s.,Vertiujeni,Вертюжень,,261-263,261,263,,,,,,
120,II,s.,Zăluceni,Залучени,,264-266,264,266,,,,,,
120,II,s.,Cerlina,Черлина,,267-269,267,269,,,,,,
120,II,s.,Nimereuca,Нимереука,,270-272,270,272,,,,,,
120,II,s.,Frumuşica,Фрумушица,,273-276,273,276,,,,,,
120,II,s.,Scăieni,Скэены,,277-280,277,280,,,,,,
120,II,s.,Alexăndreni,Александрены,,281-284,281,284,,,,,,
120,II,s.,Putineşti,Путинешты,,285-287,285,287,,,,,,
120,II,s.,Tîrnova,Тырново,,288-291,288,291,,,,,,
120,II,s.,Gura Căinarului,Гура-Кэинарулуй,,292-294,292,294,,,,,,
120,II,s.,Lunga,Лунга,,295-297,295,297,,,,,,
120,II,s.,Ghizdita,Гиздица,,298-300,298,300,,,,,,
120,II,s.,Băhrineşti,Бэхринешть,,301-303,301,303,,,,,,
120,II,s.,Măndîcul Nou,Мындыкул Ноу,,304-306,304,306,,,,,,
120,II,s.,Mîndîcul Vechi,Мындыкул-Векь,,307-309,307,309,,,,,,
120,II,s.,Mărculeşti,Мэркулешть,,310-312,310,312,,,,,,
120,II,s.,Pietrosu (Chetrosu),Пьетросу (Кетросу),,313-316,313,316,,,,,,
120,II,s.,Floreşti,Флорешты,,317-319,317,319,,,,,,
120,II,s.,Hăsnăşeni,Хэснэшень,,320-322,320,322,,,,,,
120,II,s.,Cubolta,Куболта,,323-326,323,326,,,,,,
121,,or.,Bălţi,Бельцы,,1-50,1,50,,,,,,
122,,s.,Dănuţeni,Дэнуцень,,1-3,1,3,,,,,,
123,I,s.,Alexăndreni,Александрены,Iaşi,1-27,1,27,,,,,,
123,I,s.,Avrămeni,Аврэмень,Iaşi,30-45v,30,45,,,,,,
123,I,s.,Aluniş,Алуниш,Iaşi,46-58,46,58,,,,,,
123,I,s.,Bisericani,Бисериканы,Iaşi,59-82v,59,82,,,,,,
123,I,s.,Bocşa,Бокша,Iaşi,83-95,83,95,,,,,,
123,I,s.,Balatina (Bolotino),Балатина (Болотино),Iaşi,96-125,96,125,,,,,,
123,I,,Buteşti Velicico,Бутешты Величико,Iaşi,26-148,26,148,,,,,,
123,II,s.,Buteşti Stavro,Бутешты Ставро,Iaşi,149-169,149,169,,,,,,
123,II,s.,Slobozia Buteşti Stavro (Brăneşti),Слобозия Бутешть Ставро (Брэнешть),Iaşi,170-179,170,179,,,,,,
123,II,s.,Slobozia Buteşti (Rîteni),Слобозия Бутешть (Рытень),Iaşi,180-188,180,188,,,,,,
123,II,s.,Bahmut,Бахмут,Iaşi,189-200,189,200,,,,,,
123,II,s.,Beşeni,Бешены,Iaşi,201-216,201,216,,,,,,
123,II,s.,Bogheni,Богень,Iaşi,217-243,217,243,,,,,,
123,II,s.,Bumbăta,Бумбэта,Iaşi,244-281v,244,281,,,,,,
123,II,s.,Bogdăneşti,Богдэнешть,Iaşi,282-285v,282,285,,,,,,
123,II,s.,Blindeşti,Блиндешть,Iaşi,286-303,286,303,,,,,,
123,II,s.,Buciumeni,Бучумены,Iaşi,304-317v,304,317,,,,,,
123,III,,Borosenii Vechi,Боросений Векь,Iaşi,18-333,18,333,,,,,,
123,III,s.,Burghelea Soci,Бургеля Сочь,Iaşi,334-347v,334,347,,,,,,
123,III,s.,Bobletici,Боблетичь,Iaşi,348-360,348,360,,,,,,
123,III,s.,Bursuceni,Бурсучень,Iaşi,361-373v,361,373,,,,,,
123,III,s.,Biliceni,Биличены,Iaşi,374-411,374,411,,,,,,
123,III,s.,Vrăneşti,Врэнешты,Iaşi,412-424,412,424,,,,,,
123,III,s.,Vulpeşti,Вулпешты,Iaşi,425-439,425,439,,,,,,
123,III,s.,Vasiliuţi,Василиуць,Iaşi,440-461,440,461,,,,,,
123,III,s.,Valea Rusului,Валя-Русулуй,Iaşi,462-473,462,473,,,,,,
123,III,s.,Bichir,Бикир,Hotin,474-481,474,481,,,,,,
123,IV,s.,Brătuşeni,Брэтушены,Hotin,482-519,482,519,,,,,,
123,,s.,"Bleşinăuţi,… (Blescenăuţi, Bleşteni)",Блещенауцы,,520-543,520,543,,,,,,
123,IV,s.,Brînzeni,Брынзены,Hotin,544-579,544,579,,,,,,
123,IV,s.,Văratic,Вэратик,Hotin,580-606,580,606,,,,,,
123,IV,s.,Volodeni,Володены,Hotin,607-614,607,614,,,,,,
124,I,s.,Lipnic,Липник,Hotin,1-33,1,33,,,,,,
124,I,s.,Lencăuţi,Ленкэуць,Hotin,34-68,34,68,,,,,,
124,I,s.,Lunga (Drojdieşti),Лунга (Дрождешть),Hotin,69-71,69,71,,,,,,
124,I,s.,Mereşeuca,Мерешеука,Hotin,72-96,72,96,,,,,,
124,I,s.,Moşana,Мошана,Hotin,97-106,97,106,,,,,,
124,II,s.,Naslavcea,Наславча,Hotin,107-141,107,141,,,,,,
124,II,s.,Paustova,Паустово,Hotin,142-154,142,154,,,,,,
124,II,s.,Tîrnova,Тырново,Hotin,155-157,155,157,,,,,,
124,II,s.,Plopi (Trieşti),Плопь (Триешты),Hotin,158-191,158,191,,,,,,
124,II,s.,Drojdieşti  (Lunga),Дрождиешты (Лунга),Iaşi,192-213,192,213,,,,,,
124,II,s.,Măcăreuca,Мэкэреука,Iaşi,214-231,214,231,,,,,,
124,III,s.,Mălcăuţi,Мэлкэуць,Iaşi,232-239,232,239,,,,,,
124,III,s.,Mărculeşti,Мэркулешть,Iaşi,240-252,240,252,,,,,,
124,III,s.,Mîndîc,Мындык,Iaşi,253-308,253,308,,,,,,
124,III,s.,Namalova (Bursuc),Бурсук,Iaşi,309-317,309,317,,,,,,
124,III,s.,Năpadova,Наподова,Iaşi,318-339,318,339,,,,,,
124,IV,s.,Nimereuca,Нимереука,Iaşi,340-362,340,362,,,,,,
124,IV,s.,Odaia Vanţina,Одая-Ванцина,Iaşi,363-367,363,367,,,,,,
124,IV,s.,Odaia Prepeliţa,Одая-Препелица,Iaşi,368-371,368,371,,,,,,
124,IV,s.,Ocolina,Околина,Iaşi,372-392,372,392,,,,,,
124,IV,s.,Oclanda,Окланда,Iaşi,393-404,393,404,,,,,,
124,IV,s.,Prepeliţa,Препелица,Iaşi,405-437,405,437,,,,,,
124,IV,s.,Pepeni,Пепень,Iaşi,438-463,438,463,,,,,,
124,V,,Pohoarna Serghie,Погоарна Сергие,Iaşi,4-477,4,477,,,,,,
124,V,,Pohoarna Răzeşti,Погоарна Рэзешты,Iaşi,78-486,78,486,,,,,,
124,V,s.,Poiana Cunicii (Poiana),Поляна Куничий (Поляна),Iaşi,487-511,487,511,,,,,,
124,V,s.,Parcani,Парканы,Iaşi,512-531,512,531,,,,,,
124,V,s.,Prajila (Pravila),Пражила (Правила),Iaşi,532-561,532,561,,,,,,
124,V,s.,Putineşti,Путинешты,Iaşi,562-588,562,588,,,,,,
125,I,s.,Paladea,Паладя,Hotin,1-12,1,12,,,,,,
125,I,s.,Rucşin,Рукшин,Hotin,13-78,13,78,,,,,,
125,I,s.,Rjavineţi,Ржавинець,Hotin,79-113,79,113,,,,,,
125,II,s.,Ruhotin,Рухотин,Hotin,114-120,114,120,,,,,197,https://www.familysearch.org/ark:/61903/3:1:3QSQ-G93Y-RF12?i=196&cc=1985804&wc=M6C1-PM9%3A264175701%2C264722601%2C265161301
125,II,s.,Pol-Rutohin,Пол-Рутохин,Hotin,121-122,121,122,,,,,206,https://www.familysearch.org/ark:/61903/3:1:3QSQ-G93Y-RF1D?i=205&cc=1985804&wc=M6C1-PM9%3A264175701%2C264722601%2C265161301
125,II,s.,Raşcov (Raşcu),Рашков (Раску),Hotin,123-162,123,162,,,,,209,https://www.familysearch.org/ark:/61903/3:1:3QSQ-G93Y-RFTY?i=208&cc=1985804&wc=M6C1-PM9%3A264175701%2C264722601%2C265161301
125,II,s.,Revcăuţi,Ревкэуць,Hotin,163-173,163,173,,,,,,
125,II,s.,Răchitna,Рэкитна,Hotin,174-201,174,201,,,,,,
125,II,s.,Rîngaci,Рынгачь,Hotin,202-224,202,224,,,,,,
125,III,s.,Rosoşani,Росошани,Hotin,225-249,225,249,,,,,,
125,III,s.,Revcăuţi,Ревкэуць,Hotin,250-253,250,253,,,,,,
125,III,s.,Rotunda,Ротунда,Hotin,254-268,254,268,,,,,,
125,III,s.,Răspopinţi,Распопинцы,Hotin,269-293,269,293,,,,,,
125,III,s.,Romîncăuţi,Роминкэуци,Hotin,294-339,294,339,,,,,519,https://www.familysearch.org/ark:/61903/3:1:3QS7-L93Y-R7SD?i=518&cc=1985804&wc=M6C1-PM9%3A264175701%2C264722601%2C265161301
125,IV,s.,Restev (Resteo),Рестев (Рестео),Hotin,340-341,340,341,,,,,,
125,IV,s.,"Restev-Atachi (Ataci, Otaci) (Vîrstova)",Рестев-Атачи (Отачь) (Вырстова),Hotin,342-376,342,376,,,,,,
125,IV,s.,Stăuceni,Стэучень,Hotin,377-402,377,402,,,,,,
125,IV,s.,Stroienţi (Stroieşti),Строенць (Строешть),Hotin,403-417,403,417,,,,,,
125,IV,s.,Stăncăuţi,Стэнкэуць,Hotin,418-453,418,453,,,,,736,https://www.familysearch.org/ark:/61903/3:1:3QS7-L93Y-R356?i=735&cc=1985804&wc=M6C1-PM9%3A264175701%2C264722601%2C265161301
125,IV,s.,Stălineşti,Стэлинешть,Hotin,454-484,454,484,,,,,,
125,V,,Sîngera (Başcani),Сынджера (Баскань),Hotin,85-497,85,497,,,,,,
125,V,s.,Secureni,Секурены,Hotin,498-550,498,550,,,,,,
125,V,s.,Serbiceni,Сербичены,Hotin,551-586,551,586,,,,,,
125,V,s.,Selişte,Селиште,Hotin,587-625,587,625,,,,,1008,https://www.familysearch.org/ark:/61903/3:1:3QS7-893Y-RSGJ?i=1007&cc=1985804&wc=M6C1-PM9%3A264175701%2C264722601%2C265161301
126,I,s.,Ruseni,Русени,Hotin,1-30,1,30,,,,,,
126,I,s.,Rujniţa,Ружница,Hotin,31-50,31,50,,,,,,
126,I,s.,"Rudii din Deal, de Sus","Рудий-дин-Дял, де Сус",Hotin,51-81,51,81,,,,,,
126,I,s.,"Rudii din Vale, de Jos","Рудий-дин-Вале, де Жос",Hotin,82-91,82,91,,,,,,
126,I,s.,Rediul Mare,Редиул Маре,Hotin,92-114,92,114,,,,,,
126,I,s.,Slobozia Vălcineţ,Слобозия-Вэлчинец,Hotin,115-131,115,131,,,,,,
126,I,s.,Samoileuca,Самойлеука,Hotin,132-141,132,141,,,,,,
126,II,s.,Sauca,Саука,Hotin,142-160,142,160,,,,,,
126,II,s.,Sudarca,Сударка,Hotin,161-177,161,177,,,,,,
126,II,tîrgul,Vadul Raşcov (Vadul lui Raşcu),Вадул Рашков (Вадул луй Рашку),Iaşi,178-261,178,261,,,,,,
126,II,s.,Răzălăi,Рэзэлэй,Iaşi,262-272,262,272,,,,,,
126,II,s.,Receşti,Речешть,Iaşi,273-294,273,294,,,,,,
126,III,s.,Racovăţ,Раковэц,Iaşi,295-316,295,316,,,,,,
126,III,s.,Răduleni,Рэдулень,Iaşi,317-346,317,346,,,,,,
126,III,s.,Rubleniţa,Рубленица,Iaşi,347-364,347,364,,,,,,
126,III,s.,Rogojeni,Рогожень,Iaşi,365-373,365,373,,,,,,
126,III,s.,Roşietici,Рошиетичь,Iaşi,374-383,374,383,,,,,,
126,III,,Slobozia Coşeleuca,Слобозия Кошелеука,Iaşi,4-390,4,390,,,,,9,https://www.familysearch.org/ark:/61903/3:1:3QS7-L93Y-RWK2?i=8&cc=1985804&wc=M6C1-PZ9%3A264175701%2C264722601%2C265166001
126,III,s.,Stîrceni,Стырчень,Iaşi,391-404,391,404,,,,,,
126,III,s.,Socola,Соколовка,Iaşi,405-415,405,415,,,,,,
126,III,s.,Salcia,Сальча,Iaşi,416-430,416,430,,,,,,
126,III,s.,Sănătăuca,Сэнэтэука,Iaşi,431-458,431,458,,,,,,
126,III,s.,Slobozia Voroncău,Слобозия-Воронкэу,Iaşi,459-479,459,479,,,,,,
126,III,s.,Stoicani,Стойкань,Iaşi,480-521,480,521,,,,,,
126,III,s.,Schineni,Скинены,Iaşi,522-534,522,534,,,,,,
126,III,s.,Soloneţ,Солонец,Iaşi,535-555,535,555,,,,,,
126,III,s.,Sevirova,Севирова,Iaşi,556-581,556,581,,,,,,
126,V,s.,Ştefăneşti,Штефэнешты,Iaşi,582-607,582,607,,,,,,
126,V,s.,Scăieni,Скэены,Iaşi,608-654,608,654,,,,,,
126,V,s.,Slobozia Ţipordei,Слобозия-Цыпордей,Iaşi,655-664,655,664,,,,,,
127,,s.,Abaclia,Абаклия,,1-5,1,5,,,,,,
127,,s.,Opaci,Опач,,6-7,6,7,,,,,,
127,,s.,Varniţa,Варница,,8-9,8,9,,,,,,
127,,s.,Hagimus,Гаджимус,,10-11,10,11,,,,,,
127,,s.,Chircăieşti,Кыркэешты,,12-16,12,16,,,,,,
127,,s.,Căuşenii Vechi,Каушаны Старые,,17-18,17,18,,,,,,
127,,tîrgul,Căuşeni,Каушаны,,19-20,19,20,,,,,,
127,,s.,Calfa,Калфа,,21-22,21,22,,,,,,
127,,s.,Chîrnăţeni,Кырнэцень,,23-24,23,24,,,,,,
127,,s.,Copanca,Копанка,,25-26,25,26,,,,,,
127,,s.,Sălcuţa,Сэлкуца,,27-28,27,28,,,,,,
127,,s.,Săiţi,Сэиць,,29-30,29,30,,,,,,
127,,s.,Tănătari,Тэнэтарь,,31-32,31,32,,,,,,
127,,s.,Taraclia,Тараклия,,33-34,33,34,,,,,,
127,,s.,Fîrlădeni,Фырлэдень,,35-36,35,36,,,,,,
128,,or.,Tucicov,Тучиков,,1-32,1,32,,,,,,
129,I,or.,Tucicov,Тучиков,,3-98,3,98,,,,,,
129,II,or.,Tucicov,Тучиков,,99-248,99,248,,,,,,
129,III,or.,Tucicov,Тучиков,,249-373,249,373,,,,,,
129,III,or.,Tucicov,Тучиков,,374-513,374,513,,,,,,
129,V,or.,Tucicov,Тучиков,,514-630,514,630,,,,,,
129,VI,or.,Tucicov,Тучиков,,631-721,631,721,,,,,,
130,,s.,Hagi-Curda,Гаджи-Курда,,1-31,1,31,,,,,,
130,,s.,Chîşliţa,Кышлица,,32-55,32,55,,,,,,
130,,s.,Hasan-Aspaga,Хасан-Аспага,,56-79,56,79,,,,,,
130,,s.,Ceamaşir,Чамашир,,80-99,80,99,,,,,,
130,,s.,Muravievca,Муравьевка,,100-112,100,112,,,,,,
131,,,Tucicov (persoane transferate din or. Braţlav în or. Tucicov),"Тучиков (лица, переселённые из г. Брацлав в г. Тучиков)",,1-30,1,30,,,,,,
131,,,Ismail (ortodocşi de rit vechi transferaţi din tîrgul Berşad  regiunea Podolsc),"Измаил (православные старообрядцы, переселённые из местечка Бершадь Подольской губернии)",,31-43,31,43,,,,,,
132,,,Ismail pentru anii,Измаил за годы,,1835-1846,1835,1846,,,,,,
132,I,or.,Chişinău,Кишинёв,,1-120,1,120,,,,,3,https://www.familysearch.org/ark:/61903/3:1:3QS7-993Y-RQ6S?i=2&cc=1985804&wc=M6ZM-MNG%3A264175701%2C264722601%2C265228501
132,II,or.,Chişinău,Кишинёв,,121-241,121,241,,,,,185,https://www.familysearch.org/ark:/61903/3:1:3QS7-L93Y-R3X9?i=184&cc=1985804&wc=M6ZM-MNG%3A264175701%2C264722601%2C265228501
132,III,or.,Chişinău,Кишинёв,,242-360,242,360,,,,,396,https://www.familysearch.org/ark:/61903/3:1:3QSQ-G93Y-R9KN?i=395&cc=1985804&wc=M6ZM-MNG%3A264175701%2C264722601%2C265228501
132,IV,or.,Chişinău,Кишинёв,,361-418,361,418,,,,,71,https://www.familysearch.org/ark:/61903/3:1:3QS7-993Y-THCL?i=70&cc=1985804&wc=M6ZM-D38%3A264175701%2C264722601%2C265236701
132,IV,or,Bălţi,Бельцы,,419-420,419,420,,,,,,
132,IV,or,Bender,Бендеры,,421-422,421,422,,,,,,
132,IV,or.,Ismail,Измаил,,423-436,423,436,,,,,,
132,IV,s.,Visterniceni,Вистерничены,Chişinău,437-446,437,446,,,,,,
132,IV,s.,Pereni,Перень,Chişinău,447-448,447,448,,,,,,
132,IV,s.,Poşta Veche,Старая Почта,Chişinău,449-450,449,450,,,,,195,https://www.familysearch.org/ark:/61903/3:1:3QSQ-G93Y-TH6P?i=194&cc=1985804&wc=M6ZM-D38%3A264175701%2C264722601%2C265236701
132,IV,s.,Ruseştii Noi,Русештий Ной,Chişinău,451-452,451,452,,,,,197,https://www.familysearch.org/ark:/61903/3:1:3QS7-L93Y-T4NR?i=196&cc=1985804&wc=M6ZM-D38%3A264175701%2C264722601%2C265236701
132,IV,s.,Sîngera,Сынджера,Chişinău,453-456,453,456,,,,,200,https://www.familysearch.org/ark:/61903/3:1:3QSQ-G93Y-THD8?i=199&cc=1985804&wc=M6ZM-D38%3A264175701%2C264722601%2C265236701
132,IV,s.,Bilieşti,Билиешты,Chişinău,457-458,457,458,,,,,205,https://www.familysearch.org/ark:/61903/3:1:3QS7-893Y-T434?i=204&cc=1985804&wc=M6ZM-D38%3A264175701%2C264722601%2C265236701
132,IV,s.,Ialoveni,Яловень,Chişinău,459-460,459,460,,,,,208,https://www.familysearch.org/ark:/61903/3:1:3QS7-893Y-TW15?i=207&cc=1985804&wc=M6ZM-D38%3A264175701%2C264722601%2C265236701
132,IV,s.,Zamciogi,Замчоги,Chişinău,461-462,461,462,,,,,211,https://www.familysearch.org/ark:/61903/3:1:3QS7-893Y-TWRR?i=210&cc=1985804&wc=M6ZM-D38%3A264175701%2C264722601%2C265236701
132,IV,s.,Ghiduleni,Гидулень,Chişinău,463-464,463,464,,,,,214,https://www.familysearch.org/ark:/61903/3:1:3QS7-L93Y-T4VQ?i=213&cc=1985804&wc=M6ZM-D38%3A264175701%2C264722601%2C265236701
132,IV,s.,Voroteţ,Воротец,Chişinău,465-466,465,466,,,,,217,https://www.familysearch.org/ark:/61903/3:1:3QS7-993Y-TW17?i=216&cc=1985804&wc=M6ZM-D38%3A264175701%2C264722601%2C265236701
132,IV,s.,Buciuşca,Бучушка,Chişinău,467-468,467,468,,,,,220,https://www.familysearch.org/ark:/61903/3:1:3QS7-L93Y-T4PQ?i=219&cc=1985804&wc=M6ZM-D38%3A264175701%2C264722601%2C265236701
132,IV,tîrgul,Teleneşti,Теленешть,Iaşi,469-470,469,470,,,,,223,https://www.familysearch.org/ark:/61903/3:1:3QS7-L93Y-T4ZY?i=222&cc=1985804&wc=M6ZM-D38%3A264175701%2C264722601%2C265236701
132,,s.,Flămînzeni,Флэмынзень,,471,471,471,,,,,,
132,IV,s.,Gangura,Гангура,Bender,472-473,472,473,,,,,226,https://www.familysearch.org/ark:/61903/3:1:3QSQ-G93Y-THMK?i=225&cc=1985804&wc=M6ZM-D38%3A264175701%2C264722601%2C265236701
132,IV,s.,Roşcani,Рошкани,Bender,474-476,474,476,,,,,229,https://www.familysearch.org/ark:/61903/3:1:3QSQ-G93Y-THM8?i=228&cc=1985804&wc=M6ZM-D38%3A264175701%2C264722601%2C265236701
132,IV,s.,Baimaclia,Баймаклия,Bender,477-478,477,478,,,,,233,https://www.familysearch.org/ark:/61903/3:1:3QS7-893Y-T493?i=232&cc=1985804&wc=M6ZM-D38%3A264175701%2C264722601%2C265236701
132,IV,s.,Baccealia,Баччалия,Akkerman,479-480,479,480,,,,,235,https://www.familysearch.org/ark:/61903/3:1:3QS7-893Y-T49L?i=234&cc=1985804&wc=M6ZM-D38%3A264175701%2C264722601%2C265236701
133,,s.,Borogani,Бороганы,,1-3,1,3,,,,,,
133,,s.,Hănăşenii Vechi,Хэнэшений-Векь,,4-7,4,7,,,,,,
133,,s.,Enichioi,Еникиой,,8-12,8,12,,,,,,
133,,s.,Cazangic,Казангик,,13-14,13,14,,,,,,
133,,s.,Chioselia Mică,Киоселия Микэ,,15-20,15,20,,,,,,
133,,s.,Caracui,Каракуй,,21-22,21,22,,,,,,
133,,s.,Covurlui,Ковурлуй,,23-24,23,24,,,,,,
133,,s.,Lărguţa,Ларгуца,,25-26,25,26,,,,,,
133,,s.,Pogăneşti,Погэнешты,,27-30,27,30,,,,,,
133,,s.,Pelinei Moldoveni,Пелиней Молдовень,,31-32,31,32,,,,,,
133,,s.,Sărata Galbenă,Сэрата Гэлбенэ,,33-43,33,43,,,,,,
133,,s.,Sărata,Сэрата,,44-51,44,51,,,,,,
133,,s.,Sărăţica,Сэрэцика,,52-55,52,55,,,,,,
133,,s.,Tatar Baurci,Татар Баурчи,,56-58,56,58,,,,,,
133,,s.,Frumuoasa,Фрумоаса,,59-60,59,60,,,,,,
133,,s.,Ciobalaccia,Чобалакчия,,61-64,61,64,,,,,,
134,,colonia,Arciz,Арциз,Akkerman,1-2,1,2,,,,,,
134,,c.,Berezina,Березина,Akkerman,3-4,3,4,,,,,,
134,,c.,Bergdorf,Бергдорф,Tiraspol,5-8,5,8,,,,,,
134,,c.,Borodino,Бородино,Akkerman,9-10,9,10,,,,,,
134,,c.,Brieni,Бриены,Akkerman,11-14,11,14,,,,,,
134,,c.,Virtemberg,Виртемберг,,15,15,15,,,,,,
134,,c.,Hofnungstal,Гофнунгсталь,Tiraspol,16-17,16,17,,,,,,
134,,c.,Ghelenstal,Гелленсталь,Odesa,18-19,18,19,,,,,,
134,,c.,Ghildendorf,Гильдендорф,Odesa,20-27,20,27,,,,,,
134,,c.,Glistal,Гисталь,Tiraspol,28-31,28,31,,,,,,
134,,c.,Hofnungstal,Гофнунгсталь,Akkerman,32-35,32,35,,,,,,
134,,c.,Groslibental,Гросслибенталь,Odesa,36-37,36,37,,,,,,
134,,c.,Casel,Касел,Tiraspol,38-41,38,41,,,,,,
134,,c.,Cleastiţi,Кляштицы,Akkerman,42-45,42,45,,,,,,
134,,c.,Crasna,Красна,Akkerman,46-47,46,47,,,,,,
134,,c.,Culm,Кулм,Akkerman,48-51,48,51,,,,,,
134,,c.,Leipţig,Лейпциг,Akkerman,52-55,52,55,,,,,,
134,,c.,Lihtental,Лихтенталь,Akkerman,56-59,56,59,,,,,,
134,,c.,Maloioroslaveţi I,Малоярославец I,Akkerman,60-67,60,67,,,,,,
134,,c.,Maloioroslaveţi II,Малоярославец II,Akkerman,68-71,68,71,,,,,,
134,,c.,Neudorf,Нейдорф,Tiraspol,72-75,72,75,,,,,,
134,,c.,Paris,Париж,Akkerman,76-77,76,77,,,,,,
134,,c.,Peterstal,Петерсталь,Odesa,78-81,78,81,,,,,,
134,,c.,Ploţc,Плоц,Akkerman,82-85,82,85,,,,,,
134,,c.,Rarbah,Рарбах,Odesa,86-91,86,91,,,,,,
134,,c.,Tarutino,Тарутино,Akkerman,92-97,92,97,,,,,,
134,,c.,Tepliţ,Теплиц,Akkerman,98-101,98,101,,,,,,
134,,c.,Franţfeld,Францфельд,Odesa,102-103,102,103,,,,,,
134,,c.,Fridenstal,Фриденсталь,Akkerman,104-117,104,117,,,,,,
134,,c.,Noul Fridenstal,Новый Фриденталь,Odesa,118-123,118,123,,,,,,
134,,c.,Ferşampenoise,Фершампенуаз,,124,124,124,,,,,,
135,I,tîrgul,Suliţa Nouă,Сулица Ноуэ,,1-87,1,87,,,,,,
135,I,s.,Nebidăuţi,Небидэуць,,88-121,88,121,,,,,344,https://www.familysearch.org/ark:/61903/3:1:3QS7-993Y-TCWB?i=343&cc=1985804&wc=M6C1-5TL%3A264175701%2C264722601%2C265175401
135,I,s.,Nesfoia,Несфоя,,122-149,122,149,,,,,,
135,II,s.,Neporotova,Непоротова,,150-188,150,188,,,,,448,https://www.familysearch.org/ark:/61903/3:1:3QS7-L93Y-TCYS?i=447&cc=1985804&wc=M6C1-5TL%3A264175701%2C264722601%2C265175401
135,II,s.,Nagoreni,Нагорены,,189-203,189,203,,,,,,
135,II,s.,Negrinţi,Негринць,,204-226,204,226,,,,,,
135,II,s.,Onut,Онут,,227-237,227,237,,,,,,
135,II,s.,Pol-Onuta de Sus,Пол-Онута-де-Сус,,238-247,238,247,,,,,,
135,II,s.,Ocniţa,Окница,,248-268,248,268,,,,,,
135,II,s.,Ojevo,Ожево,,269-290,269,290,,,,,,
135,II,s.,Prihorodoc,Прихородок,,291-317,291,317,,,,,,
135,III,s.,Păşcăuţi,Пэшкэуць,,318-349,318,349,,,,,,
135,III,s.,Perebicăuţi,Перебыковцы,,350-390,350,390,2361557,40–115,76,exacte,,
135,III,s.,Pererîta,Перерыта,,391-414,391,414,2361557,116–155,40,exacte,,
135,III,s.,Poiana,Поляна,,415-431,415,431,,,,,,
135,III,s.,Percăuţi,Перкауцы,,432-433,432,433,,,,,,
136,,or.,Bender,Бендеры,,1-124,1,124,2361557,194–376,183,exacte,,
136,,s.,Moleşti,Молешть,,125-125v,125,125,,,,,,
137,,or.,Bender,Бендеры,Bender,1-163,1,163,2361557,377–651,275,exacte,,
137,II,tîrgul,Căuşeni,Каушаны,Bender,164-199,164,199,,,,,,
137,II,tîrgul,Cimişlia,Чимишлия,Bender,200-204,200,204,,,,,319,https://www.familysearch.org/ark:/61903/3:1:S3HT-DT4Q-5MR?i=318&cc=1985804&wc=M6ZM-4ZS%3A264175701%2C264722601%2C265241401
137,II,s.,Moleşti,Молешть,Bender,205-209,205,209,,,,,326,https://www.familysearch.org/ark:/61903/3:1:S3HT-DT4Q-PTD?i=325&cc=1985804&wc=M6ZM-4ZS%3A264175701%2C264722601%2C265241401
137,II,tîrgul,Grinov,Гринов,gubernia Podolsc,210-211,210,211,,,,,335,https://www.familysearch.org/ark:/61903/3:1:S3HT-DT47-M9S?i=334&cc=1985804&wc=M6ZM-4ZS%3A264175701%2C264722601%2C265241401
137,II,tîrgul,Ladîjin,Ладыжин,gubernia Podolsc,212-213,212,213,,,,,338,https://www.familysearch.org/ark:/61903/3:1:S3HT-DT47-9PD?i=337&cc=1985804&wc=M6ZM-4ZS%3A264175701%2C264722601%2C265241401
137,II,tîrgul,Teplina,Теплина,gubernia Podolsc,214-215,214,215,,,,,341,https://www.familysearch.org/ark:/61903/3:1:S3HT-DT4Q-5K3?i=340&cc=1985804&wc=M6ZM-4ZS%3A264175701%2C264722601%2C265241401
138,I,or.,Ismail,Измаил,,1-130,1,130,,,,,,
138,II,or.,Odesa,Одесса,,131-147,131,147,,,,,,
138,II,or.,Herson,Херсон,,148-184,148,184,,,,,,
138,II,,Cantacuzovca şi Mostovoi,Кантакузовка и Мостовой,,85-223,85,223,,,,,,
139,I,or.,Chişinău,Кишинёв,,1-142,1,142,,,,,,
139,II,or.,Chişinău,Кишинёв,,143-284,143,284,,,,,,
140,,s.,Bărboieni,Бэрбоень,,1-39,1,39,,,,,,
140,,s.,Zamciogi,Замчоги,,40-42,40,42,,,,,,
141,,tîrgul,Hînceşti,Хынчешты,,1-43,1,43,,,,,,
142,,or.,Chilia,Килия,,1-44,1,44,,,,,3,https://www.familysearch.org/ark:/61903/3:1:33SQ-G5Y5-GPC?i=2&cc=1985804&wc=M6ZM-WT5%3A264175701%2C264722601%2C265258801
142,,or.,Bender,Бендеры,Bender,45-77,45,77,,,,,,
142,,or.,Chişinău,Кишинёв,Bender,78-90,78,90,,,,,,
142,,s.,Căuşeni,Каушаны,Bender,91-92,91,92,,,,,,
142,,tîrgul,Crasna,Красна,Bender,93-94,93,94,,,,,142,https://www.familysearch.org/ark:/61903/3:1:33S7-95Y5-LKM?i=141&cc=1985804&wc=M6ZM-WT5%3A264175701%2C264722601%2C265258801
142,,tîrgul,Ladîjina,Ладыжина,Gaisina,95-96,95,96,,,,,145,https://www.familysearch.org/ark:/61903/3:1:33S7-95Y5-L5Y?i=144&cc=1985804&wc=M6ZM-WT5%3A264175701%2C264722601%2C265258801
142,,tîrgul,Grinova,Гринова,gubernia Podolsc,97-98,97,98,,,,,129,https://www.familysearch.org/ark:/61903/3:1:33SQ-G5Y5-L8P?i=128&cc=1985804&wc=M6ZM-WT5%3A264175701%2C264722601%2C265258801
142,,tîrgul,Teplina,Теплина,gubernia Podolsc,99-100,99,100,,,,,,
143,I,or.,Orhei,Орхей,,1-100,1,100,,,,,,
143,II,or.,Orhei,Орхей,,111-220,111,220,,,,,,
144,,,genealogia romi (țigani)lor din judeţul Orhei,генеалогия цыган Оргеевского уезда,,1-7,1,7,,,,,,
144,,s.,Pecişte,Пещера,,8-14,8,14,,,,,,
144,,s.,Jeloboc,Желобок,,15-20,15,20,,,,,,
144,,s.,Brăviceni,Брэвичены,,21-26,21,26,,,,,,
144,,s.,Isacova,Исакова,,27-33,27,33,,,,,,
144,,s.,Ghermăneşti,Гермэнешть,,34-49,34,49,,,,,,
144,,s.,Săseni,Сэсень,,50-57,50,57,,,,,,
144,,s.,Işnovăţ,Ишноваць,,58-67,58,67,,,,,,
144,,s.,Brăneşti,Брэнешты,,68-70,68,70,,,,,,
145,,tîrgul,Teleneşti,Теленешть,,1-151,1,151,,,,,,
146,,s.,Ineşti,Инешты,,1-29,1,29,,,,,,
147,,tîrgul,Tuzara,Тузара,,1-23,1,23,,,,,,
148,I,s.,Munceşti,Мунчешть,Chişinău,1-5,1,5,,,,,,
148,I,s.,Temeleuţi,Темелеуць,Chişinău,6-7,6,7,,,,,13,https://www.familysearch.org/ark:/61903/3:1:3QS7-893Y-YF36?i=12&cc=1985804&wc=M6ZM-WZ9%3A264175701%2C264722601%2C265263401
148,,cătunul,Lăpuşniţa,Лапушница,,8-18,8,18,,,,,,
148,I,s.,Străşeni,Стрэшень,Chişinău,19-31,19,31,,,,,35,https://www.familysearch.org/ark:/61903/3:1:3QS7-L93Y-YX2R?i=34&cc=1985804&wc=M6ZM-WZ9%3A264175701%2C264722601%2C265263401
148,I,s.,Dulugeni,Дулугены,Chişinău,32-34,32,34,,,,,58,https://www.familysearch.org/ark:/61903/3:1:3QSQ-G93Y-YXZR?i=57&cc=1985804&wc=M6ZM-WZ9%3A264175701%2C264722601%2C265263401
148,I,s.,Sipoteni,Шипотены,Chişinău,35-48,35,48,,,,,61,https://www.familysearch.org/ark:/61903/3:1:3QSQ-G93Y-YXHX?i=60&cc=1985804&wc=M6ZM-WZ9%3A264175701%2C264722601%2C265263401
148,I,s.,Frăsineşti,Фрэсинешть,Chişinău,49-51,49,51,,,,,86,https://www.familysearch.org/ark:/61903/3:1:3QS7-893Y-YXCW?i=85&cc=1985804&wc=M6ZM-WZ9%3A264175701%2C264722601%2C265263401
148,I,s.,Curluceni,Курлучень,Chişinău,52-58,52,58,,,,,89,https://www.familysearch.org/ark:/61903/3:1:3QS7-993Y-Y6TK?i=88&cc=1985804&wc=M6ZM-WZ9%3A264175701%2C264722601%2C265263401
148,I,s.,Bujor,Бужор,Chişinău,59-62,59,62,,,,,99,https://www.familysearch.org/ark:/61903/3:1:3QS7-L93Y-YX3H?i=98&cc=1985804&wc=M6ZM-WZ9%3A264175701%2C264722601%2C265263401
148,I,s.,Bărboieni,Бэрбоень,Chişinău,63-102,63,102,,,,,,
148,,s.,Zamciogi,Замчоги,,103,103,103,,,,,,
148,I,s.,Şişcani,Шишканы,Chişinău,104-120,104,120,,,,,,
148,II,s.,Căpriana,Кэприана,Chişinău,121-174,121,174,,,,,191,https://www.familysearch.org/ark:/61903/3:1:3QS7-993Y-Y6MQ?i=190&cc=1985804&wc=M6ZM-WZ9%3A264175701%2C264722601%2C265263401
148,,moşia,Cartişa,Картиша,,175-178,175,178,,,,,,
148,II,s.,Pohrebeni,Погребены,Orhei,179-189,179,189,,,,,,
148,II,s.,Ghetlova,Гетлова,Orhei,190-193,190,193,,,,,329,https://www.familysearch.org/ark:/61903/3:1:3QS7-993Y-YDZQ?i=328&cc=1985804&wc=M6ZM-WZ9%3A264175701%2C264722601%2C265263401
148,II,s.,Tîgăneşti,Цыганешты,Orhei,194-213,194,213,,,,,335,https://www.familysearch.org/ark:/61903/3:1:3QSQ-G93Y-YDHD?i=334&cc=1985804&wc=M6ZM-WZ9%3A264175701%2C264722601%2C265263401
148,II,s.,Vadul-Leca,Вадул-Лека,Orhei,214-222,214,222,,,,,,
148,II,s.,Păuleşti,Пэулешть,Orhei,223-229,223,229,,,,,384,https://www.familysearch.org/ark:/61903/3:1:3QS7-893Y-YDHQ?i=383&cc=1985804&wc=M6ZM-WZ9%3A264175701%2C264722601%2C265263401
148,II,s.,Voroteţ,Воротец,Orhei,230-237,230,237,,,,,394,https://www.familysearch.org/ark:/61903/3:1:3QS7-893Y-YDHK?i=393&cc=1985804&wc=M6ZM-WZ9%3A264175701%2C264722601%2C265263401
148,II,s.,Brăviceni,Брэвичены,Orhei,238-241,238,241,,,,,407,https://www.familysearch.org/ark:/61903/3:1:3QSQ-G93Y-Y8YB?i=406&cc=1985804&wc=M6ZM-WZ9%3A264175701%2C264722601%2C265263401
148,II,s.,Dobruşa,Добруша,Orhei,242-244,242,244,,,,,412,https://www.familysearch.org/ark:/61903/3:1:3QSQ-G93Y-Y8RN?i=411&cc=1985804&wc=M6ZM-WZ9%3A264175701%2C264722601%2C265263401
148,II,s.,Crăsnăşeni,Крэснэшены,Orhei,245-248,245,248,,,,,415,https://www.familysearch.org/ark:/61903/3:1:3QS7-893Y-YD3G?i=414&cc=1985804&wc=M6ZM-WZ9%3A264175701%2C264722601%2C265263401
148,II,s.,Răspopeni,Распопены,Orhei,249-251,249,251,,,,,420,https://www.familysearch.org/ark:/61903/3:1:3QS7-L93Y-YD98?i=419&cc=1985804&wc=M6ZM-WZ9%3A264175701%2C264722601%2C265263401
148,II,s.,Brătuşeni,Брэтушены,Iaşi,252-254,252,254,,,,,423,https://www.familysearch.org/ark:/61903/3:1:3QS7-893Y-YDM6?i=422&cc=1985804&wc=M6ZM-WZ9%3A264175701%2C264722601%2C265263401
148,,moşia,Polu-Brînzeni,Полу-Брынзень,,255-258,255,258,,,,,,
148,II,s.,Scumpia,Скумпия,Iaşi,259-264,259,264,,,,,430,https://www.familysearch.org/ark:/61903/3:1:3QS7-893Y-Y852?i=429&cc=1985804&wc=M6ZM-WZ9%3A264175701%2C264722601%2C265263401
148,II,s.,Buciumeni,Бучумены,Iaşi,265-268,265,268,,,,,437,https://www.familysearch.org/ark:/61903/3:1:3QS7-993Y-Y8PG?i=436&cc=1985804&wc=M6ZM-WZ9%3A264175701%2C264722601%2C265263401
148,II,s.,Gălăşeni,Гэлэшень,Iaşi,269-272,269,272,,,,,,
148,III,tîrgul,Suliţa Nouă,Сулица Ноуэ,Hotin,273-289,273,289,,,,,,
148,III,s.,Mîndîcăuţi,Мындыкэуць,Hotin,290-292,290,292,,,,,,
148,III,s.,Mărcăuţi,Мэркэуць,Hotin,293-372,293,372,,,,,,
148,III,s.,Perebicăuţi,Перебыковцы,Hotin,373-376,373,376,,,,,,
148,III,s.,Drepcăuţi,Дрепкэуць,Hotin,377-380,377,380,,,,,,
148,III,s.,Pererîta,Перерыта,Hotin,381-383,381,383,,,,,,
148,III,s.,Dăncăuţi,Дэнкэуць,Hotin,384-386,384,386,,,,,,
148,III,s.,Văncicăuţi,Вэнчикэуць,Hotin,387-389,387,389,,,,,655,https://www.familysearch.org/ark:/61903/3:1:3QS7-993Y-YF5M?i=654&cc=1985804&wc=M6ZM-WZ9%3A264175701%2C264722601%2C265263401
148,III,s.,Romîncăuţi,Роминкэуци,Hotin,390-400,390,400,,,,,659,https://www.familysearch.org/ark:/61903/3:1:3QS7-L93Y-YNCR?i=658&cc=1985804&wc=M6ZM-WZ9%3A264175701%2C264722601%2C265263401
148,III,s.,Mereşeuca,Мерешеука,Soroca,401-405,401,405,,,,,678,https://www.familysearch.org/ark:/61903/3:1:3QS7-893Y-YNQV?i=677&cc=1985804&wc=M6ZM-WZ9%3A264175701%2C264722601%2C265263401
148,III,s.,Prepeliţa,Препелица,Soroca,406-409,406,409,,,,,685,https://www.familysearch.org/ark:/61903/3:1:3QS7-L93Y-YFBY?i=684&cc=1985804&wc=M6ZM-WZ9%3A264175701%2C264722601%2C265263401
148,III,s.,Copăceni,Копэчень,Soroca,410-412,410,412,,,,,,
148,III,s.,Pepeni,Пепень,Soroca,413-416,413,416,,,,,,
149,I,tîrgul,Raşcov (Rîşcu),Рашков (Рышку),,1-72,1,72,,,,,,
149,I,tîrgul,"Otaci (Ataci, Atachi) Movilău",Атаки (Могилёв),,73-150,73,150,,,,,,
149,II,tîrgul,"Otaci (Ataci, Atachi) Movilău",Атаки (Могилёв),,151-309,151,309,,,,,,
150,,or.,Akkerman,Аккерман,,1-28,1,28,,,,,,
150,,or.,Chilia,Килия,,29-42,29,42,,,,,,
150,,or.,Hotin,Хотин,Hotin,43-96,43,96,,,,,63,https://www.familysearch.org/ark:/61903/3:1:33S7-95YB-2TC?i=62&cc=1985804&wc=M6ZM-WTR%3A264175701%2C264722601%2C265441501
150,,tîrgul,Briceni,Бричаны,Hotin,97-98,97,98,,,,,,
150,,tîrgul,Cransc,Кранск,gubernia  Grodno,99-100,99,100,,,,,,
151,I,tîrgul,Briceni,Бричаны,,1-192,1,192,,,,,,
151,II,tîrgul,Suliţa Nouă,Сулица Ноуэ,,193-228,193,228,,,,,,
151,II,tîrgul,Lipcani,Липканы,,229-316,229,316,,,,,,
151,II,colonia,Lomancinţi (Vişineva),Ломанчинць (Вишинева),,317-325,317,325,,,,,,
152,I,or.,Hotin,Хотин,,1-110,1,110,,,,,,
152,II,or.,Hotin,Хотин,,111-219,111,219,,,,,,
153,,or.,Bălţi,Бельцы,,1-12,1,12,,,,,,
154,,tîrgul,Sculeni,Скуляны,,1-44,1,44,,,,,,
155,,or.,Chişinău,Кишинёв,,None,,,,,,,,
156,,or.,Chişinău,Кишинёв,Chişinău,1-31,1,31,,,,,,
156,,s.,Chetrosu,Кетросу,Chişinău,32-38,32,38,,,,,,
156,,moşia,Cartişa,Картиша,,39-41,39,41,,,,,,
156,,s.,Zamciogi,Замчоги,Chişinău,42-46,42,46,,,,,,
156,,s.,Selişte,Селиште,Chişinău,47-53,47,53,,,,,,
156,,s.,Şişcani,Шишканы,Chişinău,54-59,54,59,,,,,,
157,,s.,Bolţun,Бэлцун,,1-3,1,3,,,,,,
157,,s.,Bujor,Бужор,,4-7,4,7,,,,,,
158,,s.,Şişcani,Шишканы,,1-18,1,18,,,,,,
159,,s.,Ohrincea,Охринча,,1-7,1,7,,,,,,
160,,s.,Isacova,Исакова,,1-25,1,25,,,,,,
160,,s.,Onişcani,Онишканы,,26-37,26,37,,,,,,
160,,s.,Sămăşcani,Сэмэшкань,,2-8,2,8,,,,,,
160,,s.,Mana,Мана,,9-18,9,18,,,,,,
160,,s.,Cinişeuţi,Чинишеуць,,19-21,19,21,,,,,,
161,,s.,Crăsnăşeni,Крэснэшены,,1-5,1,5,,,,,,
161,,s.,Hruşova,Хрушова,,6-15,6,15,,,,,,
161,,s.,Cinişeuţi,Чинишеуць,,16-19,16,19,,,,,,
161,,s.,Maşcăuţi,Машкауцы,,20-25,20,25,,,,,,
161,,s.,Dîşcova,Дышкова,,26-33,26,33,,,,,,
161,,s.,Cornova,Корнова,,34-39,34,39,,,,,,
161,,s.,Văsieni,Вэсиень,,40-45,40,45,,,,,,
161,,s.,Săseni,Сэсень,,46-51,46,51,,,,,,
161,,s.,Răspopeni,Распопены,,52-56,52,56,,,,,69,https://www.familysearch.org/ark:/61903/3:1:3QS7-893Y-YPQ?i=68&cc=1985804&wc=M6ZM-HP8%3A264175701%2C264722601%2C265264501
161,,s.,Ghetlova,Гетлова,,57-61,57,61,,,,,77,https://www.familysearch.org/ark:/61903/3:1:3QS7-L93Y-YCY?i=76&cc=1985804&wc=M6ZM-HP8%3A264175701%2C264722601%2C265264501
161,,tîrgul,Teleneşti,Теленешть,,62-72,62,72,,,,,85,https://www.familysearch.org/ark:/61903/3:1:3QS7-893Y-Y5X?i=84&cc=1985804&wc=M6ZM-HP8%3A264175701%2C264722601%2C265264501
161,,s.,Tătăreşti,Тэтэрешты,,73-78,73,78,,,,,102,https://www.familysearch.org/ark:/61903/3:1:3QS7-993Y-Y6V?i=101&cc=1985804&wc=M6ZM-HP8%3A264175701%2C264722601%2C265264501
161,,s.,Echimăuţi,Екимоуцы,,79-84,79,84,,,,,,
161,,s.,Găleşti,Гэлешть,,85-91,85,91,,,,,,
161,,s.,Minceni,Минчень,,92-94,92,94,,,,,,
161,,s.,Ţîgăneşti,Цыганешты,,95-116,95,116,,,,,135,https://www.familysearch.org/ark:/61903/3:1:3QS7-L93Y-TTMR?i=134&cc=1985804&wc=M6ZM-HP8%3A264175701%2C264722601%2C265264501
162,,s.,Pohrebeni,Погребены,Orhei,1-10,1,10,,,,,,
162,,s.,Onişcani,Онишканы,Orhei,11-16,11,16,,,,,,
162,,s.,Şoldăneşti,Шолданешты,Orhei,17-20,17,20,,,,,,
162,,tîrgul,"Otaci (Ataci, Atachi)",Атаки,Soroca,21-22,21,22,,,,,,
162,,s.,Iabloana,Яблоана,Iaşi,23-24,23,24,,,,,,
162,,s.,Vîşcăuţi,Выщэуць,Orhei,25-26,25,26,,,,,,
163,,s.,Căinarii Noi,Кэинарий Ной,,1-2,1,2,,,,,,
163,,s.,Cotiujenii Noi,Котюжений Ной,,3-11,3,11,,,,,,
163,,s.,Slobozia Scăieni,Слобозия-Скэень,,12-14,12,14,,,,,,
163,,or.,Soroca,Сорока,,15-17,15,17,,,,,,
164,,s.,Slobozia Zgura,Слобозия-Згура,,1-10,1,10,,,,,,
164,,judeţul,Soroca,Сорока,,11-12,11,12,,,,,,
164,,s.,Văsieni,Вэсиень,,13-24,13,24,,,,,,
164,,s.,Rudii de Jos,Рудий-де-Жос,,25-33,25,33,,,,,,
164,,s.,Nicoreni,Никорены,,34-38,34,38,,,,,,
164,,tîrgul,"Otaci (Ataci, Atachi) Movilău",Атаки (Могилёв),,39-104,39,104,,,,,,
164,,s.,Mereşeuca,Мерешеука,,105-113,105,113,,,,,,
165,,or.,Orhei,Орхей,Orhei,1-15,1,15,,,,,2,https://www.familysearch.org/ark:/61903/3:1:3QS7-993Y-TPK7?i=1&cc=1985804&wc=M6ZM-HTL%3A264175701%2C264722601%2C265265201
165,,tîrgul,Teleneşti,Теленешть,Orhei,16-19,16,19,,,,,27,https://www.familysearch.org/ark:/61903/3:1:3QS7-893Y-T5SR?i=26&cc=1985804&wc=M6ZM-HTL%3A264175701%2C264722601%2C265265201
165,,col.,Ivanos (Nicolaevca),Иванос (Николаевка),Orhei,20-25,20,25,,,,,32,https://www.familysearch.org/ark:/61903/3:1:3QSQ-G93Y-TR71?i=31&cc=1985804&wc=M6ZM-HTL%3A264175701%2C264722601%2C265265201
165,,tîrgul,"Otaci (Ataci, Atachi) Movilău",Атаки (Могилёв),Soroca,26-50,26,50,,,,,42,https://www.familysearch.org/ark:/61903/3:1:3QSQ-G93Y-TR47?i=41&cc=1985804&wc=M6ZM-HTL%3A264175701%2C264722601%2C265265201
165,,tîrgul,Raşcov (Rîşcu),Рашков (Рышку),Soroca,51-54,51,54,,,,,,
165,,col.,Mereşeuca,Мерешеука,Soroca,55-65,55,65,,,,,,
165,,col.,Mărculeşti,Мэркулешть,Soroca,66-71,66,71,,,,,,
165,,col.,Vertiujeni,Вертюжень,Soroca,72-74,72,74,,,,,,
165,,col.,Dumbrăveni,Думбрэвены,Soroca,75-93,75,93,,,,,,
165,,col.,Liublin,Люблин,Soroca,94-96,94,96,,,,,128,https://www.familysearch.org/ark:/61903/3:1:3QS7-993Y-TGTK?i=127&cc=1985804&wc=M6ZM-HTL%3A264175701%2C264722601%2C265265201
165,,tîrgul,Hînceşti,Хынчешты,Chişinău,97-100,97,100,,,,,,
165,,col.,Constantinovca,Константиновка,Chişinău,101-111,101,111,,,,,,
165,,,Constantinovca Căpriana,Константиновка Кэприана,Chişinău,112-116,112,116,,,,,,
165,,mănăstirea,Căpriana,Кэприана,,112-116,112,116,,,,,,
165,,s.,Romîncăuţi,Роминкэуци,Hotin,117-119,117,119,,,,,,
165,,tîrgul,Copela,Копела,gubernia Kiev,120-122,120,122,,,,,,
165,,or.,Bahtu,Бахту,gubernia Podolsc,123-124,123,124,,,,,,
166,,or.,Soroca,Сорока,,1-4,1,4,,,,,,
166,,s.,Gura Căinarului,Гура-Кэинарулуй,,5-13,5,13,,,,,,
166,,s.,Năpadova,Наподова,,14-27,14,27,,,,,,
166,,s.,Bujerovca,Бужеровка,,28-33,28,33,,,,,,
166,,s.,Cucuieţi,Кукуецы,,34-43,34,43,,,,,,
166,,s.,Mereşeuca,Мерешеука,,44-49,44,49,,,,,,
166,,s.,Iarova,Ярова,,50-65,50,65,,,,,,
166,,s.,Bîrnova,Бырнова,,66-70,66,70,,,,,,
166,,s.,Bălăşeşti,Бэлэшешть,,71-86,71,86,,,,,,
167,,s.,Hîrtop,Хыртоп,,1-12,1,12,,,,,,
167,,s.,Unchiteşti,Унчитешты,,13-16,13,16,,,,,23,https://www.familysearch.org/ark:/61903/3:1:3QSQ-G93Y-Y997?i=22&cc=1985804&wc=M6ZM-CZS%3A264175701%2C264722601%2C265266001
167,,s.,Frăteştii de Sus,Фрэтештий де Сус,,17-24,17,24,,,,,,
168,,s.,Rediul Mare,Редиул Маре,,1-14,1,14,,,,,,
168,,s.,Bîrnova de Jos,Бырнова-де-Жос,,15-28,15,28,,,,,,
168,,s.,Tîrnova,Тырново,,29-34,29,34,,,,,,
168,,s.,Pravila (Prăjila),Правила (Пражила),,35-61,35,61,,,,,,
168,,s.,Vertiujeni şi Căpreşti,Вертюжень и Кэпрешть,,62-68,62,68,,,,,,
168,,s.,Zahorna,Загорна,,69-90,69,90,,,,,,
169,,colonia,Lomacineţ (Vişineva),Ломачинец (Вишинева),,1-43,1,43,,,,,,
170,,or.,Hotin,Хотин,,2-15,2,15,,,,,,
170,,s.,Corestăuţi,Корестэуць,,16-21,16,21,,,,,,
170,,s.,Burlăneşti,Бурлэнешты,,22-25,22,25,,,,,,
170,,s.,Coşuleni,Кошулены,,26-30,26,30,,,,,,
170,,s.,Negrinţi,Негринць,,31-33,31,33,,,,,,
170,,s.,Restev-Atachi (Vîrstova),Рестев-Атачи (Вырстова),,34-36,34,36,,,,,,
170,,s.,Berestea,Берестя,,37-39,37,39,,,,,,
170,,s.,Rosoşani,Росошани,,40-46,40,46,,,,,,
170,,s.,Gruşoviţa,Грушовица,,41-49,41,49,,,,,,
170,,tîrgul,Secureni,Секурены,,50-52,50,52,,,,,,
170,,tîrgul,Lipcani,Липканы,,53-55,53,55,,,,,,
170,,s.,Bîrlădeni,Бырлэдень,,56-60,56,60,,,,,,
170,,s.,Vălcineţ,Вэлчинец,,61-63,61,63,,,,,,
170,,s.,Vetreanca,Ветрянка,,64-66,64,66,,,,,,
170,,s.,Voloşcova,Волошкова,,67-70,67,70,,,,,,
170,,s.,Vorniceni,Ворничены,,71-73,71,73,,,,,,
170,,s.,Gordineşti,Гординешть,,74-81,74,81,,,,,,
170,,s.,Ianouţi,Яноуцы,,82-85,82,85,,,,,,
170,,s.,Cepănoasa,Чепэноаса,,86-92,86,92,,,,,,
170,,s.,Stălineşti,Стэлинешть,,93-97,93,97,,,,,,
170,,s.,Comarova,Комарова,,98-104,98,104,,,,,,
170,,s.,Rjavinţi,Ржавинць,,105-111,105,111,,,,,,
170,,s.,Ojevo,Ожево,,112-120,112,120,,,,,,
170,,s.,Cruglic,Круглик,,121-125,121,125,,,,,,
170,,tîrgul,Edineţ,Единцы,,126-132,126,132,,,,,,
170,,s.,Văscăuţi,Вэскэуць,,133-137,133,137,,,,,,
170,,s.,Hilovăţ (Belavinţi),Хиловэц (Белавинць),,138-141,138,141,,,,,,
170,,s.,Tabani,Табань,,142-147v,142,147,,,,,,
170,,s.,Dăncăuţi,Дэнкэуць,,148-150,148,150,,,,,,
170,,s.,Bilăuţi,Билэуць,,151-153,151,153,,,,,,
170,,s.,Şebutinţi,Шебутинцы,,154-160,154,160,,,,,,
171,,or.,Bălţi,Бельцы,,1-33,1,33,,,,,,
171,,s.,Groseni,Гросень,,34-37,34,37,,,,,,
171,,s.,Stîncăuţi,Стынкэуць,,38-41,38,41,,,,,,
171,,moşia,Măgureni,Мэгурень,,42-44,42,44,,,,,,
171,,s.,Alexăndrenii de Prut,Александрений де Прут,,44a-47,44,47,,,,,,
171,,s.,Buciumeni,Бучумены,,48-52,48,52,,,,,,
171,,s.,Hîrceşti,Хырчешты,,53-57,53,57,,,,,,
171,,s.,Bursuceni,Бурсучень,,58-61,58,61,,,,,,
171,,s.,Costeşti,Костешть,,62-64,62,64,,,,,,
171,,s.,Cuhneşti,Кухнешты,,65-70,65,70,,,,,,
171,,s.,Ciuciuieni,Чучуиень,,71-73,71,73,,,,,,
171,,s.,Vulpeşti şi Mănoileşti,Вулпешты ши Мэнойлешты,,74-77,74,77,,,,,,
171,,s.,Sîngerei,Сынджерей,,78-83,78,83,,,,,,
171,,s.,Bleşinăuţi (Blescenăuţi),Блешинэуць (Блещенэуць),,84-90,84,90,,,,,,
171,,moşia,Măgura,Мэгура,,91-93,91,93,,,,,,
171,,s.,Limbeni,Лимбень,,94-97,94,97,,,,,,
171,,s.,Pociumbeni,Почумбены,,98-102,98,102,,,,,,
171,,s.,Drujineni,Дружинены,,103-107,103,107,,,,,,
171,,s.,Beşeni,Бешены,,108-116,108,116,,,,,,
171,,s.,Pîrliţa (Pîrliţi),Пырлица (Пырлиць),,117-119,117,119,,,,,,
171,,s.,Pînzăreni,Пынзэрень,,120-122,120,122,,,,,,
171,,s.,Ciuciulea,Чучулея,,123-129,123,129,,,,,,
171,,s.,Chetrosu,Кетросу,,130-134,130,134,,,,,,
171,,s.,"Pîrjota, Bahmut şi Işcălău","Пыржота, Бахмут и Искэлэу",,135-139,135,139,,,,,,
171,,s.,Corneşti,Корнешть,,140-142,140,142,,,,,,
171,,s.,Cişcăreni,Кишкарены,,143-153,143,153,,,,,,
171,,s.,Fundureni şi Pol-Limbeni,Фундурень и Пол-Лимбень,,154-158,154,158,,,,,,
172,,or.,Bălţi,Бельцы,,1-5,1,5,,,,,,
172,,s.,Alexăndrenii de Prut,Александрений де Прут,,6-9,6,9,,,,,,
172,,,Basarabia,Бессарабия,,10-14,10,14,,,,,,
173,,s.,Beşeni,Бешены,,1-15,1,15,,,,,,
173,,s.,Vrăneşti,Врэнешты,,16-17,16,17,,,,,,
173,,s.,Limbeni,Лимбень,,18-23,18,23,,,,,,
173,,s.,Pociumbeni,Почумбены,,24-34,24,34,,,,,,
173,,s.,Chirileni,Кирилены,,25-41,25,41,,,,,,
173,,or.,Bălţi,Бельцы,,42-49,42,49,,,,,,
174,,s.,Măcăreşti,Мэкэрешть,,1-15,1,15,,,,,,
174,,s.,Văsieni,Вэсиень,,16-21,16,21,,,,,,
174,,or.,Chişinău,Кишинёв,,22-31,22,31,,,,,,
174,,s.,Mileşti,Милешть,,32-36,32,36,,,,,,
174,,s.,Boldureşti,Болдурешть,,37-46,37,46,,,,,,
174,,s.,Drambaşeni,Драмбашены,,47-64,47,64,,,,,,
175,,or.,Chişinău,Кишинёв,,1-3,1,3,,,,,,
176,,s.,Hansca,Ханска,,1-10,1,10,,,,,,
177,,s.,Ialoveni,Яловень,,1-6,1,6,,,,,,
177,,s.,Călimăneşti,Кэлимэнешты,,7-13,7,13,,,,,,
177,,s.,Sireţi,Сирець,,14-17,14,17,,,,,,
178,,or.,Chişinău,Кишинёв,,1-3,1,3,,,,,,
178,,s.,Lăpuşniţa,Лапушница,,4-18,4,18,,,,,,
178,,moşia,Frăsineşti,Фрэсинешть,,19-22,19,22,,,,,,
179,,s.,Căpriana,Кэприана,,1-50,1,50,,,,,,
179,,s.,Sipoteni,Шипотены,,51-65,51,65,,,,,,
180,I,s.,Olăneşti,Оланешты,,3-73,3,73,,,,,,
180,I,s.,Petropavlovca,Петропавловка,,74-111,74,111,,,,,,
180,I,s.,Popovca,Поповка,,112-141,112,141,,,,,204,https://www.familysearch.org/ark:/61903/3:1:3QS7-993Y-RZ21?i=203&cc=1985804&wc=M6ZM-FZ9%3A264175701%2C264722601%2C265280701
180,II,s.,Pavlovca,Павловка,,142-172,142,172,,,,,260,https://www.familysearch.org/ark:/61903/3:1:3QS7-L93Y-RZCQ?i=259&cc=1985804&wc=M6ZM-FZ9%3A264175701%2C264722601%2C265280701
180,II,s.,Palanca,Паланка,,173-203,173,203,,,,,319,https://www.familysearch.org/ark:/61903/3:1:3QSQ-G93Y-RC15?i=318&cc=1985804&wc=M6ZM-FZ9%3A264175701%2C264722601%2C265280701
180,II,s.,Pocrovca,Покровка,,204-222,204,222,,,,,376,https://www.familysearch.org/ark:/61903/3:1:3QS7-893Y-RZWP?i=375&cc=1985804&wc=M6ZM-FZ9%3A264175701%2C264722601%2C265280701
180,II,s.,Plahteevca,Плахтеевка,,223-288,223,288,,,,,410,https://www.familysearch.org/ark:/61903/3:1:3QS7-993Y-RCGQ?i=409&cc=1985804&wc=M6ZM-FZ9%3A264175701%2C264722601%2C265280701
180,III,s.,Răileanca,Рэйленка,,289-354,289,354,,,,,535,https://www.familysearch.org/ark:/61903/3:1:3QSQ-G93Y-RHLF?i=534&cc=1985804&wc=M6ZM-FZ9%3A264175701%2C264722601%2C265280701
180,III,s.,Semionovca,Семёновка,,355-409,355,409,,,,,657,https://www.familysearch.org/ark:/61903/3:1:3QS7-893Y-RHRJ?i=656&cc=1985804&wc=M6ZM-FZ9%3A264175701%2C264722601%2C265280701
180,III,s.,Spascoe,Спасское,,410-435,410,435,,,,,764,https://www.familysearch.org/ark:/61903/3:1:3QSQ-G93Y-R46R?i=763&cc=1985804&wc=M6ZM-FZ9%3A264175701%2C264722601%2C265280701
180,III,s.,Sergheevca,Сергеевка,,436-460,436,460,,,,,813,https://www.familysearch.org/ark:/61903/3:1:3QSQ-G93Y-R471?i=812&cc=1985804&wc=M6ZM-FZ9%3A264175701%2C264722601%2C265280701
181,,tîrgul,Păpuşoi,Пэпушой,,1-122,1,122,,,,,,
182,,s.,Răscăieţi,Раскаец,,1-41,1,41,,,,,,
182,,s.,Frumuşica Veche,Фрумушица Веке,,42-72,42,72,,,,,,
182,,s.,Marianovca,Марьяновка,,73-84,73,84,,,,,,
182,,s.,Stefanovca,Стефановка,,85-100,85,100,,,,,192,https://www.familysearch.org/ark:/61903/3:1:3QS7-993Y-PKRZ?i=191&cc=1985804&wc=M6ZM-XP6%3A264175701%2C264722601%2C265282701
182,,s.,Negrova,Негрова,,101-110,101,110,,,,,219,https://www.familysearch.org/ark:/61903/3:1:3QS7-L93Y-PP86?i=218&cc=1985804&wc=M6ZM-XP6%3A264175701%2C264722601%2C265282701
182,,s.,Nădejdea (Moldova),Надежда (Молдова),,111-125,111,125,,,,,238,https://www.familysearch.org/ark:/61903/3:1:3QS7-L93Y-PP43?i=237&cc=1985804&wc=M6ZM-XP6%3A264175701%2C264722601%2C265282701
182,,s.,Şteingold,Штейнгольд,,126-134,126,134,,,,,263,https://www.familysearch.org/ark:/61903/3:1:3QS7-L93Y-PP7Q?i=262&cc=1985804&wc=M6ZM-XP6%3A264175701%2C264722601%2C265282701
182,,s.,Purcari,Пуркары,,135-154,135,154,,,,,,
183,I,col.,Cleastiţi,Кляштицы,,3-58,3,58,,,,,371,https://www.familysearch.org/ark:/61903/3:1:3QS7-993Y-PL2M?i=370&cc=1985804&wc=M6ZM-F29%3A264175701%2C264722601%2C265283001
183,,col.,Hofnungstal (Caradai),Гофнунгсталь (Карадай),,58a-88,58,88,,,,,,
183,I,col.,Borodino (Saca),Бородино (Сака),,89-142,89,142,,,,,534,https://www.familysearch.org/ark:/61903/3:1:3QSQ-G93Y-PGXK?i=533&cc=1985804&wc=M6ZM-F29%3A264175701%2C264722601%2C265283001
183,II,col.,Leipţig,Лейпциг,,143-194,143,194,,,,,,
183,II,col.,Berezina (Rătunda),Березина (Рэтунда),,195-245,195,245,,,,,,
183,II,col.,Paris,Париж,,246-295,246,295,,,,,,
183,III,col.,Breini,Брейни,,296-343,296,343,,,,,,
183,III,col.,Arcizul Vechi,Арцизул Векь,,344-377,344,377,,,,,159,https://www.familysearch.org/ark:/61903/3:1:3QS7-993Y-P5JC?i=158&cc=1985804&wc=M6ZM-F29%3A264175701%2C264722601%2C265283001
183,III,col.,Arcizul Nou,Арцизул Ноу,,378-399,378,399,,,,,,
183,III,col.,Friedenstal,Фриденсталь,,400-448,400,448,,,,,263,https://www.familysearch.org/ark:/61903/3:1:3QSQ-G93Y-P5GS?i=262&cc=1985804&wc=M6ZM-F29%3A264175701%2C264722601%2C265283001
183,III,col.,Molocnîi,Молокний,,453-455,453,455,,,,,,
184,I,col.,Cleastiţi,Кляштицы,,1-55,1,55,,,,,2,https://www.familysearch.org/ark:/61903/3:1:3QS7-L93Y-P553?i=1&cc=1985804&wc=M6ZM-N38%3A264175701%2C264722601%2C265285101
184,I,col.,Hofnungstal (Caradai),Гофнунгсталь (Карадай),,57-85,57,85,,,,,,
184,I,col.,Borodino (Saca),Бородино (Сака),,86-141,86,141,,,,,,
184,II,col.,Leipţig,Лейпциг,,142-197,142,197,,,,,,
184,II,col.,Berezina (Rătunda),Березина (Рэтунда),,199-250,199,250,,,,,,
184,II,col.,Paris,Париж,,251-299,251,299,,,,,416,https://www.familysearch.org/ark:/61903/3:1:3QS7-L93Y-PTCN?i=415&cc=1985804&wc=M6ZM-N38%3A264175701%2C264722601%2C265285101
184,III,col.,Breini,Брейни,,300-345,300,345,,,,,485,https://www.familysearch.org/ark:/61903/3:1:3QSQ-G93Y-PRNC?i=484&cc=1985804&wc=M6ZM-N38%3A264175701%2C264722601%2C265285101
184,III,col.,Arcizul Vechi,Арцизул Векь,,346-379,346,379,,,,,538,https://www.familysearch.org/ark:/61903/3:1:3QS7-893Y-P5WY?i=537&cc=1985804&wc=M6ZM-N38%3A264175701%2C264722601%2C265285101
184,III,col.,Arcizul Nou,Арцизул Ноу,,380-400,380,400,,,,,586,https://www.familysearch.org/ark:/61903/3:1:3QS7-L93Y-PRNJ?i=585&cc=1985804&wc=M6ZM-N38%3A264175701%2C264722601%2C265285101
184,III,col.,Friedenstal,Фриденсталь,,401-447,401,447,,,,,613,https://www.familysearch.org/ark:/61903/3:1:3QS7-993Y-P5ZZ?i=612&cc=1985804&wc=M6ZM-N38%3A264175701%2C264722601%2C265285101
184,III,col.,Glicstal,Гликсталь,,449-450,449,450,,,,,,
185,,tîrgul,Tatarbunar (Tatar-Bunar),Татарбунары (Татар-Бунар),,2-127,2,127,,,,,,
185,II,s.,Taşlîc,Ташлык,,128-182,128,182,,,,,,
185,II,s.,Tălmaza,Тэлмаза,,183-318,183,318,,,,,446,https://www.familysearch.org/ark:/61903/3:1:3QSQ-G93Y-BFL7?i=445&cc=1985804&wc=M6ZM-FM9%3A264175701%2C264722601%2C265286201
185,III,s.,Tudora,Тудора,,319-368,319,368,,,,,639,https://www.familysearch.org/ark:/61903/3:1:3QS7-893Y-BXLL?i=638&cc=1985804&wc=M6ZM-FM9%3A264175701%2C264722601%2C265286201
185,III,s.,Uspenscoe,Успенское,,369-401,369,401,,,,,707,https://www.familysearch.org/ark:/61903/3:1:3QS7-L93Y-BX2X?i=706&cc=1985804&wc=M6ZM-FM9%3A264175701%2C264722601%2C265286201
185,III,s.,Frumuşica,Фрумушица,,402-443,402,443,,,,,747,https://www.familysearch.org/ark:/61903/3:1:3QSQ-G93Y-BX36?i=746&cc=1985804&wc=M6ZM-FM9%3A264175701%2C264722601%2C265286201
185,IV,s.,Feşteliţa,Фештелица,,444-497,444,497,,,,,803,https://www.familysearch.org/ark:/61903/3:1:3QS7-L93Y-BKV8?i=802&cc=1985804&wc=M6ZM-FM9%3A264175701%2C264722601%2C265286201
185,IV,s.,Furmanca,Фурманка,,498-542,498,542,,,,,,
185,IV,s.,Ţăriceanca,Цэриченка,,543-624,543,624,,,,,947,https://www.familysearch.org/ark:/61903/3:1:3QS7-L93Y-BVB7?i=946&cc=1985804&wc=M6ZM-FM9%3A264175701%2C264722601%2C265286201
185,V,s.,Ciobruci (Cioburci),Чобручи,,625-700,625,700,,,,,1077,https://www.familysearch.org/ark:/61903/3:1:3QS7-893Y-BJWV?i=1076&cc=1985804&wc=M6ZM-FM9%3A264175701%2C264722601%2C265286201
185,V,s.,Cicima,Чичима,,701-752,701,752,,,,,,
185,VI,s.,Şagani,Шагани,,753-806,753,806,,,,,,
185,VI,s.,Iaroslavca,Ярославка,,807-826,807,826,,,,,,
185,VI,s.,Ceamaşir,Чамашир,,827-854,827,854,,,,,,
186,I,s.,Zolocari,Золокары,,2-50,2,50,,,,,153,https://www.familysearch.org/ark:/61903/3:1:3QS7-993Y-YGQY?i=152&cc=1985804&wc=M6ZM-FMS%3A264175701%2C264722601%2C265289201
186,I,s.,Ivanovca,Ивановка,,51-110,51,110,,,,,226,https://www.familysearch.org/ark:/61903/3:1:3QSQ-G93Y-YLCL?i=225&cc=1985804&wc=M6ZM-FMS%3A264175701%2C264722601%2C265289201
186,I,s.,Corcmaz (Crocmaz),Коркмаз (Крокмаз),,111-166,111,166,,,,,316,https://www.familysearch.org/ark:/61903/3:1:3QS7-L93Y-Y25W?i=315&cc=1985804&wc=M6ZM-FMS%3A264175701%2C264722601%2C265289201
186,II,s.,Carahasani,Карахасаны,,167-216,167,216,,,,,400,https://www.familysearch.org/ark:/61903/3:1:3QSQ-G93Y-Y29F?i=399&cc=1985804&wc=M6ZM-FMS%3A264175701%2C264722601%2C265289201
186,II,s.,Caplani,Каплань,,217-280,217,280,,,,,469,https://www.familysearch.org/ark:/61903/3:1:3QS7-993Y-YK84?i=468&cc=1985804&wc=M6ZM-FMS%3A264175701%2C264722601%2C265289201
186,II,s.,Copceac,Копчак,,281-308,281,308,,,,,560,https://www.familysearch.org/ark:/61903/3:1:3QS7-893Y-YRSF?i=559&cc=1985804&wc=M6ZM-FMS%3A264175701%2C264722601%2C265289201
186,II,s.,Cîrnăţeni,Кырнэцень,,309-310v,309,310,,,,,602,https://www.familysearch.org/ark:/61903/3:1:3QS7-L93Y-YR75?i=601&cc=1985804&wc=M6ZM-FMS%3A264175701%2C264722601%2C265289201
186,II,s.,Cariacica,Кариачика,,311-332,311,332,,,,,604,https://www.familysearch.org/ark:/61903/3:1:3QS7-993Y-Y5RC?i=603&cc=1985804&wc=M6ZM-FMS%3A264175701%2C264722601%2C265289201
186,III,s.,Cîşliţa,Кышлица,,333-369,333,369,,,,,631,https://www.familysearch.org/ark:/61903/3:1:3QSQ-G93Y-Y51X?i=630&cc=1985804&wc=M6ZM-FMS%3A264175701%2C264722601%2C265289201
186,III,s.,Chitai,Китай,,370-393,370,393,,,,,688,https://www.familysearch.org/ark:/61903/3:1:3QSQ-G93Y-Y5Z5?i=687&cc=1985804&wc=M6ZM-FMS%3A264175701%2C264722601%2C265289201
186,III,s.,Caramahmet,Карамахмет,,394-477,394,477,,,,,723,https://www.familysearch.org/ark:/61903/3:1:3QS7-893Y-Y5WQ?i=722&cc=1985804&wc=M6ZM-FMS%3A264175701%2C264722601%2C265289201
186,IV,s.,Chebabcea,Кебабча,,478-529,478,529,,,,,844,https://www.familysearch.org/ark:/61903/3:1:3QS7-893Y-YPMW?i=843&cc=1985804&wc=M6ZM-FMS%3A264175701%2C264722601%2C265289201
186,IV,s.,Muravievca,Муравьевка,,530-551,530,551,,,,,910,https://www.familysearch.org/ark:/61903/3:1:3QSQ-G93Y-YG4P?i=909&cc=1985804&wc=M6ZM-FMS%3A264175701%2C264722601%2C265289201
186,IV,s.,"Moldovca (Vodeni,)",Молдовка (Водень),,552-605,552,605,,,,,940,https://www.familysearch.org/ark:/61903/3:1:3QSQ-G93Y-YGMX?i=939&cc=1985804&wc=M6ZM-FMS%3A264175701%2C264722601%2C265289201
186,IV,s.,Nicolaevca,Николаевка,,606-654,606,654,,,,,1024,https://www.familysearch.org/ark:/61903/3:1:3QS7-L93Y-YL7L?i=1023&cc=1985804&wc=M6ZM-FMS%3A264175701%2C264722601%2C265289201
186,IV,s.,Neruşai,Нерушай,,655-714,655,714,,,,,48,https://www.familysearch.org/ark:/61903/3:1:3QSQ-G93Y-TDZZ?i=47&cc=1985804&wc=M6ZM-FMS%3A264175701%2C264722601%2C265289201
187,I,or.,Akkerman,Аккерман,,1-157,1,157,,,,,,
187,II,or.,Akkerman,Аккерман,,158-326,158,326,,,,,294,https://www.familysearch.org/ark:/61903/3:1:3QSQ-G93Y-TCHS?i=293&cc=1985804&wc=M6Z9-4P8%3A264175701%2C264722601%2C265429501
187,III,or.,Akkerman,Аккерман,,327-486,327,486,,,,,,
187,IV,or.,Akkerman,Аккерман,,487-650,487,650,,,,,,
187,V,or.,Akkerman,Аккерман,,651-821,651,821,,,,,,
187,VI,or.,Akkerman,Аккерман,,823-994,823,994,,,,,1051,https://www.familysearch.org/ark:/61903/3:1:3QS7-993Y-Y884?i=1050&cc=1985804&wc=M6ZM-FM3%3A264175701%2C264722601%2C265291301
187,VI,or.,Akkerman,Аккерман,,995-1170,995,1170,,,,,1386,https://www.familysearch.org/ark:/61903/3:1:3QS7-893Y-YXGC?i=1385&cc=1985804&wc=M6ZM-FM3%3A264175701%2C264722601%2C265291301
187,VIII,or.,Akkerman,Аккерман,,1171-1272,1171,1272,,,,,144,https://www.familysearch.org/ark:/61903/3:1:3QSQ-G93Y-12BF?i=143&cc=1985804&wc=M6ZM-FM3%3A264175701%2C264722601%2C265291301
187,IX,or.,Akkerman,Аккерман,,1273-1379,1273,1379,,,,,332,https://www.familysearch.org/ark:/61903/3:1:3QS7-993Y-1VJC?i=331&cc=1985804&wc=M6ZM-FM3%3A264175701%2C264722601%2C265291301
188,I,suburbia,Şabo,Шабо,,1-184,1,184,,,,,,
188,II,tîrgul,Tuzla,Тузла,,185-204,185,204,,,,,,
188,,suburbia,Turlachi,Турлачи,,205-367,205,367,,,,,,
188,III,suburbia,Turlachi,Турлачи,,368-558,368,558,,,,,,
188,IV,suburbia,Păpuşoi,Пэпушой,,559-707,559,707,,,,,,
188,V,suburbia,Păpuşoi,Пэпушой,,708-874,708,874,,,,,,
188,VI,suburbia,Păpuşoi,Пэпушой,,875-1052,875,1052,,,,,,
189,I,col.,Sărata,Сэрата,,1-46,1,46,,,,,,
189,I,col.,Gnadetal,Гнадеталь,Akkerman,47-92,47,92,,,,,78,https://www.familysearch.org/ark:/61903/3:1:3QS7-993Y-16GS?i=77&cc=1985804&wc=M6ZM-F68%3A264175701%2C264722601%2C265297801
189,I,col.,Lihtetnal,Лихтенталь,Akkerman,93-123,93,123,,,,,161,https://www.familysearch.org/ark:/61903/3:1:3QS7-L93Y-164N?i=160&cc=1985804&wc=M6ZM-F68%3A264175701%2C264722601%2C265297801
189,I,col.,Ferşampenoise I,Фершампенуаз I,Akkerman,130-158,130,158,,,,,220,https://www.familysearch.org/ark:/61903/3:1:3QS7-893Y-1DYR?i=219&cc=1985804&wc=M6ZM-F68%3A264175701%2C264722601%2C265297801
189,I,col.,Ferşampenoise II,Фершампенуаз II,Akkerman,159-183,159,183,,,,,269,https://www.familysearch.org/ark:/61903/3:1:3QS7-893Y-1D2H?i=268&cc=1985804&wc=M6ZM-F68%3A264175701%2C264722601%2C265297801
189,I,col.,Crasna,Красна,Akkerman,184-220v,184,220,,,,,309,https://www.familysearch.org/ark:/61903/3:1:3QS7-L93Y-1D8C?i=308&cc=1985804&wc=M6ZM-F68%3A264175701%2C264722601%2C265297801
189,I,col.,Tarutino (Ancicrac),Тарутино (Анчикрак),Akkerman,221-281,221,281,,,,,368,https://www.familysearch.org/ark:/61903/3:1:3QS7-L93Y-1D4Z?i=367&cc=1985804&wc=M6ZM-F68%3A264175701%2C264722601%2C265297801
189,III,col.,Culm,Кулм,Akkerman,282-329v,282,329,,,,,471,https://www.familysearch.org/ark:/61903/3:1:3QS7-893Y-1JCR?i=470&cc=1985804&wc=M6ZM-F68%3A264175701%2C264722601%2C265297801
189,III,col.,Caţbah,Кацбах,Akkerman,330-359,330,359,,,,,560,https://www.familysearch.org/ark:/61903/3:1:3QS7-893Y-1NP3?i=559&cc=1985804&wc=M6ZM-F68%3A264175701%2C264722601%2C265297801
189,III,col.,Maloiaroslaveţi I,Малоярославец I,Akkerman,360-394,360,394,,,,,613,https://www.familysearch.org/ark:/61903/3:1:3QSQ-G93Y-1NKL?i=612&cc=1985804&wc=M6ZM-F68%3A264175701%2C264722601%2C265297801
189,IV,col.,Maloiaroslaveţi II,Малоярославец II,Akkerman,395-431,395,431,,,,,676,https://www.familysearch.org/ark:/61903/3:1:3QS7-L93Y-1NHG?i=675&cc=1985804&wc=M6ZM-F68%3A264175701%2C264722601%2C265297801
189,IV,col.,Deneviţ,Деневиц,Akkerman,432-455,432,455,,,,,,
189,IV,col.,Tepliţ,Теплиц,Akkerman,456-491,456,491,,,,,783,https://www.familysearch.org/ark:/61903/3:1:3QS7-893Y-1XP9?i=782&cc=1985804&wc=M6ZM-F68%3A264175701%2C264722601%2C265297801
189,IV,col.,Ploţc,Плоц,Akkerman,492-507,492,507,,,,,,
190,,col.,Ferşampenoise I,Фершампенуаз I,,1-27,1,27,,,,,,
191,,col.,Tepliţ,Теплиц,,1-34,1,34,,,,,,
192,,col.,Crasna,Красна,,1-46,1,46,,,,,,
193,,col.,Deneviţ,Деневиц,,1-24,1,24,,,,,4,https://www.familysearch.org/ark:/61903/3:1:3QSQ-G93B-MC21?i=3&cc=1985804&wc=M6ZM-N68%3A264175701%2C264722601%2C265299601
194,I,or.,Bender,Бендеры,,1-154,1,154,2361979,6–317,312,estime,,
194,II,or.,Bender,Бендеры,,155-320,155,320,2361979,6–317,312,estime,,
194,III,or.,Bender,Бендеры,,321-475,321,475,2361979,6–317,312,estime,,
194,IV,or.,Bender,Бендеры,,476-663,476,663,2361979,6–317,312,estime,,
194,V,or.,Bender,Бендеры,,664-777,664,777,2361979,6–317,312,estime,,
195,,s.,Abaclia,Абаклия,,2-62,2,62,2361979,318–435,118,exacte,,
195,,s.,Baimaclia,Баймаклия,,63-90,63,90,2361979,436–486,51,exacte,,
195,,s.,Batîr,Батыр,,91-134,91,134,,,,,,
195,,s.,Bulboaca,Булбоака,,135-159,135,159,,,,,,
195,II,s.,Varniţa,Варница,,160-191,160,191,2361979,612–670,59,exacte,,
195,II,s.,Hîrbovăţ,Хырбовэц,,192-245,192,245,,,,,,
195,II,s.,Zaim,Заим,,246-287,246,287,2361979,774–848,75,exacte,,
195,II,s.,Calfa,Калфа,,288-312,288,312,,,,,,
195,II,s.,Căuşenii Vechi,Каушаны Старые,,313-351,313,351,,,,,,
195,II,s.,Tălmaza,Тэлмаза,,352-353,352,353,,,,,,
195,II,tîrgul,Căuşeni,Каушаны,,354-423,354,423,,,,,,
195,IV,s.,Chircăieşti,Кыркэешты,,424-468,424,468,,,,,,
195,IV,s.,Cîrnăţeni,Кырнэцень,,470-501,470,501,,,,,,
195,IV,s.,Chiţcani,Кицканы,,502-565,502,565,,,,,,
195,IV,s.,Copanca,Копанка,,566-596v,566,596,2361980,287–345,59,exacte,,
195,V,s.,Mihailovca,Михайловка,,597-693,597,693,2361980,346–429,84,exacte,,
195,,s.,Opaci,Опач,,694-690,694,690,,,,,,
195,V,s.,Sadaclia,Садаклия,,691-742,691,742,2361980,523–621,99,exacte,,
195,VI,s.,Săiţi,Сэиць,,742a-784,742,784,,,,,,
195,VI,s.,Sălcuţa,Сэлкуца,,785-856,785,856,2361980,703–836,134,exacte,,
195,VII,s.,Selemet,Селемет,,857-932,857,932,2361980,837–986,150,exacte,,
195,VII,s.,Tănătari,Тэнэтарь,,933-974,933,974,2361980,987–1066,80,exacte,,
195,VII,s.,Taraclia,Тараклия,,976-1026,976,1026,2361981,6–61,56,exacte,,
195,VIII,s.,Tocuz,Токуз,,1027-1062,1027,1062,2361981,62–116,55,exacte,,
195,VIII,s.,Troiţcoe,Троицкое,,1063-1098,1063,1098,,,,,,
195,VIII,s.,Fîrlădeni,Фырлэдень,,1099-1146,1099,1146,,,,,,
195,VIII,s.,Hagimus,Гаджимус,,1147-1179,1147,1179,,,,,,
195,IX,tîrgul,Cimişlia,Чимишлия,,1180-1301,1180,1301,,,,,,
195,IX,s.,Cioara Murza,Чоара-Мурза,,1302-1332,1302,1332,,,,,,
196,I,s.,Cîrnăţeni,Кырнэцень,,3-35,3,35,,,,,6,https://www.familysearch.org/ark:/61903/3:1:3QS7-893Y-B95W?i=5&cc=1985804&wc=M6ZM-NWL%3A264175701%2C264722601%2C265302001
196,I,s.,Copanca,Копанка,,36-66,36,66,2361981,555–595,41,exacte,60,https://www.familysearch.org/ark:/61903/3:1:3QS7-893Y-B9NL?i=59&cc=1985804&wc=M6ZM-NWL%3A264175701%2C264722601%2C265302001
196,I,s.,Hagimus,Гаджимус,,67-98,67,98,,,,,102,https://www.familysearch.org/ark:/61903/3:1:3QSQ-G93Y-B9XT?i=101&cc=1985804&wc=M6ZM-NWL%3A264175701%2C264722601%2C265302001
196,I,s.,Fîrlădeni,Фырлэдень,,99-146,99,146,,,,,,
196,I,s.,Varniţa,Варница,,149-174,149,174,,,,,,
196,II,s.,Tocuz,Токуз,,175-212,175,212,,,,,,
196,,s.,Opaci,Опач,,214-264c,214,264,,,,,,
196,II,s.,Săiţi,Сэиць,,265-307,265,307,,,,,361,https://www.familysearch.org/ark:/61903/3:1:3QS7-L93Y-BQL7?i=360&cc=1985804&wc=M6ZM-NWL%3A264175701%2C264722601%2C265302001
196,II,s.,Căuşenii Vechi,Каушаны Старые,,308-340v,308,340,,,,,426,https://www.familysearch.org/ark:/61903/3:1:3QS7-893Y-BQ8Q?i=425&cc=1985804&wc=M6ZM-NWL%3A264175701%2C264722601%2C265302001
196,III,s.,Zaim,Заим,,341-381,341,381,,,,,468,https://www.familysearch.org/ark:/61903/3:1:3QS7-893Y-B3TS?i=467&cc=1985804&wc=M6ZM-NWL%3A264175701%2C264722601%2C265302001
196,III,tîrgul,Căuşeni,Каушаны,,382-446,382,446,,,,,523,https://www.familysearch.org/ark:/61903/3:1:3QSQ-G93Y-B3JF?i=522&cc=1985804&wc=M6ZM-NWL%3A264175701%2C264722601%2C265302001
196,III,s.,Chircăieşti,Кыркэешты,,447-490,447,490,,,,,,
196,IV,s.,Tănătari,Тэнэтарь,,492-536b,492,536,,,,,,
196,IV,s.,Chiţcani,Кицканы,,537-584,537,584,,,,,747,https://www.familysearch.org/ark:/61903/3:1:3QS7-893Y-YNKF?i=746&cc=1985804&wc=M6ZM-NWL%3A264175701%2C264722601%2C265302001
196,IV,s.,Sadaclia,Садаклия,,585-635,585,635,,,,,,
196,IV,s.,Abaclia,Абаклия,,636-696,636,696,,,,,880,https://www.familysearch.org/ark:/61903/3:1:3QSQ-G93Y-YFF8?i=879&cc=1985804&wc=M6ZM-NWL%3A264175701%2C264722601%2C265302001
196,IV,s.,Cioara Murza,Чоара-Мурза,,697-726,697,726,,,,,964,https://www.familysearch.org/ark:/61903/3:1:3QS7-893Y-YXBX?i=963&cc=1985804&wc=M6ZM-NWL%3A264175701%2C264722601%2C265302001
196,IV,s.,Taraclia,Тараклия,,728-776,728,776,,,,,,
196,IV,s.,Baimaclia,Баймаклия,,777-803,777,803,,,,,1070,https://www.familysearch.org/ark:/61903/3:1:3QSQ-G93Y-YX7W?i=1069&cc=1985804&wc=M6ZM-NWL%3A264175701%2C264722601%2C265302001
196,VI,s.,Troiţcoe,Троицкое,,804-839,804,839,,,,,1107,https://www.familysearch.org/ark:/61903/3:1:3QS7-L93Y-YXCB?i=1106&cc=1985804&wc=M6ZM-NWL%3A264175701%2C264722601%2C265302001
196,VI,s.,Mihailovca,Михайловка,,841-885,841,885,,,,,,
196,VI,s.,Calfa,Калфа,,886-908,886,908,,,,,1225,https://www.familysearch.org/ark:/61903/3:1:3QS7-893Y-YV5K?i=1224&cc=1985804&wc=M6ZM-NWL%3A264175701%2C264722601%2C265302001
196,VI,s.,Bulboaca,Булбоака,,909-932v,909,932,,,,,1261,https://www.familysearch.org/ark:/61903/3:1:3QS7-993Y-YVMY?i=1260&cc=1985804&wc=M6ZM-NWL%3A264175701%2C264722601%2C265302001
196,,s.,Batîr,Батыр,,933-972a,933,972,,,,,,
196,VI,s.,Hîrbovăţ,Хырбовэц,,973-1019,973,1019,,,,,1346,https://www.familysearch.org/ark:/61903/3:1:3QSQ-G93Y-YVS8?i=1345&cc=1985804&wc=M6ZM-NWL%3A264175701%2C264722601%2C265302001
196,VI,s.,Selemet,Селемет,,1020-1096,1020,1096,,,,,1412,https://www.familysearch.org/ark:/61903/3:1:3QSQ-G93Y-YJFG?i=1411&cc=1985804&wc=M6ZM-NWL%3A264175701%2C264722601%2C265302001
196,VIII,tîrgul,Cimişlia,Чимишлия,,1097-1231,1097,1231,,,,,1508,https://www.familysearch.org/ark:/61903/3:1:3QS7-993Y-YNMM?i=1507&cc=1985804&wc=M6ZM-NWL%3A264175701%2C264722601%2C265302001
196,VIII,s.,Sălcuţa,Сэлкуца,,1232-1301,1232,1301,,,,,1725,https://www.familysearch.org/ark:/61903/3:1:3QSQ-G93Y-YZDT?i=1724&cc=1985804&wc=M6ZM-NWL%3A264175701%2C264722601%2C265302001
197,I,s.,Bogdanovca,Богдановка,,1-20,1,20,,,,,,
197,I,s.,Gangura,Гангура,,21-62,21,62,,,,,1420,https://www.familysearch.org/ark:/61903/3:1:3QS7-893Y-YHN9?i=1419&cc=1985804&wc=M6ZM-KP8%3A264175701%2C264722601%2C265305701
197,I,s.,Gura Galbenei,Гура-Галбеней,,63-159,63,159,,,,,1487,https://www.familysearch.org/ark:/61903/3:1:3QS7-993Y-Y4PG?i=1486&cc=1985804&wc=M6ZM-KP8%3A264175701%2C264722601%2C265305701
197,II,s.,Gura Galbenei,Гура-Галбеней,,160-253,160,253,,,,,1682,https://www.familysearch.org/ark:/61903/3:1:3QS7-L93Y-YWG2?i=1681&cc=1985804&wc=M6ZM-KP8%3A264175701%2C264722601%2C265305701
197,II,s.,Gura Bîcului,Гура-Быкулуй,,254-268,254,268,,,,,,
197,II,s.,Gradişte,Градиште,,269-331,269,331,,,,,,
197,III,s.,Delacău,Делакэу,,332-350,332,350,,,,,,
197,III,s.,Dubăsarii Vechi,Дубоссары Старые,,351-403,351,403,,,,,2026,https://www.familysearch.org/ark:/61903/3:1:3QS7-L93Y-YZJM?i=2025&cc=1985804&wc=M6ZM-KP8%3A264175701%2C264722601%2C265305701
197,III,s.,Geamăna,Жамэна,,404-491,404,491,,,,,1971,https://www.familysearch.org/ark:/61903/3:1:3QS7-893Y-Y878?i=1970&cc=1985804&wc=M6ZM-KP8%3A264175701%2C264722601%2C265305701
197,IV,s.,Ivanovca,Ивановка,,492-503,492,503,,,,,2138,https://www.familysearch.org/ark:/61903/3:1:3QS7-893Y-YCM7?i=2137&cc=1985804&wc=M6ZM-KP8%3A264175701%2C264722601%2C265305701
197,IV,s.,Iordanovca,Иордановка,,505-518,505,518,,,,,93,https://www.familysearch.org/ark:/61903/3:1:3QS7-893Y-5Q11?i=92&cc=1985804&wc=M6ZM-KP8%3A264175701%2C264722601%2C265305701
197,IV,s.,Căinari,Каинары,,520-604,520,604,,,,,118,https://www.familysearch.org/ark:/61903/3:1:3QS7-993Y-57MW?i=117&cc=1985804&wc=M6ZM-KP8%3A264175701%2C264722601%2C265305701
197,IV,s.,Cărbuna,Кэрбуна,,605-671,605,671,,,,,,
197,V,s.,Carabetovca,Карабетовка,,672-680,672,680,,,,,,
197,V,s.,Cobusca Nouă,Кобуска Ноуэ,,681-696,681,696,,,,,385,https://www.familysearch.org/ark:/61903/3:1:3QSQ-G93Y-53HV?i=384&cc=1985804&wc=M6ZM-KP8%3A264175701%2C264722601%2C265305701
197,V,s.,Cobusca Veche,Кобуска Веке,,698-727,698,727,,,,,414,https://www.familysearch.org/ark:/61903/3:1:3QS7-L93Y-5S5Y?i=413&cc=1985804&wc=M6ZM-KP8%3A264175701%2C264722601%2C265305701
197,V,s.,Colbăraşi,Колбэрашь,,729-774,729,774,,,,,470,https://www.familysearch.org/ark:/61903/3:1:3QS7-L93Y-5SGQ?i=469&cc=1985804&wc=M6ZM-KP8%3A264175701%2C264722601%2C265305701
197,V,s.,Corjova,Коржова,,775-796,775,796,,,,,,
197,VI,s.,Coşcalia,Кошкалия,,800-860,800,860,,,,,576,https://www.familysearch.org/ark:/61903/3:1:3QS7-L93Y-5SZX?i=575&cc=1985804&wc=M6ZM-KP8%3A264175701%2C264722601%2C265305701
197,VI,s.,Curugica (Fontonouca),Куруджика (Фонтонаука),,861-869,861,869,,,,,,
197,VII,s.,Manzîr,Манзырь,,872-930,872,930,,,,,696,https://www.familysearch.org/ark:/61903/3:1:3QS7-993Y-595X?i=695&cc=1985804&wc=M6ZM-KP8%3A264175701%2C264722601%2C265305701
197,VII,s.,Moleşti,Молешть,,931-973,931,973,,,,,,
197,VII,s.,Puhăceni,Пугэчены,,974-994,974,994,,,,,,
197,VII,s.,Puhoi,Пугой,,995-1053,995,1053,,,,,923,https://www.familysearch.org/ark:/61903/3:1:3QS7-993Y-5QLV?i=922&cc=1985804&wc=M6ZM-KP8%3A264175701%2C264722601%2C265305701
197,VII,s.,Sagaidac,Сагайдак,,1055-1118,1055,1118,2361985,6–102,97,exacte,,
197,VIII,s.,Traian Satul Nou,Траян Сатул Ноу,,1119-1129,1119,1129,,,,,1157,https://www.familysearch.org/ark:/61903/3:1:3QS7-893Y-R89M?i=1156&cc=1985804&wc=M6ZM-KP8%3A264175701%2C264722601%2C265305701
197,VIII,s.,Speia,Спея,,1130-1155,1130,1155,,,,,,
197,VIII,s.,Teliţa,Телица,,1156-1175,1156,1175,,,,,1219,https://www.familysearch.org/ark:/61903/3:1:3QS7-L93Y-RZ4N?i=1218&cc=1985804&wc=M6ZM-KP8%3A264175701%2C264722601%2C265305701
197,VIII,s.,Todireşti,Тодирешты,,1177-1193,1177,1193,,,,,1249,https://www.familysearch.org/ark:/61903/3:1:3QS7-993Y-RCPV?i=1248&cc=1985804&wc=M6ZM-KP8%3A264175701%2C264722601%2C265305701
197,,moşia,Fontonouca (Curugica),Фонтоновка (Куруджика),,1194-1197,1194,1197,,,,,,
197,,moşia,Floreşti,Флорешты,,1199-1200,1199,1200,,,,,,
197,VIII,s.,Ţînţăreni (Luţeni),Цынцэрень (Луцень),,1203-1234,1203,1234,,,,,1285,https://www.familysearch.org/ark:/61903/3:1:3QSQ-G93Y-RCF6?i=1284&cc=1985804&wc=M6ZM-KP8%3A264175701%2C264722601%2C265305701
197,VIII,s.,Ciufleşti,Чуфлешты,,1236-1251,1236,1251,,,,,,
198,,moşia,Fontonouca (Curugica),Фонтоновка (Куруджика),,1-7,1,7,,,,,,
199,,or.,Bender,Бендеры,,2-76,2,76,2361985,339–482,144,exacte,,
200,,s.,Baccealia,Баччалия,,1-58v,1,58,,,,,,
201,,s.,Şerpeni,Шерпены,,1-200v,1,200,2361985,593–632,40,exacte,,
202,,s.,Bogdanovca,Богдановка,,1-8v,1,8,2361985,633–656,24,exacte,,
202,,s.,Baccealia,Баччалия,,9-10,9,10,,,,,20,https://www.familysearch.org/ark:/61903/3:1:3QS7-993Y-RWYN?i=19&cc=1985804&wc=M6Z9-D68%3A264175701%2C264722601%2C265441701
203,,or.,Bender,Бендеры,,1-125v,1,125,2361985,657–890,234,exacte,4,https://www.familysearch.org/ark:/61903/3:1:3QS7-L93Y-R4HS?i=3&cc=1985804&wc=M6ZM-26X%3A264175701%2C264722601%2C265310501
204,I,or.,Bender,Бендеры,,1-112,1,112,2361986,6–217,212,sur,,
204,II,or.,Bender,Бендеры,,113-211,113,211,2361986,6–217,212,sur,,
205,,s.,Opaci,Опач,,1-2v,1,2,2361986,218–220,3,exacte,,
205,,s.,Tănătari,Тэнэтарь,,3-5v,3,5,2361986,221–224,4,exacte,,
205,,s.,Cobusca Veche,Кобуска Веке,,6-8,6,8,2361986 · 2361986,225–227 · 228–235,11,sur,10,https://www.familysearch.org/ark:/61903/3:1:3QS7-993Y-5KTD?i=9&cc=1985804&wc=M6ZM-L38%3A264175701%2C264722601%2C265311601
205,,s.,Cobusca Nouă,Кобуска Ноуэ,,9-19,9,19,2361986 · 2361986,225–227 · 228–235,11,sur,15,https://www.familysearch.org/ark:/61903/3:1:3QSQ-G93Y-52WN?i=14&cc=1985804&wc=M6ZM-L38%3A264175701%2C264722601%2C265311601
205,,or.,Bender,Бендеры,,20-24v,20,24,2361986,236–247,12,exacte,,
206,,s.,Troiţcoe,Троицкое,,1-4,1,4,,,,,,
206,,tîrgul,Căuşeni,Каушаны,,5-14,5,14,,,,,,
206,,s.,Căuşenii Vechi,Каушаны Старые,,15-22,15,22,,,,,,
206,,s.,Chircăieşti,Кыркэешты,,23-24,23,24,,,,,,
206,,s.,Opaci,Опач,,25-26,25,26,2361986,278–281,4,exacte,,
206,,s.,Chiţcani,Кицканы,,27-28,27,28,,,,,,
206,,s.,Copanca,Копанка,,29-32,29,32,2361986,285–288,4,exacte,,
206,,s.,Tocuz,Токуз,,33-34,33,34,2361986,289–290,2,exacte,,
206,,tîrgul,Cimişlia,Чимишлия,,35-39,35,39,,,,,,
206,,s.,Săiţi,Сэиць,,40-41,40,41,,,,,,
206,,s.,Cenac,Чинак,,42-43,42,43,,,,,,
206,,s.,Taraclia,Тараклия,,44-45,44,45,2361986,305–307,3,exacte,,
206,,s.,Zaim,Заим,,46-47,46,47,2361986,308–310,3,exacte,,
206,,s.,Sadaclia,Садаклия,,48-49,48,49,2361986,311–318,8,exacte,,
207,,moşia,Floreşti,Флорешты,,3-6,3,6,,,,,,
207,I,s.,Cobusca Mica,Кобуска Микэ,,8-22v,8,22,2361986 · 2361987,323–341 · 326–379,73,sur,339,https://www.familysearch.org/ark:/61903/3:1:3QS7-L93Y-5VBG?i=338&cc=1985804&wc=M6ZM-KPD%3A264175701%2C264722601%2C265311801
207,I,s.,Puhoi,Пугой,,23-91,23,91,,,,,359,https://www.familysearch.org/ark:/61903/3:1:3QS7-893Y-5V8Z?i=358&cc=1985804&wc=M6ZM-KPD%3A264175701%2C264722601%2C265311801
207,I,s.,Traian Satul Nou,Траян Сатул Ноу,,92-102,92,102,,,,,,
207,I,s.,Ciufleşti,Чуфлешты,,103-118,103,118,,,,,,
207,I,s.,Colbăraşi,Колбэрашь,,119-149,119,149,2361986,494–538,45,exacte,510,https://www.familysearch.org/ark:/61903/3:1:3QSQ-G93Y-5VW1?i=509&cc=1985804&wc=M6ZM-KPD%3A264175701%2C264722601%2C265311801
207,II,s.,Cărbuna,Кэрбуна,,150-214,150,214,2361986,539–637,99,exacte,555,https://www.familysearch.org/ark:/61903/3:1:3QS7-L93Y-5JPY?i=554&cc=1985804&wc=M6ZM-KPD%3A264175701%2C264722601%2C265311801
207,II,s.,Geamăna,Жамэна,,215-299,215,299,,,,,658,https://www.familysearch.org/ark:/61903/3:1:3QSQ-G93Y-RSQV?i=657&cc=1985804&wc=M6ZM-KPD%3A264175701%2C264722601%2C265311801
207,II,s.,Ţînţăreni (Luţeni),Цынцэрень (Луцень),,300-330,300,330,,,,,,
207,,moşia,Fontonouca (Curugica),Фонтоновка (Куруджика),,331-334,331,334,,,,,,
207,III,s.,Curugica (Fontonouca),Куруджика (Фонтонаука),,335-343,335,343,2361986,829–842,14,exacte,,
207,III,s.,Sagaidac,Сагайдак,,344-401,344,401,2361986,843–940,98,exacte,859,https://www.familysearch.org/ark:/61903/3:1:3QS7-893Y-RXG?i=858&cc=1985804&wc=M6ZM-KPD%3A264175701%2C264722601%2C265311801
207,III,s.,Coşcalia,Кошкалия,,402-452,402,452,2361986,941–1028,88,exacte,957,https://www.familysearch.org/ark:/61903/3:1:3QS7-993Y-528K?i=956&cc=1985804&wc=M6ZM-KPD%3A264175701%2C264722601%2C265311801
207,IV,s.,Baccealia,Баччалия,,453-513,453,513,,,,,,
207,IV,s.,Căinari,Каинары,,514-596,514,596,2361987,47–164,118,exacte,1159,https://www.familysearch.org/ark:/61903/3:1:3QSQ-G93B-R91F?i=1158&cc=1985804&wc=M6ZM-KPD%3A264175701%2C264722601%2C265311801
207,V,s.,Manzîr,Манзырь,,597-651,597,651,,,,,1277,https://www.familysearch.org/ark:/61903/3:1:3QS7-L93B-R9GG?i=1276&cc=1985804&wc=M6ZM-KPD%3A264175701%2C264722601%2C265311801
207,V,s.,Teliţa,Телица,,660-680,660,680,,,,,,
207,V,s.,Gura Bîcului,Гура-Быкулуй,,681-694,681,694,2361987,477–800,324,sur,,
207,V,s.,Speia,Спея,,695-721,695,721,,,,,,
207,V,s.,Cobusca Veche,Кобуска Веке,,722-750,722,750,2361986 · 2361987,323–341 · 326–379,73,sur,1438,https://www.familysearch.org/ark:/61903/3:1:3QS7-L93B-RSTY?i=1437&cc=1985804&wc=M6ZM-KPD%3A264175701%2C264722601%2C265311801
207,VI,s.,Gradişte,Градиште,,751-815,751,815,,,,,,
207,VI,tîrgul,Gura Galbenei,Гура-Галбеней,,816-912,816,912,2361987,477–800,324,sur,1589,https://www.familysearch.org/ark:/61903/3:1:3QSQ-G93B-RST3?i=1588&cc=1985804&wc=M6ZM-KPD%3A264175701%2C264722601%2C265311801
207,VII,tîrgul,Gura Galbenei,Гура-Галбеней,,913-997,913,997,2361987,477–800,324,sur,1759,https://www.familysearch.org/ark:/61903/3:1:3QS7-893B-RSFL?i=1758&cc=1985804&wc=M6ZM-KPD%3A264175701%2C264722601%2C265311801
207,VII,s.,Ivanovca,Ивановка,,998-1010,998,1010,,,,,1913,https://www.familysearch.org/ark:/61903/3:1:3QS7-993B-RS39?i=1912&cc=1985804&wc=M6ZM-KPD%3A264175701%2C264722601%2C265311801
207,VII,s.,Iordanovca,Иордановка,,1011-1023,1011,1023,2361987,821–843,23,exacte,1933,https://www.familysearch.org/ark:/61903/3:1:3QS7-993B-R9TG?i=1932&cc=1985804&wc=M6ZM-KPD%3A264175701%2C264722601%2C265311801
207,VII,s.,Carabetovca,Карабетовка,,1026-1034,1026,1034,2361987,844–858,15,exacte,,
207,VII,s.,Todireşti,Тодирешты,,1035-1051v,1035,1051,,,,,1971,https://www.familysearch.org/ark:/61903/3:1:3QS7-L93B-R96D?i=1970&cc=1985804&wc=M6ZM-KPD%3A264175701%2C264722601%2C265311801
207,VIII,s.,Şerpeni,Шерпены,,1052-1097v,1052,1097,2361987,888–975,88,exacte,2000,https://www.familysearch.org/ark:/61903/3:1:3QS7-893B-R94F?i=1999&cc=1985804&wc=M6ZM-KPD%3A264175701%2C264722601%2C265311801
207,VIII,s.,Delacău,Делакэу,,1101-1124v,1101,1124,,,,,2088,https://www.familysearch.org/ark:/61903/3:1:3QS7-L93B-R3ZY?i=2087&cc=1985804&wc=M6ZM-KPD%3A264175701%2C264722601%2C265311801
207,VIII,s.,Puhăceni,Пугэчены,,1126-1146,1126,1146,,,,,2134,https://www.familysearch.org/ark:/61903/3:1:3QSQ-G93B-R34M?i=2133&cc=1985804&wc=M6ZM-KPD%3A264175701%2C264722601%2C265311801
207,VIII,s.,Corjova,Коржова,,1147-1168,1147,1168,,,,,2171,https://www.familysearch.org/ark:/61903/3:1:3QSQ-G93B-R332?i=2170&cc=1985804&wc=M6ZM-KPD%3A264175701%2C264722601%2C265311801
207,VIII,s.,Dubăsarii Vechi,Дубоссары Старые,,1172-1221,1172,1221,,,,,11,https://www.familysearch.org/ark:/61903/3:1:3QS7-L93Y-BKT8?i=10&cc=1985804&wc=M6ZM-KPD%3A264175701%2C264722601%2C265311801
207,IX,s.,Gangura,Гангура,,1223-1264,1223,1264,,,,,,
207,IX,s.,Moleşti,Молешть,,1265-1307v,1265,1307,,,,,171,https://www.familysearch.org/ark:/61903/3:1:3QS7-L93Y-BVZ7?i=170&cc=1985804&wc=M6ZM-KPD%3A264175701%2C264722601%2C265311801
207,IX,s.,Bogdanovca,Богдановка,,1308-1337,1308,1337,,,,,251,https://www.familysearch.org/ark:/61903/3:1:3QS7-L93Y-BP31?i=250&cc=1985804&wc=M6ZM-KPD%3A264175701%2C264722601%2C265311801
207,IX,s.,Roşcanii Vechi,Рошканий Векь,,1338-1347,1338,1347,,,,,,
207,IX,s.,Cobusca Nouă,Кобуска Ноуэ,,1348-1354,1348,1354,2361986 · 2361987,323–341 · 326–379,73,sur,,
208,,,Cuhurlui,Кухурлуй,,1-34v,1,34,,,,,,
209,,or.,Ismail,Измаил,,1-31,1,31,,,,,,
210,I,or.,Chilia,Килия,,1-135,1,135,,,,,,
210,II,or.,Chilia,Килия,,136-237,136,237,,,,,228,https://www.familysearch.org/ark:/61903/3:1:3QS7-993Y-BV6V?i=227&cc=1985804&wc=M6Z9-C29%3A264175701%2C264722601%2C265431101
210,II,or.,Chilia,Килия,,238-364,238,364,,,,,,
211,,or.,Ismail,Измаил,,1-100,1,100,,,,,,
211,II,s.,Cuhurlui,Кухурлуй,,101-160,101,160,,,,,,
211,II,or.,Ismail,Измаил,,162-254,162,254,,,,,,
211,III,or.,Ismail,Измаил,,255-328,255,328,,,,,606,https://www.familysearch.org/ark:/61903/3:1:3QS7-L93B-R34H?i=605&cc=1985804&wc=M6Z9-CP8%3A264175701%2C264722601%2C265431801
211,III,or.,Ismail,Измаил,,330-396,330,396,,,,,,
211,IV,or.,Ismail,Измаил,,397-529,397,529,,,,,,
211,V,or.,Ismail,Измаил,,530-685,530,685,,,,,,
211,VI,or.,Ismail,Измаил,,686-755,686,755,,,,,,
211,VI,s.,Broasca,Броаска,,756-759,756,759,,,,,,
211,VI,s.,Necrasovca,Некрасовка,,760-761,760,761,,,,,,
211,VI,s.,Sofiana,Софьяна,,762-764,762,764,,,,,,
212,,or.,Ismail,Измаил,,1-83,1,83,,,,,,
213,,or.,Ismail,Измаил,,1-38,1,38,,,,,,
214,,or.,Ismail,Измаил,,1-97,1,97,,,,,,
215,,or.,Ismail,Измаил,,1-39,1,39,,,,,,
216,I,or.,Ismail,Измаил,,1-127a,1,127,,,,,,
216,I,or.,Ismail,Измаил,,128-222,128,222,,,,,,
217,,s.,Sofiana,Софьяна,,1-50v,1,50,,,,,,
218,,tîrgul,Vilcov,Вильков,,1-38,1,38,,,,,2,https://www.familysearch.org/ark:/61903/3:1:3QSQ-G93Y-B3LF?i=1&cc=1985804&wc=M6ZM-LNL%3A264175701%2C264722601%2C265318301
219,,tîrgul,Vilcov,Вильков,,1-70v,1,70,,,,,,
220,,s.,Broasca,Броаска,,1-57,1,57,,,,,,
221,,suburb.,Necrasovca Veche,Некрасовка Ветхая,,1-48v,1,48,,,,,,
222,I,or.,Reni,Рени,,1-132,1,132,,,,,,
222,II,or.,Reni,Рени,,133-291,133,291,,,,,183,https://www.familysearch.org/ark:/61903/3:1:3QSQ-G93Y-B2Q?i=182&cc=1985804&wc=M6ZM-236%3A264175701%2C264722601%2C265319001
222,III,or.,Reni,Рени,,292-414,292,414,,,,,,
222,IV,or.,Reni,Рени,,415-572,415,572,,,,,,
222,V,or.,Reni,Рени,,573-643,573,643,,,,,,
223,I,s.,Cotul Morii,Котул Морий,,1-33,1,33,,,,,,
223,I,s.,Călmăţui,Кэлмэцуй,,34-59,34,59,,,,,50,https://www.familysearch.org/ark:/61903/3:1:3QS7-993B-MDJW?i=49&cc=1985804&wc=M6Z9-DNG%3A264175701%2C264722601%2C265450901
223,I,s.,Leuşeni,Леушены,,60-97,60,97,,,,,85,https://www.familysearch.org/ark:/61903/3:1:3QS7-L93B-MDNL?i=84&cc=1985804&wc=M6Z9-DNG%3A264175701%2C264722601%2C265450901
223,I,s.,Topor,Топор,,98-108,98,108,,,,,135,https://www.familysearch.org/ark:/61903/3:1:3QSQ-G93B-M8G4?i=134&cc=1985804&wc=M6Z9-DNG%3A264175701%2C264722601%2C265450901
223,I,or.,Bender,Бендеры,,109-151,109,151,,,,,,
223,I,s.,Ciobruciu (Cioburciu),Чобручи,Tiraspol,152-153,152,153,,,,,212,https://www.familysearch.org/ark:/61903/3:1:3QS7-993B-M85P?i=211&cc=1985804&wc=M6Z9-DNG%3A264175701%2C264722601%2C265450901
223,I,s.,Manzîr,Манзырь,Bender,154-155,154,155,,,,,215,https://www.familysearch.org/ark:/61903/3:1:3QS7-893B-M8CD?i=214&cc=1985804&wc=M6Z9-DNG%3A264175701%2C264722601%2C265450901
223,I,tîrgul,Cimişlia,Чимишлия,Bender,156-157,156,157,,,,,218,https://www.familysearch.org/ark:/61903/3:1:3QS7-993B-M8L1?i=217&cc=1985804&wc=M6Z9-DNG%3A264175701%2C264722601%2C265450901
223,I,s.,Opaci,Опач,Bender,158-159,158,159,,,,,221,https://www.familysearch.org/ark:/61903/3:1:3QS7-993B-M85G?i=220&cc=1985804&wc=M6Z9-DNG%3A264175701%2C264722601%2C265450901
223,I,s.,Sadaclia,Садаклия,Bender,160-161,160,161,,,,,225,https://www.familysearch.org/ark:/61903/3:1:3QSQ-G93B-M8C8?i=224&cc=1985804&wc=M6Z9-DNG%3A264175701%2C264722601%2C265450901
223,I,s.,Căuşenii Vechi,Каушаны Старые,Bender,162-163,162,163,,,,,228,https://www.familysearch.org/ark:/61903/3:1:3QSQ-G93B-M8CM?i=227&cc=1985804&wc=M6Z9-DNG%3A264175701%2C264722601%2C265450901
223,I,tîrgul,Căuşeni,Каушаны,Bender,164-165,164,165,,,,,231,https://www.familysearch.org/ark:/61903/3:1:3QS7-893B-M8H3?i=230&cc=1985804&wc=M6Z9-DNG%3A264175701%2C264722601%2C265450901
223,I,s.,Căuşenii Vechi,Каушаны Старые,Bender,166-167,166,167,,,,,235,https://www.familysearch.org/ark:/61903/3:1:3QS7-893B-M8Q6?i=234&cc=1985804&wc=M6Z9-DNG%3A264175701%2C264722601%2C265450901
223,I,s.,Sagaidac,Сагайдак,Bender,168-169,168,169,,,,,239,https://www.familysearch.org/ark:/61903/3:1:3QS7-993B-M8KZ?i=238&cc=1985804&wc=M6Z9-DNG%3A264175701%2C264722601%2C265450901
223,I,tîrgul,Gura Galbenei,Гура-Галбеней,Bender,170-171,170,171,,,,,242,https://www.familysearch.org/ark:/61903/3:1:3QS7-L93B-M81Y?i=241&cc=1985804&wc=M6Z9-DNG%3A264175701%2C264722601%2C265450901
223,I,s.,Tocuz,Токуз,Bender,172-173,172,173,,,,,245,https://www.familysearch.org/ark:/61903/3:1:3QS7-893B-M873?i=244&cc=1985804&wc=M6Z9-DNG%3A264175701%2C264722601%2C265450901
223,I,tîrgul,Cimişlia,Чимишлия,Bender,174-175,174,175,,,,,248,https://www.familysearch.org/ark:/61903/3:1:3QS7-L93B-M81N?i=247&cc=1985804&wc=M6Z9-DNG%3A264175701%2C264722601%2C265450901
223,I,s.,Căuşenii Vechi,Каушаны Старые,Bender,176-181,176,181,,,,,251,https://www.familysearch.org/ark:/61903/3:1:3QS7-993B-M86P?i=250&cc=1985804&wc=M6Z9-DNG%3A264175701%2C264722601%2C265450901
223,I,s.,Copanca,Копанка,Bender,182-183,182,183,,,,,260,https://www.familysearch.org/ark:/61903/3:1:3QS7-893B-M896?i=259&cc=1985804&wc=M6Z9-DNG%3A264175701%2C264722601%2C265450901
223,I,s.,Chircăieşti,Кыркэешты,Bender,184-185,184,185,,,,,263,https://www.familysearch.org/ark:/61903/3:1:3QS7-893B-M8QZ?i=262&cc=1985804&wc=M6Z9-DNG%3A264175701%2C264722601%2C265450901
223,I,s.,Chiţcani,Кицканы,Bender,186-187,186,187,,,,,266,https://www.familysearch.org/ark:/61903/3:1:3QS7-893B-M8MX?i=265&cc=1985804&wc=M6Z9-DNG%3A264175701%2C264722601%2C265450901
223,,s.,Speia,Спея,,188,188,188,,,,,,
223,I,s.,Ciucur-Mingir,Чучур-Мингир,Bender,189-190,189,190,,,,,270,https://www.familysearch.org/ark:/61903/3:1:3QS7-993B-M8JL?i=269&cc=1985804&wc=M6Z9-DNG%3A264175701%2C264722601%2C265450901
223,I,s.,Baccealia,Баччалия,Bender,191-192,191,192,,,,,273,https://www.familysearch.org/ark:/61903/3:1:3QS7-L93B-M8T4?i=272&cc=1985804&wc=M6Z9-DNG%3A264175701%2C264722601%2C265450901
223,I,s.,Săiţi,Сэиць,Bender,193-194,193,194,,,,,276,https://www.familysearch.org/ark:/61903/3:1:3QS7-893B-MZBX?i=275&cc=1985804&wc=M6Z9-DNG%3A264175701%2C264722601%2C265450901
223,I,s.,Sturzeni (Cărbuna),Стурзень (Кэрбуна),Bender,195-202,195,202,,,,,279,https://www.familysearch.org/ark:/61903/3:1:3QS7-L93B-M8Y1?i=278&cc=1985804&wc=M6Z9-DNG%3A264175701%2C264722601%2C265450901
223,I,s.,Zaim,Заим,Bender,203-204,203,204,,,,,295,https://www.familysearch.org/ark:/61903/3:1:3QS7-993B-M8VJ?i=294&cc=1985804&wc=M6Z9-DNG%3A264175701%2C264722601%2C265450901
223,I,s.,Chircăieşti,Кыркэешты,Bender,205-206,205,206,,,,,298,https://www.familysearch.org/ark:/61903/3:1:3QS7-993B-M8FD?i=297&cc=1985804&wc=M6Z9-DNG%3A264175701%2C264722601%2C265450901
223,I,s.,Taraclia,Тараклия,Bender,207-208,207,208,,,,,301,https://www.familysearch.org/ark:/61903/3:1:3QS7-L93B-M8KP?i=300&cc=1985804&wc=M6Z9-DNG%3A264175701%2C264722601%2C265450901
223,I,s.,Colbăraşi,Колбэрашь,Bender,209-211,209,211,,,,,304,https://www.familysearch.org/ark:/61903/3:1:3QS7-L93B-M8L3?i=303&cc=1985804&wc=M6Z9-DNG%3A264175701%2C264722601%2C265450901
223,I,tîrgul,Căuşeni,Каушаны,Bender,212-213,212,213,,,,,308,https://www.familysearch.org/ark:/61903/3:1:3QS7-993B-M8ZD?i=307&cc=1985804&wc=M6Z9-DNG%3A264175701%2C264722601%2C265450901
223,I,s.,Colbăraşi,Колбэрашь,Bender,214-216,214,216,,,,,311,https://www.familysearch.org/ark:/61903/3:1:3QS7-L93B-M8RH?i=310&cc=1985804&wc=M6Z9-DNG%3A264175701%2C264722601%2C265450901
223,I,s.,Cenac,Чинак,Bender,217-218,217,218,,,,,314,https://www.familysearch.org/ark:/61903/3:1:3QSQ-G93B-MZTH?i=313&cc=1985804&wc=M6Z9-DNG%3A264175701%2C264722601%2C265450901
223,I,s.,Căuşenii Vechi,Каушаны Старые,Bender,219-220,219,220,,,,,317,https://www.familysearch.org/ark:/61903/3:1:3QS7-893B-MZRB?i=316&cc=1985804&wc=M6Z9-DNG%3A264175701%2C264722601%2C265450901
223,I,col.,Berezina (Rătunda),Березина (Рэтунда),Akkerman,221-222,221,222,,,,,320,https://www.familysearch.org/ark:/61903/3:1:3QS7-893B-MZRW?i=319&cc=1985804&wc=M6Z9-DNG%3A264175701%2C264722601%2C265450901
223,I,col.,Lihtental,Лихтенталь,Akkerman,223-224,223,224,,,,,323,https://www.familysearch.org/ark:/61903/3:1:3QS7-993B-M8HC?i=322&cc=1985804&wc=M6Z9-DNG%3A264175701%2C264722601%2C265450901
223,I,col.,Hofnungstal (Caradai),Гофнунгсталь (Карадай),Akkerman,225-226,225,226,,,,,326,https://www.familysearch.org/ark:/61903/3:1:3QS7-L93B-M8VQ?i=325&cc=1985804&wc=M6Z9-DNG%3A264175701%2C264722601%2C265450901
223,,s.,Iordanovca,Иордановка,,227,227,227,,,,,,
223,I,col.,Valea Perjei,Валя-Пержей,Cahul,228-229,228,229,,,,,331,https://www.familysearch.org/ark:/61903/3:1:3QS7-993B-M8CG?i=330&cc=1985804&wc=M6Z9-DNG%3A264175701%2C264722601%2C265450901
223,II,or.,Bender,Бендеры,Cahul,230-299,230,299,,,,,337,https://www.familysearch.org/ark:/61903/3:1:3QS7-993B-M8W9?i=336&cc=1985804&wc=M6Z9-DNG%3A264175701%2C264722601%2C265450901
223,II,s.,Abaclia,Абаклия,Cahul,300-301,300,301,,,,,444,https://www.familysearch.org/ark:/61903/3:1:3QS7-993B-MZ7R?i=443&cc=1985804&wc=M6Z9-DNG%3A264175701%2C264722601%2C265450901
223,II,s.,Gura Bîcului,Гура-Быкулуй,Cahul,302-305,302,305,,,,,447,https://www.familysearch.org/ark:/61903/3:1:3QS7-993B-MZDK?i=446&cc=1985804&wc=M6Z9-DNG%3A264175701%2C264722601%2C265450901
223,II,tîrgul,Gura Galbenei,Гура-Галбеней,Cahul,306-313,306,313,,,,,453,https://www.familysearch.org/ark:/61903/3:1:3QS7-L93B-MZNS?i=452&cc=1985804&wc=M6Z9-DNG%3A264175701%2C264722601%2C265450901
223,II,s.,Geamăna,Жамэна,Cahul,314-315,314,315,,,,,465,https://www.familysearch.org/ark:/61903/3:1:3QS7-993B-MZHV?i=464&cc=1985804&wc=M6Z9-DNG%3A264175701%2C264722601%2C265450901
223,II,s.,Javgur,Жавгур,Cahul,316-317,316,317,,,,,468,https://www.familysearch.org/ark:/61903/3:1:3QS7-993B-MZS3?i=467&cc=1985804&wc=M6Z9-DNG%3A264175701%2C264722601%2C265450901
223,II,s.,Zaim,Заим,Cahul,318-319,318,319,,,,,471,https://www.familysearch.org/ark:/61903/3:1:3QS7-L93B-MZQQ?i=470&cc=1985804&wc=M6Z9-DNG%3A264175701%2C264722601%2C265450901
223,II,s.,Căinari,Каинары,Cahul,320-321,320,321,,,,,474,https://www.familysearch.org/ark:/61903/3:1:3QS7-L93B-MZ3B?i=473&cc=1985804&wc=M6Z9-DNG%3A264175701%2C264722601%2C265450901
223,II,tîrgul,Căuşeni,Каушаны,Cahul,322-330,322,330,,,,,477,https://www.familysearch.org/ark:/61903/3:1:3QS7-L93B-MZQ4?i=476&cc=1985804&wc=M6Z9-DNG%3A264175701%2C264722601%2C265450901
223,II,s.,Colbăraşi,Колбэрашь,Cahul,331-336,331,336,,,,,491,https://www.familysearch.org/ark:/61903/3:1:3QS7-L93B-MZM7?i=490&cc=1985804&wc=M6Z9-DNG%3A264175701%2C264722601%2C265450901
223,II,s.,Copanca,Копанка,Cahul,337-338,337,338,,,,,498,https://www.familysearch.org/ark:/61903/3:1:3QS7-993B-MCRV?i=497&cc=1985804&wc=M6Z9-DNG%3A264175701%2C264722601%2C265450901
223,II,s.,Coşcalia,Кошкалия,Cahul,339-340,339,340,,,,,501,https://www.familysearch.org/ark:/61903/3:1:3QS7-993B-MCB1?i=500&cc=1985804&wc=M6Z9-DNG%3A264175701%2C264722601%2C265450901
223,II,s.,Dubăsarii Vechi,Дубоссары Старые,Cahul,341-342,341,342,,,,,505,https://www.familysearch.org/ark:/61903/3:1:3QS7-893B-MC6N?i=504&cc=1985804&wc=M6Z9-DNG%3A264175701%2C264722601%2C265450901
223,II,s.,Căuşenii Vechi,Каушаны Старые,Cahul,343-344,343,344,,,,,508,https://www.familysearch.org/ark:/61903/3:1:3QS7-993B-MC5P?i=507&cc=1985804&wc=M6Z9-DNG%3A264175701%2C264722601%2C265450901
223,II,s.,Sadaclia,Садаклия,Cahul,345-346,345,346,,,,,511,https://www.familysearch.org/ark:/61903/3:1:3QS7-893B-MCDQ?i=510&cc=1985804&wc=M6Z9-DNG%3A264175701%2C264722601%2C265450901
223,II,s.,Taraclia,Тараклия,Cahul,347-348,347,348,,,,,514,https://www.familysearch.org/ark:/61903/3:1:3QS7-893B-MCCR?i=513&cc=1985804&wc=M6Z9-DNG%3A264175701%2C264722601%2C265450901
223,II,s.,Troiţcoe,Троицкое,Cahul,349-350,349,350,,,,,517,https://www.familysearch.org/ark:/61903/3:1:3QSQ-G93B-MCKF?i=516&cc=1985804&wc=M6Z9-DNG%3A264175701%2C264722601%2C265450901
223,II,or.,Soroca,Сорока,Cahul,351-360,351,360,,,,,520,https://www.familysearch.org/ark:/61903/3:1:3QSQ-G93B-MCG9?i=519&cc=1985804&wc=M6Z9-DNG%3A264175701%2C264722601%2C265450901
223,II,s.,Arioneşti,Арионешты,Cahul,361-362,361,362,,,,,534,https://www.familysearch.org/ark:/61903/3:1:3QS7-L93B-MCN2?i=533&cc=1985804&wc=M6Z9-DNG%3A264175701%2C264722601%2C265450901
223,II,s.,Bîrnova de Jos,Бырнова-де-Жос,Cahul,363-364,363,364,,,,,537,https://www.familysearch.org/ark:/61903/3:1:3QS7-L93B-MCKX?i=536&cc=1985804&wc=M6Z9-DNG%3A264175701%2C264722601%2C265450901
223,II,s.,Bulboci,Булбочь,Cahul,365-366,365,366,,,,,540,https://www.familysearch.org/ark:/61903/3:1:3QSQ-G93B-MCKW?i=539&cc=1985804&wc=M6Z9-DNG%3A264175701%2C264722601%2C265450901
223,II,s.,Briceni,Бричаны,Cahul,367-368,367,368,,,,,543,https://www.familysearch.org/ark:/61903/3:1:3QS7-L93B-MCX4?i=542&cc=1985804&wc=M6Z9-DNG%3A264175701%2C264722601%2C265450901
223,II,s.,Vasilcău,Василкэу,Cahul,369-370,369,370,,,,,546,https://www.familysearch.org/ark:/61903/3:1:3QS7-993B-MCLB?i=545&cc=1985804&wc=M6Z9-DNG%3A264175701%2C264722601%2C265450901
223,II,s.,Verejeni,Вережень,Cahul,371-372,371,372,,,,,550,https://www.familysearch.org/ark:/61903/3:1:3QS7-993B-MCDG?i=549&cc=1985804&wc=M6Z9-DNG%3A264175701%2C264722601%2C265450901
223,II,s.,Visoca,Высока,Cahul,373-374,373,374,,,,,553,https://www.familysearch.org/ark:/61903/3:1:3QS7-L93B-MC8Z?i=552&cc=1985804&wc=M6Z9-DNG%3A264175701%2C264722601%2C265450901
223,II,s.,Ghindeşti,Гиндешть,Cahul,375-378,375,378,,,,,556,https://www.familysearch.org/ark:/61903/3:1:3QS7-893B-MH5Y?i=555&cc=1985804&wc=M6Z9-DNG%3A264175701%2C264722601%2C265450901
223,II,s.,Drăgăneşti,Драганешты,Cahul,379-380,379,380,,,,,562,https://www.familysearch.org/ark:/61903/3:1:3QSQ-G93B-MCVW?i=561&cc=1985804&wc=M6Z9-DNG%3A264175701%2C264722601%2C265450901
223,II,s.,Japca,Жапка,Cahul,381-382,381,382,,,,,565,https://www.familysearch.org/ark:/61903/3:1:3QS7-993B-MCHK?i=564&cc=1985804&wc=M6Z9-DNG%3A264175701%2C264722601%2C265450901
223,II,s.,Izvoare,Извоаре,Cahul,383-384,383,384,,,,,568,https://www.familysearch.org/ark:/61903/3:1:3QSQ-G93B-MC4Y?i=567&cc=1985804&wc=M6Z9-DNG%3A264175701%2C264722601%2C265450901
223,II,s.,Climăuţi,Климэуцы,Cahul,385-386,385,386,,,,,581,https://www.familysearch.org/ark:/61903/3:1:3QSQ-G93B-M9GC?i=580&cc=1985804&wc=M6Z9-DNG%3A264175701%2C264722601%2C265450901
223,II,s.,Copăceni,Копэчень,Cahul,387-390,387,390,,,,,584,https://www.familysearch.org/ark:/61903/3:1:3QS7-L93B-M9DF?i=583&cc=1985804&wc=M6Z9-DNG%3A264175701%2C264722601%2C265450901
223,II,s.,Coşerniţa,Кошерница,Cahul,391-392,391,392,,,,,591,https://www.familysearch.org/ark:/61903/3:1:3QSQ-G93B-M9FQ?i=590&cc=1985804&wc=M6Z9-DNG%3A264175701%2C264722601%2C265450901
223,II,s.,Cricicăuţi (Crişcăuţi),Крикикэуцы (Крищэуцы),Cahul,393-394,393,394,,,,,595,https://www.familysearch.org/ark:/61903/3:1:3QS7-893B-M9VG?i=594&cc=1985804&wc=M6Z9-DNG%3A264175701%2C264722601%2C265450901
223,II,s.,Popeşti,Попешты,Cahul,395-396,395,396,,,,,598,https://www.familysearch.org/ark:/61903/3:1:3QSQ-G93B-M9GJ?i=597&cc=1985804&wc=M6Z9-DNG%3A264175701%2C264722601%2C265450901
223,II,s.,Poiana Cunicii,Поляна Куничий,Cahul,397-398,397,398,,,,,601,https://www.familysearch.org/ark:/61903/3:1:3QSQ-G93B-M98P?i=600&cc=1985804&wc=M6Z9-DNG%3A264175701%2C264722601%2C265450901
223,II,tîrgul,Raşcov (Rîşcu),Рашков (Рышку),Cahul,399-400,399,400,,,,,604,https://www.familysearch.org/ark:/61903/3:1:3QS7-893B-M9FB?i=603&cc=1985804&wc=M6Z9-DNG%3A264175701%2C264722601%2C265450901
223,II,s.,Rediul Mare,Редиул Маре,Cahul,401-404,401,404,,,,,607,https://www.familysearch.org/ark:/61903/3:1:3QSQ-G93B-M98V?i=606&cc=1985804&wc=M6Z9-DNG%3A264175701%2C264722601%2C265450901
223,II,s.,Sănătăuca,Сэнэтэука,Cahul,405-410,405,410,,,,,613,https://www.familysearch.org/ark:/61903/3:1:3QS7-L93B-M93Q?i=612&cc=1985804&wc=M6Z9-DNG%3A264175701%2C264722601%2C265450901
223,II,s.,Slobozia Vălcineţ,Слобозия-Вэлчинец,Cahul,411-413,411,413,,,,,625,https://www.familysearch.org/ark:/61903/3:1:3QSQ-G93B-M9WM?i=624&cc=1985804&wc=M6Z9-DNG%3A264175701%2C264722601%2C265450901
223,II,s.,Teleşeu,Телешеу,Cahul,414-416,414,416,,,,,629,https://www.familysearch.org/ark:/61903/3:1:3QS7-893B-M98C?i=628&cc=1985804&wc=M6Z9-DNG%3A264175701%2C264722601%2C265450901
223,II,s.,Ţepilova,Цепилова,Cahul,417-418,417,418,,,,,634,https://www.familysearch.org/ark:/61903/3:1:3QSQ-G93B-M949?i=633&cc=1985804&wc=M6Z9-DNG%3A264175701%2C264722601%2C265450901
223,II,s.,Şestaci,Шестачи,Cahul,419-422,419,422,,,,,637,https://www.familysearch.org/ark:/61903/3:1:3QS7-993B-M9WK?i=636&cc=1985804&wc=M6Z9-DNG%3A264175701%2C264722601%2C265450901
223,II,col.,Glisctal,Глискталь,Cahul,423-426,423,426,,,,,643,https://www.familysearch.org/ark:/61903/3:1:3QS7-L93B-MB8?i=642&cc=1985804&wc=M6Z9-DNG%3A264175701%2C264722601%2C265450901
223,,judeţul,Tiraspol,Тирасполь,,427-428,427,428,,,,,,
223,II,col.,Maloiaroslaveţi II,Малоярославец II,Cahul,429-430,429,430,,,,,652,https://www.familysearch.org/ark:/61903/3:1:3QS7-893B-M9Q3?i=651&cc=1985804&wc=M6Z9-DNG%3A264175701%2C264722601%2C265450901
223,III,s.,Casovca,Касовка,Cahul,431-432,431,432,,,,,3,https://www.familysearch.org/ark:/61903/3:1:3QS7-893B-M14?i=2&cc=1985804&wc=M6Z9-6TP%3A264175701%2C264722601%2C265453801
223,III,s.,Corbu,Корбу,Cahul,433-434,433,434,,,,,6,https://www.familysearch.org/ark:/61903/3:1:3QS7-993B-M5D?i=5&cc=1985804&wc=M6Z9-6TP%3A264175701%2C264722601%2C265453801
223,III,s.,Scăieni,Скэены,Cahul,435-441,435,441,,,,,10,https://www.familysearch.org/ark:/61903/3:1:3QS7-993B-MYJ?i=9&cc=1985804&wc=M6Z9-6TP%3A264175701%2C264722601%2C265453801
223,III,or.,Soroca,Сорока,Cahul,442-443,442,443,,,,,24,https://www.familysearch.org/ark:/61903/3:1:3QS7-L93B-M6R?i=23&cc=1985804&wc=M6Z9-6TP%3A264175701%2C264722601%2C265453801
223,III,s.,Corbu,Корбу,Cahul,444-450,444,450,,,,,27,https://www.familysearch.org/ark:/61903/3:1:3QSQ-G93B-MJ6?i=26&cc=1985804&wc=M6Z9-6TP%3A264175701%2C264722601%2C265453801
223,,s.,Hădărăuţi,Хэдэрэуць,,451,451,451,,,,,,
223,III,s.,Trifăneşti,Трифэнешты,Cahul,452-453,452,453,,,,,41,https://www.familysearch.org/ark:/61903/3:1:3QS7-993B-MGS?i=40&cc=1985804&wc=M6Z9-6TP%3A264175701%2C264722601%2C265453801
223,III,s.,Băxani,Бэксань,Cahul,454-455,454,455,,,,,44,https://www.familysearch.org/ark:/61903/3:1:3QS7-993B-MFK?i=43&cc=1985804&wc=M6Z9-6TP%3A264175701%2C264722601%2C265453801
223,III,s.,Popeşti,Попешты,Cahul,456-457,456,457,,,,,47,https://www.familysearch.org/ark:/61903/3:1:3QS7-893B-MVW?i=46&cc=1985804&wc=M6Z9-6TP%3A264175701%2C264722601%2C265453801
223,III,or.,Soroca,Сорока,Cahul,458-459,458,459,,,,,51,https://www.familysearch.org/ark:/61903/3:1:3QS7-L93B-MQP?i=50&cc=1985804&wc=M6Z9-6TP%3A264175701%2C264722601%2C265453801
223,III,s.,Climăuţi,Климэуцы,Cahul,460-461,460,461,,,,,54,https://www.familysearch.org/ark:/61903/3:1:3QS7-993B-MNB?i=53&cc=1985804&wc=M6Z9-6TP%3A264175701%2C264722601%2C265453801
223,,s.,Cremenciug,Кременчуг,,462,462,462,,,,,,
223,III,s.,Bădiceni,Бэдичень,Cahul,463-464,463,464,,,,,59,https://www.familysearch.org/ark:/61903/3:1:3QS7-993B-M6Z?i=58&cc=1985804&wc=M6Z9-6TP%3A264175701%2C264722601%2C265453801
223,III,or.,Soroca,Сорока,Cahul,465-466,465,466,,,,,63,https://www.familysearch.org/ark:/61903/3:1:3QS7-893B-M8N?i=62&cc=1985804&wc=M6Z9-6TP%3A264175701%2C264722601%2C265453801
223,III,s.,Roşietici,Рошиетичь,Cahul,467-468,467,468,,,,,67,https://www.familysearch.org/ark:/61903/3:1:3QS7-893B-MDN?i=66&cc=1985804&wc=M6Z9-6TP%3A264175701%2C264722601%2C265453801
223,III,tîrgul,"Otaci (Ataci, Atachi)",Атаки,Cahul,469-470,469,470,,,,,70,https://www.familysearch.org/ark:/61903/3:1:3QS7-993B-MZV?i=69&cc=1985804&wc=M6Z9-6TP%3A264175701%2C264722601%2C265453801
223,III,s.,Ţaul (Borodici),Цауль (Бородичи),Cahul,471-472,471,472,,,,,73,https://www.familysearch.org/ark:/61903/3:1:3QSQ-G93B-M75?i=72&cc=1985804&wc=M6Z9-6TP%3A264175701%2C264722601%2C265453801
223,III,s.,Valea Ţarigradului,Валя-Цариградулуй,Cahul,473-475,473,475,,,,,77,https://www.familysearch.org/ark:/61903/3:1:3QS7-893B-M43?i=76&cc=1985804&wc=M6Z9-6TP%3A264175701%2C264722601%2C265453801
223,III,s.,Rediul Mare,Редиул Маре,Cahul,476-478,476,478,,,,,83,https://www.familysearch.org/ark:/61903/3:1:3QS7-L93Y-1P1M?i=82&cc=1985804&wc=M6Z9-6TP%3A264175701%2C264722601%2C265453801
223,III,s.,Anfisofca (Sofia),Анфисофка (София),Cahul,479-482,479,482,,,,,88,https://www.familysearch.org/ark:/61903/3:1:3QS7-L93B-M3F?i=87&cc=1985804&wc=M6Z9-6TP%3A264175701%2C264722601%2C265453801
223,III,s.,Cuhureştii de Sus,Кухурештий-де-Сус,Cahul,483-484,483,484,,,,,96,https://www.familysearch.org/ark:/61903/3:1:3QS7-L93Y-1PY9?i=95&cc=1985804&wc=M6Z9-6TP%3A264175701%2C264722601%2C265453801
223,III,s.,Trifăuţi,Трифэуць,Cahul,485-486,485,486,,,,,100,https://www.familysearch.org/ark:/61903/3:1:3QS7-993Y-1G1L?i=99&cc=1985804&wc=M6Z9-6TP%3A264175701%2C264722601%2C265453801
223,III,s.,Unchiteşti,Унчитешты,Cahul,487-488,487,488,,,,,103,https://www.familysearch.org/ark:/61903/3:1:3QS7-893Y-1P6Z?i=102&cc=1985804&wc=M6Z9-6TP%3A264175701%2C264722601%2C265453801
223,III,or.,Soroca,Сорока,Cahul,489-490,489,490,,,,,106,https://www.familysearch.org/ark:/61903/3:1:3QS7-L93Y-1P5B?i=105&cc=1985804&wc=M6Z9-6TP%3A264175701%2C264722601%2C265453801
223,III,s.,Temeleuţi,Темелеуць,Cahul,491-492,491,492,,,,,109,https://www.familysearch.org/ark:/61903/3:1:3QS7-993Y-1GTK?i=108&cc=1985804&wc=M6Z9-6TP%3A264175701%2C264722601%2C265453801
223,,s.,Codreni,Кодрены,,493,493,493,,,,,,
223,III,or.,Soroca,Сорока,Cahul,494-495,494,495,,,,,114,https://www.familysearch.org/ark:/61903/3:1:3QSQ-G93Y-1PK6?i=113&cc=1985804&wc=M6Z9-6TP%3A264175701%2C264722601%2C265453801
223,III,tîrgul,Raşcov (Rîşcu),Рашков (Рышку),Cahul,496-497,496,497,,,,,118,https://www.familysearch.org/ark:/61903/3:1:3QS7-993Y-1GRZ?i=117&cc=1985804&wc=M6Z9-6TP%3A264175701%2C264722601%2C265453801
223,,s.,Pepeni,Пепень,,498,498,498,,,,,,
223,III,s.,Verejeni,Вережень,Cahul,499-500,499,500,,,,,123,https://www.familysearch.org/ark:/61903/3:1:3QSQ-G93Y-1P5C?i=122&cc=1985804&wc=M6Z9-6TP%3A264175701%2C264722601%2C265453801
223,III,s.,Teleşeuca,Телешеука,Cahul,501-502,501,502,,,,,127,https://www.familysearch.org/ark:/61903/3:1:3QS7-L93Y-1PFF?i=126&cc=1985804&wc=M6Z9-6TP%3A264175701%2C264722601%2C265453801
223,III,s.,Cernoleuca,Чернолевка,Cahul,503-504,503,504,,,,,130,https://www.familysearch.org/ark:/61903/3:1:3QSQ-G93Y-1PKF?i=129&cc=1985804&wc=M6Z9-6TP%3A264175701%2C264722601%2C265453801
223,III,s.,Secăreni,Секэрены,Cahul,505-506,505,506,,,,,133,https://www.familysearch.org/ark:/61903/3:1:3QS7-893Y-1PC3?i=132&cc=1985804&wc=M6Z9-6TP%3A264175701%2C264722601%2C265453801
223,III,s.,Prajila,Пражила,Cahul,507-508,507,508,,,,,136,https://www.familysearch.org/ark:/61903/3:1:3QS7-L93Y-1PNR?i=135&cc=1985804&wc=M6Z9-6TP%3A264175701%2C264722601%2C265453801
223,III,s.,Gîrbova (Om-Mort),Гырбова (Ом-Морт),Cahul,509-510,509,510,,,,,139,https://www.familysearch.org/ark:/61903/3:1:3QS7-893Y-1PWR?i=138&cc=1985804&wc=M6Z9-6TP%3A264175701%2C264722601%2C265453801
223,III,or.,Soroca,Сорока,Cahul,511-512,511,512,,,,,142,https://www.familysearch.org/ark:/61903/3:1:3QS7-893Y-1P7X?i=141&cc=1985804&wc=M6Z9-6TP%3A264175701%2C264722601%2C265453801
223,III,s.,Lunga,Лунга,Cahul,513-514,513,514,,,,,145,https://www.familysearch.org/ark:/61903/3:1:3QSQ-G93Y-1PDP?i=144&cc=1985804&wc=M6Z9-6TP%3A264175701%2C264722601%2C265453801
223,III,s.,Sănătăuca,Сэнэтэука,Cahul,515-516,515,516,,,,,148,https://www.familysearch.org/ark:/61903/3:1:3QS7-L93Y-1PZK?i=147&cc=1985804&wc=M6Z9-6TP%3A264175701%2C264722601%2C265453801
223,III,s.,Samoileuca,Самойлеука,Cahul,517-518,517,518,,,,,151,https://www.familysearch.org/ark:/61903/3:1:3QS7-993Y-1GXR?i=150&cc=1985804&wc=M6Z9-6TP%3A264175701%2C264722601%2C265453801
223,III,s.,Naslavcea,Наславча,Cahul,519-520,519,520,,,,,154,https://www.familysearch.org/ark:/61903/3:1:3QS7-993Y-1GN6?i=153&cc=1985804&wc=M6Z9-6TP%3A264175701%2C264722601%2C265453801
223,III,s.,Năpadova,Наподова,Cahul,521-522,521,522,,,,,157,https://www.familysearch.org/ark:/61903/3:1:3QS7-L93Y-1P88?i=156&cc=1985804&wc=M6Z9-6TP%3A264175701%2C264722601%2C265453801
223,III,s.,Rediul Mare,Редиул Маре,Cahul,523-524,523,524,,,,,160,https://www.familysearch.org/ark:/61903/3:1:3QS7-993Y-1GJ6?i=159&cc=1985804&wc=M6Z9-6TP%3A264175701%2C264722601%2C265453801
223,III,s.,Drăgăneşti,Драганешты,Cahul,525-526,525,526,,,,,163,https://www.familysearch.org/ark:/61903/3:1:3QS7-993Y-1GXF?i=162&cc=1985804&wc=M6Z9-6TP%3A264175701%2C264722601%2C265453801
223,III,s.,Iarova,Ярова,Cahul,527-528,527,528,,,,,166,https://www.familysearch.org/ark:/61903/3:1:3QS7-993Y-1GX9?i=165&cc=1985804&wc=M6Z9-6TP%3A264175701%2C264722601%2C265453801
223,III,or.,Soroca,Сорока,Cahul,529-530,529,530,,,,,169,https://www.familysearch.org/ark:/61903/3:1:3QSQ-G93Y-1PQ6?i=168&cc=1985804&wc=M6Z9-6TP%3A264175701%2C264722601%2C265453801
223,III,s.,Horodişte,Городище,Cahul,531-532,531,532,,,,,172,https://www.familysearch.org/ark:/61903/3:1:3QS7-993Y-1GFW?i=171&cc=1985804&wc=M6Z9-6TP%3A264175701%2C264722601%2C265453801
223,III,or.,Soroca,Сорока,Cahul,533-534,533,534,,,,,175,https://www.familysearch.org/ark:/61903/3:1:3QS7-993Y-1GXJ?i=174&cc=1985804&wc=M6Z9-6TP%3A264175701%2C264722601%2C265453801
223,III,s.,Receşti,Речешть,Cahul,535-538,535,538,,,,,178,https://www.familysearch.org/ark:/61903/3:1:3QS7-L93Y-1P3D?i=177&cc=1985804&wc=M6Z9-6TP%3A264175701%2C264722601%2C265453801
223,III,s.,Zahorna,Загорна,Cahul,539-544,539,544,,,,,184,https://www.familysearch.org/ark:/61903/3:1:3QS7-993Y-1GZG?i=183&cc=1985804&wc=M6Z9-6TP%3A264175701%2C264722601%2C265453801
223,III,s.,Corbu,Корбу,Cahul,545-546,545,546,,,,,194,https://www.familysearch.org/ark:/61903/3:1:3QSQ-G93Y-1PMX?i=193&cc=1985804&wc=M6Z9-6TP%3A264175701%2C264722601%2C265453801
223,III,s.,Cureşniţa,Курешница,Cahul,547-548,547,548,,,,,197,https://www.familysearch.org/ark:/61903/3:1:3QS7-993Y-1GCH?i=196&cc=1985804&wc=M6Z9-6TP%3A264175701%2C264722601%2C265453801
223,III,s.,Drochia,Дрокия,Cahul,549-551,549,551,,,,,200,https://www.familysearch.org/ark:/61903/3:1:3QS7-993Y-1GC8?i=199&cc=1985804&wc=M6Z9-6TP%3A264175701%2C264722601%2C265453801
223,III,or.,Soroca,Сорока,Cahul,552-555,552,555,,,,,203,https://www.familysearch.org/ark:/61903/3:1:3QSQ-G93Y-1G1G?i=202&cc=1985804&wc=M6Z9-6TP%3A264175701%2C264722601%2C265453801
223,III,s.,Climăuţi,Климэуцы,Cahul,556-557,556,557,,,,,210,https://www.familysearch.org/ark:/61903/3:1:3QSQ-G93Y-1GYT?i=209&cc=1985804&wc=M6Z9-6TP%3A264175701%2C264722601%2C265453801
223,III,s.,Rujniţa,Ружница,Cahul,558-559,558,559,,,,,213,https://www.familysearch.org/ark:/61903/3:1:3QS7-893Y-1G2M?i=212&cc=1985804&wc=M6Z9-6TP%3A264175701%2C264722601%2C265453801
223,III,s.,Mîndîc,Мындык,Cahul,560-561,560,561,,,,,216,https://www.familysearch.org/ark:/61903/3:1:3QSQ-G93Y-1GTC?i=215&cc=1985804&wc=M6Z9-6TP%3A264175701%2C264722601%2C265453801
223,III,s.,Bodeşti,Бодешть,Cahul,562-563,562,563,,,,,219,https://www.familysearch.org/ark:/61903/3:1:3QS7-893Y-1GJK?i=218&cc=1985804&wc=M6Z9-6TP%3A264175701%2C264722601%2C265453801
223,,tîrgul,Căuşeni,Каушаны,,564,564,564,,,,,,
223,III,s.,Visoca,Высока,Cahul,565-566,565,566,,,,,224,https://www.familysearch.org/ark:/61903/3:1:3QS7-L93Y-1G1L?i=223&cc=1985804&wc=M6Z9-6TP%3A264175701%2C264722601%2C265453801
223,III,s.,Grinăuţi,Гринэуць,Cahul,567-568,567,568,,,,,227,https://www.familysearch.org/ark:/61903/3:1:3QS7-893Y-1GN3?i=226&cc=1985804&wc=M6Z9-6TP%3A264175701%2C264722601%2C265453801
223,III,s.,Plopi (Trifeşti),Плопь (Трифешты),Cahul,569-570,569,570,,,,,230,https://www.familysearch.org/ark:/61903/3:1:3QS7-993Y-1GQF?i=229&cc=1985804&wc=M6Z9-6TP%3A264175701%2C264722601%2C265453801
223,III,s.,Coşeleuca,Кошелеука,Cahul,571-571v,571,571,,,,,233,https://www.familysearch.org/ark:/61903/3:1:3QS7-893Y-1GVX?i=232&cc=1985804&wc=M6Z9-6TP%3A264175701%2C264722601%2C265453801
223,III,s.,Copanca,Копанка,Cahul,572-573,572,573,,,,,235,https://www.familysearch.org/ark:/61903/3:1:3QSQ-G93Y-1GRN?i=234&cc=1985804&wc=M6Z9-6TP%3A264175701%2C264722601%2C265453801
223,III,s.,Pohoarna Răzeşi,Погоарна Рэзешь,Cahul,574-577,574,577,,,,,238,https://www.familysearch.org/ark:/61903/3:1:3QS7-993B-MQ92?i=237&cc=1985804&wc=M6Z9-6TP%3A264175701%2C264722601%2C265453801
223,III,s.,Bîrnova,Бырнова,Cahul,578-579,578,579,,,,,245,https://www.familysearch.org/ark:/61903/3:1:3QS7-893B-M327?i=244&cc=1985804&wc=M6Z9-6TP%3A264175701%2C264722601%2C265453801
223,III,s.,Şuri,Шурь,Cahul,580-589,580,589,,,,,248,https://www.familysearch.org/ark:/61903/3:1:3QSQ-G93B-MQMC?i=247&cc=1985804&wc=M6Z9-6TP%3A264175701%2C264722601%2C265453801
223,III,s.,Cubolta,Куболта,Cahul,590-593,590,593,,,,,267,https://www.familysearch.org/ark:/61903/3:1:3QS7-L93B-M3GJ?i=266&cc=1985804&wc=M6Z9-6TP%3A264175701%2C264722601%2C265453801
223,III,s.,Naslavcea,Наславча,Cahul,594-595,594,595,,,,,273,https://www.familysearch.org/ark:/61903/3:1:3QSQ-G93B-M3B4?i=272&cc=1985804&wc=M6Z9-6TP%3A264175701%2C264722601%2C265453801
223,III,s.,Scăieni,Скэены,Cahul,596-597,596,597,,,,,276,https://www.familysearch.org/ark:/61903/3:1:3QS7-893B-M3LR?i=275&cc=1985804&wc=M6Z9-6TP%3A264175701%2C264722601%2C265453801
223,III,s.,Băxani,Бэксань,Cahul,598-599,598,599,,,,,279,https://www.familysearch.org/ark:/61903/3:1:3QSQ-G93B-MQQT?i=278&cc=1985804&wc=M6Z9-6TP%3A264175701%2C264722601%2C265453801
223,III,s.,Mîndîc,Мындык,Cahul,600-601,600,601,,,,,283,https://www.familysearch.org/ark:/61903/3:1:3QS7-L93B-M3N1?i=282&cc=1985804&wc=M6Z9-6TP%3A264175701%2C264722601%2C265453801
223,III,s.,Ghizdita,Гиздица,Cahul,602-603,602,603,,,,,286,https://www.familysearch.org/ark:/61903/3:1:3QS7-L93B-M3N5?i=285&cc=1985804&wc=M6Z9-6TP%3A264175701%2C264722601%2C265453801
223,III,s.,Teleşeuca,Телешеука,Cahul,604-605,604,605,,,,,290,https://www.familysearch.org/ark:/61903/3:1:3QS7-993B-M32L?i=289&cc=1985804&wc=M6Z9-6TP%3A264175701%2C264722601%2C265453801
223,III,tîrgul,"Otaci (Atachi, Ataci)",Атаки,Cahul,606-607,606,607,,,,,293,https://www.familysearch.org/ark:/61903/3:1:3QS7-893B-M3P5?i=292&cc=1985804&wc=M6Z9-6TP%3A264175701%2C264722601%2C265453801
223,III,s.,Cobîlnea Nouă,Кобылня Ноуэ,Cahul,608-609,608,609,,,,,296,https://www.familysearch.org/ark:/61903/3:1:3QSQ-G93B-MQ7K?i=295&cc=1985804&wc=M6Z9-6TP%3A264175701%2C264722601%2C265453801
223,III,s.,Domulgeni,Домулжены,Cahul,610-613,610,613,,,,,299,https://www.familysearch.org/ark:/61903/3:1:3QS7-893B-M3JG?i=298&cc=1985804&wc=M6Z9-6TP%3A264175701%2C264722601%2C265453801
223,III,s.,Slobozia Codreni,Слобозия Кодрень,Cahul,614-615,614,615,,,,,304,https://www.familysearch.org/ark:/61903/3:1:3QSQ-G93B-M3RP?i=303&cc=1985804&wc=M6Z9-6TP%3A264175701%2C264722601%2C265453801
223,III,s.,Paustova,Паустово,Cahul,616-617,616,617,,,,,307,https://www.familysearch.org/ark:/61903/3:1:3QS7-893B-M3LC?i=306&cc=1985804&wc=M6Z9-6TP%3A264175701%2C264722601%2C265453801
223,III,or.,Soroca,Сорока,Cahul,618-619,618,619,,,,,310,https://www.familysearch.org/ark:/61903/3:1:3QSQ-G93B-MQ3K?i=309&cc=1985804&wc=M6Z9-6TP%3A264175701%2C264722601%2C265453801
223,III,s.,Ocolina,Околина,Cahul,620-621,620,621,,,,,313,https://www.familysearch.org/ark:/61903/3:1:3QS7-893B-M3V3?i=312&cc=1985804&wc=M6Z9-6TP%3A264175701%2C264722601%2C265453801
223,III,s.,Soloneţ (Pol-Cerepcău),Солонец (Пол-Черепкэу),Cahul,622-623,622,623,,,,,316,https://www.familysearch.org/ark:/61903/3:1:3QS7-893B-M35H?i=315&cc=1985804&wc=M6Z9-6TP%3A264175701%2C264722601%2C265453801
223,III,s.,Răduleni,Рэдулень,Cahul,624-625,624,625,,,,,319,https://www.familysearch.org/ark:/61903/3:1:3QS7-L93B-M3DX?i=318&cc=1985804&wc=M6Z9-6TP%3A264175701%2C264722601%2C265453801
223,III,s.,Mereşeuca (Lencăuţi),Мерешеука (Ленкауцы),Cahul,626-627,626,627,,,,,322,https://www.familysearch.org/ark:/61903/3:1:3QSQ-G93B-M3GS?i=321&cc=1985804&wc=M6Z9-6TP%3A264175701%2C264722601%2C265453801
223,III,s.,Cunicea,Куничя,Cahul,628-629,628,629,,,,,325,https://www.familysearch.org/ark:/61903/3:1:3QSQ-G93B-M3KT?i=324&cc=1985804&wc=M6Z9-6TP%3A264175701%2C264722601%2C265453801
223,III,s.,Redi-Cereşnovăţ,Реди-Черешноваць,Cahul,630-631,630,631,,,,,328,https://www.familysearch.org/ark:/61903/3:1:3QSQ-G93B-M351?i=327&cc=1985804&wc=M6Z9-6TP%3A264175701%2C264722601%2C265453801
223,III,or.,Soroca,Сорока,Cahul,632-637,632,637,,,,,331,https://www.familysearch.org/ark:/61903/3:1:3QS7-893B-M3NN?i=330&cc=1985804&wc=M6Z9-6TP%3A264175701%2C264722601%2C265453801
223,III,s.,Unguri,Унгуры,Cahul,638-639,638,639,,,,,340,https://www.familysearch.org/ark:/61903/3:1:3QS7-L93B-M386?i=339&cc=1985804&wc=M6Z9-6TP%3A264175701%2C264722601%2C265453801
223,III,s.,Codreni,Кодрены,Cahul,640-641,640,641,,,,,343,https://www.familysearch.org/ark:/61903/3:1:3QSQ-G93B-M3TQ?i=342&cc=1985804&wc=M6Z9-6TP%3A264175701%2C264722601%2C265453801
223,III,or.,Soroca,Сорока,Cahul,642-643,642,643,,,,,346,https://www.familysearch.org/ark:/61903/3:1:3QS7-993B-M3V3?i=345&cc=1985804&wc=M6Z9-6TP%3A264175701%2C264722601%2C265453801
223,III,s.,Ţîra de Jos,Цыра-де-Жос,Cahul,644-645,644,645,,,,,349,https://www.familysearch.org/ark:/61903/3:1:3QS7-893B-M36T?i=348&cc=1985804&wc=M6Z9-6TP%3A264175701%2C264722601%2C265453801
223,III,or.,Soroca,Сорока,Cahul,646-647,646,647,,,,,352,https://www.familysearch.org/ark:/61903/3:1:3QS7-893B-M3ZX?i=351&cc=1985804&wc=M6Z9-6TP%3A264175701%2C264722601%2C265453801
223,III,s.,Gura Căinarului,Гура-Кэинарулуй,Cahul,648-649,648,649,,,,,355,https://www.familysearch.org/ark:/61903/3:1:3QS7-893B-M3XW?i=354&cc=1985804&wc=M6Z9-6TP%3A264175701%2C264722601%2C265453801
223,III,tîrgul,"Otaci (Ataci, Atachi)",Атаки,Cahul,650-651,650,651,,,,,358,https://www.familysearch.org/ark:/61903/3:1:3QSQ-G93B-M3NX?i=357&cc=1985804&wc=M6Z9-6TP%3A264175701%2C264722601%2C265453801
223,III,or.,Soroca,Сорока,Cahul,652-653,652,653,,,,,361,https://www.familysearch.org/ark:/61903/3:1:3QSQ-G93B-M3J9?i=360&cc=1985804&wc=M6Z9-6TP%3A264175701%2C264722601%2C265453801
223,III,or.,Movilău (Moghiliov),Могилёв,Cahul,654-655,654,655,,,,,364,https://www.familysearch.org/ark:/61903/3:1:3QS7-993B-M3CY?i=363&cc=1985804&wc=M6Z9-6TP%3A264175701%2C264722601%2C265453801
223,III,or.,Soroca,Сорока,Cahul,656-657,656,657,,,,,367,https://www.familysearch.org/ark:/61903/3:1:3QS7-L93B-M3QQ?i=366&cc=1985804&wc=M6Z9-6TP%3A264175701%2C264722601%2C265453801
223,III,s.,Cremenciug,Кременчуг,Cahul,658-659,658,659,,,,,370,https://www.familysearch.org/ark:/61903/3:1:3QSQ-G93B-M3N3?i=369&cc=1985804&wc=M6Z9-6TP%3A264175701%2C264722601%2C265453801
224,I,schitul,Vărzăreşti,Вэрзэрешты,,1-5,1,5,,,,,,
224,I,s.,Vărzăreşti,Вэрзэрешты,,6-135,6,135,,,,,,
224,I,s.,Vînători,Вынэторы,,136-156,136,156,,,,,,
224,II,s.,Valea Trăisteni,Валя-Трэйстени,,157-171v,157,171,,,,,289,https://www.familysearch.org/ark:/61903/3:1:3QS7-993B-M9P1?i=288&cc=1985804&wc=M6ZM-238%3A264175701%2C264722601%2C265320401
224,II,s.,Vorniceni,Ворничены,,172-232,172,232,,,,,316,https://www.familysearch.org/ark:/61903/3:1:3QS7-893B-M9RT?i=315&cc=1985804&wc=M6ZM-238%3A264175701%2C264722601%2C265320401
224,II,s.,Vadul lui Vodă,Вадул луй Водэ,,233-255,233,255,,,,,434,https://www.familysearch.org/ark:/61903/3:1:3QS7-993B-MFD?i=433&cc=1985804&wc=M6ZM-238%3A264175701%2C264722601%2C265320401
224,II,s.,Vălcineţ,Вэлчинец,,256-259,256,259,,,,,,
224,III,s.,Vălcineţ,Вэлчинец,,260-371,260,371,,,,,,
224,III,s.,Vişinea,Вишня,,372-378,372,378,,,,,,
224,III,s.,Văsieni,Вэсиень,,379-471,379,471,,,,,707,https://www.familysearch.org/ark:/61903/3:1:3QSQ-G93Y-BHVC?i=706&cc=1985804&wc=M6ZM-238%3A264175701%2C264722601%2C265320401
224,III,s.,Vulcăneşti,Вулканешты,,472-474,472,474,,,,,,
224,III,s.,Visterniceni,Вистерничены,,475-498v,475,498,,,,,879,https://www.familysearch.org/ark:/61903/3:1:3QSQ-G93Y-BW24?i=878&cc=1985804&wc=M6ZM-238%3A264175701%2C264722601%2C265320401
225,I,s.,Lăpuşna,Лапушна,,1-103,1,103,,,,,,
225,I,s.,Leuşeni,Леушены,,104-138,104,138,,,,,,
225,II,s.,Lozova,Лозова,,139-209,139,209,,,,,251,https://www.familysearch.org/ark:/61903/3:1:3QS7-L93Y-BQG9?i=250&cc=1985804&wc=M6ZM-2M9%3A264175701%2C264722601%2C265322201
225,II,s.,Logăneşti,Логэнешть,,210-264v,210,264,,,,,379,https://www.familysearch.org/ark:/61903/3:1:3QS7-L93Y-BZ52?i=378&cc=1985804&wc=M6ZM-2M9%3A264175701%2C264722601%2C265322201
226,I,s.,Tînjeleşti,Тынжелешты,,1-5,1,5,,,,,6,https://www.familysearch.org/ark:/61903/3:1:3QS7-893Y-BCCZ?i=5&cc=1985804&wc=M6ZM-LM9%3A264175701%2C264722601%2C265322901
226,I,s.,Topor,Топор,,6-16,6,16,,,,,,
226,,s.,Temeleuţi,Темелеуць,,16a-40,16,40,,,,,,
226,I,s.,Truşeni,Трушены,,41-138,41,138,,,,,65,https://www.familysearch.org/ark:/61903/3:1:3QS7-993Y-B4RC?i=64&cc=1985804&wc=M6ZM-LM9%3A264175701%2C264722601%2C265322901
226,II,s.,Ulmu,Улму,,139-202,139,202,,,,,202,https://www.familysearch.org/ark:/61903/3:1:3QSQ-G93Y-B49B?i=201&cc=1985804&wc=M6ZM-LM9%3A264175701%2C264722601%2C265322901
226,II,s.,Fundul Galbenei,Фундул Галбеней,,203-247,203,247,,,,,304,https://www.familysearch.org/ark:/61903/3:1:3QSQ-G93B-MSJ4?i=303&cc=1985804&wc=M6ZM-LM9%3A264175701%2C264722601%2C265322901
226,II,s.,Furmuzachi (Formuzani),Фурмузаки,,248-262,248,262,,,,,,
226,II,s.,Frăsineşti,Фрэсинешть,,263-273,263,273,,,,,,
226,II,s.,Fîrlădeni,Фырлэдень,,274-287,274,287,,,,,,
226,II,s.,Ţîpala,Цыпала,,288-319,288,319,,,,,408,https://www.familysearch.org/ark:/61903/3:1:3QSQ-G93B-M9DS?i=407&cc=1985804&wc=M6ZM-LM9%3A264175701%2C264722601%2C265322901
227,I,s.,Spărieţi,Спэриець,,1-13,1,13,,,,,,
227,I,s.,Stolniceni,Стольничень,,14-53,14,53,,,,,,
227,I,s.,Sociteni,Сочитень,,55-69,55,69,,,,,,
227,I,s.,Suruceni,Суручень,,70-145,70,145,,,,,,
227,I,s.,Sîngera,Сынджера,,146-176,146,176,,,,,194,https://www.familysearch.org/ark:/61903/3:1:3QS7-893B-MQL5?i=193&cc=1985804&wc=M6ZM-KTL%3A264175701%2C264722601%2C265323901
227,II,s.,Selişte,Селиште,,177-213,177,213,,,,,,
227,II,s.,Selişte Tuzara,Селиште Тузара,,214-240,214,240,,,,,,
227,II,s.,Soltăneşti,Солтэнешть,,241-249,241,249,,,,,,
227,II,s.,Străşeni,Стрэшень,,250-324,250,324,,,,,,
227,III,s.,Scoreni,Скорены,,325-365,325,365,,,,,,
227,III,s.,Sipoteni,Шипотены,,366-444,366,444,,,,,,
227,IV,s.,Sadova,Садова,,445-502v,445,502,,,,,602,https://www.familysearch.org/ark:/61903/3:1:3QS7-993B-MSGN?i=601&cc=1985804&wc=M6ZM-KTL%3A264175701%2C264722601%2C265323901
227,IV,s.,Săcăreni,Сэкэрень,,503-515,503,515,,,,,,
227,IV,s.,Sireţi,Сирець,,516-586,516,586,,,,,704,https://www.familysearch.org/ark:/61903/3:1:3QS7-L93B-M9TF?i=703&cc=1985804&wc=M6ZM-KTL%3A264175701%2C264722601%2C265323901
228,I,tîrgul,Hînceşti,Хынчешты,,1-104,1,104,,,,,,
228,I,s.,Găureni,Гэурень,,105-141,105,141,,,,,153,https://www.familysearch.org/ark:/61903/3:1:3QS7-893Y-B3XL?i=152&cc=1985804&wc=M6ZM-2MS%3A264175701%2C264722601%2C265325301
228,I,s.,Grozeşti,Грозешть,,142-163,142,163,,,,,,
228,II,s.,Horeşti,Хорешты,,164-212,164,212,,,,,230,https://www.familysearch.org/ark:/61903/3:1:3QS7-993Y-BSZ6?i=229&cc=1985804&wc=M6ZM-2MS%3A264175701%2C264722601%2C265325301
228,II,s.,Hansca,Ханска,,213-227,213,227,,,,,,
228,II,s.,Gîrla,Гырла,,228-255,228,255,,,,,2,https://www.familysearch.org/ark:/61903/3:1:3QS7-L93B-M2Y?i=1&cc=1985804&wc=M6ZM-2MS%3A264175701%2C264722601%2C265325301
228,III,s.,Horodişte,Городище,,256-301,256,301,,,,,,
228,III,s.,Ghidighici,Гидигич,,302-343,302,343,,,,,421,https://www.familysearch.org/ark:/61903/3:1:3QS7-L93Y-Y9Q6-4?i=420&cc=1985804&wc=M6ZM-2MS%3A264175701%2C264722601%2C265325301
228,III,s.,Goian,Гоян,,344-367,344,367,,,,,,
229,I,s.,Bălăbăneşti,Бэлэбэнешть,,1-7v,1,7,,,,,,
229,I,s.,Buda,Буда,,8-25,8,25,,,,,,
229,I,s.,Băcioi,Бэчой,,26-93,26,93,,,,,,
229,I,s.,Bălceana,Бэлчана,,94-161,94,161,,,,,,
229,II,s.,Bozieni,Бозиень,,162-176v,162,176,,,,,,
229,II,s.,Budăi,Будэй,,177-189,177,189,,,,,,
229,II,s.,Bardar,Бардар,,190-245,190,245,,,,,,
229,II,s.,Brăila (Negreşti),Брэила (Негрешты),,246-266,246,266,,,,,,
229,II,s.,Boldureşti,Болдурешть,,267-314,267,314,,,,,,
229,III,s.,Bălăbăneşti,Бэлэбэнешть,,315-359,315,359,,,,,423,https://www.familysearch.org/ark:/61903/3:1:3QS7-L93Y-BSYL?i=422&cc=1985804&wc=M6ZM-2M3%3A264175701%2C264722601%2C265326401
229,III,s.,Băcşeni,Бэкшень,,361-372,361,372,,,,,,
229,III,s.,Bălăureşti,Бэлэурешть,,373-399,373,399,,,,,,
229,III,s.,Bărboieni,Бэрбоень,,400-413,400,413,,,,,536,https://www.familysearch.org/ark:/61903/3:1:3QS7-893Y-B9T3?i=535&cc=1985804&wc=M6ZM-2M3%3A264175701%2C264722601%2C265326401
229,III,s.,Buţeni,Буцень,,415-476,415,476,,,,,,
229,IV,s.,Bălţaţi,Бэлцаць,,477-481,477,481,,,,,,
229,IV,s.,Bubuieci,Бубуечи,,482-521,482,521,,,,,667,https://www.familysearch.org/ark:/61903/3:1:3QS7-893Y-YF7X?i=666&cc=1985804&wc=M6ZM-2M3%3A264175701%2C264722601%2C265326401
229,IV,s.,Budeşti,Будешты,,522-585,522,585,,,,,742,https://www.familysearch.org/ark:/61903/3:1:3QS7-L93Y-YXHC?i=741&cc=1985804&wc=M6ZM-2M3%3A264175701%2C264722601%2C265326401
229,V,s.,Bujor,Бужор,,586-668,586,668,,,,,859,https://www.familysearch.org/ark:/61903/3:1:3QSQ-G93Y-YDT5?i=858&cc=1985804&wc=M6ZM-2M3%3A264175701%2C264722601%2C265326401
229,V,s.,Bolţun,Бэлцун,,669-693,669,693,,,,,1021,https://www.familysearch.org/ark:/61903/3:1:3QSQ-G93Y-YJHX?i=1020&cc=1985804&wc=M6ZM-2M3%3A264175701%2C264722601%2C265326401
229,VI,s.,Boghiceni,Богичень,,694-764,694,764,,,,,,
229,VI,s.,Bilieşti,Билиешты,,765-784,765,784,,,,,1207,https://www.familysearch.org/ark:/61903/3:1:3QS7-L93Y-YNZS?i=1206&cc=1985804&wc=M6ZM-2M3%3A264175701%2C264722601%2C265326401
229,VI,s.,Bostancea,Бостанча,,785-791,785,791,,,,,,
230,I,s.,Nimoreni,Нимореий,,1-29,1,29,,,,,444,https://www.familysearch.org/ark:/61903/3:1:3QS7-893B-SQVR?i=443&cc=1985804&wc=M6ZM-2TL%3A264175701%2C264722601%2C265328501
230,I,s.,Nisporeni,Ниспорены,,30-194,30,194,,,,,60,https://www.familysearch.org/ark:/61903/3:1:3QS7-893Y-YF2X?i=59&cc=1985804&wc=M6ZM-2TL%3A264175701%2C264722601%2C265328501
230,II,s.,Negrea,Негря,,195-203,195,203,,,,,,
230,II,s.,Nemţeni,Немцень,,204-230,204,230,,,,,406,https://www.familysearch.org/ark:/61903/3:1:3QS7-993Y-YD6S?i=405&cc=1985804&wc=M6ZM-2TL%3A264175701%2C264722601%2C265328501
230,II,s.,Novaci,Новаки,,231-243,231,243,,,,,467,https://www.familysearch.org/ark:/61903/3:1:3QS7-893B-SQFP?i=466&cc=1985804&wc=M6ZM-2TL%3A264175701%2C264722601%2C265328501
230,II,s.,Negreşti,Негрешть,,244-254,244,254,,,,,489,https://www.familysearch.org/ark:/61903/3:1:3QS7-L93B-SQ4K?i=488&cc=1985804&wc=M6ZM-2TL%3A264175701%2C264722601%2C265328501
230,II,s.,Pojăreni,Пожарены,,255-275,255,275,,,,,,
230,II,s.,Pănăşeşti,Пэнэшешть,,276-303,276,303,,,,,545,https://www.familysearch.org/ark:/61903/3:1:3QS7-L93B-S32L?i=544&cc=1985804&wc=M6ZM-2TL%3A264175701%2C264722601%2C265328501
230,III,s.,Peticeni,Петичены,,304-316,304,316,,,,,595,https://www.familysearch.org/ark:/61903/3:1:3QS7-L93B-S3HS?i=594&cc=1985804&wc=M6ZM-2TL%3A264175701%2C264722601%2C265328501
230,III,s.,Pîrjolteni,Пыржолтень,,317-344,317,344,,,,,,
230,III,s.,Paşcani,Пашканы,,345-377,345,377,,,,,672,https://www.familysearch.org/ark:/61903/3:1:3QS7-893B-SSP9?i=671&cc=1985804&wc=M6ZM-2TL%3A264175701%2C264722601%2C265328501
230,III,s.,Pereni,Перень,,378-389,378,389,,,,,,
230,III,s.,Petricani,Петриканы,,390-400,390,400,,,,,755,https://www.familysearch.org/ark:/61903/3:1:3QSQ-G93B-SS75?i=754&cc=1985804&wc=M6ZM-2TL%3A264175701%2C264722601%2C265328501
230,III,s.,Pulbereni (Logăneşti),Пулберены (Логэнешты),,401-409v,401,409,,,,,774,https://www.familysearch.org/ark:/61903/3:1:3QS7-893B-S9YS?i=773&cc=1985804&wc=M6ZM-2TL%3A264175701%2C264722601%2C265328501
231,I,s.,Cartişa,Картиша,,1-7,1,7,,,,,370,https://www.familysearch.org/ark:/61903/3:1:3QS7-993B-S955?i=369&cc=1985804&wc=M6ZM-GM9%3A264175701%2C264722601%2C265329601
231,I,s.,Cărpineni,Кэрпинень,,8-131,8,131,,,,,381,https://www.familysearch.org/ark:/61903/3:1:3QS7-893B-S9RP?i=380&cc=1985804&wc=M6ZM-GM9%3A264175701%2C264722601%2C265329601
231,I,s.,Costuleni,Костулены,,132-158,132,158,,,,,623,https://www.familysearch.org/ark:/61903/3:1:3QS7-893B-S7DT?i=622&cc=1985804&wc=M6ZM-GM9%3A264175701%2C264722601%2C265329601
231,II,s.,Cotul Morii,Котул Морий,,159-190,159,190,,,,,671,https://www.familysearch.org/ark:/61903/3:1:3QS7-993B-SQRD?i=670&cc=1985804&wc=M6ZM-GM9%3A264175701%2C264722601%2C265329601
231,II,s.,Călimăneşti,Кэлимэнешты,,191-201,191,201,,,,,728,https://www.familysearch.org/ark:/61903/3:1:3QS7-993B-SQNS?i=727&cc=1985804&wc=M6ZM-GM9%3A264175701%2C264722601%2C265329601
231,II,s.,Cîşla Delaraiului (Odaia Delariului),Кышла Деларайулуй (Одая Деларюлуй),,202-210,202,210,,,,,747,https://www.familysearch.org/ark:/61903/3:1:3QS7-L93B-S7S6?i=746&cc=1985804&wc=M6ZM-GM9%3A264175701%2C264722601%2C265329601
231,II,s.,Costeşti,Костешть,,211-260,211,260,,,,,760,https://www.familysearch.org/ark:/61903/3:1:3QSQ-G93B-S7SP?i=759&cc=1985804&wc=M6ZM-GM9%3A264175701%2C264722601%2C265329601
231,II,s.,Condriţa,Кондрица,,261-267,261,267,,,,,859,https://www.familysearch.org/ark:/61903/3:1:3QS7-L93B-SQSR?i=858&cc=1985804&wc=M6ZM-GM9%3A264175701%2C264722601%2C265329601
231,II,s.,Căpriana,Кэприана,,268-318,268,318,,,,,870,https://www.familysearch.org/ark:/61903/3:1:3QS7-893B-S31G?i=869&cc=1985804&wc=M6ZM-GM9%3A264175701%2C264722601%2C265329601
231,III,s.,Curluceni,Курлучень,,319-344,319,344,,,,,,
231,III,s.,Chetrosu,Кетросу,,345-352v,345,352,,,,,,
231,III,s.,Cruzeşti,Крузешты,,354-363,354,363,,,,,1027,https://www.familysearch.org/ark:/61903/3:1:3QS7-L93B-SSX8?i=1026&cc=1985804&wc=M6ZM-GM9%3A264175701%2C264722601%2C265329601
231,III,s.,Chirca,Кирка,,364-370,364,370,,,,,,
231,III,s.,Cricova (Cricău),Крикова (Крикэу),,371-385,371,385,,,,,,
231,III,s.,Cristeşti,Кристешты,,386-405,386,405,,,,,,
231,III,s.,Căţeleni,Кэцелень,,406-422,406,422,,,,,,
231,III,s.,Călmăţui,Кэлмэцуй,,423-447,423,447,,,,,87,https://www.familysearch.org/ark:/61903/3:1:3QS7-993Y-R4SJ?i=86&cc=1985804&wc=M6ZM-GM9%3A264175701%2C264722601%2C265329601
231,IV,s.,Cojuşna,Кожушна,,448-545,448,545,,,,,,
231,,cătunul,Chicera,Кичера,,546-551,546,551,,,,,,
231,IV,s.,Poşta Chişinăului,Кишинёвская Почта,,552-568,552,568,,,,,334,https://www.familysearch.org/ark:/61903/3:1:3QS7-893Y-R7ZT?i=333&cc=1985804&wc=M6ZM-GM9%3A264175701%2C264722601%2C265329601
233,,s.,Revaca,Ревака,,2-10,2,10,,,,,,
233,,s.,Răzeni,Резены,,11-97,11,97,,,,,16,https://www.familysearch.org/ark:/61903/3:1:3QS7-993Y-R7Q6?i=15&cc=1985804&wc=M6ZM-LP8%3A264175701%2C264722601%2C265331202
233,,s.,Recea,Речя,,98-142,98,142,,,,,,
233,II,s.,Ruseştii Vechi,Русештий Векь,,143-151,143,151,,,,,,
233,II,s.,Ruseştii Noi,Русештий Ной,,152-223,152,223,,,,,,
233,II,s.,Roşcani,Рошкани,,224-260v,224,260,,,,,,
233,II,s.,Rădeni,Рэдень,,261-285,261,285,,,,,,
234,I,s.,Cioreşti,Чорешть,,1-47,1,47,,,,,,
234,I,s.,Cigîrleni,Чигырлень,,48-80,48,80,,,,,,
234,I,s.,Ciopleni,Чоплень,,81-90,81,90,,,,,,
234,I,s.,Cimişeni,Чимишень,,92-116,92,116,,,,,126,https://www.familysearch.org/ark:/61903/3:1:3QSQ-G93Y-R4W5?i=125&cc=1985804&wc=M6ZM-GZ9%3A264175701%2C264722601%2C265332001
234,,s.,Ciuteşti,Чутешты,,117v-138,117,138,,,,,,
234,I,s.,Ciuciuleni,Чучулень,,139-258,139,258,,,,,189,https://www.familysearch.org/ark:/61903/3:1:3QS7-893Y-RWPQ?i=188&cc=1985804&wc=M6ZM-GZ9%3A264175701%2C264722601%2C265332001
234,I,s.,Şişcani,Шишканы,,259-315,259,315,,,,,341,https://www.familysearch.org/ark:/61903/3:1:3QS7-L93Y-R7SL?i=340&cc=1985804&wc=M6ZM-GZ9%3A264175701%2C264722601%2C265332001
234,III,s.,Şendreni,Шендрены,,316-338,316,338,,,,,421,https://www.familysearch.org/ark:/61903/3:1:3QS7-893Y-5CKV?i=420&cc=1985804&wc=M6ZM-GZ9%3A264175701%2C264722601%2C265332001
234,III,s.,Iurceni,Юрчены,,339-379,339,379,,,,,451,https://www.familysearch.org/ark:/61903/3:1:3QS7-993Y-5CDV?i=450&cc=1985804&wc=M6ZM-GZ9%3A264175701%2C264722601%2C265332001
234,III,s.,Ialoveni (Cheila),Яловены (Кэйла),,380-449,380,449,,,,,,
235,I,or.,Chişinău,Кишинёв,,1-184,1,184,,,,,2,https://www.familysearch.org/ark:/61903/3:1:3QSQ-G93Y-56TB?i=1&cc=1985804&wc=M6Z9-629%3A264175701%2C264722601%2C265433201
235,II,or.,Chişinău,Кишинёв,,185-375,185,375,,,,,272,https://www.familysearch.org/ark:/61903/3:1:3QSQ-G93Y-5D41?i=271&cc=1985804&wc=M6Z9-629%3A264175701%2C264722601%2C265433201
236,I,or.,Chişinău,Кишинёв,,1-158,1,158,,,,,4,https://www.familysearch.org/ark:/61903/3:1:3QS7-L93Y-5Z6R?i=3&cc=1985804&wc=M6ZM-LPD%3A264175701%2C264722601%2C265333301
236,II,or.,Chişinău,Кишинёв,,159-323,159,323,,,,,217,https://www.familysearch.org/ark:/61903/3:1:3QS7-L93Y-56T4?i=216&cc=1985804&wc=M6ZM-LPD%3A264175701%2C264722601%2C265333301
236,III,or.,Chişinău,Кишинёв,,324-492,324,492,,,,,495,https://www.familysearch.org/ark:/61903/3:1:3QS7-893Y-5K4?i=494&cc=1985804&wc=M6ZM-LPD%3A264175701%2C264722601%2C265333301
236,IV,or.,Chişinău,Кишинёв,,493-569,493,569,,,,,793,https://www.familysearch.org/ark:/61903/3:1:3QS7-893Y-5SYP?i=792&cc=1985804&wc=M6ZM-LPD%3A264175701%2C264722601%2C265333301
237,,or.,Chişinău,Кишинёв,,1-51,1,51,,,,,,
237,,or.,Ismail,Измаил,,52-53,52,53,,,,,93,https://www.familysearch.org/ark:/61903/3:1:3QS7-893Y-59YM?i=92&cc=1985804&wc=M6ZM-LTL%3A264175701%2C264722601%2C265334501
238,I,or.,Chişinău,Кишинёв,Chişinău,1-87,1,87,,,,,,
238,I,s.,Bostancea,Бостанча,Chişinău,88-89,88,89,,,,,,
238,I,or.,Akkerman,Аккерман,Akkerman,90-119,90,119,,,,,,
238,II,s.,Galcalia,Галкалия,Akkerman,120-121,120,121,,,,,132,https://www.familysearch.org/ark:/61903/3:1:3QS7-893Y-5941?i=131&cc=1985804&wc=M6ZM-GWG%3A264175701%2C264722601%2C265334701
238,II,s.,Cădăieşti,Кэдэйешты,Akkerman,122-126,122,126,,,,,135,https://www.familysearch.org/ark:/61903/3:1:3QS7-L93Y-59SN?i=134&cc=1985804&wc=M6ZM-GWG%3A264175701%2C264722601%2C265334701
238,,judeţul,Akkerman,Аккерман,,127-129,127,129,,,,,,
238,II,or.,Bender,Бендеры,Akkerman,130-141,130,141,,,,,144,https://www.familysearch.org/ark:/61903/3:1:3QSQ-G93Y-598W?i=143&cc=1985804&wc=M6ZM-GWG%3A264175701%2C264722601%2C265334701
238,II,or.,Ismail,Измаил,Akkerman,142-145,142,145,,,,,160,https://www.familysearch.org/ark:/61903/3:1:3QSQ-G93Y-59QR?i=159&cc=1985804&wc=M6ZM-GWG%3A264175701%2C264722601%2C265334701
238,II,or.,Cahul,Кагул,Akkerman,146-154,146,154,,,,,166,https://www.familysearch.org/ark:/61903/3:1:3QS7-L93Y-5J1?i=165&cc=1985804&wc=M6ZM-GWG%3A264175701%2C264722601%2C265334701
238,II,or.,Chilia,Килия,Akkerman,155-158,155,158,,,,,177,https://www.familysearch.org/ark:/61903/3:1:3QS7-893Y-55T?i=176&cc=1985804&wc=M6ZM-GWG%3A264175701%2C264722601%2C265334701
238,II,or.,Orhei,Орхей,Akkerman,159-162,159,162,,,,,181,https://www.familysearch.org/ark:/61903/3:1:3QS7-993Y-5Y5?i=180&cc=1985804&wc=M6ZM-GWG%3A264175701%2C264722601%2C265334701
238,II,or.,Hotin,Хотин,Hotin,163-175,163,175,,,,,186,https://www.familysearch.org/ark:/61903/3:1:3QS7-893Y-55W?i=185&cc=1985804&wc=M6ZM-GWG%3A264175701%2C264722601%2C265334701
238,II,s.,Şendreni,Шендрены,Hotin,176-177,176,177,,,,,200,https://www.familysearch.org/ark:/61903/3:1:3QS7-L93Y-5FS?i=199&cc=1985804&wc=M6ZM-GWG%3A264175701%2C264722601%2C265334701
238,II,tîrgul,Noua Suliţă,Новосулица,Hotin,178-183,178,183,,,,,203,https://www.familysearch.org/ark:/61903/3:1:3QS7-L93Y-58H?i=202&cc=1985804&wc=M6ZM-GWG%3A264175701%2C264722601%2C265334701
238,II,tîrgul,Edineţ,Единцы,Hotin,184-185,184,185,,,,,212,https://www.familysearch.org/ark:/61903/3:1:3QS7-L93Y-5NM?i=211&cc=1985804&wc=M6ZM-GWG%3A264175701%2C264722601%2C265334701
238,,judeţul,Hotin,Хотин,,186-191,186,191,,,,,,
238,II,tîrgul,Sculeni,Скуляны,Iaşi,192-196,192,196,,,,,221,https://www.familysearch.org/ark:/61903/3:1:3QS7-L93Y-5H5?i=220&cc=1985804&wc=M6ZM-GWG%3A264175701%2C264722601%2C265334701
238,II,s.,Taxobeni,Таксобень,Iaşi,197-198,197,198,,,,,228,https://www.familysearch.org/ark:/61903/3:1:3QS7-993Y-522?i=227&cc=1985804&wc=M6ZM-GWG%3A264175701%2C264722601%2C265334701
238,II,s.,Vrăneşti,Врэнешты,Iaşi,199-202,199,202,,,,,,
239,I,or.,Chişinău,Кишинёв,,1-124,1,124,,,,,,
239,II,or.,Chişinău,Кишинёв,,125-230,125,230,,,,,61,https://www.familysearch.org/ark:/61903/3:1:3QS7-993Y-58Q?i=60&cc=1985804&wc=M6Z9-8TL%3A264175701%2C264722601%2C265433901
239,III,or.,Chişinău,Кишинёв,,231-359,231,359,,,,,197,https://www.familysearch.org/ark:/61903/3:1:3QSQ-G93Y-PYXB?i=196&cc=1985804&wc=M6Z9-8TL%3A264175701%2C264722601%2C265433901
239,IV,or.,Chişinău,Кишинёв,,360-447,360,447,,,,,,
240,I,or.,Chişinău,Кишинёв,,1-142,1,142,,,,,2,https://www.familysearch.org/ark:/61903/3:1:3QSQ-G93Y-5SMJ?i=1&cc=1985804&wc=M6Z9-DP8%3A264175701%2C264722601%2C265434801
240,II,or.,Chişinău,Кишинёв,,143-309,143,309,,,,,,
240,III,or.,Chişinău,Кишинёв,,310-459,310,459,,,,,432,https://www.familysearch.org/ark:/61903/3:1:3QS7-L93Y-PBV3?i=431&cc=1985804&wc=M6Z9-DP8%3A264175701%2C264722601%2C265434801
240,IV,or.,Chişinău,Кишинёв,,460-582,460,582,,,,,,
241,I,or.,Chişinău,Кишинёв,,1-53,1,53,,,,,,
241,,suburbia,Buiucani,Буюканы,,54-82,54,82,,,,,,
241,I,or.,Chişinău,Кишинёв,,83-164,83,164,,,,,,
241,II,or.,Chişinău,Кишинёв,,165-294,165,294,,,,,,
241,III,or.,Chişinău,Кишинёв,,295-457,295,457,,,,,,
242,,or.,Chişinău,Кишинёв,,1-150,1,150,,,,,2,https://www.familysearch.org/ark:/61903/3:1:3QSQ-G93Y-53RN?i=1&cc=1985804&wc=M6Z9-6Z9%3A264175701%2C264722601%2C265451701
242,II,or.,Chişinău,Кишинёв,,151-152,151,152,,,,,,
242,II,or.,Chişinău,Кишинёв,,153-314,153,314,,,,,,
242,III,or.,Chişinău,Кишинёв,,315-490,315,490,,,,,523,https://www.familysearch.org/ark:/61903/3:1:3QS7-893Y-57WL?i=522&cc=1985804&wc=M6Z9-6Z9%3A264175701%2C264722601%2C265451701
242,IV,or.,Chişinău,Кишинёв,,491-640,491,640,,,,,817,https://www.familysearch.org/ark:/61903/3:1:3QSQ-G93Y-53VN?i=816&cc=1985804&wc=M6Z9-6Z9%3A264175701%2C264722601%2C265451701
242,IV,s.,Peticeni,Петичены,Orhei,641-642,641,642,,,,,148,https://www.familysearch.org/ark:/61903/3:1:3QS7-993Y-BW38?i=147&cc=1985804&wc=M6Z9-FM9%3A264175701%2C264722601%2C265475801
242,IV,s.,Cotul Morii,Котул Морий,Chişinău,643-644,643,644,,,,,141,https://www.familysearch.org/ark:/61903/3:1:3QS7-993Y-BW48?i=140&cc=1985804&wc=M6Z9-FM9%3A264175701%2C264722601%2C265475801
242,IV,s.,Selişte,Селиште,Chişinău,645-646,645,646,,,,,153,https://www.familysearch.org/ark:/61903/3:1:3QS7-993Y-BW7Q?i=152&cc=1985804&wc=M6Z9-FM9%3A264175701%2C264722601%2C265475801
242,IV,s.,Bogdanovca,Богдановка,Bender,647-648,647,648,,,,,156,https://www.familysearch.org/ark:/61903/3:1:3QS7-893Y-BWXN?i=155&cc=1985804&wc=M6Z9-FM9%3A264175701%2C264722601%2C265475801
242,IV,or.,Bender,Бендеры,Bender,649-658,649,658,,,,,159,https://www.familysearch.org/ark:/61903/3:1:3QS7-893Y-BW8Y?i=158&cc=1985804&wc=M6Z9-FM9%3A264175701%2C264722601%2C265475801
242,IV,s.,Bîrnova,Бырнова,Soroca,659-660,659,660,,,,,,
242,IV,s.,Cinişeuţi,Чинишеуць,Orhei,661-662,661,662,,,,,,
243,I,col.,Enichioi,Еникиой,,1-48v,1,48,,,,,,
243,I,col.,Cod-Chitai,Код-Китай,,49-86v,49,86,,,,,63,https://www.familysearch.org/ark:/61903/3:1:3QS7-893Y-B7JH?i=62&cc=1985804&wc=M6ZM-Y29%3A264175701%2C264722601%2C265335501
243,I,col.,Zadunaevca,Задунаевка,,87-119,87,119,,,,,114,https://www.familysearch.org/ark:/61903/3:1:3QSQ-G93Y-B7MS?i=113&cc=1985804&wc=M6ZM-Y29%3A264175701%2C264722601%2C265335501
243,II,col.,Traianul Vechi,Траянул Векь,,120-187,120,187,,,,,151,https://www.familysearch.org/ark:/61903/3:1:3QSQ-G93Y-BQVZ?i=150&cc=1985804&wc=M6ZM-Y29%3A264175701%2C264722601%2C265335501
243,II,col.,Pocrouca Nouă,Покроука Ноуэ,,188-207,188,207,,,,,235,https://www.familysearch.org/ark:/61903/3:1:3QSQ-G93Y-BQ3P?i=234&cc=1985804&wc=M6ZM-Y29%3A264175701%2C264722601%2C265335501
243,II,col.,Şichirlichitai,Шикирличитай,,208-267,208,267,,,,,260,https://www.familysearch.org/ark:/61903/3:1:3QS7-993Y-B3G1?i=259&cc=1985804&wc=M6ZM-Y29%3A264175701%2C264722601%2C265335501
243,III,col.,Fîntîna Zînelor,Фынтына Зынелор,,268-315,268,315,,,,,339,https://www.familysearch.org/ark:/61903/3:1:3QSQ-G93Y-BCZV?i=338&cc=1985804&wc=M6ZM-Y29%3A264175701%2C264722601%2C265335501
243,III,col.,Goliţa,Голица,,316-357v,316,357,,,,,400,https://www.familysearch.org/ark:/61903/3:1:3QSQ-G93Y-BCQV?i=399&cc=1985804&wc=M6ZM-Y29%3A264175701%2C264722601%2C265335501
243,III,col.,Banova,Банова,,358-394,358,394,,,,,451,https://www.familysearch.org/ark:/61903/3:1:3QS7-893Y-BH5H?i=450&cc=1985804&wc=M6ZM-Y29%3A264175701%2C264722601%2C265335501
244,,s.,Ţiganca,Цыганка,,2-88,2,88,,,,,5,https://www.familysearch.org/ark:/61903/3:1:3QS7-L93Y-BHT3?i=4&cc=1985804&wc=M6ZM-TNP%3A264175701%2C264722601%2C265336301
244,,s.,Ciobalaccia de Salcie,Чобалакчия де Салче,,89-109,89,109,,,,,118,https://www.familysearch.org/ark:/61903/3:1:3QS7-L93Y-B4RR?i=117&cc=1985804&wc=M6ZM-TNP%3A264175701%2C264722601%2C265336301
244,,s.,Ciobalaccia,Чобалакчия,,110-122,110,122,,,,,142,https://www.familysearch.org/ark:/61903/3:1:3QSQ-G93Y-B489?i=141&cc=1985804&wc=M6ZM-TNP%3A264175701%2C264722601%2C265336301
244,II,s.,Ciucur-Miş,Чучур-Миш,,123-127v,123,127,,,,,162,https://www.familysearch.org/ark:/61903/3:1:3QS7-993Y-B4QM?i=161&cc=1985804&wc=M6ZM-TNP%3A264175701%2C264722601%2C265336301
244,II,s.,Ceadîr,Чадыр,,128-167v,128,167,,,,,168,https://www.familysearch.org/ark:/61903/3:1:3QS7-993Y-B437?i=167&cc=1985804&wc=M6ZM-TNP%3A264175701%2C264722601%2C265336301
244,II,s.,Şamalia,Шамалия,,168-184,168,184,,,,,217,https://www.familysearch.org/ark:/61903/3:1:3QS7-L93Y-BW2K?i=216&cc=1985804&wc=M6ZM-TNP%3A264175701%2C264722601%2C265336301
244,II,s.,Ialpugeni,Ялпужены,,185-222v,185,222,,,,,241,https://www.familysearch.org/ark:/61903/3:1:3QSQ-G93Y-BW8P?i=240&cc=1985804&wc=M6ZM-TNP%3A264175701%2C264722601%2C265336301
245,I,col.,Caracurt,Каракурт,,1-63,1,63,,,,,,
245,I,col.,Vaisal,Вайсал,,65-118,65,118,,,,,576,https://www.familysearch.org/ark:/61903/3:1:3QSQ-G93Y-B74P?i=575&cc=1985804&wc=M6ZM-Y38%3A264175701%2C264722601%2C265336801
245,I,col.,Dermendere,Дермендере,,119-156,119,156,,,,,12,https://www.familysearch.org/ark:/61903/3:1:3QS7-993Y-RLTN?i=11&cc=1985804&wc=M6ZM-Y38%3A264175701%2C264722601%2C265336801
245,II,col.,Cişmeaua Văruită,Кишмяуа-Вэруитэ,,157-215,157,215,,,,,72,https://www.familysearch.org/ark:/61903/3:1:3QSQ-G93Y-R2Q3?i=71&cc=1985804&wc=M6ZM-Y38%3A264175701%2C264722601%2C265336801
245,II,col.,Taşbunar,Ташбунар,,216-274,216,274,,,,,179,https://www.familysearch.org/ark:/61903/3:1:3QS7-993Y-R2HN?i=178&cc=1985804&wc=M6ZM-Y38%3A264175701%2C264722601%2C265336801
245,III,col.,Babele,Бабеле,,275-339,275,339,,,,,282,https://www.familysearch.org/ark:/61903/3:1:3QS7-L93Y-RVRG?i=281&cc=1985804&wc=M6ZM-Y38%3A264175701%2C264722601%2C265336801
245,III,col.,Cairaclia,Каиракли́я,,340-390,340,390,,,,,401,https://www.familysearch.org/ark:/61903/3:1:3QS7-L93Y-RGYP?i=400&cc=1985804&wc=M6ZM-Y38%3A264175701%2C264722601%2C265336801
246,,s.,Albota,Альбота,,2-23v,2,23,,,,,34,https://www.familysearch.org/ark:/61903/3:1:3QS7-L93Y-RGJQ?i=33&cc=1985804&wc=M6ZM-T68%3A264175701%2C264722601%2C265338001
246,,s.,Borogani,Бороганы,,24-98,24,98,,,,,75,https://www.familysearch.org/ark:/61903/3:1:3QSQ-G93Y-RGML?i=74&cc=1985804&wc=M6ZM-T68%3A264175701%2C264722601%2C265338001
246,,s.,Burlăceni,Бурлэчень,,99-103v,99,103,,,,,220,https://www.familysearch.org/ark:/61903/3:1:3QS7-L93Y-RL5B?i=219&cc=1985804&wc=M6ZM-T68%3A264175701%2C264722601%2C265338001
246,,s.,Baurci Moldoveni,Баурчи-Молдовень,,104-121,104,121,,,,,228,https://www.familysearch.org/ark:/61903/3:1:3QS7-993Y-RGQK?i=227&cc=1985804&wc=M6ZM-T68%3A264175701%2C264722601%2C265338001
246,,s.,Badicu,Бадику,,122-124v,122,124,,,,,258,https://www.familysearch.org/ark:/61903/3:1:3QS7-993Y-RG7M?i=257&cc=1985804&wc=M6ZM-T68%3A264175701%2C264722601%2C265338001
246,II,s.,Broscoşeşti,Броскошешты,,125-138,125,138,,,,,261,https://www.familysearch.org/ark:/61903/3:1:3QS7-893Y-RLRV?i=260&cc=1985804&wc=M6ZM-T68%3A264175701%2C264722601%2C265338001
246,II,s.,Butuceşti (Măcreştii Vechi),Бутучешть (Мэкрештий-Векь),,139-143,139,143,,,,,284,https://www.familysearch.org/ark:/61903/3:1:3QS7-893Y-RLN8?i=283&cc=1985804&wc=M6ZM-T68%3A264175701%2C264722601%2C265338001
246,II,s.,Baimaclia,Баймаклия,,144-178,144,178,,,,,291,https://www.familysearch.org/ark:/61903/3:1:3QS7-L93Y-RLFS?i=290&cc=1985804&wc=M6ZM-T68%3A264175701%2C264722601%2C265338001
246,II,s.,Beştemac,Бештемак,,179-231v,179,231,,,,,,
246,III,s.,Vetruşoi,Ветрушой,,232-242v,232,242,,,,,462,https://www.familysearch.org/ark:/61903/3:1:3QS7-993Y-R26M?i=461&cc=1985804&wc=M6ZM-T68%3A264175701%2C264722601%2C265338001
246,III,s.,Ghioltosu (Petrovca Nouă),Гиолтосу (Петровка Новая),,242-251,242,251,,,,,479,https://www.familysearch.org/ark:/61903/3:1:3QS7-L93Y-RKJ8?i=478&cc=1985804&wc=M6ZM-T68%3A264175701%2C264722601%2C265338001
246,III,s.,Hănăşenii Noi,Хэнэшений-Ной,,252-280,252,280,,,,,494,https://www.familysearch.org/ark:/61903/3:1:3QSQ-G93Y-RVTN?i=493&cc=1985804&wc=M6ZM-T68%3A264175701%2C264722601%2C265338001
246,III,s.,Hănăşenii de Pădure,Хэнэшений-де-Пэдуре,,281-284v,281,284,,,,,547,https://www.familysearch.org/ark:/61903/3:1:3QS7-993Y-RK2R?i=546&cc=1985804&wc=M6ZM-T68%3A264175701%2C264722601%2C265338001
246,III,s.,Hănăşenii Vechi,Хэнэшений-Векь,,285-304,285,304,,,,,554,https://www.familysearch.org/ark:/61903/3:1:3QS7-993Y-RKVH?i=553&cc=1985804&wc=M6ZM-T68%3A264175701%2C264722601%2C265338001
246,III,s.,Ghibanu,Гибану,,305-314,305,314,,,,,591,https://www.familysearch.org/ark:/61903/3:1:3QSQ-G93Y-RV4D?i=590&cc=1985804&wc=M6ZM-T68%3A264175701%2C264722601%2C265338001
246,III,s.,Goteşti,Готешть,,315-327,315,327,,,,,608,https://www.familysearch.org/ark:/61903/3:1:3QSQ-G93Y-RVM4?i=607&cc=1985804&wc=M6ZM-T68%3A264175701%2C264722601%2C265338001
247,I,col.,Tomai,Томай,,1-64v,1,64,,,,,3,https://www.familysearch.org/ark:/61903/3:1:3QS7-893Y-5483?i=2&cc=1985804&wc=M6ZM-TP8%3A264175701%2C264722601%2C265339001
247,I,col.,Gaidar,Гайдар,,65-93,65,93,,,,,126,https://www.familysearch.org/ark:/61903/3:1:3QS7-993Y-5WWP?i=125&cc=1985804&wc=M6ZM-TP8%3A264175701%2C264722601%2C265339001
247,I,col.,Valea Perjei,Валя-Пержей,,94-157,94,157,,,,,,
247,II,col.,Ceadăr-Lunga,Чадыр-Лунга,,158-211,158,211,,,,,305,https://www.familysearch.org/ark:/61903/3:1:3QS7-L93Y-5QV2?i=304&cc=1985804&wc=M6ZM-TP8%3A264175701%2C264722601%2C265339001
247,II,col.,Tvardiţa,Твардица,,212-272,212,272,,,,,409,https://www.familysearch.org/ark:/61903/3:1:3QS7-993Y-5C54?i=408&cc=1985804&wc=M6ZM-TP8%3A264175701%2C264722601%2C265339001
247,II,col.,Beşghioz (Cupcui),Бешгиоз (Купкуй),,273-298,273,298,,,,,527,https://www.familysearch.org/ark:/61903/3:1:3QS7-L93Y-5CC5?i=526&cc=1985804&wc=M6ZM-TP8%3A264175701%2C264722601%2C265339001
247,II,col.,Joltai,Жолтай,,299-320v,299,320,,,,,575,https://www.familysearch.org/ark:/61903/3:1:3QS7-993Y-5HL5?i=574&cc=1985804&wc=M6ZM-TP8%3A264175701%2C264722601%2C265339001
247,III,col.,Avdarma,Авдарма,,321-360,321,360,,,,,616,https://www.familysearch.org/ark:/61903/3:1:3QS7-L93Y-5HLH?i=615&cc=1985804&wc=M6ZM-TP8%3A264175701%2C264722601%2C265339001
247,III,col.,Chiriet-Lunga,Кириет-Лунга,,361-396,361,396,,,,,691,https://www.familysearch.org/ark:/61903/3:1:3QSQ-G93Y-5HZF?i=690&cc=1985804&wc=M6ZM-TP8%3A264175701%2C264722601%2C265339001
247,III,col.,Ferapontouca,Ферапонтовка,,397-430v,397,430,,,,,759,https://www.familysearch.org/ark:/61903/3:1:3QS7-L93Y-54R3?i=758&cc=1985804&wc=M6ZM-TP8%3A264175701%2C264722601%2C265339001
247,III,col.,Başcalia,Башкалия,,431-459,431,459,,,,,823,https://www.familysearch.org/ark:/61903/3:1:3QSQ-G93Y-549Z?i=822&cc=1985804&wc=M6ZM-TP8%3A264175701%2C264722601%2C265339001
247,IV,col.,Cioc-Maidan (Carlîc),Чок-Майдан (Карлык),,461-508v,461,508,,,,,880,https://www.familysearch.org/ark:/61903/3:1:3QSQ-G93Y-5W8R?i=879&cc=1985804&wc=M6ZM-TP8%3A264175701%2C264722601%2C265339001
247,IV,col.,Desghingea,Дезгинжа,,509-581v,509,581,,,,,973,https://www.familysearch.org/ark:/61903/3:1:3QS7-893Y-57C6?i=972&cc=1985804&wc=M6ZM-TP8%3A264175701%2C264722601%2C265339001
248,,s.,Cuciur-Mingir,Кучиур-Мингир,,1-43,1,43,,,,,3,https://www.familysearch.org/ark:/61903/3:1:3QS7-89QM-FKMW?i=2&cc=1985804&wc=M6Z9-6TL%3A264175701%2C264722601%2C265436701
248,,s.,Cenac,Чинак,,44-100,44,100,,,,,84,https://www.familysearch.org/ark:/61903/3:1:3QSQ-G9QM-FVL4?i=83&cc=1985804&wc=M6Z9-6TL%3A264175701%2C264722601%2C265436701
248,,s.,Javgur,Жавгур,,101-139,101,139,,,,,190,https://www.familysearch.org/ark:/61903/3:1:3QS7-L9QM-FL2W?i=189&cc=1985804&wc=M6Z9-6TL%3A264175701%2C264722601%2C265436701
249,,s.,Larga,Ларга,,2-14,2,14,,,,,4,https://www.familysearch.org/ark:/61903/3:1:3QS7-L9QM-FLH8?i=3&cc=1985804&wc=M6ZM-YZ9%3A264175701%2C264722601%2C265340901
249,,tîrgul,Leova,Леово,,5-109v,5,109,,,,,,
249,,s.,Leca,Лека,,110-130v,110,130,,,,,,
249,II,s.,Lărguţa,Ларгуца,,131-173v,131,173,,,,,233,https://www.familysearch.org/ark:/61903/3:1:3QS7-89QM-F2HR?i=232&cc=1985804&wc=M6ZM-YZ9%3A264175701%2C264722601%2C265340901
249,II,s.,Răducani,Рэдукань,,174-176v,174,176,,,,,314,https://www.familysearch.org/ark:/61903/3:1:3QSQ-G9QM-F24K?i=313&cc=1985804&wc=M6ZM-YZ9%3A264175701%2C264722601%2C265340901
249,II,s.,Mingir,Мингир,,177-266v,177,266,,,,,319,https://www.familysearch.org/ark:/61903/3:1:3QSQ-G9QM-F2C3?i=318&cc=1985804&wc=M6ZM-YZ9%3A264175701%2C264722601%2C265340901
249,II,s.,Măcreşti,Мэкрешть,,267-278v,267,278,,,,,494,https://www.familysearch.org/ark:/61903/3:1:3QS7-L9QM-FK88?i=493&cc=1985804&wc=M6ZM-YZ9%3A264175701%2C264722601%2C265340901
249,II,s.,Musaitu,Мусайту,,279-305,279,305,,,,,515,https://www.familysearch.org/ark:/61903/3:1:3QS7-89QM-FVYR?i=514&cc=1985804&wc=M6ZM-YZ9%3A264175701%2C264722601%2C265340901
249,III,s.,Orac,Орак,,306-360,306,360,,,,,568,https://www.familysearch.org/ark:/61903/3:1:3QS7-99QM-FVF8?i=567&cc=1985804&wc=M6ZM-YZ9%3A264175701%2C264722601%2C265340901
249,III,s.,Pogăneşti,Погэнешты,,361-399v,361,399,,,,,673,https://www.familysearch.org/ark:/61903/3:1:3QSQ-G9QM-FLTN?i=672&cc=1985804&wc=M6ZM-YZ9%3A264175701%2C264722601%2C265340901
249,III,s.,Porumbeşti,Порумбешты,,400-430,400,430,,,,,727,https://www.familysearch.org/ark:/61903/3:1:3QSQ-G9QM-JT7S?i=726&cc=1985804&wc=M6ZM-YZ9%3A264175701%2C264722601%2C265340901
249,III,s.,Pleşeni,Плешены,,431-460,431,460,,,,,,
250,I,col.,Brînza,Брынза,,1v-26v,1,26,,,,,,
250,I,col.,Colibaşi,Колибашь,,27-70,27,70,,,,,,
250,I,col.,Etulia,Этулия,,71-103,71,103,,,,,,
250,I,col.,Cartal,Картал,,104-142v,104,142,,,,,143,https://www.familysearch.org/ark:/61903/3:1:3QS7-99QM-JBVR?i=142&cc=1985804&wc=M6ZM-TPD%3A264175701%2C264722601%2C265342701
250,II,col.,Barta,Барта,,143-179v,143,179,,,,,190,https://www.familysearch.org/ark:/61903/3:1:3QS7-99QM-JBCK?i=189&cc=1985804&wc=M6ZM-TPD%3A264175701%2C264722601%2C265342701
250,II,col.,Caragaci,Карагач,,180-240,180,240,,,,,238,https://www.familysearch.org/ark:/61903/3:1:3QS7-99QM-JYBS?i=237&cc=1985804&wc=M6ZM-TPD%3A264175701%2C264722601%2C265342701
250,II,col.,Bulboaca,Булбоака,,241-279v,241,279,,,,,323,https://www.familysearch.org/ark:/61903/3:1:3QSQ-G9QM-JYJZ?i=322&cc=1985804&wc=M6ZM-TPD%3A264175701%2C264722601%2C265342701
250,III,col.,Împuţita,Импуцита,,280-321,280,321,,,,,,
250,III,col.,Curci,Курчь,,323-392,323,392,,,,,431,https://www.familysearch.org/ark:/61903/3:1:3QS7-89QM-JY38?i=430&cc=1985804&wc=M6ZM-TPD%3A264175701%2C264722601%2C265342701
251,I,or.,Cahul,Кагул,,1-148,1,148,,,,,,
251,II,or.,Cahul,Кагул,,149-238,149,238,,,,,,
252,I,s.,Dereneu,Дэренеу,,4-42,4,42,,,,,,
252,I,s.,Slobozia Dobruşa,Слобозия Добруша,,43-52,43,52,,,,,,
252,I,s.,Dîşcova,Дышкова,,53-83v,53,83,,,,,,
252,I,s.,Duma,Дума,,85-93,85,93,,,,,,
252,I,s.,Slobozia Doamnei,Слобозия Доамней,,94-107,94,107,,,,,,
252,I,s.,Slobozia Duşca,Слобозия Душка,,108-110,108,110,,,,,962,https://www.familysearch.org/ark:/61903/3:1:3QS7-89QM-KGMJ?i=961&cc=1985804&wc=M6ZM-TNL%3A264175701%2C264722601%2C265344101
252,I,s.,Slobozia Duşca şi Căliceni,Слобозия Душка ши Кэличень,,111-123,111,123,,,,,1486,https://www.familysearch.org/ark:/61903/3:1:3QS7-99QM-JDW4?i=1485&cc=1985804&wc=M6ZM-TNL%3A264175701%2C264722601%2C265344101
252,I,s.,Echimăuţi,Екимоуцы,,125-165v,125,165,,,,,,
252,II,s.,Jevreni,Жеврены,,166-180,166,180,,,,,,
252,II,s.,Jeloboc,Желобок,,181-194,181,194,,,,,1043,https://www.familysearch.org/ark:/61903/3:1:3QS7-99QM-K2L5?i=1042&cc=1985804&wc=M6ZM-TNL%3A264175701%2C264722601%2C265344101
252,II,s.,Jora de Mijloc,Жора-де-Мижлок,,195-207,195,207,,,,,,
252,,s.,Jora de Sus,Жора-де-Сус,,208-221a,208,221,,,,,,
252,II,s.,Jora de Jos,Жора-де-Жос,,222-237,222,237,,,,,1633,https://www.familysearch.org/ark:/61903/3:1:3QS7-L9QM-J89Z?i=1632&cc=1985804&wc=M6ZM-TNL%3A264175701%2C264722601%2C265344101
252,II,s.,Zubreşti,Зубрешты,,238-296v,238,296,,,,,,
252,II,s.,Zăhăicani,Захайкани,,298-327,298,327,,,,,,
252,III,s.,Zahoreni,Загорены,,328-354,328,354,,,,,450,https://www.familysearch.org/ark:/61903/3:1:3QS7-89QM-K2D7?i=449&cc=1985804&wc=M6ZM-TNL%3A264175701%2C264722601%2C265344101
252,III,s.,Ignăţei,Игнэцей,,355-386,355,386,,,,,485,https://www.familysearch.org/ark:/61903/3:1:3QSQ-G9QM-K2MX?i=484&cc=1985804&wc=M6ZM-TNL%3A264175701%2C264722601%2C265344101
252,III,s.,Işnovăţ,Ишноваць,,387-406v,387,406,,,,,531,https://www.familysearch.org/ark:/61903/3:1:3QS7-89QM-KKB2?i=530&cc=1985804&wc=M6ZM-TNL%3A264175701%2C264722601%2C265344101
252,III,s.,Izbişte,Избиште,,407-433v,407,433,,,,,556,https://www.familysearch.org/ark:/61903/3:1:3QSQ-G9QM-KK5W?i=555&cc=1985804&wc=M6ZM-TNL%3A264175701%2C264722601%2C265344101
252,III,s.,Ivancea,Иванча,,434-437,434,437,,,,,591,https://www.familysearch.org/ark:/61903/3:1:3QS7-89QM-KK5S?i=590&cc=1985804&wc=M6ZM-TNL%3A264175701%2C264722601%2C265344101
252,III,s.,Ineşti,Инешты,,438-466v,438,466,,,,,,
252,IV,s.,Izvoare,Извоаре,,467-487,467,487,,,,,,
252,IV,s.,Isacova,Исакова,,488-530,488,530,,,,,662,https://www.familysearch.org/ark:/61903/3:1:3QS7-L9QM-KGNP?i=661&cc=1985804&wc=M6ZM-TNL%3A264175701%2C264722601%2C265344101
252,IV,s.,Îndărăpnici,Индерепничи,,531-560,531,560,,,,,,
252,IV,tîrgul,Criuleni,Криулены,,561-605v,561,605,,,,,,
252,V,s.,Călăraşi,Кэлэраши,,606-670,606,670,,,,,,
252,V,s.,Crăsnăşeni,Крэснэшены,,671-709,671,709,,,,,,
252,V,s.,Cornova,Корнова,,710-750v,710,750,,,,,,
252,V,s.,Curătura,Куратура,,752-763,752,763,,,,,,
252,VI,s.,Coşerniţa,Кошерница,,765-775,765,775,,,,,,
252,VI,s.,Cobîleni,Кобылень,,776-783,776,783,,,,,,
252,VI,s.,Chipeşca,Кипешка,,784-806,784,806,,,,,,
252,VI,s.,Camenca,Каменка,,807-841,807,841,,,,,1653,https://www.familysearch.org/ark:/61903/3:1:3QS7-L9QM-JZGV?i=1652&cc=1985804&wc=M6ZM-TNL%3A264175701%2C264722601%2C265344101
252,VI,s.,Chirianca,Кирианка,,843-859,843,859,,,,,,
252,VI,s.,Cobîlca,Кобылка,,860-931,860,931,,,,,1135,https://www.familysearch.org/ark:/61903/3:1:3QS7-99QM-K2HM?i=1134&cc=1985804&wc=M6ZM-TNL%3A264175701%2C264722601%2C265344101
252,VII,s.,Cruglic,Круглик,,933-948,933,948,,,,,,
252,VII,s.,Cotelniţa,Котельница,,949-952,949,952,,,,,,
252,VII,s.,Căzăneşti,Кэзэнешты,,954-985,954,985,,,,,,
252,VII,s.,Chiţcani,Кицканы,,986-1005v,986,1005,,,,,,
252,VII,s.,Chiperceni,Кипирчены,,1006-1059v,1006,1059,,,,,,
252,VIII,s.,Cogîlniceni,Когильничены,,1062-1083,1062,1083,,,,,,
252,VIII,s.,Curleni,Курлень,,1085-1111v,1085,1111,,,,,,
252,VIII,s.,Cuizăuca,Куйзэука,,1012-1154v,1012,1154,,,,,1353,https://www.familysearch.org/ark:/61903/3:1:3QS7-99QM-JC1H?i=1352&cc=1985804&wc=M6ZM-TNL%3A264175701%2C264722601%2C265344101
252,VIII,s.,Clişova,Клишова,,1155-1214,1155,1214,,,,,1547,https://www.familysearch.org/ark:/61903/3:1:3QS7-89QM-J8YW?i=1546&cc=1985804&wc=M6ZM-TNL%3A264175701%2C264722601%2C265344101
252,VIII,s.,Coropceni,Коропчень,,1216-1237,1216,1237,,,,,,
252,IX,s.,Chiştelniţa,Киштельница,,1238-1305,1238,1305,,,,,,
252,IX,s.,Cucuruzeni,Кукурузены,,1307-1344,1307,1344,,,,,,
253,I,s.,Ustia,Устия,,3-25,3,25,,,,,350,https://www.familysearch.org/ark:/61903/3:1:3QSQ-G9QM-JZRJ?i=349&cc=1985804&wc=M6ZM-TTL%3A264175701%2C264722601%2C265347101
253,I,s.,Frumuşica,Фрумушица,,26-35,26,35,,,,,,
253,I,s.,Fuzăuca,Фузэука,,36-60,36,60,,,,,,
253,I,s.,Furceni,Фурчень,,61-91,61,91,,,,,,
253,I,s.,Făureşti,Фэурешть,,92-106,92,106,,,,,,
253,I,s.,Hirova,Хирова,,107-167,107,167,,,,,,
253,II,s.,Ţareuca,Царёвка,,169-201v,169,201,,,,,,
253,II,s.,Ţahnăuţi,Цахнэуци,,202-228,202,228,,,,,,
253,II,s.,Ţîgăneşti,Цыганешты,,229-270v,229,270,,,,,,
253,II,s.,Ţibirica,Цибирика,,271-303,271,303,,,,,,
253,II,s.,Ţînţăreni,Цынцэрень,,304-334,304,334,,,,,,
253,III,s.,Ciorna,Чорна,,335-357,335,357,,,,,,
253,III,s.,Cihoreni,Чихорень,,358-383v,358,383,,,,,,
253,III,s.,Ciocîlteni,Чокылтень,,384-441,384,441,,,,,,
253,III,s.,Cişmea,Кишмя,,442-452v,442,452,,,,,,
253,IV,s.,Cinişeuţi,Чинишеуць,,453-518v,453,518,,,,,,
253,IV,s.,Şipca (Glăvăneşti),Шипка (Глэвэнешты),,519-537,519,537,,,,,,
253,IV,s.,Şoldăneşti,Шолданешты,,538-551,538,551,,,,,,
253,IV,s.,Şercani,Шеркани,,552-565,552,565,,,,,,
254,I,s.,Pituşca,Питушка,,3-31,3,31,,,,,389,https://www.familysearch.org/ark:/61903/3:1:3QS7-893B-SH5L?i=388&cc=1985804&wc=M6ZM-YMS%3A264175701%2C264722601%2C265348901
254,I,s.,Păuleşti,Пэулешть,,32-66,32,66,,,,,,
254,I,s.,Palanca,Паланка,,67-86,67,86,,,,,,
254,I,s.,Păpăuţi,Пэпэуць,,87-115,87,115,,,,,,
254,I,s.,Poiana,Поляна,,116-131,116,131,,,,,,
254,I,s.,Parcani,Парканы,,132-152,132,152,,,,,629,https://www.familysearch.org/ark:/61903/3:1:3QS7-L93B-SDS3?i=628&cc=1985804&wc=M6ZM-YMS%3A264175701%2C264722601%2C265348901
254,II,s.,Pecişte,Пещера,,153-175,153,175,,,,,,
254,II,s.,Pripiceni-Răzeşi,Припичены-Рэзешь,,177-192,177,192,,,,,,
254,II,s.,Pripiceni,Припичены,,193-201,193,201,,,,,,
254,II,s.,Peresecina,Пересечина,,202-292,202,292,,,,,,
254,II,s.,Pocşeşti,Покшешты,,293-304,293,304,,,,,,
254,III,s.,Păhărniceni,Пэхэрничень,,306-330,306,330,,,,,,
254,III,s.,Piatra,Пятра,,331-359,331,359,,,,,,
254,III,s.,Paşcani,Пашканы,,360-370,360,370,,,,,1039,https://www.familysearch.org/ark:/61903/3:1:3QS7-L93B-SCBM?i=1038&cc=1985804&wc=M6ZM-YMS%3A264175701%2C264722601%2C265348901
254,III,s.,Pivniţa,Пивница,,371-377,371,377,,,,,,
254,III,s.,Pistruieni,Пиструены,,378-389,378,389,,,,,,
254,III,s.,Pereni,Перень,,391-416,391,416,,,,,,
254,III,s.,Pohrebeni,Погребены,,417-438,417,438,,,,,67,https://www.familysearch.org/ark:/61903/3:1:3QS7-893B-Q8XY?i=66&cc=1985804&wc=M6ZM-YMS%3A264175701%2C264722601%2C265348901
254,III,s.,Puţintei,Пуцинтей,,440-454,440,454,,,,,,
254,IV,tîrgul,Rezina,Резина,,455-472,455,472,,,,,,
254,IV,s.,Slobozia Răciula,Слобозия Рэчула,,474-485,474,485,,,,,,
254,IV,s.,Schitul Răciula,Скит Рэчула,,486-494,486,494,,,,,,
254,IV,s.,Rădeni,Рэдень,,495-548,495,548,,,,,193,https://www.familysearch.org/ark:/61903/3:1:3QSQ-G93B-QXHH?i=192&cc=1985804&wc=M6ZM-YMS%3A264175701%2C264722601%2C265348901
254,IV,s.,Răculeşti,Рэкулешти,,549-569,549,569,,,,,284,https://www.familysearch.org/ark:/61903/3:1:3QS7-993B-Q6TF?i=283&cc=1985804&wc=M6ZM-YMS%3A264175701%2C264722601%2C265348901
254,IV,s.,Răspopeni,Распопены,,570-596,570,596,,,,,,
254,IV,s.,Rîşcova,Рышкова,,579-609,579,609,,,,,,
255,,s.,Hîrtopul Mic,Хыртопул-Мик,,1-2,1,2,,,,,,
255,,s.,Slobozia Valea Popii,Слобозия-Валя-Попий,,3-8,3,8,,,,,,
255,,s.,Jevreni,Жеврены,,9-12,9,12,,,,,16,https://www.familysearch.org/ark:/61903/3:1:3QS7-L93B-QDF6?i=15&cc=1985804&wc=M6Z9-6ZS%3A264175701%2C264722601%2C265453101
255,,s.,Hirova,Хирова,,13,13,13,,,,,,
255,,s.,Hîrtopul Mare,Хыртопул-Маре,,14-15,14,15,,,,,22,https://www.familysearch.org/ark:/61903/3:1:3QS7-993B-Q67F?i=21&cc=1985804&wc=M6Z9-6ZS%3A264175701%2C264722601%2C265453101
255,,s.,Hirişeni,Хиришень,,16-23,16,23,,,,,25,https://www.familysearch.org/ark:/61903/3:1:3QS7-993B-Q6MX?i=24&cc=1985804&wc=M6Z9-6ZS%3A264175701%2C264722601%2C265453101
255,,s.,Oniţcani,Оницканы,,24-25,24,25,,,,,36,https://www.familysearch.org/ark:/61903/3:1:3QS7-L93B-QD6Z?i=35&cc=1985804&wc=M6Z9-6ZS%3A264175701%2C264722601%2C265453101
255,,moşia,Vatici,Ватичь,,26-29,26,29,,,,,,
255,,s.,Vîşcăuţi,Выщэуць,,30-32,30,32,,,,,42,https://www.familysearch.org/ark:/61903/3:1:3QS7-893B-QDVP?i=41&cc=1985804&wc=M6Z9-6ZS%3A264175701%2C264722601%2C265453101
255,,s.,Brînzeni,Брынзены,,33-36,33,36,,,,,45,https://www.familysearch.org/ark:/61903/3:1:3QS7-893B-QDVJ?i=44&cc=1985804&wc=M6Z9-6ZS%3A264175701%2C264722601%2C265453101
255,,s.,Oniţcani,Оницканы,,37-38,37,38,,,,,51,https://www.familysearch.org/ark:/61903/3:1:3QS7-993B-Q6S1?i=50&cc=1985804&wc=M6Z9-6ZS%3A264175701%2C264722601%2C265453101
255,,s.,Sîrcova,Сыркова,,39-40,39,40,,,,,54,https://www.familysearch.org/ark:/61903/3:1:3QSQ-G93B-QDLY?i=53&cc=1985804&wc=M6Z9-6ZS%3A264175701%2C264722601%2C265453101
255,,s.,Teleşeu,Телешеу,,41-45,41,45,,,,,57,https://www.familysearch.org/ark:/61903/3:1:3QS7-893B-QD2W?i=56&cc=1985804&wc=M6Z9-6ZS%3A264175701%2C264722601%2C265453101
255,,s.,Chiştelniţa,Киштельница,,46-48,46,48,,,,,64,https://www.familysearch.org/ark:/61903/3:1:3QS7-L93B-QDZX?i=63&cc=1985804&wc=M6Z9-6ZS%3A264175701%2C264722601%2C265453101
255,,s.,Hîrjauca,Хыржаука,,49-50,49,50,,,,,67,https://www.familysearch.org/ark:/61903/3:1:3QS7-893B-QDLN?i=66&cc=1985804&wc=M6Z9-6ZS%3A264175701%2C264722601%2C265453101
255,,s.,Scorţeni,Скорцены,,51-52,51,52,,,,,70,https://www.familysearch.org/ark:/61903/3:1:3QS7-893B-QDN5?i=69&cc=1985804&wc=M6Z9-6ZS%3A264175701%2C264722601%2C265453101
255,,s.,Crăsnăşeni,Крэснэшены,,53-56,53,56,,,,,74,https://www.familysearch.org/ark:/61903/3:1:3QS7-893B-QDF8?i=73&cc=1985804&wc=M6Z9-6ZS%3A264175701%2C264722601%2C265453101
255,,s.,Pituşca,Питушка,,57-58,57,58,,,,,81,https://www.familysearch.org/ark:/61903/3:1:3QSQ-G93B-QDNW?i=80&cc=1985804&wc=M6Z9-6ZS%3A264175701%2C264722601%2C265453101
255,,or.,Orhei,Орхей,,59-64,59,64,,,,,84,https://www.familysearch.org/ark:/61903/3:1:3QSQ-G93B-QD65?i=83&cc=1985804&wc=M6Z9-6ZS%3A264175701%2C264722601%2C265453101
255,,s.,Isacova,Исакова,,65-67,65,67,,,,,94,https://www.familysearch.org/ark:/61903/3:1:3QS7-893B-QDNW?i=93&cc=1985804&wc=M6Z9-6ZS%3A264175701%2C264722601%2C265453101
255,,s.,Clişova,Клишова,,68-73,68,73,,,,,97,https://www.familysearch.org/ark:/61903/3:1:3QS7-993B-QDT7?i=96&cc=1985804&wc=M6Z9-6ZS%3A264175701%2C264722601%2C265453101
255,,s.,Căzăneşti,Кэзэнешты,,74-77,74,77,,,,,105,https://www.familysearch.org/ark:/61903/3:1:3QS7-L93B-QDW6?i=104&cc=1985804&wc=M6Z9-6ZS%3A264175701%2C264722601%2C265453101
255,,s.,Maşcăuţi,Машкауцы,,78-79,78,79,,,,,110,https://www.familysearch.org/ark:/61903/3:1:3QSQ-G93B-QDF7?i=109&cc=1985804&wc=M6Z9-6ZS%3A264175701%2C264722601%2C265453101
255,,s.,Rădeni,Рэдень,,80-85,80,85,,,,,113,https://www.familysearch.org/ark:/61903/3:1:3QS7-993B-QDG7?i=112&cc=1985804&wc=M6Z9-6ZS%3A264175701%2C264722601%2C265453101
255,,s.,Curleni,Курлень,,86-87,86,87,,,,,121,https://www.familysearch.org/ark:/61903/3:1:3QS7-L93B-QD9Z?i=120&cc=1985804&wc=M6Z9-6ZS%3A264175701%2C264722601%2C265453101
255,,s.,Hirova,Хирова,,88-89,88,89,,,,,124,https://www.familysearch.org/ark:/61903/3:1:3QSQ-G93B-QDDW?i=123&cc=1985804&wc=M6Z9-6ZS%3A264175701%2C264722601%2C265453101
255,,tîrgul,Tuzara,Тузара,,90-91,90,91,,,,,,
255,,s.,Dîşcova,Дышкова,,92-97,92,97,,,,,,
255,,s.,Mîndra,Мындра,,98-99,98,99,,,,,,
255,,s.,Sărăteni,Сэрэтень,,100-103,100,103,,,,,,
255,,s.,Îndărăpnici,Индерепничи,,104-107,104,107,,,,,,
255,,s.,Slobozia Rîşca,Слобозия Рышка,,108-109,108,109,,,,,,
255,,s.,Bulăieşti,Булэешты,,110-111,110,111,,,,,,
255,,s.,Morozeni,Морозень,,112-114,112,114,,,,,,
255,,s.,Hojineşti,Хожинешты,,115-116,115,116,,,,,,
255,,s.,Bogzeşti,Богзешть,,117-118,117,118,,,,,163,https://www.familysearch.org/ark:/61903/3:1:3QS7-893B-QDC5?i=162&cc=1985804&wc=M6Z9-6ZS%3A264175701%2C264722601%2C265453101
255,,s.,Schitul Saharna,Скит Сахарна,,119-120,119,120,,,,,,
255,,s.,Cuizăuca,Куйзэука,,121-122,121,122,,,,,,
255,,s.,Puţintei,Пуцинтей,,123-123a,123,123,,,,,,
255,,s.,Pohrebeni,Погребены,,124-125,124,125,,,,,,
255,,s.,Bieşti,Биешты,,126-127,126,127,,,,,,
255,,s.,Selişte,Селиште,,128-130,128,130,,,,,,
255,,s.,Zahoreni,Загорены,,131-132,131,132,,,,,,
255,,s.,Hodorogea,Ходорогя,,133-134,133,134,,,,,,
255,,s.,Bilăuţi,Билэуць,,135-136,135,136,,,,,,
255,,or.,Hotin,Хотин,Hotin,137-140,137,140,,,,,,
255,,s.,Hlinaia de Jos,Глинная-де-Жос,Hotin,141-143,141,143,,,,,198,https://www.familysearch.org/ark:/61903/3:1:3QSQ-G93B-QDC8?i=197&cc=1985804&wc=M6Z9-6ZS%3A264175701%2C264722601%2C265453101
255,,s.,Zarojeni,Зарожены,Hotin,144-145v,144,145,,,,,206,https://www.familysearch.org/ark:/61903/3:1:3QS7-L93B-Q8Y4?i=205&cc=1985804&wc=M6Z9-6ZS%3A264175701%2C264722601%2C265453101
255,,s.,Lomacineţi,Ломачинець,,146,146,146,,,,,,
255,,s.,Mîndîc,Мындык,Hotin,147-148,147,148,,,,,211,https://www.familysearch.org/ark:/61903/3:1:3QSQ-G93B-QD79?i=210&cc=1985804&wc=M6Z9-6ZS%3A264175701%2C264722601%2C265453101
255,,s.,Ianouţi,Яноуцы,Hotin,149-150,149,150,,,,,215,https://www.familysearch.org/ark:/61903/3:1:3QSQ-G93B-QD7S?i=214&cc=1985804&wc=M6Z9-6ZS%3A264175701%2C264722601%2C265453101
255,,s.,Grimeşti,Гримешть,Hotin,151-154,151,154,,,,,219,https://www.familysearch.org/ark:/61903/3:1:3QSQ-G93B-QDQM?i=218&cc=1985804&wc=M6Z9-6ZS%3A264175701%2C264722601%2C265453101
255,,s.,Bordiug (Tolmaceia),Бордюг (Толмачия),Hotin,155-156,155,156,,,,,225,https://www.familysearch.org/ark:/61903/3:1:3QSQ-G93B-QDWP?i=224&cc=1985804&wc=M6Z9-6ZS%3A264175701%2C264722601%2C265453101
255,,s.,Buzoviţa,Бузовица,Hotin,157-158,157,158,,,,,227,https://www.familysearch.org/ark:/61903/3:1:3QS7-993B-QDNQ?i=226&cc=1985804&wc=M6Z9-6ZS%3A264175701%2C264722601%2C265453101
255,,s.,Burlăneşti,Бурлэнешты,Hotin,159-160v,159,160,,,,,230,https://www.familysearch.org/ark:/61903/3:1:3QSQ-G93B-QD71?i=229&cc=1985804&wc=M6Z9-6ZS%3A264175701%2C264722601%2C265453101
255,,s.,Gvăzdăuţi,Гвэздэуць,Hotin,161-161v,161,161,,,,,234,https://www.familysearch.org/ark:/61903/3:1:3QS7-L93B-Q8KN?i=233&cc=1985804&wc=M6Z9-6ZS%3A264175701%2C264722601%2C265453101
255,,or.,Movilău,Могилёв,,162-126v,162,126,,,,,,
256,I,s.,Stanca (Bezina),Станка (Безина),,1-33,1,33,,,,,,
256,I,s.,Susleni,Суслень,,34-75,34,75,,,,,,
256,I,s.,Steţcani,Стецкань,,76-92,76,92,,,,,,
256,I,s.,Sirota,Сирота,,93-104,93,104,,,,,,
256,I,s.,Săseni,Сэсень,,105-136,105,136,,,,,,
256,I,s.,Selişte,Селиште,,137-168,137,168,,,,,,
256,II,s.,Scorţeni,Скорцены,,169-239,169,239,,,,,,
256,II,s.,Suhuluceni,Сухулучень,,240-270,240,270,,,,,,
256,II,s.,Sărăteni,Сэрэтень,,271-325,271,325,,,,,,
256,III,tîrgul,Teleneşti,Теленешть,,326-406v,326,406,,,,,,
256,III,tîrgul,Tuzara,Тузара,,407-443,407,443,,,,,,
256,III,s.,Tătăreşti,Тэтэрешты,,444-488,444,488,,,,,,
256,IV,s.,Tarasova,Тарасова,,489-508,489,508,,,,,,
256,IV,s.,Trebujeni,Требужены,,509-529,509,529,,,,,,
256,IV,s.,Trifeşti,Трифешты,,530-546,530,546,,,,,,
256,IV,s.,Teleşeu,Телешеу,,547-588,547,588,,,,,,
256,IV,s.,Tîrşiţei,Тыршицей,,589-605,589,605,,,,,,
256,IV,s.,Tabăra,Табэра,,606-614,606,614,,,,,,
256,IV,s.,Tîrzieni,Тырзиень,,615-637,615,637,,,,,,
256,IV,s.,Teleneştii Vechi,Теленештий Векь,,638-664v,638,664,,,,,,
257,,s.,Leuşeni,Леушены,,2-34,2,34,,,,,,
257,,s.,Lipceni,Липчень,,35-55,35,55,,,,,,
257,,s.,Lalova,Лалова,,56-79v,56,79,,,,,,
257,,s.,Lupa-Rece (Lopatna),Лупа-Рече (Лопатна),,80-89,80,89,,,,,,
257,,s.,Lopatna,Лопатна,,90-97,90,97,,,,,,
257,,s.,Lucaşeuca,Лукашеука,,98-118,98,118,,,,,,
257,,s.,Mîndra,Мындра,,119-135,119,135,,,,,,
257,,s.,Mihălaşa,Михэлаша,,136-156v,136,156,,,,,,
257,II,s.,Mihuleni,Михулени,,157-172,157,172,,,,,,
257,II,s.,Mateuţi,Матеуцы,,173-199,173,199,,,,,,
257,II,s.,Maşcauţi,Машкауцы,,200-255,200,255,,,,,,
257,II,s.,Mincenii de Sus,Минчений-де-Сус,,256-270,256,270,,,,,,
257,II,s.,Mincenii de Jos,Минчений-де-Жос,,271-279,271,279,,,,,,
257,II,s.,Meşeni,Мешень,,280-289,280,289,,,,,,
257,II,s.,Mărtineşti,Мэртинешть,,290-306,290,306,,,,,,
257,II,s.,Mana,Мана,,307-314,307,314,,,,,,
257,III,s.,Micleşti,Миклешть,,315-336,315,336,,,,,,
257,III,s.,Mîrzeşti,Мырзешть,,337-369v,337,369,,,,,,
257,III,s.,Morozeni,Морозень,,370-401,370,401,,,,,,
257,III,s.,Meleşeni,Мелешень,,402-426,402,426,,,,,,
257,III,s.,Mitoc,Миток,,430-438,430,438,,,,,,
257,III,s.,Mălăieşti,Мэлэешть,,439-455,439,455,,,,,,
257,III,s.,Molovata,Моловата,,456-489,456,489,,,,,,
257,III,s.,Marcăuţi,Маркауцы,,490-502,490,502,,,,,,
257,III,s.,Nişcani,Нишканы,,503-538,503,538,,,,,,
257,III,s.,Negureni,Негурень,,539-559,539,559,,,,,,
257,V,s.,Onişcani,Онишканы,,560-626,560,626,,,,,,
257,V,s.,Ohrincea,Охринча,,627-640,627,640,,,,,,
257,V,s.,Oniţcani,Оницканы,,641-682,641,682,,,,,,
257,VI,s.,Olişcani,Ольшканы,,683-746,683,746,,,,,,
257,VI,s.,Oneşti,Онешты,,747-770,747,770,,,,,,
257,VI,s.,Oxentea,Оксентя,,771-794,771,794,,,,,,
257,VI,s.,Ordăşei,Ордэшей,,795-811,795,811,,,,,,
257,VI,s.,Ocniţa,Окница,,812-823v,812,823,,,,,,
258,I,s.,Alcedar,Алчедар,,1-27,1,27,,,,,,
258,I,s.,Budăi,Будэй,,28-69,28,69,,,,,1997,https://www.familysearch.org/ark:/61903/3:1:3QS7-993Y-PPPN?i=1996&cc=1985804&wc=M6ZM-YPD%3A264175701%2C264722601%2C265357901
258,I,s.,Bogzeşti,Богзешть,,70-101v,70,101,,,,,,
258,I,s.,Bularda,Буларда,,102-107,102,107,,,,,918,https://www.familysearch.org/ark:/61903/3:1:3QS7-993B-MH1V?i=917&cc=1985804&wc=M6ZM-YPD%3A264175701%2C264722601%2C265357901
258,I,s.,Boşerniţa,Бошерница,,108-119,108,119,,,,,929,https://www.familysearch.org/ark:/61903/3:1:3QS7-993B-MHTQ?i=928&cc=1985804&wc=M6ZM-YPD%3A264175701%2C264722601%2C265357901
258,I,s.,Bălăşeşti,Бэлэшешть,,120-129,120,129,,,,,944,https://www.familysearch.org/ark:/61903/3:1:3QS7-893B-MH6R?i=943&cc=1985804&wc=M6ZM-YPD%3A264175701%2C264722601%2C265357901
258,I,s.,Butuceni,Бутучень,,130-132,130,132,,,,,959,https://www.familysearch.org/ark:/61903/3:1:3QS7-893B-MHQX?i=958&cc=1985804&wc=M6ZM-YPD%3A264175701%2C264722601%2C265357901
258,I,s.,Butuceni şi Morovaia,Бутучень и Мороваия,,133-139,133,139,,,,,962,https://www.familysearch.org/ark:/61903/3:1:3QS7-L93B-MHGT?i=961&cc=1985804&wc=M6ZM-YPD%3A264175701%2C264722601%2C265357901
258,I,s.,Buciuşca,Бучушка,,140-156,140,156,,,,,971,https://www.familysearch.org/ark:/61903/3:1:3QS7-893B-MHMS?i=970&cc=1985804&wc=M6ZM-YPD%3A264175701%2C264722601%2C265357901
258,I,s.,Berezlogi,Березлоги,,157-175,157,175,,,,,,
258,II,s.,Boşcani,Бошкань,,176-184,176,184,,,,,1016,https://www.familysearch.org/ark:/61903/3:1:3QS7-993B-MHZK?i=1015&cc=1985804&wc=M6ZM-YPD%3A264175701%2C264722601%2C265357901
258,II,s.,Brăneşti,Брэнешты,,185-198,185,198,,,,,,
258,II,s.,Băneşti,Бэнешть,,199-231v,199,231,,,,,1046,https://www.familysearch.org/ark:/61903/3:1:3QSQ-G93B-M4P3?i=1045&cc=1985804&wc=M6ZM-YPD%3A264175701%2C264722601%2C265357901
258,II,s.,Bieşti,Биешты,,232-281v,232,281,,,,,1094,https://www.familysearch.org/ark:/61903/3:1:3QSQ-G93B-M44S?i=1093&cc=1985804&wc=M6ZM-YPD%3A264175701%2C264722601%2C265357901
258,II,s.,Bulăieşti,Булэешты,,282-312,282,312,,,,,,
258,II,s.,Bălceana,Бэлчана,,313-321,313,321,,,,,,
258,III,s.,Buşăuca,Бушэука,,322-334v,322,334,,,,,1227,https://www.familysearch.org/ark:/61903/3:1:3QS7-993B-MW7G?i=1226&cc=1985804&wc=M6ZM-YPD%3A264175701%2C264722601%2C265357901
258,III,s.,Breanova,Бряново,,335-349,335,349,,,,,1249,https://www.familysearch.org/ark:/61903/3:1:3QS7-L93B-M7YY?i=1248&cc=1985804&wc=M6ZM-YPD%3A264175701%2C264722601%2C265357901
258,III,s.,Bravicea,Бравича,,350-413,350,413,,,,,,
258,III,s.,Brăviceni,Брэвичены,,414-469,414,469,,,,,1367,https://www.familysearch.org/ark:/61903/3:1:3QS7-993B-MZ5P?i=1366&cc=1985804&wc=M6ZM-YPD%3A264175701%2C264722601%2C265357901
258,IV,s.,Brînzeni,Брынзены,,470-496,470,496,,,,,,
258,IV,s.,Vărzăreşti,Вэрзэрешты,,497-529,497,529,,,,,1488,https://www.familysearch.org/ark:/61903/3:1:3QS7-L93B-MZVV?i=1487&cc=1985804&wc=M6ZM-YPD%3A264175701%2C264722601%2C265357901
258,IV,s.,Văsieni,Вэсиень,,530-553,530,553,,,,,1529,https://www.familysearch.org/ark:/61903/3:1:3QS7-893B-MCN7?i=1528&cc=1985804&wc=M6ZM-YPD%3A264175701%2C264722601%2C265357901
258,IV,s.,Vatici,Ватичь,,554-575,554,575,,,,,,
258,IV,s.,Voinova,Войнова,,576-604,576,604,,,,,1596,https://www.familysearch.org/ark:/61903/3:1:3QS7-893B-MC6X?i=1595&cc=1985804&wc=M6ZM-YPD%3A264175701%2C264722601%2C265357901
258,IV,s.,Verejeni,Вережень,,605-635,605,635,,,,,1643,https://www.familysearch.org/ark:/61903/3:1:3QS7-993B-MCZS?i=1642&cc=1985804&wc=M6ZM-YPD%3A264175701%2C264722601%2C265357901
258,V,s.,Vadul-Leca,Вадул-Лека,,636-663,636,663,,,,,1691,https://www.familysearch.org/ark:/61903/3:1:3QS7-993B-MCSX?i=1690&cc=1985804&wc=M6ZM-YPD%3A264175701%2C264722601%2C265357901
258,V,s.,Voroteţ,Воротец,,664-668v,664,668,,,,,,
258,V,s.,Vîprova,Выпрова,,689-718,689,718,,,,,1766,https://www.familysearch.org/ark:/61903/3:1:3QSQ-G93B-MHN8?i=1765&cc=1985804&wc=M6ZM-YPD%3A264175701%2C264722601%2C265357901
258,V,s.,Vîşcăuţi,Выщэуць,,719-735,719,735,,,,,1805,https://www.familysearch.org/ark:/61903/3:1:3QS7-L93B-MHM9?i=1804&cc=1985804&wc=M6ZM-YPD%3A264175701%2C264722601%2C265357901
258,V,s.,Hîrbovăţ,Хырбовэц,,736-752,736,752,,,,,1830,https://www.familysearch.org/ark:/61903/3:1:3QS7-993B-M451?i=1829&cc=1985804&wc=M6ZM-YPD%3A264175701%2C264722601%2C265357901
258,V,s.,Hîrjauca,Хыржаука,,753-770,753,770,,,,,1852,https://www.familysearch.org/ark:/61903/3:1:3QSQ-G93B-M4FL?i=1851&cc=1985804&wc=M6ZM-YPD%3A264175701%2C264722601%2C265357901
258,V,s.,Găleşti,Гэлешть,,771-805,771,805,,,,,,
258,VI,s.,Hirişeni,Хиришень,,806-857,806,857,,,,,1929,https://www.familysearch.org/ark:/61903/3:1:3QS7-893B-MW8Z?i=1928&cc=1985804&wc=M6ZM-YPD%3A264175701%2C264722601%2C265357901
258,VI,s.,Schitul Horodişte,Скит Городиште,,858-860,858,860,,,,,,
258,VI,s.,Hogineşti,Хоргинешты,,861-902,861,902,,,,,81,https://www.familysearch.org/ark:/61903/3:1:3QS7-L93Y-PB67?i=80&cc=1985804&wc=M6ZM-YPD%3A264175701%2C264722601%2C265357901
258,VI,s.,Hligeni,Хлигень,,903-927,903,927,,,,,160,https://www.familysearch.org/ark:/61903/3:1:3QS7-893Y-PR18?i=159&cc=1985804&wc=M6ZM-YPD%3A264175701%2C264722601%2C265357901
258,VI,s.,Slobozia-Hodorogea,Слобозия-Ходорожа,,928-942,928,942,,,,,207,https://www.familysearch.org/ark:/61903/3:1:3QS7-L93Y-PBMD?i=206&cc=1985804&wc=M6ZM-YPD%3A264175701%2C264722601%2C265357901
258,VI,s.,Holercani,Холеркань,,943-969,943,969,,,,,,
258,VII,s.,Gordineşti,Гординешть,,970-999v,970,999,,,,,,
258,VII,s.,Horodişte,Городище,,1000-1014,1000,1014,,,,,,
258,VII,s.,Slobozia-Horodişte,Слобозия-Городиште,,1015-1033v,1015,1033,,,,,,
258,VII,s.,Schitul Horodişte,Скит Городиште,,1034-1042,1034,1042,,,,,394,https://www.familysearch.org/ark:/61903/3:1:3QS7-893Y-PRPV?i=393&cc=1985804&wc=M6ZM-YPD%3A264175701%2C264722601%2C265357901
258,VII,s.,Grebleşti,Греблешть,,1043-1060,1043,1060,,,,,,
258,VII,s.,Hojineşti,Хожинешты,,1061-1070,1061,1070,,,,,,
258,VII,s.,Hîrtopul Mic,Хыртопул-Мик,,1071-1083,1071,1083,,,,,,
258,VII,s.,Hîrtopul Mare,Хыртопул-Маре,,1084-1121,1084,1121,,,,,480,https://www.familysearch.org/ark:/61903/3:1:3QS7-993Y-599X?i=479&cc=1985804&wc=M6ZM-YPD%3A264175701%2C264722601%2C265357901
258,VIII,s.,Hruşova,Хрушова,,1122-1133,1122,1133,,,,,,
258,VIII,s.,Găuzeni,Гэузень,,1134-1148v,1134,1148,,,,,571,https://www.familysearch.org/ark:/61903/3:1:3QSQ-G93Y-59M6?i=570&cc=1985804&wc=M6ZM-YPD%3A264175701%2C264722601%2C265357901
258,VIII,s.,Ghiduleni,Гидулень,,1149-1163,1149,1163,,,,,599,https://www.familysearch.org/ark:/61903/3:1:3QS7-893Y-5VD?i=598&cc=1985804&wc=M6ZM-YPD%3A264175701%2C264722601%2C265357901
258,VIII,s.,Ghetlova,Гетлова,,1164-1186,1164,1186,,,,,626,https://www.familysearch.org/ark:/61903/3:1:3QSQ-G93Y-5GJ?i=625&cc=1985804&wc=M6ZM-YPD%3A264175701%2C264722601%2C265357901
258,VIII,s.,Hulboaca,Хулбоака,,1187-1207,1187,1207,,,,,,
258,VIII,s.,Ghermăneşti,Гермэнешть,,1208-1233,1208,1233,,,,,,
258,VIII,s.,Slobozia-Hogineşti,Слобозия-Хоӂинешть,,1234-1275,1234,1275,,,,,,
259,,s.,Cobîlea,Кобыля,,1-2,1,2,,,,,,
259,,s.,Băneşti,Бэнешть,,3-4,3,4,,,,,,
259,,or.,Orhei,Орхей,,5-6v,5,6,,,,,10,https://www.familysearch.org/ark:/61903/3:1:3QS7-L93Y-PBCY?i=9&cc=1985804&wc=M6Z9-FNL%3A264175701%2C264722601%2C265436901
259,,s.,Holercani,Холеркань,,7-11,7,11,,,,,8,https://www.familysearch.org/ark:/61903/3:1:3QS7-993Y-PTTT?i=7&cc=1985804&wc=M6Z9-FNL%3A264175701%2C264722601%2C265436901
259,,s.,Puţintei,Пуцинтей,,12-18,12,18,,,,,21,https://www.familysearch.org/ark:/61903/3:1:3QS7-993Y-PTRR?i=20&cc=1985804&wc=M6Z9-FNL%3A264175701%2C264722601%2C265436901
259,,s.,Vatici,Ватичь,,19-21v,19,21,,,,,32,https://www.familysearch.org/ark:/61903/3:1:3QS7-L93Y-PB4G?i=31&cc=1985804&wc=M6Z9-FNL%3A264175701%2C264722601%2C265436901
259,,s.,Susleni,Суслень,,22-23,22,23,,,,,36,https://www.familysearch.org/ark:/61903/3:1:3QSQ-G93Y-PY27?i=35&cc=1985804&wc=M6Z9-FNL%3A264175701%2C264722601%2C265436901
259,,,trîrgul Tuzara (Călăraşi),местечко Тузара (Кэлэраш),,24-25,24,25,,,,,,
259,,s.,Peresecina,Пересечина,,26-27,26,27,,,,,42,https://www.familysearch.org/ark:/61903/3:1:3QS7-893Y-PTWM?i=41&cc=1985804&wc=M6Z9-FNL%3A264175701%2C264722601%2C265436901
259,,s.,Cruglic,Круглик,,28-29,28,29,,,,,45,https://www.familysearch.org/ark:/61903/3:1:3QS7-893Y-PTSF?i=44&cc=1985804&wc=M6Z9-FNL%3A264175701%2C264722601%2C265436901
259,,s.,Slobozia Rîşca,Слобозия Рышка,,30-35,30,35,,,,,48,https://www.familysearch.org/ark:/61903/3:1:3QS7-L93Y-PB72?i=47&cc=1985804&wc=M6Z9-FNL%3A264175701%2C264722601%2C265436901
259,,s.,Ţîgăneşti,Цыганешты,,36-48v,36,48,,,,,60,https://www.familysearch.org/ark:/61903/3:1:3QS7-L93Y-PBZM?i=59&cc=1985804&wc=M6Z9-FNL%3A264175701%2C264722601%2C265436901
260,,or.,Orhei,Орхей,,1-98,1,98,2362457,6–55,50,exacte,,
261,,s.,Holercani,Холеркань,,1-77,1,77,2362457,56–92,37,exacte,2,https://www.familysearch.org/ark:/61903/3:1:3QS7-893Y-59DC?i=1&cc=1985804&wc=M6ZM-B68%3A264175701%2C264722601%2C265363601
262,,s.,Butuceni şi Morovaia,Бутучень и Мороваия,,1-7,1,7,2362457,93–106,14,exacte,,
263,I,col.,Hagi-Abdula,Гаджи-Абдула,,1-46v,1,46,,,,,,
263,I,col.,Satul Nou,Сатул Ноу,,47-95,47,95,,,,,99,https://www.familysearch.org/ark:/61903/3:1:3QS7-L93Y-532?i=98&cc=1985804&wc=M6ZM-BM9%3A264175701%2C264722601%2C265363901
263,I,col.,Ivanova,Иванова,,96-131v,96,131,2362457,304–372,69,exacte,199,https://www.familysearch.org/ark:/61903/3:1:3QSQ-G93Y-53TQ?i=198&cc=1985804&wc=M6ZM-BM9%3A264175701%2C264722601%2C265363901
263,II,col.,Dimitreuca,Дмитреука,,130a-184v,130,184,,,,,,
263,II,col.,Diulmeni,Дюльмень,,186-235,186,235,,,,,375,https://www.familysearch.org/ark:/61903/3:1:3QS7-893Y-5SYC?i=374&cc=1985804&wc=M6ZM-BM9%3A264175701%2C264722601%2C265363901
263,II,col.,Ciumlechioi,Чумлекиой,,236-285,236,285,,,,,472,https://www.familysearch.org/ark:/61903/3:1:3QS7-993Y-5SG1?i=471&cc=1985804&wc=M6ZM-BM9%3A264175701%2C264722601%2C265363901
263,III,col.,Cuporani,Купорань,,186-320v,186,320,2362457,682–752,71,exacte,,
263,,col.,Devlet-Agaci,Девлет-Агач,,320a-366v,320,366,,,,,,
263,,col.,Glavan,Главан,,366a-399v,366,399,,,,,,
263,,col.,Selioglo,Селиогло,,399a-442v,399,442,,,,,,
264,I,s.,Congaz,Конгаз,,1-66,1,66,2362940,6–100,95,exacte,,
264,I,col.,Beşalma,Бешалма,,68-104,68,104,2362940,101–163,63,exacte,146,https://www.familysearch.org/ark:/61903/3:1:3QS7-L93B-312?i=145&cc=1985804&wc=M6ZM-BWL%3A264175701%2C264722601%2C265366601
264,I,col.,Chirsova,Кирсова,,105-183v,105,183,,,,,209,https://www.familysearch.org/ark:/61903/3:1:3QS7-993B-3VN?i=208&cc=1985804&wc=M6ZM-BWL%3A264175701%2C264722601%2C265366601
264,II,col.,Baurci,Баурчи,,183a-242v,183,242,,,,,,
264,,col.,Cazaclia,Казаклия,,242a-302v,242,302,,,,,,
264,II,col.,Chiriutnea,Кириутня,,303-347v,303,347,,,,,533,https://www.familysearch.org/ark:/61903/3:1:3QS7-L93B-SKHZ?i=532&cc=1985804&wc=M6ZM-BWL%3A264175701%2C264722601%2C265366601
265,I,s.,Gigălboaia,Гигэлбоая,,1-17,1,17,,,,,340,https://www.familysearch.org/ark:/61903/3:1:3QS7-L93B-SVBS?i=339&cc=1985804&wc=M6ZM-B38%3A264175701%2C264722601%2C265368001
265,I,s.,Enichioi,Еникиой,,18-54v,18,54,,,,,370,https://www.familysearch.org/ark:/61903/3:1:3QSQ-G93B-SVD9?i=369&cc=1985804&wc=M6ZM-B38%3A264175701%2C264722601%2C265368001
265,I,s.,Cania,Кания,,55-64v,55,64,,,,,426,https://www.familysearch.org/ark:/61903/3:1:3QSQ-G93B-SV3N?i=425&cc=1985804&wc=M6ZM-B38%3A264175701%2C264722601%2C265368001
265,I,s.,Cîrpeşti,Кырпешты,,65-123,65,123,,,,,444,https://www.familysearch.org/ark:/61903/3:1:3QSQ-G93B-SV79?i=443&cc=1985804&wc=M6ZM-B38%3A264175701%2C264722601%2C265368001
265,I,s.,Chircani,Кырканы,,125-146,125,146,,,,,,
265,I,s.,Greceni,Гречень,,147-148,147,148,,,,,568,https://www.familysearch.org/ark:/61903/3:1:3QS7-993B-39N5?i=567&cc=1985804&wc=M6ZM-B38%3A264175701%2C264722601%2C265368001
265,I,s.,Chioselia Mică,Киоселия Микэ,,149-152v,149,152,,,,,571,https://www.familysearch.org/ark:/61903/3:1:3QS7-893B-39XX?i=570&cc=1985804&wc=M6ZM-B38%3A264175701%2C264722601%2C265368001
265,I,s.,Cazaclia,Казаклия,,153-159,153,159,,,,,577,https://www.familysearch.org/ark:/61903/3:1:3QS7-893B-39DB?i=576&cc=1985804&wc=M6ZM-B38%3A264175701%2C264722601%2C265368001
265,II,s.,Coştangalia Mare,Коштангалия Маре,,160-177v,160,177,2362940,795–821,27,exacte,587,https://www.familysearch.org/ark:/61903/3:1:3QS7-L93B-3989?i=586&cc=1985804&wc=M6ZM-B38%3A264175701%2C264722601%2C265368001
265,II,s.,Constantinovca,Константиновка,,178-214v,178,214,2362940,822–873,52,exacte,614,https://www.familysearch.org/ark:/61903/3:1:3QS7-993B-39QH?i=613&cc=1985804&wc=M6ZM-B38%3A264175701%2C264722601%2C265368001
265,II,s.,Cuhurlui,Кухурлуй,,215-238,215,238,,,,,665,https://www.familysearch.org/ark:/61903/3:1:3QS7-893B-397Z?i=664&cc=1985804&wc=M6ZM-B38%3A264175701%2C264722601%2C265368001
265,II,s.,Cupcui (Beşghioz),Купкуй (Бешгиоз),,239-292,239,292,2362940,909–983,75,exacte,701,https://www.familysearch.org/ark:/61903/3:1:3QS7-893B-3YY?i=700&cc=1985804&wc=M6ZM-B38%3A264175701%2C264722601%2C265368001
265,III,s.,Cazangic,Казангик,,293-346,293,346,2362940,984–1062,79,exacte,776,https://www.familysearch.org/ark:/61903/3:1:3QSQ-G93B-3CV?i=775&cc=1985804&wc=M6ZM-B38%3A264175701%2C264722601%2C265368001
265,III,s.,Caracui,Каракуй,,347-404,347,404,2362941,6–76,71,exacte,,
265,III,s.,Capaclia,Капаклия,,405-443,405,443,2362941,77–137,61,exacte,77,https://www.familysearch.org/ark:/61903/3:1:3QS7-L93B-9P11?i=76&cc=1985804&wc=M6ZM-B38%3A264175701%2C264722601%2C265368001
265,IV,s.,Cociulia,Кочулия,,444-493v,444,493,,,,,138,https://www.familysearch.org/ark:/61903/3:1:3QS7-893B-9G54?i=137&cc=1985804&wc=M6ZM-B38%3A264175701%2C264722601%2C265368001
265,IV,s.,Coicova,Койкова,,494-534,494,534,,,,,,
265,IV,s.,Leova Nouă,Леово Ноуэ,,535-553v,535,553,,,,,,
266,I,col.,Hasan-Batîr,Хасан-Батыр,,1-45,1,45,,,,,,
266,I,col.,Pandaclia,Пандаклия,,46-89v,46,89,2362941,419–492,74,exacte,84,https://www.familysearch.org/ark:/61903/3:1:3QSQ-G93B-92HZ?i=83&cc=1985804&wc=M6Z9-93D%3A264175701%2C264722601%2C265369201
266,I,col.,Satalîc-Hagi,Саталык-Хаджи,,90-130,90,130,2362941,493–563,71,exacte,,
266,II,col.,Iserlia,Изерлия,,131-184v,131,184,2362941,564–665,102,exacte,229,https://www.familysearch.org/ark:/61903/3:1:3QS7-893B-92VB?i=228&cc=1985804&wc=M6Z9-93D%3A264175701%2C264722601%2C265369201
266,II,col.,Comrat,Комрат,,185-384,185,384,,,,,331,https://www.familysearch.org/ark:/61903/3:1:3QS7-993B-927Y?i=330&cc=1985804&wc=M6Z9-93D%3A264175701%2C264722601%2C265369201
267,,or.,Cahul,Кагул,,1-20,1,20,,,,,,
267,,tîrgul,Leova,Леово,,22-61,22,61,,,,,,
268,I,col.,Anadol,Анадол,,1-45,1,45,,,,,,
268,I,col.,Chişmichioi,Кишмикиой,,46-117v,46,117,,,,,70,https://www.familysearch.org/ark:/61903/3:1:3QS7-L93B-S4WL?i=69&cc=1985804&wc=M6Z9-936%3A264175701%2C264722601%2C265371101
268,I,col.,Vulcăneşti,Вулканешты,,118-222,118,222,,,,,171,https://www.familysearch.org/ark:/61903/3:1:3QSQ-G93B-SW7J?i=170&cc=1985804&wc=M6Z9-936%3A264175701%2C264722601%2C265371101
268,II,col.,Giurgiuleşti,Джурджулешть,,223-268v,223,268,,,,,332,https://www.familysearch.org/ark:/61903/3:1:3QS7-893B-S7HG?i=331&cc=1985804&wc=M6Z9-936%3A264175701%2C264722601%2C265371101
268,II,col.,Cîşliţa,Кышлица,,269-294,269,294,,,,,396,https://www.familysearch.org/ark:/61903/3:1:3QS7-893B-S736?i=395&cc=1985804&wc=M6Z9-936%3A264175701%2C264722601%2C265371101
268,II,col.,Slobozia,Слобозия,,295-353,295,353,,,,,438,https://www.familysearch.org/ark:/61903/3:1:3QSQ-G93B-SCQR?i=437&cc=1985804&wc=M6Z9-936%3A264175701%2C264722601%2C265371101
268,II,col.,Văleni,Вэлень,,354-386,354,386,,,,,,
269,I,s.,Lipnic,Липник,,1-32,1,32,,,,,,
269,,s.,Mereşeuca (Lencăuţi),Мерешеука (Ленкауцы),,33-66a,33,66,,,,,,
269,I,s.,Moşana,Мошана,,67-74,67,74,,,,,375,https://www.familysearch.org/ark:/61903/3:1:3QS7-893B-S4BW?i=374&cc=1985804&wc=M6Z9-MTL%3A264175701%2C264722601%2C265372501
269,I,s.,Măcăreuca,Мэкэреука,,75-100,75,100,,,,,,
269,I,s.,Mălcăuţi,Мэлкэуць,,101-112,101,112,,,,,432,https://www.familysearch.org/ark:/61903/3:1:3QS7-993B-S463?i=431&cc=1985804&wc=M6Z9-MTL%3A264175701%2C264722601%2C265372501
269,I,s.,Mărculeşti,Мэркулешть,,113-133,113,133,,,,,449,https://www.familysearch.org/ark:/61903/3:1:3QS7-993B-S49N?i=448&cc=1985804&wc=M6Z9-MTL%3A264175701%2C264722601%2C265372501
269,II,s.,Mîndîc,Мындык,,134-205,134,205,,,,,474,https://www.familysearch.org/ark:/61903/3:1:3QS7-993B-SWR3?i=473&cc=1985804&wc=M6Z9-MTL%3A264175701%2C264722601%2C265372501
269,II,s.,Namalova (Bursuc),Бурсук,,206-212,206,212,,,,,583,https://www.familysearch.org/ark:/61903/3:1:3QS7-993B-SWHC?i=582&cc=1985804&wc=M6Z9-MTL%3A264175701%2C264722601%2C265372501
269,II,s.,Năpadova,Наподова,,213-261,213,261,,,,,,
269,II,s.,Nimereuca,Нимереука,,262-277,262,277,,,,,,
269,III,s.,Naslavcea,Наславча,,278-347,278,347,,,,,,
269,III,s.,Nicoreni,Никорены,,348-355,348,355,,,,,,
269,III,s.,Oclanda,Окланда,,356-369,356,369,,,,,,
269,III,s.,Ocolina,Околина,,370-389,370,389,,,,,,
270,,s.,Slobozia-Vălcineţ,Слобозия-Вэлчинец,,2-24v,2,24,,,,,,
270,,s.,Slobozia-Coşeleuca,Слобозия-Кошелеука,,25-29,25,29,,,,,292,https://www.familysearch.org/ark:/61903/3:1:3QS7-L93B-S7SS?i=291&cc=1985804&wc=M6Z9-9M9%3A264175701%2C264722601%2C265374301
270,,s.,Slobozia-Ţipordei,Слобозия-Цыпордей,,30-39,30,39,,,,,309,https://www.familysearch.org/ark:/61903/3:1:3QSQ-G93B-SQ1H?i=308&cc=1985804&wc=M6Z9-9M9%3A264175701%2C264722601%2C265374301
270,,s.,Slobozia-Vărăncău,Слобозия-Вэрэнкэу,,40-56,40,56,,,,,335,https://www.familysearch.org/ark:/61903/3:1:3QS7-L93B-SQG2?i=334&cc=1985804&wc=M6Z9-9M9%3A264175701%2C264722601%2C265374301
270,,s.,Samoleuca,Самолеука,,60-73,60,73,,,,,,
270,,s.,Sauca,Саука,,74-104,74,104,,,,,408,https://www.familysearch.org/ark:/61903/3:1:3QSQ-G93B-SQND?i=407&cc=1985804&wc=M6Z9-9M9%3A264175701%2C264722601%2C265374301
270,,s.,Scăieni,Скэены,,105-161v,105,161,,,,,,
270,,s.,Stîrceni,Стырчень,,162-175,162,175,,,,,604,https://www.familysearch.org/ark:/61903/3:1:3QS7-L93B-S4V8?i=603&cc=1985804&wc=M6Z9-9M9%3A264175701%2C264722601%2C265374301
270,II,s.,Socola,Соколовка,,177-188,177,188,,,,,647,https://www.familysearch.org/ark:/61903/3:1:3QS7-893B-S4C1?i=646&cc=1985804&wc=M6Z9-9M9%3A264175701%2C264722601%2C265374301
270,II,s.,Salcia,Сальча,,189-201,189,201,,,,,,
270,II,s.,Sudarca,Сударка,,202-229,202,229,,,,,694,https://www.familysearch.org/ark:/61903/3:1:3QS7-893B-S43B?i=693&cc=1985804&wc=M6Z9-9M9%3A264175701%2C264722601%2C265374301
270,II,s.,Sănătăuca,Сэнэтэука,,230-267v,230,267,,,,,,
270,II,s.,Stoicani,Стойкань,,268-297,268,297,,,,,819,https://www.familysearch.org/ark:/61903/3:1:3QSQ-G93B-SW89?i=818&cc=1985804&wc=M6Z9-9M9%3A264175701%2C264722601%2C265374301
270,II,s.,Soloneţ,Солонец,,298-313,298,313,,,,,872,https://www.familysearch.org/ark:/61903/3:1:3QS7-L93B-S754?i=871&cc=1985804&wc=M6Z9-9M9%3A264175701%2C264722601%2C265374301
270,III,s.,Schineni,Скинены,,315-331,315,331,,,,,901,https://www.familysearch.org/ark:/61903/3:1:3QS7-893B-S7HM?i=900&cc=1985804&wc=M6Z9-9M9%3A264175701%2C264722601%2C265374301
270,III,s.,Ştefăneşti,Штефэнешты,,332-369,332,369,,,,,22,https://www.familysearch.org/ark:/61903/3:1:3QS7-L93B-92R8?i=21&cc=1985804&wc=M6Z9-9M9%3A264175701%2C264722601%2C265374301
270,III,s.,Ştefăneuca,Штефэнеука,,371-382,371,382,,,,,105,https://www.familysearch.org/ark:/61903/3:1:3QS7-L93B-9274?i=104&cc=1985804&wc=M6Z9-9M9%3A264175701%2C264722601%2C265374301
270,III,s.,Sevirova,Севирова,,383-406,383,406,,,,,118,https://www.familysearch.org/ark:/61903/3:1:3QS7-L93B-9K11?i=117&cc=1985804&wc=M6Z9-9M9%3A264175701%2C264722601%2C265374301
271,,s.,Calaraşovca,Каларашовка,,2a-32,2,32,,,,,,
271,I,s.,Climăuţi,Климэуцы,,33-85,33,85,,,,,770,https://www.familysearch.org/ark:/61903/3:1:3QS7-993B-9L11?i=769&cc=1985804&wc=M6Z9-9MS%3A264175701%2C264722601%2C265375801
271,I,s.,Corbu,Корбу,,86-142v,86,142,,,,,,
271,II,s.,Slobozia Chetrosu,Слобозия Кетросу,,143-164v,143,164,,,,,982,https://www.familysearch.org/ark:/61903/3:1:3QS7-893B-9L76?i=981&cc=1985804&wc=M6Z9-9MS%3A264175701%2C264722601%2C265375801
271,II,s.,Codreni,Кодрены,,165-200,165,200,,,,,1025,https://www.familysearch.org/ark:/61903/3:1:3QS7-893B-9L9D?i=1024&cc=1985804&wc=M6Z9-9MS%3A264175701%2C264722601%2C265375801
271,II,s.,Căpreşti,Кэпрешты,,201-210v,201,210,,,,,,
271,II,s.,Cuhureştii de Sus,Кухурештий-де-Сус,,211-240,211,240,,,,,,
271,,s.,Cuhureştii de Jos,Кухурештий-де-Жос,,241v-281,241,281,,,,,,
271,II,s.,Cunicea,Куничя,,282-300,282,300,,,,,1247,https://www.familysearch.org/ark:/61903/3:1:3QS7-L93B-921M?i=1246&cc=1985804&wc=M6Z9-9MS%3A264175701%2C264722601%2C265375801
271,III,s.,Cuşmirca de Sus,Кушмирка-де-Сус,,301-327,301,327,,,,,1284,https://www.familysearch.org/ark:/61903/3:1:3QS7-993B-9K12?i=1283&cc=1985804&wc=M6Z9-9MS%3A264175701%2C264722601%2C265375801
271,III,s.,Cuşmirca de Jos,Кушмирка-де-Жос,,328-354v,328,354,,,,,,
271,III,s.,Cuşmirca,Кушмирка,,355-358,355,358,,,,,,
271,III,s.,Cobîlea Nouă,Кобыля Ноуэ,,359-378,359,378,,,,,1392,https://www.familysearch.org/ark:/61903/3:1:3QS7-L93B-9KB7?i=1391&cc=1985804&wc=M6Z9-9MS%3A264175701%2C264722601%2C265375801
271,III,s.,Cobîlea Veche,Кобыля Веке,,379-404,379,404,,,,,,
271,III,s.,Coşerniţa,Кошерница,,405-442v,405,442,,,,,,
271,III,s.,Copăceni,Копэчень,,443-466v,443,466,,,,,1551,https://www.familysearch.org/ark:/61903/3:1:3QSQ-G93B-9LCV?i=1550&cc=1985804&wc=M6Z9-9MS%3A264175701%2C264722601%2C265375801
271,IV,s.,Cureşniţa,Курешница,,467-492,467,492,,,,,50,https://www.familysearch.org/ark:/61903/3:1:3QSQ-G93Y-1L1S?i=49&cc=1985804&wc=M6Z9-9MS%3A264175701%2C264722601%2C265375801
271,IV,s.,Cosăuţi,Косэуцы,,493-531,493,531,,,,,99,https://www.familysearch.org/ark:/61903/3:1:3QS7-L93Y-1LJ2?i=98&cc=1985804&wc=M6Z9-9MS%3A264175701%2C264722601%2C265375801
271,IV,s.,Cremenciug,Кременчуг,,532-575v,532,575,,,,,171,https://www.familysearch.org/ark:/61903/3:1:3QS7-893Y-126L?i=170&cc=1985804&wc=M6Z9-9MS%3A264175701%2C264722601%2C265375801
271,IV,s.,Căinarii Vechi,Кэинарий Векь,,576-596,576,596,,,,,,
271,,s.,Căinarii Noi,Кэинарий Ной,,596a-609,596,609,,,,,,
271,IV,s.,Cubolta,Куболта,,610-670,610,670,,,,,,
271,IV,s.,Cotiujenii Mici,Котюжений Мичь,,671-687,671,687,,,,,,
271,IV,s.,Cotiujenii Mari,Котюжений Марь,,688-761,688,761,,,,,,
271,IV,s.,Cotova,Котова,,762-780,762,780,,,,,,
271,IV,s.,Crişcăuţi,Крищэуцы,,781-822,781,822,,,,,,
271,IV,s.,Casovca,Касовка,,826-833v,826,833,,,,,,
272,,or.,Soroca,Сорока,,1-82,1,82,,,,,,
273,I,s.,Paustova,Паустово,,1-15,1,15,,,,,1017,https://www.familysearch.org/ark:/61903/3:1:3QS7-993Y-12YW?i=1016&cc=1985804&wc=M6Z9-9Z9%3A264175701%2C264722601%2C265379301
273,I,s.,Plopi (Trieşti),Плопь (Триешты),,16-59,16,59,,,,,1045,https://www.familysearch.org/ark:/61903/3:1:3QSQ-G93Y-1LD7?i=1044&cc=1985804&wc=M6Z9-9Z9%3A264175701%2C264722601%2C265379301
273,I,s.,Prepeliţa,Препелица,,60-80,60,80,,,,,,
273,I,s.,Pepeni,Пепень,,81-111,81,111,,,,,,
273,I,s.,Pohoarna-Serghie,Погоарна-Сергие,,112-125,112,125,,,,,1226,https://www.familysearch.org/ark:/61903/3:1:3QS7-L93Y-1KP5?i=1225&cc=1985804&wc=M6Z9-9Z9%3A264175701%2C264722601%2C265379301
273,I,s.,Pohoarna-Răzeşi,Погоарна-Рэзешь,,126-131,126,131,,,,,,
273,I,s.,Popeştii de Sus,Попештий-де-Сус,,132-152,132,152,,,,,,
273,I,s.,Marcăuţi,Маркауцы,,153-154,153,154,,,,,,
273,,s.,Bădiceni,Бэдичень,,154,154,154,,,,,,
273,,s.,Soloneţ,Солонец,,154,154,154,,,,,,
273,,s.,Căinarii Noi,Кэинарий Ной,,154v-154v,154,154,,,,,,
273,,s.,Cremenciug,Кременчуг,,154v-154v,154,154,,,,,,
273,,s.,Cernîşeuca,Чернышевка,,155,155,155,,,,,,
273,,s.,Stoicani,Стойкань,,155,155,155,,,,,,
273,,s.,Trifăneşti,Трифэнешты,,155,155,155,,,,,,
273,,s.,Răduleni,Рэдулень,,155v-155v,155,155,,,,,,
273,,s.,Sevirova,Севирова,,155v-155v,155,155,,,,,,
273,,s.,Boldureşti,Болдурешть,,155v-156,155,156,,,,,,
273,I,s.,Cubolta,Куболта,,156-156v,156,156,,,,,,
273,,s.,Drojdieşti (Lunga),Дрождиешты (Лунга),,156v-156v,156,156,,,,,,
273,,s.,Frumuşica,Фрумушица,,156v-157,156,157,,,,,,
273,I,s.,Zgura,Згура,,157-157v,157,157,,,,,,
273,,s.,Chetrosu,Кетросу,,157v-158v,157,158,,,,,,
273,,s.,Mărculeşti,Мэркулешть,,158v-160v,158,160,,,,,,
273,,s.,Ciripcău,Чирипкэу,,160v-161,160,161,,,,,,
273,I,s.,Climăuţi,Климэуцы,,161-161v,161,161,,,,,70,https://www.familysearch.org/ark:/61903/3:1:3QS7-893B-S7L9?i=69&cc=1985804&wc=M6Z9-9Z9%3A264175701%2C264722601%2C265379301
273,,s.,Drăgăneşti,Драганешты,,161v-161v,161,161,,,,,,
273,,s.,Dînjenii de Jos,Дынженьий-де-Жос,,161v-162,161,162,,,,,,
273,I,s.,Vădeni,Вэдены,,162-163,162,163,,,,,,
273,II,s.,Poiana Cunicii,Поляна Куничий,,164-204v,164,204,,,,,77,https://www.familysearch.org/ark:/61903/3:1:3QS7-L93B-S7B5?i=76&cc=1985804&wc=M6Z9-9Z9%3A264175701%2C264722601%2C265379301
273,II,s.,Parcani,Парканы,,205-225,205,225,,,,,,
273,II,s.,Prăgila,Прэгила,,226-267v,226,267,,,,,,
273,II,s.,Putineşti,Путинешты,,268-294,268,294,,,,,,
273,II,s.,Prodăneşti,Проданешты,,295-304v,295,304,,,,,326,https://www.familysearch.org/ark:/61903/3:1:3QSQ-G93B-SH6Y?i=325&cc=1985804&wc=M6Z9-9Z9%3A264175701%2C264722601%2C265379301
273,II,s.,Chetrosu,Кетросу,,305-345,305,345,,,,,,
273,III,moşia,Vanţîna,Ванцина,,347v-349,347,349,,,,,,
273,III,tîrgul,Vadul Raşcov,Вадул Рашков,,350-398,350,398,,,,,,
273,III,s.,Rujniţa,Ружница,,399-429,399,429,,,,,523,https://www.familysearch.org/ark:/61903/3:1:3QSQ-G93B-S4LM?i=522&cc=1985804&wc=M6Z9-9Z9%3A264175701%2C264722601%2C265379301
273,III,s.,Ruseni,Русени,,430-474,430,474,,,,,,
273,III,s.,Rudii din Deal,Рудий-дин-Дял,,475-517v,475,517,,,,,,
273,IV,s.,Rediul Mare,Редиул Маре,,518-535,518,535,,,,,722,https://www.familysearch.org/ark:/61903/3:1:3QSQ-G93B-SW5W?i=721&cc=1985804&wc=M6Z9-9Z9%3A264175701%2C264722601%2C265379301
273,IV,s.,Răzălăi,Рэзэлэй,,536-546,536,546,,,,,754,https://www.familysearch.org/ark:/61903/3:1:3QS7-L93B-SWGV?i=753&cc=1985804&wc=M6Z9-9Z9%3A264175701%2C264722601%2C265379301
273,IV,s.,Receşti,Речешть,,547-561,547,561,,,,,770,https://www.familysearch.org/ark:/61903/3:1:3QS7-893B-SWJZ?i=769&cc=1985804&wc=M6Z9-9Z9%3A264175701%2C264722601%2C265379301
273,IV,s.,Racovăţ,Раковэц,,562-599,562,599,,,,,797,https://www.familysearch.org/ark:/61903/3:1:3QSQ-G93B-SW8D?i=796&cc=1985804&wc=M6Z9-9Z9%3A264175701%2C264722601%2C265379301
273,IV,s.,Roşietici,Рошиетичь,,600-612,600,612,,,,,863,https://www.familysearch.org/ark:/61903/3:1:3QS7-893B-S7ZY?i=862&cc=1985804&wc=M6Z9-9Z9%3A264175701%2C264722601%2C265379301
273,IV,s.,Răduleni,Рэдулень,,613-638,613,638,,,,,,
273,IV,s.,Rubleniţa,Рубленица,,639-668,639,668,,,,,925,https://www.familysearch.org/ark:/61903/3:1:3QS7-993B-SHP4?i=924&cc=1985804&wc=M6Z9-9Z9%3A264175701%2C264722601%2C265379301
273,IV,s.,Rogojeni,Рогожень,,669-679,669,679,,,,,977,https://www.familysearch.org/ark:/61903/3:1:3QS7-993B-SHW4?i=976&cc=1985804&wc=M6Z9-9Z9%3A264175701%2C264722601%2C265379301
273,IV,s.,Rudii din Vale,Рудий-дин-Вале,,680-688,680,688,,,,,996,https://www.familysearch.org/ark:/61903/3:1:3QS7-L93B-SHL1?i=995&cc=1985804&wc=M6Z9-9Z9%3A264175701%2C264722601%2C265379301
274,,s.,Hristici,Христичи,,1-38,1,38,,,,,,
274,,s.,Hîrtop,Хыртоп,,39-55,39,55,,,,,73,https://www.familysearch.org/ark:/61903/3:1:3QSQ-G93B-SHVG?i=72&cc=1985804&wc=M6Z9-MTG%3A264175701%2C264722601%2C265381801
274,,s.,Ţepilova,Цепилова,,56-65,56,65,,,,,,
274,,s.,Ţipleşti,Циплешты,,66-93,66,93,,,,,,
274,,s.,Cernoleuca,Чернолевка,,94-142,94,142,,,,,163,https://www.familysearch.org/ark:/61903/3:1:3QS7-993Y-Y3X6?i=162&cc=1985804&wc=M6Z9-MTG%3A264175701%2C264722601%2C265381801
274,II,s.,Ciutuleşti,Чутулешты,,143-205,143,205,,,,,232,https://www.familysearch.org/ark:/61903/3:1:3QS7-993Y-YSZR?i=231&cc=1985804&wc=M6Z9-MTG%3A264175701%2C264722601%2C265381801
274,II,s.,Cerlina,Черлина,,206-223v,206,223,,,,,,
274,II,s.,Ciripcău,Чирипкэу,,224-249,224,249,,,,,343,https://www.familysearch.org/ark:/61903/3:1:3QS7-893Y-Y9XT?i=342&cc=1985804&wc=M6Z9-MTG%3A264175701%2C264722601%2C265381801
274,II,s.,Cereşnovăţ,Черешновэц,,250-262,250,262,,,,,,
274,II,s.,Ciorniţa,Чорница,,263-292,263,292,,,,,401,https://www.familysearch.org/ark:/61903/3:1:3QS7-893Y-Y18?i=400&cc=1985804&wc=M6Z9-MTG%3A264175701%2C264722601%2C265381801
274,III,s.,Şestaci,Шестачи,,293-336,293,336,,,,,,
274,III,s.,Şolcani,Шолканы,,337-359,337,359,,,,,,
274,III,s.,Şeptelici,Шептеличи,,360-379,360,379,,,,,530,https://www.familysearch.org/ark:/61903/3:1:3QS7-L93Y-TTS3?i=529&cc=1985804&wc=M6Z9-MTG%3A264175701%2C264722601%2C265381801
274,III,s.,Şalviri,Шалвиры,,380-403,380,403,,,,,560,https://www.familysearch.org/ark:/61903/3:1:3QS7-L93Y-TRBB?i=559&cc=1985804&wc=M6Z9-MTG%3A264175701%2C264722601%2C265381801
274,III,s.,Iarova,Ярова,,404-427,404,427,,,,,594,https://www.familysearch.org/ark:/61903/3:1:3QS7-L93Y-YQLM?i=593&cc=1985804&wc=M6Z9-MTG%3A264175701%2C264722601%2C265381801
275,I,s.,Tătărăuca Veche,Старая Татарауца,,1-23,1,23,,,,,4,https://www.familysearch.org/ark:/61903/3:1:3QS7-893Y-Y73C?i=3&cc=1985804&wc=M6Z9-968%3A264175701%2C264722601%2C265383701
275,I,s.,Teleşeuca,Телешеука,,24-47,24,47,,,,,32,https://www.familysearch.org/ark:/61903/3:1:3QS7-893Y-YQPH?i=31&cc=1985804&wc=M6Z9-968%3A264175701%2C264722601%2C265383701
275,I,s.,"Tătărăuca Nouă (Larova, Cristeuţi)","Новая Татарауца (Ларова, Кристеуцы)",,48-90,48,90,,,,,65,https://www.familysearch.org/ark:/61903/3:1:3QS7-993Y-YQXK?i=64&cc=1985804&wc=M6Z9-968%3A264175701%2C264722601%2C265383701
275,I,s.,Trifăuţi,Трифэуць,,91-113,91,113,,,,,124,https://www.familysearch.org/ark:/61903/3:1:3QS7-993Y-YQXR?i=123&cc=1985804&wc=M6Z9-968%3A264175701%2C264722601%2C265383701
275,I,s.,Trifăneşti,Трифэнешты,,114-130,114,130,,,,,158,https://www.familysearch.org/ark:/61903/3:1:3QS7-893Y-YQZW?i=157&cc=1985804&wc=M6Z9-968%3A264175701%2C264722601%2C265383701
275,I,s.,Tărnova,Тэрнова,,131-182,131,182,,,,,183,https://www.familysearch.org/ark:/61903/3:1:3QSQ-G93Y-YQ9J?i=182&cc=1985804&wc=M6Z9-968%3A264175701%2C264722601%2C265383701
275,II,s.,Temeleuţi,Темелеуць,,183-202a,183,202,,,,,,
275,II,s.,Unguri,Унгуры,,203-240,203,240,,,,,292,https://www.familysearch.org/ark:/61903/3:1:3QS7-893Y-Y3WB?i=291&cc=1985804&wc=M6Z9-968%3A264175701%2C264722601%2C265383701
275,II,s.,Unchiteşti,Унчитешты,,241-255,241,255,,,,,348,https://www.familysearch.org/ark:/61903/3:1:3QS7-L93Y-YSDJ?i=347&cc=1985804&wc=M6Z9-968%3A264175701%2C264722601%2C265383701
275,II,tîrgul,Floreşti,Флорешты,,256-305v,256,305,,,,,369,https://www.familysearch.org/ark:/61903/3:1:3QSQ-G93Y-YS69?i=368&cc=1985804&wc=M6Z9-968%3A264175701%2C264722601%2C265383701
275,II,s.,Frasin,Фрасин,,307-330,307,330,,,,,443,https://www.familysearch.org/ark:/61903/3:1:3QS7-993Y-Y9JM?i=442&cc=1985804&wc=M6Z9-968%3A264175701%2C264722601%2C265383701
275,II,s.,Frăteştii de Sus,Фрэтештий де Сус,,331-337,331,337,,,,,471,https://www.familysearch.org/ark:/61903/3:1:3QS7-993Y-Y98K?i=470&cc=1985804&wc=M6Z9-968%3A264175701%2C264722601%2C265383701
275,II,s.,Frăteştii de Jos,Фрэтештий де Жос,,338-345,338,345,,,,,481,https://www.familysearch.org/ark:/61903/3:1:3QS7-L93Y-Y9CG?i=480&cc=1985804&wc=M6Z9-968%3A264175701%2C264722601%2C265383701
275,II,s.,Frumuşica,Фрумушица,,347-376v,347,376,,,,,,
276,I,tîrgul,"Otaci (Ataci, Atachi)",Атаки,,3-103,3,103,,,,,9,https://www.familysearch.org/ark:/61903/3:1:3QS7-993Y-TX9L?i=8&cc=1985804&wc=M6Z9-938%3A264175701%2C264722601%2C265385701
276,I,tîrgul,Otaci Movilău,Атаки Могилёв,,104-105,104,105,,,,,195,https://www.familysearch.org/ark:/61903/3:1:3QSQ-G93Y-T6VK?i=194&cc=1985804&wc=M6Z9-938%3A264175701%2C264722601%2C265385701
276,I,s.,Arioneşti,Арионешты,,106-161v,106,161,,,,,198,https://www.familysearch.org/ark:/61903/3:1:3QSQ-G93Y-T6JB?i=197&cc=1985804&wc=M6Z9-938%3A264175701%2C264722601%2C265385701
276,II,s.,Hăsnăşenii Mari,Хэснэшений-Марь,,162-221,162,221,,,,,302,https://www.familysearch.org/ark:/61903/3:1:3QS7-993Y-T87V?i=301&cc=1985804&wc=M6Z9-938%3A264175701%2C264722601%2C265385701
276,II,s.,Bîrnova de Jos,Бырнова-де-Жос,,222-304,222,304,,,,,420,https://www.familysearch.org/ark:/61903/3:1:3QS7-993Y-TF6V?i=419&cc=1985804&wc=M6Z9-938%3A264175701%2C264722601%2C265385701
276,II,s.,Boroseni,Боросень,,305-315,305,315,,,,,,
276,III,s.,Balinţi,Балинцы,,316-329,316,329,,,,,599,https://www.familysearch.org/ark:/61903/3:1:3QSQ-G93Y-TFBT?i=598&cc=1985804&wc=M6Z9-938%3A264175701%2C264722601%2C265385701
276,III,s.,Briceni,Бричаны,,331-378,331,378,,,,,624,https://www.familysearch.org/ark:/61903/3:1:3QS7-893Y-TXL3?i=623&cc=1985804&wc=M6Z9-938%3A264175701%2C264722601%2C265385701
276,III,s.,Braicău,Брайкэу,,379-401,379,401,,,,,,
276,III,s.,Bodeşti,Бодешть,,402-426,402,426,,,,,,
276,III,s.,Bobuleşti,Бобулешть,,428-449,428,449,,,,,,
276,III,s.,Băhrineşti,Бэхринешть,,450-484,450,484,,,,,859,https://www.familysearch.org/ark:/61903/3:1:3QS7-L93Y-T6P3?i=858&cc=1985804&wc=M6Z9-938%3A264175701%2C264722601%2C265385701
276,IV,s.,Bădiceni,Бэдичень,,485-524,485,524,,,,,,
276,IV,s.,Băxani,Бэксань,,526-552,526,552,,,,,991,https://www.familysearch.org/ark:/61903/3:1:3QS7-L93Y-TDN9?i=990&cc=1985804&wc=M6Z9-938%3A264175701%2C264722601%2C265385701
276,IV,s.,Bezeni,Безены,,554-564,554,564,,,,,1055,https://www.familysearch.org/ark:/61903/3:1:3QS7-893Y-T8JN?i=1054&cc=1985804&wc=M6Z9-938%3A264175701%2C264722601%2C265385701
276,IV,s.,Borodniceni (Cenuşa),Бородничень (Ченуша),,565-578,565,578,,,,,,
276,IV,s.,Bălăşeşti,Бэлэшешть,,579-599,579,599,,,,,,
276,IV,s.,Bulboci,Булбочь,,600-633,600,633,,,,,1145,https://www.familysearch.org/ark:/61903/3:1:3QSQ-G93Y-YPQ1?i=1144&cc=1985804&wc=M6Z9-938%3A264175701%2C264722601%2C265385701
276,IV,s.,Bujereuca,Бужерянка,,634-654,634,654,,,,,,
277,,or.,Soroca,Сорока,,1-8,1,8,,,,,,
278,I,or.,Hotin,Хотин,,1-111,1,111,,,,,3,https://www.familysearch.org/ark:/61903/3:1:3QS7-893Y-YLBH?i=2&cc=1985804&wc=M6Z9-9M3%3A264175701%2C264722601%2C265388201
278,II,or.,Hotin,Хотин,,112-246,112,246,,,,,208,https://www.familysearch.org/ark:/61903/3:1:3QS7-993Y-Y2MC?i=207&cc=1985804&wc=M6Z9-9M3%3A264175701%2C264722601%2C265388201
278,III,or.,Hotin,Хотин,,247-388,247,388,,,,,441,https://www.familysearch.org/ark:/61903/3:1:3QSQ-G93Y-YK9G?i=440&cc=1985804&wc=M6Z9-9M3%3A264175701%2C264722601%2C265388201
279,I,s.,Gordeuţi (Gordinţi),Гордэуць (Гординц),,1-19,1,19,,,,,5,https://www.familysearch.org/ark:/61903/3:1:3QSQ-G93Y-YGGC?i=4&cc=1985804&wc=M6Z9-SNL%3A264175701%2C264722601%2C265389601
279,I,s.,Grozniţa,Грозница,,20-69,20,69,,,,,39,https://www.familysearch.org/ark:/61903/3:1:3QSQ-G93Y-YGH7?i=38&cc=1985804&wc=M6Z9-SNL%3A264175701%2C264722601%2C265389601
279,I,s.,Grimăncăuţi,Гриманкэуць,,70-125v,70,125,,,,,135,https://www.familysearch.org/ark:/61903/3:1:3QS7-993Y-YLZV?i=134&cc=1985804&wc=M6Z9-SNL%3A264175701%2C264722601%2C265389601
279,I,s.,Hlinaia de Sus,Глинная-де-Сус,,126-142,126,142,,,,,252,https://www.familysearch.org/ark:/61903/3:1:3QS7-L93Y-RNC2?i=251&cc=1985804&wc=M6Z9-SNL%3A264175701%2C264722601%2C265389601
279,I,s.,Hlinaia de Jos,Глинная-де-Жос,,143-184,143,184,,,,,284,https://www.familysearch.org/ark:/61903/3:1:3QS7-993Y-RND3?i=283&cc=1985804&wc=M6Z9-SNL%3A264175701%2C264722601%2C265389601
279,II,s.,Hilovăţ (Beleavinţi),Хиловэц (Белявинць),,185-221,185,221,,,,,443,https://www.familysearch.org/ark:/61903/3:1:3QS7-L93Y-RXV1?i=442&cc=1985804&wc=M6Z9-SNL%3A264175701%2C264722601%2C265389601
279,II,s.,Gordineşti,Гординешть,,222-268,222,268,,,,,436,https://www.familysearch.org/ark:/61903/3:1:3QS7-993Y-RXY6?i=435&cc=1985804&wc=M6Z9-SNL%3A264175701%2C264722601%2C265389601
279,II,s.,Grinăuţi,Гринэуць,,269-285,269,285,,,,,598,https://www.familysearch.org/ark:/61903/3:1:3QS7-993Y-R65H?i=597&cc=1985804&wc=M6Z9-SNL%3A264175701%2C264722601%2C265389601
279,II,s.,Hincăuţi,Хинкэуць,,286-315,286,315,,,,,,
279,II,s.,Gvăzdăuţi,Гвэздэуць,,316-367,316,367,,,,,606,https://www.familysearch.org/ark:/61903/3:1:3QS7-L93Y-R6N3?i=605&cc=1985804&wc=M6Z9-SNL%3A264175701%2C264722601%2C265389601
279,III,s.,Hîjdău,Хыждэу,,368-379,368,379,,,,,699,https://www.familysearch.org/ark:/61903/3:1:3QS7-L93Y-RD1F?i=698&cc=1985804&wc=M6Z9-SNL%3A264175701%2C264722601%2C265389601
279,III,s.,Gruşoviţa,Грушовица,,380-440,380,440,,,,,720,https://www.familysearch.org/ark:/61903/3:1:3QSQ-G93Y-RJXL?i=719&cc=1985804&wc=M6Z9-SNL%3A264175701%2C264722601%2C265389601
279,III,s.,Grumăzeni,Грумэзень,,441-461,441,461,,,,,836,https://www.familysearch.org/ark:/61903/3:1:3QSQ-G93Y-RNRK?i=835&cc=1985804&wc=M6Z9-SNL%3A264175701%2C264722601%2C265389601
279,III,s.,Grimeşti,Гримешть,,462-476,462,476,,,,,873,https://www.familysearch.org/ark:/61903/3:1:3QS7-993Y-RJ2M?i=872&cc=1985804&wc=M6Z9-SNL%3A264175701%2C264722601%2C265389601
279,III,s.,Grimeştii de Sus,Гримештий де Сус,,477-489,477,489,,,,,897,https://www.familysearch.org/ark:/61903/3:1:3QS7-L93Y-RJ8L?i=896&cc=1985804&wc=M6Z9-SNL%3A264175701%2C264722601%2C265389601
279,III,s.,Grimeştii de Jos,Гримештий де Жос,,490-491,490,491,,,,,,
280,,tîrgul,Noua Suliţă,Новосулица,,2-36,2,36,,,,,5,https://www.familysearch.org/ark:/61903/3:1:3QS7-993Y-RJ86?i=4&cc=1985804&wc=M6Z9-9WL%3A264175701%2C264722601%2C265391701
280,,s.,Nedibăuţi,Недибэуць,,37-104,37,104,,,,,63,https://www.familysearch.org/ark:/61903/3:1:3QS7-L93Y-RNJC?i=62&cc=1985804&wc=M6Z9-9WL%3A264175701%2C264722601%2C265391701
280,,s.,Nesfoaia,Несфоая,,105-139,105,139,,,,,165,https://www.familysearch.org/ark:/61903/3:1:3QS7-L93Y-RFRD?i=164&cc=1985804&wc=M6Z9-9WL%3A264175701%2C264722601%2C265391701
280,II,s.,Neporotova,Непоротова,,140-197,140,197,,,,,210,https://www.familysearch.org/ark:/61903/3:1:3QS7-993Y-RFGG?i=209&cc=1985804&wc=M6Z9-9WL%3A264175701%2C264722601%2C265391701
280,II,s.,Noua Suliţă,Новосулица,,198-215v,198,215,,,,,302,https://www.familysearch.org/ark:/61903/3:1:3QS7-893Y-RX27?i=301&cc=1985804&wc=M6Z9-9WL%3A264175701%2C264722601%2C265391701
280,II,s.,Nagoreni,Нагорены,,252-272,252,272,,,,,385,https://www.familysearch.org/ark:/61903/3:1:3QS7-893Y-YY5D?i=384&cc=1985804&wc=M6Z9-9WL%3A264175701%2C264722601%2C265391701
280,II,s.,Negrinţi,Негринць,,273-297,273,297,,,,,416,https://www.familysearch.org/ark:/61903/3:1:3QSQ-G93Y-YBQ7?i=415&cc=1985804&wc=M6Z9-9WL%3A264175701%2C264722601%2C265391701
281,,s.,Stăuceni,Стэучень,,2-28,2,28,,,,,,
281,,s.,Stroieni,Строень,,29-50,29,50,,,,,50,https://www.familysearch.org/ark:/61903/3:1:3QS7-893Y-YTJY?i=49&cc=1985804&wc=M6Z9-9WG%3A264175701%2C264722601%2C265393101
281,,s.,Săncăuţi,Сэнкэуць,,51-77v,51,77,,,,,80,https://www.familysearch.org/ark:/61903/3:1:3QSQ-G93Y-YT56?i=79&cc=1985804&wc=M6Z9-9WG%3A264175701%2C264722601%2C265393101
281,,s.,Stălineşti,Стэлинешть,,78-106,78,106,,,,,116,https://www.familysearch.org/ark:/61903/3:1:3QS7-L93Y-YTP7?i=115&cc=1985804&wc=M6Z9-9WG%3A264175701%2C264722601%2C265393101
281,,s.,Sîngera (Başcalia),Сынджера (Баскалия),,107-123,107,123,,,,,156,https://www.familysearch.org/ark:/61903/3:1:3QSQ-G93Y-Y9S3-8?i=155&cc=1985804&wc=M6Z9-9WG%3A264175701%2C264722601%2C265393101
281,II,tîrgul,Secureni,Секурены,,124-200,124,200,,,,,181,https://www.familysearch.org/ark:/61903/3:1:3QS7-893Y-Y994-Q?i=180&cc=1985804&wc=M6Z9-9WG%3A264175701%2C264722601%2C265393101
281,II,s.,Serbiceni,Сербичены,,201-239,201,239,,,,,288,https://www.familysearch.org/ark:/61903/3:1:3QS7-993Y-Y9M2-P?i=287&cc=1985804&wc=M6Z9-9WG%3A264175701%2C264722601%2C265393101
281,III,s.,Selişte,Селиште,,240-324v,240,324,,,,,343,https://www.familysearch.org/ark:/61903/3:1:3QSQ-G93Y-Y9MX-3?i=342&cc=1985804&wc=M6Z9-9WG%3A264175701%2C264722601%2C265393101
281,III,s.,Tărăsăuţi,Тэрэсэуць,,325-433,325,433,,,,,,
281,IV,s.,Trinca,Тринка,,434-478,434,478,,,,,635,https://www.familysearch.org/ark:/61903/3:1:3QS7-993Y-YBL6?i=634&cc=1985804&wc=M6Z9-9WG%3A264175701%2C264722601%2C265393101
281,IV,s.,Tabani,Табань,,479-527v,479,527,,,,,720,https://www.familysearch.org/ark:/61903/3:1:3QS7-893Y-YYK8?i=719&cc=1985804&wc=M6Z9-9WG%3A264175701%2C264722601%2C265393101
281,IV,s.,Tîrnova,Тырново,,528-553,528,553,,,,,812,https://www.familysearch.org/ark:/61903/3:1:3QS7-L93Y-YYDN?i=811&cc=1985804&wc=M6Z9-9WG%3A264175701%2C264722601%2C265393101
281,IV,s.,Trestieni (Trestiani),Трестиень (Трестиань),,554-561,554,561,,,,,859,https://www.familysearch.org/ark:/61903/3:1:3QS7-893Y-YT3P?i=858&cc=1985804&wc=M6Z9-9WG%3A264175701%2C264722601%2C265393101
281,IV,s.,Trebisăuţi,Требисэуць,,562-589,562,589,,,,,872,https://www.familysearch.org/ark:/61903/3:1:3QS7-L93Y-YT5N?i=871&cc=1985804&wc=M6Z9-9WG%3A264175701%2C264722601%2C265393101
281,V,s.,Tolbureni,Толбурень,,590-620,590,620,,,,,921,https://www.familysearch.org/ark:/61903/3:1:3QS7-993Y-Y99V-P?i=920&cc=1985804&wc=M6Z9-9WG%3A264175701%2C264722601%2C265393101
281,V,s.,Forostina,Форостина,,621-641v,621,641,,,,,973,https://www.familysearch.org/ark:/61903/3:1:3QS7-L93Y-Y99R-V?i=972&cc=1985804&wc=M6Z9-9WG%3A264175701%2C264722601%2C265393101
281,V,s.,Halahora,Халахора,,642-649,642,649,,,,,1021,https://www.familysearch.org/ark:/61903/3:1:3QS7-893Y-BCCH?i=1020&cc=1985804&wc=M6Z9-9WG%3A264175701%2C264722601%2C265393101
281,V,s.,Hădărăuţi,Хэдэрэуць,,650-680,650,680,,,,,1034,https://www.familysearch.org/ark:/61903/3:1:3QS7-893Y-BCDM?i=1033&cc=1985804&wc=M6Z9-9WG%3A264175701%2C264722601%2C265393101
282,,s.,Cîşla Negima,Кышла Негима,,2-32,2,32,,,,,7,https://www.familysearch.org/ark:/61903/3:1:3QSQ-G93Y-BHF1?i=6&cc=1985804&wc=M6Z9-338%3A264175701%2C264722601%2C265397301
282,,s.,Cîşla Salii,Кышла Салий,,33-92,33,92,,,,,63,https://www.familysearch.org/ark:/61903/3:1:3QSQ-G93Y-BX9S?i=62&cc=1985804&wc=M6Z9-338%3A264175701%2C264722601%2C265397301
282,,s.,Cîşla Zamgii,Кышла Замжий,,93-143,93,143,,,,,,
282,,s.,Cîşla Zelena,Кышла Зелена,,144-162,144,162,,,,,248,https://www.familysearch.org/ark:/61903/3:1:3QS7-893Y-BD7X?i=247&cc=1985804&wc=M6Z9-338%3A264175701%2C264722601%2C265397301
282,II,s.,Colincăuţi,Колинкэуць,,163-217v,163,217,,,,,277,https://www.familysearch.org/ark:/61903/3:1:3QSQ-G93Y-BD7X?i=276&cc=1985804&wc=M6Z9-338%3A264175701%2C264722601%2C265397301
282,II,s.,Capleuca,Каплеука,,218-245,218,245,,,,,362,https://www.familysearch.org/ark:/61903/3:1:3QS7-L93Y-BDMC?i=361&cc=1985804&wc=M6Z9-338%3A264175701%2C264722601%2C265397301
282,II,s.,Coteleu,Котелеу,,247-291,247,291,,,,,413,https://www.familysearch.org/ark:/61903/3:1:3QS7-L93Y-B8K8?i=412&cc=1985804&wc=M6Z9-338%3A264175701%2C264722601%2C265397301
282,II,s.,Costiceni,Костичень,,292-320,292,320,,,,,499,https://www.familysearch.org/ark:/61903/3:1:3QS7-L93Y-B8WK?i=498&cc=1985804&wc=M6Z9-338%3A264175701%2C264722601%2C265397301
282,II,s.,Cruglic,Круглик,,321-347v,321,347,,,,,546,https://www.familysearch.org/ark:/61903/3:1:3QS7-L93Y-BZRS?i=545&cc=1985804&wc=M6Z9-338%3A264175701%2C264722601%2C265397301
282,III,s.,Cotiujeni,Котюжены,,348-414,348,414,,,,,597,https://www.familysearch.org/ark:/61903/3:1:3QS7-893Y-BZSL?i=596&cc=1985804&wc=M6Z9-338%3A264175701%2C264722601%2C265397301
282,III,s.,Clişcăuţi,Клишкэуцы,,415-529,415,529,,,,,725,https://www.familysearch.org/ark:/61903/3:1:3QS7-893Y-BCWQ?i=724&cc=1985804&wc=M6Z9-338%3A264175701%2C264722601%2C265397301
282,III,s.,Cotela,Котеля,,530-557,530,557,,,,,939,https://www.familysearch.org/ark:/61903/3:1:3QSQ-G93Y-BDYN?i=938&cc=1985804&wc=M6Z9-338%3A264175701%2C264722601%2C265397301
282,III,s.,Corjeuţi,Коржеуць,,558-631,558,631,,,,,,
282,III,s.,Caracuşeni,Каракушень,,632-677,632,677,,,,,1142,https://www.familysearch.org/ark:/61903/3:1:3QS7-993Y-Y7KC?i=1141&cc=1985804&wc=M6Z9-338%3A264175701%2C264722601%2C265397301
282,III,s.,Corestăuţi,Корестэуць,,678-710,678,710,,,,,,
282,V,s.,Colicăuţi,Колыкэуць,,711-741,711,741,,,,,,
282,V,s.,Cobîlceni,Кобылчены,,742-799,742,799,,,,,,
282,V,s.,Culişăuca,Кулишэука,,800-824v,800,824,,,,,,
282,V,s.,Chelmineţi,Кельминец,,825-877,825,877,,,,,,
282,VI,s.,Clocuşna,Клокушна,,878-923v,878,923,,,,,1600,https://www.familysearch.org/ark:/61903/3:1:3QS7-893Y-YSPF?i=1599&cc=1985804&wc=M6Z9-338%3A264175701%2C264722601%2C265397301
282,VI,s.,Comarovo,Комарово,,924-974,924,974,,,,,1696,https://www.familysearch.org/ark:/61903/3:1:3QS7-993Y-Y4DX?i=1695&cc=1985804&wc=M6Z9-338%3A264175701%2C264722601%2C265397301
282,VI,s.,Cormani,Кормань,,975-1002,975,1002,,,,,,
282,VII,s.,Coşuleni,Кошулены,,1003-1020,1003,1020,,,,,,
282,VII,s.,Criva,Крива,,1021-1069v,1021,1069,,,,,,
282,VII,s.,Nelipăuţi (Cosăuţi),Косэуць,,1070-1084,1070,1084,,,,,,
282,VII,s.,Crestineşti,Крестинешты,,1085-1110,1085,1110,,,,,,
283,I,s.,Darabani,Дарабань,,3-14,3,14,,,,,,
283,I,s.,Dolineni,Долинены,,15-51,15,51,,,,,26,https://www.familysearch.org/ark:/61903/3:1:3QS7-L93Y-Y9MH-W?i=25&cc=1985804&wc=M6Z9-33D%3A264175701%2C264722601%2C265400501
283,I,s.,Doljoc,Должок,,52-86,52,86,,,,,,
283,I,s.,Dinăuţi,Дынэуць,,87-153,87,153,,,,,154,https://www.familysearch.org/ark:/61903/3:1:3QS7-893Y-YBS4?i=153&cc=1985804&wc=M6Z9-33D%3A264175701%2C264722601%2C265400501
283,I,s.,Drepcăuţi,Дрепкэуць,,154-197,154,197,,,,,290,https://www.familysearch.org/ark:/61903/3:1:3QS7-893Y-YT5W?i=289&cc=1985804&wc=M6Z9-33D%3A264175701%2C264722601%2C265400501
283,II,s.,Dăncăuţi,Дэнкэуць,,198-223,198,223,,,,,,
283,II,s.,Dumeni,Думень,,224-242,224,242,,,,,416,https://www.familysearch.org/ark:/61903/3:1:3QS7-L93Y-YTP2?i=415&cc=1985804&wc=M6Z9-33D%3A264175701%2C264722601%2C265400501
283,II,tîrgul,Edineţ,Единцы,,243-291,243,291,,,,,449,https://www.familysearch.org/ark:/61903/3:1:3QS7-L93Y-YTG2?i=448&cc=1985804&wc=M6Z9-33D%3A264175701%2C264722601%2C265400501
283,II,s.,Zarojani,Зарожаны,,292-340,292,340,,,,,537,https://www.familysearch.org/ark:/61903/3:1:3QSQ-G93Y-YRPD?i=536&cc=1985804&wc=M6Z9-33D%3A264175701%2C264722601%2C265400501
283,II,s.,Zalucea,Залучея,,342-360,342,360,,,,,,
284,,tîrgul,Lipcani,Липканы,,2-44,2,44,,,,,,
284,,s.,Larga,Ларга,,45-131,45,131,,,,,80,https://www.familysearch.org/ark:/61903/3:1:3QS7-893Y-Y9M9-G?i=79&cc=1985804&wc=M6Z9-3Z9%3A264175701%2C264722601%2C265401401
284,,s.,Lucăceni,Лукэчень,,132-156v,132,156,,,,,,
284,II,s.,Lomacinţî,Ломачинцы,,157-218v,157,218,,,,,278,https://www.familysearch.org/ark:/61903/3:1:3QS7-893Y-YYLM?i=277&cc=1985804&wc=M6Z9-3Z9%3A264175701%2C264722601%2C265401401
284,II,s.,Lencăuţi,Ленкэуць,,219-262,219,262,,,,,393,https://www.familysearch.org/ark:/61903/3:1:3QS7-L93Y-RFJD?i=392&cc=1985804&wc=M6Z9-3Z9%3A264175701%2C264722601%2C265401401
284,,s.,Mihălăşeni,Михэлэшень,,262a-289,262,289,,,,,,
284,II,s.,Mărcăuţi,Мэркэуць,,291-341,291,341,,,,,512,https://www.familysearch.org/ark:/61903/3:1:3QSQ-G93Y-R6YT?i=511&cc=1985804&wc=M6Z9-3Z9%3A264175701%2C264722601%2C265401401
284,II,s.,Mihalcova,Михалкова,,342-375,342,375,,,,,602,https://www.familysearch.org/ark:/61903/3:1:3QS7-L93Y-R6X8?i=601&cc=1985804&wc=M6Z9-3Z9%3A264175701%2C264722601%2C265401401
284,II,s.,Mîndîcăuţi,Мындыкэуць,,376-400v,376,400,,,,,658,https://www.familysearch.org/ark:/61903/3:1:3QS7-993Y-RD1M?i=657&cc=1985804&wc=M6Z9-3Z9%3A264175701%2C264722601%2C265401401
284,II,s.,Medveja,Медвежа,,401-419v,401,419,,,,,704,https://www.familysearch.org/ark:/61903/3:1:3QS7-893Y-RDRM?i=703&cc=1985804&wc=M6Z9-3Z9%3A264175701%2C264722601%2C265401401
284,II,s.,Moşineţ,Мошинец,,420-455v,420,455,,,,,735,https://www.familysearch.org/ark:/61903/3:1:3QS7-L93Y-RD4Y?i=734&cc=1985804&wc=M6Z9-3Z9%3A264175701%2C264722601%2C265401401
284,II,s.,Mălineşti,Мэлинешть,,465-488,465,488,,,,,813,https://www.familysearch.org/ark:/61903/3:1:3QS7-893Y-RJ42?i=812&cc=1985804&wc=M6Z9-3Z9%3A264175701%2C264722601%2C265401401
284,IV,s.,Marşeniţa,Маршеница,,489-546,489,546,,,,,,
284,IV,s.,Malinţi,Малинцы,,547-603,547,603,,,,,,
284,IV,s.,Moldova,Молдова,,604-644,604,644,,,,,1069,https://www.familysearch.org/ark:/61903/3:1:3QSQ-G93Y-RFF9?i=1068&cc=1985804&wc=M6Z9-3Z9%3A264175701%2C264722601%2C265401401
285,,s.,Arestovca (Rădăuţi),Арестовка (Рэдэуць),,2-12,2,12,,,,,896,https://www.familysearch.org/ark:/61903/3:1:3QS7-993Y-RNMD?i=895&cc=1985804&wc=M6Z9-3NL%3A264175701%2C264722601%2C265402501
285,,s.,Anadol,Анадол,,13-23v,13,23,,,,,915,https://www.familysearch.org/ark:/61903/3:1:3QS7-L93Y-RF8M?i=914&cc=1985804&wc=M6Z9-3NL%3A264175701%2C264722601%2C265402501
285,,s.,Balamutovca,Баламутовка,,24-54,24,54,,,,,935,https://www.familysearch.org/ark:/61903/3:1:3QSQ-G93Y-RXJT?i=934&cc=1985804&wc=M6Z9-3NL%3A264175701%2C264722601%2C265402501
285,,s.,Bocicăuţi,Бочикэуць,,55-95,55,95,,,,,995,https://www.familysearch.org/ark:/61903/3:1:3QS7-893Y-RX2H?i=994&cc=1985804&wc=M6Z9-3NL%3A264175701%2C264722601%2C265402501
285,,s.,Berestea,Берестя,,96-120,96,120,,,,,,
285,,s.,Bilăuţi (Beleuţi),Билэуць (Белеуцы),,121-147,121,147,,,,,,
285,,s.,Bălcăuţii de Jos,Бэлкэуций-де-Жос,,148-169,148,169,,,,,1157,https://www.familysearch.org/ark:/61903/3:1:3QS7-L93Y-RDYT?i=1156&cc=1985804&wc=M6Z9-3NL%3A264175701%2C264722601%2C265402501
285,II,s.,Bălcăuţii de Sus,Бэлкэуций-де-Сус,,170-201,170,201,,,,,18,https://www.familysearch.org/ark:/61903/3:1:3QS7-893Y-Y99Z-J?i=17&cc=1985804&wc=M6Z9-3NL%3A264175701%2C264722601%2C265402501
285,II,s.,Berlinţi,Берлинцы,,202-228,202,228,,,,,,
285,II,s.,Bălăsineşti,Бэлэсинешть,,275-287,275,287,,,,,,
285,II,tîrgul,Briceni,Бричаны,,288-315,288,315,,,,,232,https://www.familysearch.org/ark:/61903/3:1:3QS7-993Y-Y1CN?i=231&cc=1985804&wc=M6Z9-3NL%3A264175701%2C264722601%2C265402501
285,II,s.,Belousovca,Белоусовка,,316-333,316,333,,,,,,
285,III,s.,Bordiug (Tolmaceia),Бордюг (Толмачия),,334-358,334,358,,,,,314,https://www.familysearch.org/ark:/61903/3:1:3QS7-L93Y-YBLS?i=313&cc=1985804&wc=M6Z9-3NL%3A264175701%2C264722601%2C265402501
285,III,s.,Babina,Бабина,,359-417,359,417,,,,,361,https://www.familysearch.org/ark:/61903/3:1:3QS7-L93Y-YBNL?i=360&cc=1985804&wc=M6Z9-3NL%3A264175701%2C264722601%2C265402501
285,III,s.,Bădragi,Бэдраджь,,418-442,418,442,,,,,477,https://www.familysearch.org/ark:/61903/3:1:3QS7-L93Y-Y93B-B?i=476&cc=1985804&wc=M6Z9-3NL%3A264175701%2C264722601%2C265402501
285,III,s.,Bulboaca,Булбоака,,443-473,443,473,,,,,523,https://www.familysearch.org/ark:/61903/3:1:3QS7-993Y-Y933-N?i=522&cc=1985804&wc=M6Z9-3NL%3A264175701%2C264722601%2C265402501
285,IV,s.,Buzoviţa,Бузовица,,474-520,474,520,,,,,583,https://www.familysearch.org/ark:/61903/3:1:3QSQ-G93Y-Y939-B?i=582&cc=1985804&wc=M6Z9-3NL%3A264175701%2C264722601%2C265402501
285,IV,s.,Bogdăneşti,Богдэнешть,,521-551,521,551,,,,,,
285,IV,s.,Bîrnova,Бырнова,,552-588,552,588,,,,,730,https://www.familysearch.org/ark:/61903/3:1:3QSQ-G93Y-Y9SS-2?i=729&cc=1985804&wc=M6Z9-3NL%3A264175701%2C264722601%2C265402501
285,IV,s.,Bîrlădeni,Бырлэдень,,589-605,589,605,,,,,803,https://www.familysearch.org/ark:/61903/3:1:3QSQ-G93Y-Y99Z-L?i=802&cc=1985804&wc=M6Z9-3NL%3A264175701%2C264722601%2C265402501
285,IV,s.,Burlăneşti,Бурлэнешты,,606-636,606,636,,,,,834,https://www.familysearch.org/ark:/61903/3:1:3QS7-L93Y-Y99L-1?i=833&cc=1985804&wc=M6Z9-3NL%3A264175701%2C264722601%2C265402501
286,,s.,Cepănoasa,Чепэноаса,,2-30,2,30,,,,,4,https://www.familysearch.org/ark:/61903/3:1:3QSQ-G93Y-Y9MD-4?i=3&cc=1985804&wc=M6Z9-WZS%3A264175701%2C264722601%2C265404301
286,,s.,Cerlina Mare,Черлина Маре,,31-73,31,73,,,,,57,https://www.familysearch.org/ark:/61903/3:1:3QS7-L93Y-Y9M7-4?i=56&cc=1985804&wc=M6Z9-WZS%3A264175701%2C264722601%2C265404301
286,,s.,Cebrău,Чебрук,,74-103,74,103,,,,,139,https://www.familysearch.org/ark:/61903/3:1:3QSQ-G93Y-YBBJ?i=138&cc=1985804&wc=M6Z9-WZS%3A264175701%2C264722601%2C265404301
286,,s.,Cepeleuţi,Чепелеуць,,104-156,104,156,,,,,204,https://www.familysearch.org/ark:/61903/3:1:3QSQ-G93Y-5X5K?i=203&cc=1985804&wc=M6Z9-WZS%3A264175701%2C264722601%2C265404301
286,II,s.,Şirăuţii de Sus,Ширэуций-де-Сус,,157-226,157,226,,,,,305,https://www.familysearch.org/ark:/61903/3:1:3QS7-893Y-5KJC?i=304&cc=1985804&wc=M6Z9-WZS%3A264175701%2C264722601%2C265404301
286,II,s.,Slobozia Şirăuţi,Слобозия-Ширэуць,,227-247,227,247,,,,,,
286,II,s.,Şirăuţii de Jos,Ширэуций-де-Жос,,248-294,248,294,,,,,,
286,II,s.,Şilouţi,Шилоуцы,,295-345,295,345,,,,,564,https://www.familysearch.org/ark:/61903/3:1:3QS7-893Y-5JQP?i=563&cc=1985804&wc=M6Z9-WZS%3A264175701%2C264722601%2C265404301
286,III,s.,Şişicăuţi,Шишикэуци,,346-360,346,360,,,,,,
286,III,s.,Şendreni,Шендрены,,361-381,361,381,,,,,,
286,III,s.,Şerbinţi,Шербинцы,,382-408,382,408,,,,,,
286,,s.,Şebutinţi,Шебутинцы,,408a-444,408,444,,,,,,
286,III,s.,Ianăuţi,Янэуцы,,445-508v,445,508,,,,,844,https://www.familysearch.org/ark:/61903/3:1:3QS7-893Y-5FNV?i=843&cc=1985804&wc=M6Z9-WZS%3A264175701%2C264722601%2C265404301
287,,s.,"Otaci (Ataci, Atachi)",Атаки,,2-26,2,26,,,,,,
287,,s.,Belousovca,Белоусовка,,27-45,27,45,,,,,50,https://www.familysearch.org/ark:/61903/3:1:3QS7-993Y-52F1?i=49&cc=1985804&wc=M6Z9-WZ3%3A264175701%2C264722601%2C265405301
287,,s.,Costiceni,Костичень,,46-59,46,59,,,,,83,https://www.familysearch.org/ark:/61903/3:1:3QSQ-G93Y-526V?i=82&cc=1985804&wc=M6Z9-WZ3%3A264175701%2C264722601%2C265405301
287,,s.,Conovca,Коновка,,60-77v,60,77,,,,,,
287,,s.,Mămăliga,Мамалыга,,79-116,79,116,,,,,139,https://www.familysearch.org/ark:/61903/3:1:3QS7-993Y-5KFY?i=138&cc=1985804&wc=M6Z9-WZ3%3A264175701%2C264722601%2C265405301
287,,s.,Medveja,Медвежа,,117-132,117,132,,,,,214,https://www.familysearch.org/ark:/61903/3:1:3QSQ-G93Y-5KSD?i=213&cc=1985804&wc=M6Z9-WZ3%3A264175701%2C264722601%2C265405301
287,,s.,Măcăreuca,Мэкэреука,,133-153,133,153,,,,,,
287,II,s.,Teţcani,Тецканы,,154-179,154,179,,,,,,
287,II,s.,Feteşti,Фетешты,,180-201v,180,201,,,,,,
287,II,s.,Holohoreni,Холохорень,,202-210,202,210,,,,,374,https://www.familysearch.org/ark:/61903/3:1:3QS7-L93Y-5F1C?i=373&cc=1985804&wc=M6Z9-WZ3%3A264175701%2C264722601%2C265405301
287,II,s.,Ruhotin,Рухотин,,211-221,211,221,,,,,389,https://www.familysearch.org/ark:/61903/3:1:3QSQ-G93Y-5NM9?i=388&cc=1985804&wc=M6Z9-WZ3%3A264175701%2C264722601%2C265405301
287,II,s.,Hîjdău,Хыждэу,,222-234v,222,234,,,,,409,https://www.familysearch.org/ark:/61903/3:1:3QSQ-G93Y-5FTM?i=408&cc=1985804&wc=M6Z9-WZ3%3A264175701%2C264722601%2C265405301
288,,or.,Hotin,Хотин,,1-30,1,30,,,,,2,https://www.familysearch.org/ark:/61903/3:1:3QS7-993Y-5FH4?i=1&cc=1985804&wc=M6Z9-8TG%3A264175701%2C264722601%2C265437701
288,,s.,Costiceni,Костичень,,31-32,31,32,,,,,46,https://www.familysearch.org/ark:/61903/3:1:3QS7-L93Y-5FMW?i=45&cc=1985804&wc=M6Z9-8TG%3A264175701%2C264722601%2C265437701
288,,s.,Mămăliga,Мамалыга,,33-34,33,34,,,,,48,https://www.familysearch.org/ark:/61903/3:1:3QSQ-G93Y-5XPZ?i=47&cc=1985804&wc=M6Z9-8TG%3A264175701%2C264722601%2C265437701
288,,s.,Rucşin,Рукшин,,35-37,35,37,,,,,51,https://www.familysearch.org/ark:/61903/3:1:3QS7-L93Y-5XN6?i=50&cc=1985804&wc=M6Z9-8TG%3A264175701%2C264722601%2C265437701
288,,s.,Slobozia Şirăuţi,Слобозия-Ширэуць,,38-39,38,39,,,,,54,https://www.familysearch.org/ark:/61903/3:1:3QS7-993Y-5XPK?i=53&cc=1985804&wc=M6Z9-8TG%3A264175701%2C264722601%2C265437701
288,,s.,Tărăsăuţi,Тэрэсэуць,,40-41,40,41,,,,,60,https://www.familysearch.org/ark:/61903/3:1:3QS7-993Y-5XL4?i=59&cc=1985804&wc=M6Z9-8TG%3A264175701%2C264722601%2C265437701
288,,s.,Tolbureni,Толбурень,,42-46v,42,46,,,,,63,https://www.familysearch.org/ark:/61903/3:1:3QS7-L93Y-5XVM?i=62&cc=1985804&wc=M6Z9-8TG%3A264175701%2C264722601%2C265437701
288,,s.,Cerlina Mare,Черлина Маре,,47-48,47,48,,,,,71,https://www.familysearch.org/ark:/61903/3:1:3QS7-L93Y-5XDF?i=70&cc=1985804&wc=M6Z9-8TG%3A264175701%2C264722601%2C265437701
288,,s.,Şerbinţi,Шербинцы,,49-50,49,50,,,,,71,https://www.familysearch.org/ark:/61903/3:1:3QS7-L93Y-5XDF?i=70&cc=1985804&wc=M6Z9-8TG%3A264175701%2C264722601%2C265437701
289,,satul,Marşinţi,Маршинцы,,1-3,1,3,,,,,,
290,,s.,Pol-Onut,Пол-Онут,,2-16,2,16,,,,,,
290,,s.,Ocniţa,Окница,,17-58,17,58,,,,,32,https://www.familysearch.org/ark:/61903/3:1:3QS7-893Y-56F9?i=31&cc=1985804&wc=M6Z9-W29%3A264175701%2C264722601%2C265406001
290,,s.,Onut,Онут,,60-76,60,76,,,,,103,https://www.familysearch.org/ark:/61903/3:1:3QS7-993Y-564X?i=102&cc=1985804&wc=M6Z9-W29%3A264175701%2C264722601%2C265406001
290,,s.,Ojevo,Ожево,,77-115v,77,115,,,,,131,https://www.familysearch.org/ark:/61903/3:1:3QSQ-G93Y-56C4?i=130&cc=1985804&wc=M6Z9-W29%3A264175701%2C264722601%2C265406001
290,,s.,Prihorodoc,Прихородок,,116-147v,116,147,,,,,200,https://www.familysearch.org/ark:/61903/3:1:3QS7-L93Y-5D5Q?i=199&cc=1985804&wc=M6Z9-W29%3A264175701%2C264722601%2C265406001
290,II,s.,Păscăuţi,Пэскэуць,,148-182,148,182,,,,,257,https://www.familysearch.org/ark:/61903/3:1:3QS7-893Y-5VWY?i=256&cc=1985804&wc=M6Z9-W29%3A264175701%2C264722601%2C265406001
290,II,s.,Perebicăuţi,Перебыковцы,,183-253,183,253,,,,,322,https://www.familysearch.org/ark:/61903/3:1:3QS7-893Y-5JG2?i=321&cc=1985804&wc=M6Z9-W29%3A264175701%2C264722601%2C265406001
290,,s.,Pererîta,Перерыта,,253a-292,253,292,,,,,,
290,II,s.,Poiana,Поляна,,293-316,293,316,,,,,,
290,III,s.,Percăuţi,Перкауцы,,318-343,318,343,,,,,,
290,III,s.,Paladea,Паладя,,345-357,345,357,,,,,,
290,III,s.,Pol-Ruhotin,Пол-Рухотин,,360-370,360,370,,,,,633,https://www.familysearch.org/ark:/61903/3:1:3QS7-993Y-5FRG?i=632&cc=1985804&wc=M6Z9-W29%3A264175701%2C264722601%2C265406001
290,III,s.,Rucşin,Рукшин,,371-432v,371,432,,,,,652,https://www.familysearch.org/ark:/61903/3:1:3QS7-993Y-5FLS?i=651&cc=1985804&wc=M6Z9-W29%3A264175701%2C264722601%2C265406001
290,III,s.,Rjavinţi,Ржавинць,,433-488,433,488,,,,,769,https://www.familysearch.org/ark:/61903/3:1:3QS7-993Y-5XVQ?i=768&cc=1985804&wc=M6Z9-W29%3A264175701%2C264722601%2C265406001
290,IV,s.,Raşcu,Раску,,490-544,490,544,,,,,884,https://www.familysearch.org/ark:/61903/3:1:3QS7-993Y-BXKR?i=883&cc=1985804&wc=M6Z9-W29%3A264175701%2C264722601%2C265406001
290,IV,s.,Răchitna,Рэкитна,,545-566v,545,566,,,,,988,https://www.familysearch.org/ark:/61903/3:1:3QSQ-G93Y-BF4L?i=987&cc=1985804&wc=M6Z9-W29%3A264175701%2C264722601%2C265406001
290,IV,s.,Rîngaci,Рынгачь,,568-593v,568,593,,,,,1028,https://www.familysearch.org/ark:/61903/3:1:3QS7-993Y-B642?i=1027&cc=1985804&wc=M6Z9-W29%3A264175701%2C264722601%2C265406001
290,IV,s.,Rosoşani,Росошани,,597-633v,597,633,,,,,1077,https://www.familysearch.org/ark:/61903/3:1:3QSQ-G93Y-BX95?i=1076&cc=1985804&wc=M6Z9-W29%3A264175701%2C264722601%2C265406001
290,IV,s.,Rătunda,Рэтунда,,634-660v,634,660,,,,,1145,https://www.familysearch.org/ark:/61903/3:1:3QS7-L93Y-B6LJ?i=1144&cc=1985804&wc=M6Z9-W29%3A264175701%2C264722601%2C265406001
290,V,s.,Răspopenţi,Распопенцы,,662-699,662,699,,,,,1192,https://www.familysearch.org/ark:/61903/3:1:3QS7-893Y-B63L?i=1191&cc=1985804&wc=M6Z9-W29%3A264175701%2C264722601%2C265406001
290,V,s.,Romîncăuţi,Роминкэуци,,701-747v,701,747,,,,,1265,https://www.familysearch.org/ark:/61903/3:1:3QS7-993Y-B841?i=1264&cc=1985804&wc=M6Z9-W29%3A264175701%2C264722601%2C265406001
290,V,s.,Revcăuţi,Ревкэуць,,751-770,751,770,,,,,,
290,V,s.,Restev-Atachi (Vîrstova),Рестев-Атачи (Вырстова),,771-814v,771,814,,,,,,
291,,oraşul,Hotin,Хотин,,1-114,1,114,,,,,3,https://www.familysearch.org/ark:/61903/3:1:3QSQ-G93Y-B8FN?i=2&cc=1985804&wc=M6Z9-XTL%3A264175701%2C264722601%2C265448102
292,,s.,Năvîrneţ,Навырнец,,1-29,1,29,,,,,,
292,,s.,Năpădeni,Напэдены,,30-85,30,85,,,,,233,https://www.familysearch.org/ark:/61903/3:1:3QS7-893Y-BXBY?i=232&cc=1985804&wc=M6Z9-W2S%3A264175701%2C264722601%2C265408001
292,,s.,Negureni,Негурень,,86-105,86,105,,,,,335,https://www.familysearch.org/ark:/61903/3:1:3QS7-893Y-BX93?i=334&cc=1985804&wc=M6Z9-W2S%3A264175701%2C264722601%2C265408001
292,,s.,Nicorenii de Jos,Никорений-де-Жос,,106-119,106,119,,,,,,
292,,s.,Obreja,Обря,,120-165,120,165,,,,,10,https://www.familysearch.org/ark:/61903/3:1:3QS7-L93Y-5XZY?i=9&cc=1985804&wc=M6Z9-W2S%3A264175701%2C264722601%2C265408001
292,,s.,Ochiul Alb,Окюл-Алб,,166-185,166,185,,,,,95,https://www.familysearch.org/ark:/61903/3:1:3QSQ-G93Y-566C?i=94&cc=1985804&wc=M6Z9-W2S%3A264175701%2C264722601%2C265408001
293,,s.,Dumeni,Думень,,2-13,2,13,,,,,,
293,,s.,Dănuţeni,Дэнуцень,,14-45,14,45,,,,,24,https://www.familysearch.org/ark:/61903/3:1:3QS7-893Y-5DK6?i=23&cc=1985804&wc=M6Z9-W68%3A264175701%2C264722601%2C265408501
293,,s.,Drujineni,Дружинены,,46v-59,46,59,,,,,,
293,,s.,Duşmani,Душмань,,60-94,60,94,,,,,111,https://www.familysearch.org/ark:/61903/3:1:3QSQ-G93Y-58Y1?i=110&cc=1985804&wc=M6Z9-W68%3A264175701%2C264722601%2C265408501
293,,s.,Duruitoarea,Друитоаря,,95-107v,95,107,,,,,,
293,,s.,Dumbrăviţa,Думбравица,,108-142,108,142,,,,,201,https://www.familysearch.org/ark:/61903/3:1:3QS7-893Y-5NBD?i=200&cc=1985804&wc=M6Z9-W68%3A264175701%2C264722601%2C265408501
293,,s.,Danu,Дану,,143-166,143,166,,,,,324,https://www.familysearch.org/ark:/61903/3:1:3QS7-893Y-5NMZ?i=323&cc=1985804&wc=M6Z9-W68%3A264175701%2C264722601%2C265408501
293,II,s.,Iezăreni,Езэрены,,167-203,167,203,,,,,,
293,II,s.,Zagarancea,Загаранча,,204-212,204,212,,,,,,
293,II,s.,Zăhăicani,Захайкани,,213-276,213,276,,,,,,
293,III,s.,Zgărdeşti,Згардешты,,277-304,277,304,,,,,,
293,III,s.,Zăzuleni,Зазулены,,305-318,305,318,,,,,,
293,III,s.,Izvoare,Извоаре,,319-345,319,345,,,,,,
293,III,s.,Zăbriceni,Забричени,,346-360v,346,360,,,,,,
294,I,s.,Lucăceni (Alexăndreni),Лукэчень (Алексэндрень),,1-13,1,13,,,,,,
294,I,s.,Limbeni,Лимбень,,14-64,14,64,,,,,28,https://www.familysearch.org/ark:/61903/3:1:3QS7-L93Y-5XZX?i=27&cc=1985804&wc=M6Z9-W6D%3A264175701%2C264722601%2C265409601
294,I,s.,Limbenii de Noi,Лимбений де Ной,,65-91,65,91,,,,,114,https://www.familysearch.org/ark:/61903/3:1:3QSQ-G93Y-56S8?i=113&cc=1985804&wc=M6Z9-W6D%3A264175701%2C264722601%2C265409601
294,I,s.,Musteaţa,Мустяца,,92-122,92,122,,,,,,
294,I,s.,Medeleni,Меделень,,123-135,123,135,,,,,219,https://www.familysearch.org/ark:/61903/3:1:3QS7-993Y-58PD?i=218&cc=1985804&wc=M6Z9-W6D%3A264175701%2C264722601%2C265409601
294,I,s.,Mănoileşti,Мэноилешть,,136-150,136,150,,,,,239,https://www.familysearch.org/ark:/61903/3:1:3QS7-893Y-58ZD?i=238&cc=1985804&wc=M6Z9-W6D%3A264175701%2C264722601%2C265409601
294,I,s.,Micleuşeni,Миклеушень,,151-167,151,167,,,,,,
294,II,s.,Mălăieşti,Мэлэешть,,168-190,168,190,,,,,283,https://www.familysearch.org/ark:/61903/3:1:3QS7-L93Y-5JK8?i=282&cc=1985804&wc=M6Z9-W6D%3A264175701%2C264722601%2C265409601
294,II,s.,Măgurele,Мэгуреле,,191-215,191,215,,,,,334,https://www.familysearch.org/ark:/61903/3:1:3QSQ-G93Y-1VK6?i=333&cc=1985804&wc=M6Z9-W6D%3A264175701%2C264722601%2C265409601
294,II,s.,Mirceşti,Мирчешть,,217-270,217,270,,,,,373,https://www.familysearch.org/ark:/61903/3:1:3QS7-L93Y-1VZS?i=372&cc=1985804&wc=M6Z9-W6D%3A264175701%2C264722601%2C265409601
294,II,s.,Mînzăteşti,Мынзэтешть,,271-303,271,303,,,,,467,https://www.familysearch.org/ark:/61903/3:1:3QS7-993Y-1NJB?i=466&cc=1985804&wc=M6Z9-W6D%3A264175701%2C264722601%2C265409601
294,II,s.,Mînzăteştii Vechi,Мынзэтештий Векь,,304-315,304,315,,,,,525,https://www.familysearch.org/ark:/61903/3:1:3QS7-993Y-1LS8?i=524&cc=1985804&wc=M6Z9-W6D%3A264175701%2C264722601%2C265409601
294,III,s.,Măgura,Мэгура,,316-353,316,353,,,,,546,https://www.familysearch.org/ark:/61903/3:1:3QS7-993Y-12PY?i=545&cc=1985804&wc=M6Z9-W6D%3A264175701%2C264722601%2C265409601
294,III,s.,Mîndreşti,Мындрешть,,354-395,354,395,,,,,613,https://www.familysearch.org/ark:/61903/3:1:3QS7-893Y-1227?i=612&cc=1985804&wc=M6Z9-W6D%3A264175701%2C264722601%2C265409601
294,III,s.,Mihăileni,Михэйлень,,396-431,396,431,,,,,681,https://www.familysearch.org/ark:/61903/3:1:3QS7-L93Y-12N1?i=680&cc=1985804&wc=M6Z9-W6D%3A264175701%2C264722601%2C265409601
295,,or.,Bălţi,Бельцы,,1-150,1,150,,,,,2,https://www.familysearch.org/ark:/61903/3:1:3QSQ-G93Y-12HV?i=1&cc=1985804&wc=M6Z9-W66%3A264175701%2C264722601%2C265410701
296,I,s.,Volodeni,Володены,,1-14,1,14,,,,,,
296,I,s.,Văratic,Вэратик,,15-40,15,40,,,,,27,https://www.familysearch.org/ark:/61903/3:1:3QS7-L93Y-1VB3?i=26&cc=1985804&wc=M6Z9-WZ9%3A264175701%2C264722601%2C265411301
296,I,s.,Vrăneşti,Врэнешты,,41-63,41,63,,,,,68,https://www.familysearch.org/ark:/61903/3:1:3QS7-993Y-1JRG?i=67&cc=1985804&wc=M6Z9-WZ9%3A264175701%2C264722601%2C265411301
296,I,s.,Vulpeşti,Вулпешты,,64-82,64,82,,,,,102,https://www.familysearch.org/ark:/61903/3:1:3QS7-893Y-1VW3?i=101&cc=1985804&wc=M6Z9-WZ9%3A264175701%2C264722601%2C265411301
296,I,s.,Vasileuţi Mitropolie,Василеуць Митрополие,,83-97,83,97,,,,,,
296,I,s.,Vasileuţi Spiridon,Василеуць Спиридон,,98-110,98,110,,,,,159,https://www.familysearch.org/ark:/61903/3:1:3QS7-L93Y-1V44?i=158&cc=1985804&wc=M6Z9-WZ9%3A264175701%2C264722601%2C265411301
296,I,s.,Valea Rusului,Валя-Русулуй,,111-131,111,131,,,,,183,https://www.familysearch.org/ark:/61903/3:1:3QS7-L93Y-1VQ8?i=182&cc=1985804&wc=M6Z9-WZ9%3A264175701%2C264722601%2C265411301
296,I,s.,Horodişte,Городище,,132-148,132,148,,,,,,
296,I,s.,Ghiliceni,Гилиčень,,149-181v,149,181,,,,,253,https://www.familysearch.org/ark:/61903/3:1:3QS7-893Y-1LLJ?i=252&cc=1985804&wc=M6Z9-WZ9%3A264175701%2C264722601%2C265411301
296,II,s.,Gherman,Герман,,182-203,182,203,,,,,,
296,II,s.,Glodeni,Глодень,,204-256,204,256,,,,,351,https://www.familysearch.org/ark:/61903/3:1:3QSQ-G93Y-1LHY?i=350&cc=1985804&wc=M6Z9-WZ9%3A264175701%2C264722601%2C265411301
296,II,s.,Gălăşeni,Гэлэшень,,257-296,257,296,,,,,455,https://www.familysearch.org/ark:/61903/3:1:3QS7-L9QM-K9QW-B?i=454&cc=1985804&wc=M6Z9-WZ9%3A264175701%2C264722601%2C265411301
296,II,s.,Heciul Nou,Хециул-Ноу,,297-340,297,340,,,,,529,https://www.familysearch.org/ark:/61903/3:1:3QS7-99QM-K9WW-H?i=528&cc=1985804&wc=M6Z9-WZ9%3A264175701%2C264722601%2C265411301
296,III,s.,Heciul Vechi,Хециул-Векь,,341-361,341,361,,,,,,
296,,s.,Hîrceşti,Хырчешты,,362-404a,362,404,,,,,,
296,III,s.,Glingeni,Глинджень,,405-454,405,454,,,,,732,https://www.familysearch.org/ark:/61903/3:1:3QSQ-G9QM-K9WM-N?i=731&cc=1985804&wc=M6Z9-WZ9%3A264175701%2C264722601%2C265411301
296,III,s.,Hăreşti,Хэрешты,,455-475,455,475,,,,,828,https://www.familysearch.org/ark:/61903/3:1:3QS7-99QM-K9QR-X?i=827&cc=1985804&wc=M6Z9-WZ9%3A264175701%2C264722601%2C265411301
296,III,s.,Grăseni,Грэсень,,476-491,476,491,,,,,,
296,III,s.,Hînceşti,Хынчешты,,492-522,492,522,,,,,,
297,I,s.,Terebna,Теребна,,1-26,1,26,,,,,,
297,I,s.,Todireşti,Тодирешты,,27-73,27,73,,,,,56,https://www.familysearch.org/ark:/61903/3:1:3QS7-L9QM-K97S-V?i=55&cc=1985804&wc=M6Z9-WNL%3A264175701%2C264722601%2C265413401
297,I,s.,Taxobeni,Таксобень,,74-88,74,88,,,,,,
297,I,s.,Tomeşti-Răzeşi,Томешты-Рэзешь,,89-103,89,103,,,,,,
297,I,s.,Tomeşti,Томешты,,104-131,104,131,,,,,,
297,I,s.,Teşcureni,Тешкурень,,132-158,132,158,,,,,244,https://www.familysearch.org/ark:/61903/3:1:3QSQ-G9QM-K9QL-3?i=243&cc=1985804&wc=M6Z9-WNL%3A264175701%2C264722601%2C265413401
297,I,s.,Tiurt,Тюрт,,159-171,159,171,,,,,295,https://www.familysearch.org/ark:/61903/3:1:3QS7-99QM-K9WZ-R?i=294&cc=1985804&wc=M6Z9-WNL%3A264175701%2C264722601%2C265413401
297,II,s.,Ungheni,Унгень,,172-183,172,183,,,,,318,https://www.familysearch.org/ark:/61903/3:1:3QSQ-G9QM-K946-5?i=317&cc=1985804&wc=M6Z9-WNL%3A264175701%2C264722601%2C265413401
297,II,s.,Unţeşti,Унцешты,,184-229,184,229,,,,,340,https://www.familysearch.org/ark:/61903/3:1:3QS7-99QM-K9W7-F?i=339&cc=1985804&wc=M6Z9-WNL%3A264175701%2C264722601%2C265413401
297,II,s.,Ustia,Устия,,230-264,230,264,,,,,,
297,II,s.,Unteni,Унтень,,265-283,265,283,,,,,,
297,III,tîrgul,Făleşti,Фалешты,,284-400,284,400,,,,,589,https://www.familysearch.org/ark:/61903/3:1:3QS7-89QM-K4MK?i=588&cc=1985804&wc=M6Z9-WNL%3A264175701%2C264722601%2C265413401
297,IV,s.,Floriţoaia,Флорицоая,,401-415,401,415,,,,,,
297,IV,s.,Flămînzeni,Флэмынзень,,416-448,416,448,,,,,838,https://www.familysearch.org/ark:/61903/3:1:3QS7-99QM-K7KZ?i=837&cc=1985804&wc=M6Z9-WNL%3A264175701%2C264722601%2C265413401
297,IV,s.,Floreşti,Флорешты,,449-472,449,472,,,,,896,https://www.familysearch.org/ark:/61903/3:1:3QS7-L9QM-KQFN?i=895&cc=1985804&wc=M6Z9-WNL%3A264175701%2C264722601%2C265413401
297,IV,s.,Fîntîna Albă,Фынтына Албэ,,473-488,473,488,,,,,937,https://www.familysearch.org/ark:/61903/3:1:3QSQ-G9QM-KQTX?i=936&cc=1985804&wc=M6Z9-WNL%3A264175701%2C264722601%2C265413401
297,IV,s.,Funduri,Фундурь,,489-495,489,495,,,,,,
297,,moşia,Floceni şi Coşeni,Флочены и Кошены,,496-499,496,499,,,,,,
297,IV,s.,Coşeno-Floceni,Кошено-Флочены,,500-511,500,511,,,,,,
298,I,s.,Pîrliţa,Пырлица,,1-76,1,76,,,,,,
298,I,s.,Petreşti,Петрешты,,77-104,77,104,,,,,137,https://www.familysearch.org/ark:/61903/3:1:3QSQ-G9QM-KQMR?i=136&cc=1985804&wc=M6Z9-438%3A264175701%2C264722601%2C265415801
298,I,s.,Petruşeni,Петрушены,,105-140,105,140,,,,,,
298,II,s.,Pînzăreni,Пынзэрень,,141-173,141,173,,,,,,
298,II,s.,Pietrosu,Пьетросу,,174-195,174,195,,,,,315,https://www.familysearch.org/ark:/61903/3:1:3QSQ-G9QM-K3WX?i=314&cc=1985804&wc=M6Z9-438%3A264175701%2C264722601%2C265415801
298,II,s.,Poporniţa,Попорница,,196-206,196,206,,,,,357,https://www.familysearch.org/ark:/61903/3:1:3QSQ-G9QM-KW2S?i=356&cc=1985804&wc=M6Z9-438%3A264175701%2C264722601%2C265415801
298,II,s.,Pelinia,Пелиния,,207-269,207,269,,,,,376,https://www.familysearch.org/ark:/61903/3:1:3QS7-99QM-K4SK?i=375&cc=1985804&wc=M6Z9-438%3A264175701%2C264722601%2C265415801
298,II,s.,Porciuleanca,Порчуленка,,270-290,270,290,,,,,,
298,III,s.,Proscureni,Проскурены,,291-293,291,293,,,,,535,https://www.familysearch.org/ark:/61903/3:1:3QS7-L9QM-K77F?i=534&cc=1985804&wc=M6Z9-438%3A264175701%2C264722601%2C265415801
298,III,s.,Pociumbeni,Почумбены,,294-310,294,310,,,,,538,https://www.familysearch.org/ark:/61903/3:1:3QSQ-G9QM-K765?i=537&cc=1985804&wc=M6Z9-438%3A264175701%2C264722601%2C265415801
298,III,s.,Parcova,Парково,,311-347,311,347,,,,,579,https://www.familysearch.org/ark:/61903/3:1:3QS7-L9QM-JBXJ?i=578&cc=1985804&wc=M6Z9-438%3A264175701%2C264722601%2C265415801
298,III,s.,Pociumbăuţi,Почумбэуць,,348-368,348,368,,,,,650,https://www.familysearch.org/ark:/61903/3:1:3QS7-L9QM-JB4N?i=649&cc=1985804&wc=M6Z9-438%3A264175701%2C264722601%2C265415801
298,III,s.,Prajila de Jos,Пражила-де-Жос,,369-385,369,385,,,,,,
298,III,s.,Pîrjota,Пыржота,,386-396,386,396,,,,,720,https://www.familysearch.org/ark:/61903/3:1:3QS7-99QM-JBBC?i=719&cc=1985804&wc=M6Z9-438%3A264175701%2C264722601%2C265415801
298,III,s.,Risipeni,Рисипень,,397-418,397,418,,,,,,
298,IV,s.,Recea,Речя,,419-488,419,488,,,,,779,https://www.familysearch.org/ark:/61903/3:1:3QSQ-G9QM-JBQ8?i=778&cc=1985804&wc=M6Z9-438%3A264175701%2C264722601%2C265415801
298,IV,s.,Rădeni,Рэдень,,489-537,489,537,,,,,,
298,IV,s.,Rădoaia,Рэдоая,,538-567,538,567,,,,,994,https://www.familysearch.org/ark:/61903/3:1:3QSQ-G9QM-JYZD?i=993&cc=1985804&wc=M6Z9-438%3A264175701%2C264722601%2C265415801
300,I,s.,Albineţ,Альбинец,,1-35,1,35,,,,,5,https://www.familysearch.org/ark:/61903/3:1:3QS7-89QM-J9M8-S?i=4&cc=1985804&wc=M6Z9-468%3A264175701%2C264722601%2C265418401
300,I,s.,Alexăndreni (Heciul Nou),Александрены (Гециул Ноу),,36-69,36,69,,,,,75,https://www.familysearch.org/ark:/61903/3:1:3QS7-99QM-J9MV-L?i=74&cc=1985804&wc=M6Z9-468%3A264175701%2C264722601%2C265418401
300,I,s.,Avrămeni,Аврэмень,,70-81,70,81,,,,,,
300,I,s.,Aluniş,Алуниш,,82-95,82,95,,,,,156,https://www.familysearch.org/ark:/61903/3:1:3QSQ-G9QM-J9MQ-Z?i=155&cc=1985804&wc=M6Z9-468%3A264175701%2C264722601%2C265418401
300,I,s.,Asnaşenii de Jos,Аснашений де Жос,,96-118,96,118,,,,,180,https://www.familysearch.org/ark:/61903/3:1:3QS7-L9QM-J1MR?i=179&cc=1985804&wc=M6Z9-468%3A264175701%2C264722601%2C265418401
300,I,s.,Alexăndrenii Noi,Александрений Ной,,119-130,119,130,,,,,223,https://www.familysearch.org/ark:/61903/3:1:3QS7-89QM-J1VP?i=222&cc=1985804&wc=M6Z9-468%3A264175701%2C264722601%2C265418401
300,I,s.,Bisericani,Бисериканы,,131-153,131,153,,,,,244,https://www.familysearch.org/ark:/61903/3:1:3QS7-99QM-J9M8-V?i=243&cc=1985804&wc=M6Z9-468%3A264175701%2C264722601%2C265418401
300,I,s.,Boşca,Бошка,,154-172,154,172,,,,,,
300,II,s.,Balatina,Балатина,,173-215,173,215,,,,,314,https://www.familysearch.org/ark:/61903/3:1:3QS7-99QM-J1KT?i=313&cc=1985804&wc=M6Z9-468%3A264175701%2C264722601%2C265418401
300,II,s.,Buteşti-Velicico,Бутешти-Величико,,216-241,216,241,,,,,395,https://www.familysearch.org/ark:/61903/3:1:3QS7-89QM-JBLQ?i=394&cc=1985804&wc=M6Z9-468%3A264175701%2C264722601%2C265418401
300,II,s.,Buteşti Stavro,Бутешты Ставро,,242-264,242,264,,,,,441,https://www.familysearch.org/ark:/61903/3:1:3QSQ-G9QM-JBLF?i=440&cc=1985804&wc=M6Z9-468%3A264175701%2C264722601%2C265418401
300,II,s.,Bahmut,Бахмут,,265-287,265,287,,,,,481,https://www.familysearch.org/ark:/61903/3:1:3QSQ-G9QM-JBDC?i=480&cc=1985804&wc=M6Z9-468%3A264175701%2C264722601%2C265418401
300,II,s.,Beşeni,Бешены,,288-309,288,309,,,,,521,https://www.familysearch.org/ark:/61903/3:1:3QS7-89QM-JY2W?i=520&cc=1985804&wc=M6Z9-468%3A264175701%2C264722601%2C265418401
300,III,s.,Bumbăta,Бумбэта,,310-357,310,357,,,,,,
300,III,s.,Bogheni,Богень,,358-384,358,384,,,,,660,https://www.familysearch.org/ark:/61903/3:1:3QS7-L9QM-KGZB?i=659&cc=1985804&wc=M6Z9-468%3A264175701%2C264722601%2C265418401
300,III,s.,Bogdăneşti (Brana),Богдэнешть (Брана),,385-391,385,391,,,,,708,https://www.familysearch.org/ark:/61903/3:1:3QSQ-G9QM-KRL9?i=707&cc=1985804&wc=M6Z9-468%3A264175701%2C264722601%2C265418401
300,III,s.,Blineşti,Блинешть,,392-406v,392,406,,,,,719,https://www.familysearch.org/ark:/61903/3:1:3QS7-L9QM-KRZQ?i=718&cc=1985804&wc=M6Z9-468%3A264175701%2C264722601%2C265418401
300,III,s.,Burghelea Soci,Бургеля Сочь,,407-428,407,428,,,,,746,https://www.familysearch.org/ark:/61903/3:1:3QS7-L9QM-KR38?i=745&cc=1985804&wc=M6Z9-468%3A264175701%2C264722601%2C265418401
300,III,s.,Buciumeni,Бучумены,,429-451,429,451,,,,,784,https://www.familysearch.org/ark:/61903/3:1:3QS7-L9QM-KRM8?i=783&cc=1985804&wc=M6Z9-468%3A264175701%2C264722601%2C265418401
300,IV,s.,Borosenii Noi,Боросений Ной,,452-483,452,483,,,,,,
300,IV,s.,Bobletici,Боблетичь,,485-510,485,510,,,,,890,https://www.familysearch.org/ark:/61903/3:1:3QSQ-G9QM-K52X?i=889&cc=1985804&wc=M6Z9-468%3A264175701%2C264722601%2C265418401
300,IV,s.,Bursuceni,Бурсучень,,511-522,511,522,,,,,939,https://www.familysearch.org/ark:/61903/3:1:3QS7-L9QM-K54Z?i=938&cc=1985804&wc=M6Z9-468%3A264175701%2C264722601%2C265418401
300,IV,s.,Biliceni,Биличены,,523-582,523,582,,,,,,
300,IV,s.,Brînzeni,Брынзены,,583-617,583,617,,,,,1071,https://www.familysearch.org/ark:/61903/3:1:3QS7-89QM-K573?i=1070&cc=1985804&wc=M6Z9-468%3A264175701%2C264722601%2C265418401
300,V,s.,Bleşinăuţi (Blescenăuţi),Блешинэуць (Блещенэуць),,618-643v,618,643,,,,,1138,https://www.familysearch.org/ark:/61903/3:1:3QS7-L9QM-KP2P?i=1137&cc=1985804&wc=M6Z9-468%3A264175701%2C264722601%2C265418401
300,V,s.,Brătuşeni,Брэтушены,,645-681,645,681,,,,,1189,https://www.familysearch.org/ark:/61903/3:1:3QS7-99QM-KPMM?i=1188&cc=1985804&wc=M6Z9-468%3A264175701%2C264722601%2C265418401
300,V,s.,Bichir,Бикир,,682-692,682,692,,,,,1258,https://www.familysearch.org/ark:/61903/3:1:3QS7-L9QM-KPWT?i=1257&cc=1985804&wc=M6Z9-468%3A264175701%2C264722601%2C265418401
300,V,s.,Borosenii Vechi,Боросений Векь,,693-707v,693,707,,,,,1277,https://www.familysearch.org/ark:/61903/3:1:3QS7-99QM-KGG8?i=1276&cc=1985804&wc=M6Z9-468%3A264175701%2C264722601%2C265418401
301,,,"Bender Cahul, Iaşi, Soroca şi din guberniile Reazani şi Herson pe anii","Бендеры, Кагул, Яссы, Сорока и из губерний Рязанской и Херсонской за годы",,1851-1857,1851,1857,,,,,,
301,I,or.,Akkerman,Аккерман,Akkerman,1-143,1,143,,,,,,
301,II,or.,Akkerman,Аккерман,Akkerman,144-289,144,289,,,,,,
301,III,suburbia,Păpuşoi,Пэпушой,,290-361,290,361,,,,,,
301,,suburbia,Turlac,Турлак,,362-386,362,386,,,,,,
301,,suburbia,Şabo,Шабо,,387-400,387,400,,,,,,
301,III,s.,Stînca (Bezina),Стынка (Безина),Orhei,401-402,401,402,,,,,,
301,III,s.,Rîşcova,Рышкова,Orhei,402-403,402,403,,,,,,
301,III,s.,Cobîlca,Кобылка,Orhei,403,403,403,,,,,,
301,III,,Bairamcea (Nicolaevca  Novorosiiscaia),Байрамча (Николаевка Новороссийская),Akkerman,4-405,4,405,,,,,,
301,III,s.,Vedensc,Веденск,Akkerman,406-410,406,410,,,,,,
301,III,s.,Hancîşla (Hanul Cîşlei),Ханкышла (Ханул-Кышлей),Akkerman,411-416,411,416,,,,,,
301,III,s.,Hagi-Curda,Гаджи-Курда,Akkerman,417-422,417,422,,,,,,
301,III,s.,Hasan-Aspaga,Хасан-Аспага,Akkerman,423-426,423,426,,,,,,
301,III,s.,Gălileşti,Гэлилешть,Akkerman,427-428,427,428,,,,,,
301,III,s.,Gura Roşie,Гура-Рошие,Akkerman,429-430,429,430,,,,,,
301,III,s.,Gura Celighider (Satul Nou),Гура-Челигидер (Сатул-Ноу),Akkerman,431-432,431,432,,,,,,
301,III,s.,Divizia,Дивизия,Akkerman,433-438,433,438,,,,,,
301,III,s.,Dimitrievca,Дмитриевка,Akkerman,439-440,439,440,,,,,,
301,III,s.,Jebrieni (Hagi Ibrahim),Жебриены (Хаджи-Ибрагим),Akkerman,441-442,441,442,,,,,,
301,IV,s.,Ivanovca,Ивановка,Akkerman,443-446,443,446,,,,,,
301,IV,colonia,Caţbah,Кацбах,Akkerman,447-448,447,448,,,,,,
301,IV,s.,Cara-Mahmet,Кара-Махмет,Akkerman,449-450,449,450,,,,,,
301,IV,s.,Cariacica,Кариачика,Akkerman,451-454,451,454,,,,,,
301,IV,s.,Chebabcea,Кебабча,Akkerman,455-472,455,472,,,,,,
301,IV,s.,Cîşliţa,Кышлица,Akkerman,473-474,473,474,,,,,,
301,IV,s.,Copceac,Копчак,Akkerman,475-479,475,479,,,,,,
301,IV,s.,Moldovca (Vodeni),Молдовка (Водень),Akkerman,480-481,480,481,,,,,,
301,IV,s.,Negrova,Негрова,Akkerman,482-484,482,484,,,,,,
301,IV,colonia,Arcizul Nou,Арцизул Ноу,Akkerman,485-486,485,486,,,,,,
301,IV,colonia,Arcizul Vechi,Арцизул Векь,Akkerman,487-488,487,488,,,,,,
301,IV,colonia,Noul Caragaci,Новый Каррагач,Akkerman,489-492,489,492,,,,,,
301,IV,s.,Olăneşti,Оланешты,Akkerman,493-494,493,494,,,,,,
301,IV,s.,Pavlovca,Павловка,Akkerman,495-496,495,496,,,,,,
301,IV,s.,Petropavlovca,Петропавловка,Akkerman,497-505,497,505,,,,,,
301,IV,s.,Plahteevca (Curudere),Плахтеевка (Курудере),Akkerman,506-539,506,539,,,,,,
301,,s.,Popovca,Поповка,,540-451,540,451,,,,,,
301,IV,s.,Purcari,Пуркары,Akkerman,542-543,542,543,,,,,,
301,IV,colonia,Sărata,Сэрата,Akkerman,544-545,544,545,,,,,,
301,IV,s.,Tatarbunar,Татарбунары,Akkerman,546-549,546,549,,,,,,
301,IV,colonia,Selioglo,Селиогло,Cahul,550-551,550,551,,,,,,
301,IV,s.,Sergheevca,Сергеевка,Akkerman,552-553,552,553,,,,,,
301,IV,s.,Tarutino (Ancicrac),Тарутино (Анчикрак),Akkerman,554-555,554,555,,,,,,
301,IV,tîrgul,Tatarbunar,Татарбунары,Akkerman,556-561,556,561,,,,,,
301,IV,s.,Tălmaza,Тэлмаза,Akkerman,562-567,562,567,,,,,,
301,IV,s.,Taşlîc,Ташлык,Akkerman,568-587,568,587,,,,,,
301,IV,s.,Tudorova (Tudora),Тудорова,Akkerman,588-589,588,589,,,,,,
301,IV,tîrgul,Tuzla,Тузла,Akkerman,590-593,590,593,,,,,,
301,V,colonia,Friendenstal,Фриденсталь,Akkerman,594-597,594,597,,,,,,
301,V,s.,Ciobruciu,Чобручи,Akkerman,589-599,589,599,,,,,,
301,V,s.,Iaroslavca,Ярославка,Akkerman,600-603,600,603,,,,,,
301,,s.,Palanca,Паланка,,604,604,604,,,,,,
301,,s.,Ţăriceanca,Цэриченка,,604,604,604,,,,,,
301,V,or.,Ismail,Измаил,Akkerman,605-610,605,610,,,,,,
301,,suburbia,Vilcov,Вильков,,611-618,611,618,,,,,,
301,V,or.,Chilia,Килия,Akkerman,619-671,619,671,,,,,,
301,V,colonia,Romanenco,Романенко,Bender,672-677,672,677,,,,,,
301,V,s.,Troiţcoe,Троицкое,Akkerman,678-679,678,679,,,,,,
301,V,tîrgul,Cimişlia,Чимишлия,Bender,680-681,680,681,,,,,,
301,V,colonia,Hasan-Batîr,Хасан-Батыр,Cahul,682-685,682,685,,,,,,
301,V,colonia,Dumbrăveni,Думбрэвены,Soroca,686-694,686,694,,,,,,
301,V,colonia,Liublin,Люблин,Soroca,695-696,695,696,,,,,,
301,V,colonia,Căpreşti,Кэпрешты,Soroca,697-701,697,701,,,,,,
301,V,colonia,Alexăndreni,Александрены,Iaşi,702-703,702,703,,,,,,
301,V,,Buiantecul Mare,Буянтекул Маре,gubernia Herson,707-708,707,708,,,,,,
301,,judeţul,Doncovschi,Донковский,,704-706,704,706,,,,,,
301,,judeţul,Odesa colonia Buiantecul Mare,"Одесса, колония Буянтекул Маре",,707-708,707,708,,,,,,
301,V,or.,Oliviopol,Ольвиополь,gubernia Herson,709-710,709,710,,,,,,
301,V,or.,Odesa,Одесса,gubernia Herson,711-712,711,712,,,,,,
301,,judeţul,Tiraspol,Тирасполь,,713-714,713,714,,,,,,
302,,or.,Bender,Бендеры,,1-130,1,130,,,,,,
302,,,Ciobruciu (Cioburciu),Чобручи,gubernia Herson,133-134,133,134,,,,,,
302,,judeţul,Tiraspol,Тирасполь,,131-132,131,132,,,,,,
302,,judeţul,Tiraspol col. Ciobruciu (Cioburciu),"Тирасполь, колония Чобручу (Чобурчу)",,133-134,133,134,,,,,,
303,,or.,Ismail,Измаил,,1-190,1,190,,,,,,
303,,or.,Movilău (Moghiliov)gubernia Podolsc,"Могилёв, Подольская губерния",,1-4,1,4,,,,,,
303,,suburbia,Broasca,Броаска,,173-176,173,176,,,,,,
303,,suburbia,Cuhurlui (Cugurlui),Кугурлуй,,177-178,177,178,,,,,,
303,,suburbia,Sofiana,Софьяна,,179-186,179,186,,,,,,
303,,suburbia,Necrasovca Veche,Некрасовка Ветхая,,187-188,187,188,,,,,,
303,,or,Hotin,Хотин,,189-190,189,190,,,,,,
304,I,or.,Cahul,Кагул,Cahul,1-14,1,14,,,,,,
304,I,col.,Avdarma,Авдарма,Cahul,15-16,15,16,,,,,25,https://www.familysearch.org/ark:/61903/3:1:3QS7-L9QM-KPGY?i=24&cc=1985804&wc=M6Z9-DNL%3A264175701%2C264722601%2C265449001
304,I,col.,Baurci,Баурчи,Cahul,17-26,17,26,,,,,28,https://www.familysearch.org/ark:/61903/3:1:3QS7-99QM-KPCG?i=27&cc=1985804&wc=M6Z9-DNL%3A264175701%2C264722601%2C265449001
304,I,col.,Beşalma,Бешалма,Cahul,27-28,27,28,,,,,43,https://www.familysearch.org/ark:/61903/3:1:3QSQ-G9QM-KP17?i=42&cc=1985804&wc=M6Z9-DNL%3A264175701%2C264722601%2C265449001
304,I,col.,Beşghioz,Бешгиоз,Cahul,29-30,29,30,,,,,46,https://www.familysearch.org/ark:/61903/3:1:3QSQ-G9QM-KPBX?i=45&cc=1985804&wc=M6Z9-DNL%3A264175701%2C264722601%2C265449001
304,I,col.,Bolgrad,Болград,Cahul,31-39,31,39,,,,,49,https://www.familysearch.org/ark:/61903/3:1:3QS7-89QM-KPGZ?i=48&cc=1985804&wc=M6Z9-DNL%3A264175701%2C264722601%2C265449001
304,I,s.,Vadul lui Isac,Вадул луй Исак,Cahul,40-43,40,43,,,,,65,https://www.familysearch.org/ark:/61903/3:1:3QS7-89QM-K5M3?i=64&cc=1985804&wc=M6Z9-DNL%3A264175701%2C264722601%2C265449001
304,I,col.,Vulcăneşti,Вулканешты,Cahul,44-45,44,45,,,,,72,https://www.familysearch.org/ark:/61903/3:1:3QS7-L9QM-KPN6?i=71&cc=1985804&wc=M6Z9-DNL%3A264175701%2C264722601%2C265449001
304,I,col.,Colibaş,Колибаш,Cahul,44-45,44,45,,,,,72,https://www.familysearch.org/ark:/61903/3:1:3QS7-L9QM-KPN6?i=71&cc=1985804&wc=M6Z9-DNL%3A264175701%2C264722601%2C265449001
304,I,col.,Hasan-Batîr,Хасан-Батыр,Cahul,46-49,46,49,,,,,75,https://www.familysearch.org/ark:/61903/3:1:3QSQ-G9QM-KPKF?i=74&cc=1985804&wc=M6Z9-DNL%3A264175701%2C264722601%2C265449001
304,I,col.,Comrat,Комрат,Cahul,50-51,50,51,,,,,81,https://www.familysearch.org/ark:/61903/3:1:3QS7-99QM-KPMW?i=80&cc=1985804&wc=M6Z9-DNL%3A264175701%2C264722601%2C265449001
304,I,col.,Goliţa (Caramarin),Голица (Карамарин),Cahul,52-53,52,53,,,,,84,https://www.familysearch.org/ark:/61903/3:1:3QS7-L9QM-KP61?i=83&cc=1985804&wc=M6Z9-DNL%3A264175701%2C264722601%2C265449001
304,I,col.,Chiriet-Lunga,Кириет-Лунга,Cahul,54-55,54,55,,,,,87,https://www.familysearch.org/ark:/61903/3:1:3QS7-89QM-KP2G?i=86&cc=1985804&wc=M6Z9-DNL%3A264175701%2C264722601%2C265449001
304,I,col.,Dezghingea,Дезгинжа,Cahul,54-55,54,55,,,,,87,https://www.familysearch.org/ark:/61903/3:1:3QS7-89QM-KP2G?i=86&cc=1985804&wc=M6Z9-DNL%3A264175701%2C264722601%2C265449001
304,I,col.,Delgiler,Дельгилер,Cahul,56-59,56,59,,,,,90,https://www.familysearch.org/ark:/61903/3:1:3QS7-89QM-KPKX?i=89&cc=1985804&wc=M6Z9-DNL%3A264175701%2C264722601%2C265449001
304,,s.,Bugeac,Буджак,,60,60,60,,,,,,
304,,col.,Dumitrieva,Дмитриевка,,60,60,60,,,,,,
304,I,col.,Duluchioi,Дулукиой,Cahul,61-62,61,62,,,,,97,https://www.familysearch.org/ark:/61903/3:1:3QS7-89QM-KP29?i=96&cc=1985804&wc=M6Z9-DNL%3A264175701%2C264722601%2C265449001
304,I,col.,Diulmeni,Дюльмень,Cahul,63-64,63,64,,,,,100,https://www.familysearch.org/ark:/61903/3:1:3QSQ-G9QM-KPVH?i=99&cc=1985804&wc=M6Z9-DNL%3A264175701%2C264722601%2C265449001
304,I,col.,Împuţita,Импуцита,Cahul,65-66,65,66,,,,,103,https://www.familysearch.org/ark:/61903/3:1:3QS7-99QM-KG5S?i=102&cc=1985804&wc=M6Z9-DNL%3A264175701%2C264722601%2C265449001
304,I,col.,Cairaclia,Каиракли́я,Cahul,67-68,67,68,,,,,106,https://www.familysearch.org/ark:/61903/3:1:3QS7-99QM-KGLX?i=105&cc=1985804&wc=M6Z9-DNL%3A264175701%2C264722601%2C265449001
304,I,col.,Cartal,Картал,Cahul,69-70,69,70,,,,,109,https://www.familysearch.org/ark:/61903/3:1:3QS7-99QM-KG5L?i=108&cc=1985804&wc=M6Z9-DNL%3A264175701%2C264722601%2C265449001
304,I,col.,Beşghioz,Бешгиоз,Cahul,71-72,71,72,,,,,113,https://www.familysearch.org/ark:/61903/3:1:3QS7-99QM-KG2K?i=112&cc=1985804&wc=M6Z9-DNL%3A264175701%2C264722601%2C265449001
304,I,col.,Chiriet-Lunga,Кириет-Лунга,Cahul,71-72,71,72,,,,,113,https://www.familysearch.org/ark:/61903/3:1:3QS7-99QM-KG2K?i=112&cc=1985804&wc=M6Z9-DNL%3A264175701%2C264722601%2C265449001
304,I,col.,Chiriutnea,Кириутня,Cahul,73-88,73,88,,,,,116,https://www.familysearch.org/ark:/61903/3:1:3QS7-89QM-KPVX?i=115&cc=1985804&wc=M6Z9-DNL%3A264175701%2C264722601%2C265449001
304,I,col.,Pocrouca Nouă,Покроука Ноуэ,Cahul,73-84,73,84,,,,,116,https://www.familysearch.org/ark:/61903/3:1:3QS7-89QM-KPVX?i=115&cc=1985804&wc=M6Z9-DNL%3A264175701%2C264722601%2C265449001
304,I,col.,Glavan,Главан,Cahul,85-88,85,88,,,,,134,https://www.familysearch.org/ark:/61903/3:1:3QS7-99QM-KG5F?i=133&cc=1985804&wc=M6Z9-DNL%3A264175701%2C264722601%2C265449001
304,I,col.,Comrat,Комрат,Cahul,89-90,89,90,,,,,140,https://www.familysearch.org/ark:/61903/3:1:3QS7-99QM-KGVY?i=139&cc=1985804&wc=M6Z9-DNL%3A264175701%2C264722601%2C265449001
304,I,col.,Ciumlechioi,Чумлекиой,Cahul,89-90,89,90,,,,,140,https://www.familysearch.org/ark:/61903/3:1:3QS7-99QM-KGVY?i=139&cc=1985804&wc=M6Z9-DNL%3A264175701%2C264722601%2C265449001
304,I,col.,Cod-Chitai,Код-Китай,Cahul,91-92,91,92,,,,,143,https://www.familysearch.org/ark:/61903/3:1:3QS7-L9QM-KP71?i=142&cc=1985804&wc=M6Z9-DNL%3A264175701%2C264722601%2C265449001
304,I,s.,Cupcui,Купкуй,Cahul,93-96,93,96,,,,,146,https://www.familysearch.org/ark:/61903/3:1:3QS7-89QM-KPF2?i=145&cc=1985804&wc=M6Z9-DNL%3A264175701%2C264722601%2C265449001
304,I,col.,Cuporani,Купорань,Cahul,97-100,97,100,,,,,153,https://www.familysearch.org/ark:/61903/3:1:3QSQ-G9QM-KPXY?i=152&cc=1985804&wc=M6Z9-DNL%3A264175701%2C264722601%2C265449001
304,I,tîrgul,Leova,Леово,Cahul,101-106,101,106,,,,,160,https://www.familysearch.org/ark:/61903/3:1:3QS7-L9QM-KPSC?i=159&cc=1985804&wc=M6Z9-DNL%3A264175701%2C264722601%2C265449001
304,I,s.,Măcreşti,Мэкрешть,Cahul,107-108,107,108,,,,,169,https://www.familysearch.org/ark:/61903/3:1:3QS7-89QM-KPX1?i=168&cc=1985804&wc=M6Z9-DNL%3A264175701%2C264722601%2C265449001
304,I,col.,Pocrouca Nouă,Покроука Ноуэ,Cahul,109-110,109,110,,,,,172,https://www.familysearch.org/ark:/61903/3:1:3QSQ-G9QM-KPWT?i=171&cc=1985804&wc=M6Z9-DNL%3A264175701%2C264722601%2C265449001
304,I,col.,Tropoclo,Трополо,Cahul,109-110,109,110,,,,,172,https://www.familysearch.org/ark:/61903/3:1:3QSQ-G9QM-KPWT?i=171&cc=1985804&wc=M6Z9-DNL%3A264175701%2C264722601%2C265449001
304,I,col.,Traianul Nou,Траянул Ноу,Cahul,111-112,111,112,,,,,175,https://www.familysearch.org/ark:/61903/3:1:3QSQ-G9QM-KPHK?i=174&cc=1985804&wc=M6Z9-DNL%3A264175701%2C264722601%2C265449001
304,I,col.,Noul Caragaci,Новый Каррагач,Cahul,113-116,113,116,,,,,178,https://www.familysearch.org/ark:/61903/3:1:3QSQ-G9QM-KP7N?i=177&cc=1985804&wc=M6Z9-DNL%3A264175701%2C264722601%2C265449001
304,I,col.,Cubanca,Кубанка,Cahul,113-114,113,114,,,,,178,https://www.familysearch.org/ark:/61903/3:1:3QSQ-G9QM-KP7N?i=177&cc=1985804&wc=M6Z9-DNL%3A264175701%2C264722601%2C265449001
304,II,s.,Orac,Орак,Cahul,117-120,117,120,,,,,184,https://www.familysearch.org/ark:/61903/3:1:3QS7-99QM-KGXK?i=183&cc=1985804&wc=M6Z9-DNL%3A264175701%2C264722601%2C265449001
304,II,col.,Pandaclia,Пандаклия,Cahul,121-122,121,122,,,,,191,https://www.familysearch.org/ark:/61903/3:1:3QS7-L9QM-KGGN?i=190&cc=1985804&wc=M6Z9-DNL%3A264175701%2C264722601%2C265449001
304,II,s.,Pleşeni,Плешены,Cahul,123-124,123,124,,,,,194,https://www.familysearch.org/ark:/61903/3:1:3QS7-L9QM-KPMF?i=193&cc=1985804&wc=M6Z9-DNL%3A264175701%2C264722601%2C265449001
304,II,col.,Selioglo,Селиогло,Cahul,125-126,125,126,,,,,197,https://www.familysearch.org/ark:/61903/3:1:3QS7-89QM-KP69?i=196&cc=1985804&wc=M6Z9-DNL%3A264175701%2C264722601%2C265449001
304,II,s.,Sărata Galbenă,Сэрата Гэлбенэ,Cahul,127-128,127,128,,,,,200,https://www.familysearch.org/ark:/61903/3:1:3QSQ-G9QM-KP3G?i=199&cc=1985804&wc=M6Z9-DNL%3A264175701%2C264722601%2C265449001
304,II,col.,Slobozia,Слобозия,Cahul,129-130,129,130,,,,,203,https://www.familysearch.org/ark:/61903/3:1:3QSQ-G9QM-KPQ2?i=202&cc=1985804&wc=M6Z9-DNL%3A264175701%2C264722601%2C265449001
304,II,col.,Traianul Vechi,Траянул Векь,Cahul,131-134,131,134,,,,,207,https://www.familysearch.org/ark:/61903/3:1:3QS7-99QM-KG6G?i=206&cc=1985804&wc=M6Z9-DNL%3A264175701%2C264722601%2C265449001
304,II,col.,Taraclia,Тараклия,Cahul,135-136,135,136,,,,,213,https://www.familysearch.org/ark:/61903/3:1:3QSQ-G9QM-KPHD?i=212&cc=1985804&wc=M6Z9-DNL%3A264175701%2C264722601%2C265449001
304,II,col.,Taşbunar,Ташбунар,Cahul,137-138,137,138,,,,,216,https://www.familysearch.org/ark:/61903/3:1:3QS7-L9QM-KGGF?i=215&cc=1985804&wc=M6Z9-DNL%3A264175701%2C264722601%2C265449001
304,II,col.,Tatar-Copceac,Татар-Копчак,Cahul,139-140,139,140,,,,,220,https://www.familysearch.org/ark:/61903/3:1:3QS7-L9QM-KGY2?i=219&cc=1985804&wc=M6Z9-DNL%3A264175701%2C264722601%2C265449001
304,II,col.,Tvardiţa,Твардица,Cahul,141-142,141,142,,,,,223,https://www.familysearch.org/ark:/61903/3:1:3QSQ-G9QM-KP7R?i=222&cc=1985804&wc=M6Z9-DNL%3A264175701%2C264722601%2C265449001
304,II,col.,Comrat,Комрат,Cahul,143-144,143,144,,,,,226,https://www.familysearch.org/ark:/61903/3:1:3QSQ-G9QM-KPMP?i=225&cc=1985804&wc=M6Z9-DNL%3A264175701%2C264722601%2C265449001
304,II,col.,Tomai,Томай,Cahul,143-144,143,144,,,,,226,https://www.familysearch.org/ark:/61903/3:1:3QSQ-G9QM-KPMP?i=225&cc=1985804&wc=M6Z9-DNL%3A264175701%2C264722601%2C265449001
304,II,s.,Toceni,Точены,Cahul,145-146,145,146,,,,,229,https://www.familysearch.org/ark:/61903/3:1:3QS7-L9QM-KGRT?i=228&cc=1985804&wc=M6Z9-DNL%3A264175701%2C264722601%2C265449001
304,II,s.,Ceadîr,Чадыр,Cahul,147-148,147,148,,,,,232,https://www.familysearch.org/ark:/61903/3:1:3QSQ-G9QM-KPM9?i=231&cc=1985804&wc=M6Z9-DNL%3A264175701%2C264722601%2C265449001
304,II,col.,Ceadîr-Lunga,Чадыр-Лунга,Cahul,149-150,149,150,,,,,235,https://www.familysearch.org/ark:/61903/3:1:3QS7-89QM-KP3V?i=234&cc=1985804&wc=M6Z9-DNL%3A264175701%2C264722601%2C265449001
304,II,s.,Ciucur-Miş,Чучур-Миш,Cahul,151-152,151,152,,,,,238,https://www.familysearch.org/ark:/61903/3:1:3QS7-89QM-KP4M?i=237&cc=1985804&wc=M6Z9-DNL%3A264175701%2C264722601%2C265449001
304,II,col.,Ciumlechioi,Чумлекиой,Cahul,153-154,153,154,,,,,241,https://www.familysearch.org/ark:/61903/3:1:3QS7-99QM-KGD7?i=240&cc=1985804&wc=M6Z9-DNL%3A264175701%2C264722601%2C265449001
304,II,col.,Feraponteivca,Ферапонтеевка,Cahul,155-156,155,156,,,,,244,https://www.familysearch.org/ark:/61903/3:1:3QS7-L9QM-KGG8?i=243&cc=1985804&wc=M6Z9-DNL%3A264175701%2C264722601%2C265449001
304,II,col.,Şichirlichitai,Шикирличитай,Cahul,157-158,157,158,,,,,247,https://www.familysearch.org/ark:/61903/3:1:3QS7-89QM-KTF9?i=246&cc=1985804&wc=M6Z9-DNL%3A264175701%2C264722601%2C265449001
304,II,col.,Valea Perjei,Валя-Пержей,Cahul,159-167,159,167,,,,,251,https://www.familysearch.org/ark:/61903/3:1:3QS7-L9QM-KTMG?i=250&cc=1985804&wc=M6Z9-DNL%3A264175701%2C264722601%2C265449001
304,II,col.,Eschipol,Ескиполь,Cahul,159-167,159,167,,,,,250,https://www.familysearch.org/ark:/61903/3:1:3QS7-89QM-KTJ8?i=249&cc=1985804&wc=M6Z9-DNL%3A264175701%2C264722601%2C265449001
304,II,col.,Etulia,Этулия,Cahul,168-169,168,169,,,,,267,https://www.familysearch.org/ark:/61903/3:1:3QS7-99QM-KRV1?i=266&cc=1985804&wc=M6Z9-DNL%3A264175701%2C264722601%2C265449001
304,II,s.,Tătărăşeni,Тэтэрэшень,Cahul,170-177,170,177,,,,,270,https://www.familysearch.org/ark:/61903/3:1:3QSQ-G9QM-KT8F?i=269&cc=1985804&wc=M6Z9-DNL%3A264175701%2C264722601%2C265449001
304,II,s.,Borceag,Борчаг,Cahul,170-177,170,177,,,,,270,https://www.familysearch.org/ark:/61903/3:1:3QSQ-G9QM-KT8F?i=269&cc=1985804&wc=M6Z9-DNL%3A264175701%2C264722601%2C265449001
304,,s.,Comarova,Комарова,,178,178,178,,,,,,
304,II,s.,Gvăzdăuţi,Гвэздэуць,Hotin,178-178v,178,178,,,,,285,https://www.familysearch.org/ark:/61903/3:1:3QS7-L9QM-KT93?i=284&cc=1985804&wc=M6Z9-DNL%3A264175701%2C264722601%2C265449001
304,II,s.,Sărata Galbenă,Сэрата Гэлбенэ,Cahul,178-178v,178,178,,,,,285,https://www.familysearch.org/ark:/61903/3:1:3QS7-L9QM-KT93?i=284&cc=1985804&wc=M6Z9-DNL%3A264175701%2C264722601%2C265449001
304,II,s.,Sulin,Сулин,Cahul,180-186,180,186,,,,,288,https://www.familysearch.org/ark:/61903/3:1:3QS7-99QM-KRGZ?i=287&cc=1985804&wc=M6Z9-DNL%3A264175701%2C264722601%2C265449001
304,II,s.,Caraurman,Караурман,Cahul,186-194v,186,194,,,,,297,https://www.familysearch.org/ark:/61903/3:1:3QSQ-G9QM-KT4W?i=296&cc=1985804&wc=M6Z9-DNL%3A264175701%2C264722601%2C265449001
304,II,s.,Cuturleci,Кутурлечь,Cahul,195-197,195,197,,,,,315,https://www.familysearch.org/ark:/61903/3:1:3QSQ-G9QM-KT4K?i=314&cc=1985804&wc=M6Z9-DNL%3A264175701%2C264722601%2C265449001
304,II,s.,Litcova,Литкова,Cahul,197-198,197,198,,,,,319,https://www.familysearch.org/ark:/61903/3:1:3QS7-89QM-KTC4?i=318&cc=1985804&wc=M6Z9-DNL%3A264175701%2C264722601%2C265449001
304,II,s.,Iusleni,Юслены,Cahul,198-199v,198,199,,,,,321,https://www.familysearch.org/ark:/61903/3:1:3QSQ-G9QM-KTWJ?i=320&cc=1985804&wc=M6Z9-DNL%3A264175701%2C264722601%2C265449001
304,,s.,Pricnava,Прикнава,,199v-202v,199,202,,,,,,
304,,s.,Gorgova,Горгова,,202v-203v,202,203,,,,,,
304,II,s.,Borogani,Бороганы,Cahul,204-205,204,205,,,,,333,https://www.familysearch.org/ark:/61903/3:1:3QS7-99QM-KR6X?i=332&cc=1985804&wc=M6Z9-DNL%3A264175701%2C264722601%2C265449001
304,II,col.,Răducani,Рэдукань,Cahul,204-205,204,205,,,,,333,https://www.familysearch.org/ark:/61903/3:1:3QS7-99QM-KR6X?i=332&cc=1985804&wc=M6Z9-DNL%3A264175701%2C264722601%2C265449001
304,II,s.,Mereşeni,Мерешень,Chişinău,206-207,206,207,,,,,336,https://www.familysearch.org/ark:/61903/3:1:3QS7-89QM-KTDC?i=335&cc=1985804&wc=M6Z9-DNL%3A264175701%2C264722601%2C265449001
304,,moşia,Tomai,Томай,,206-208,206,208,,,,,,
304,,s.,Bălceana,Бэлчана,,207,207,207,,,,,,
304,,s.,Dumeni,Думень,,207v-208,207,208,,,,,,
304,II,s.,Tătărăşeni,Тэтэрэшень,Cahul,209-212v,209,212,,,,,341,https://www.familysearch.org/ark:/61903/3:1:3QSQ-G9QM-KTWH?i=340&cc=1985804&wc=M6Z9-DNL%3A264175701%2C264722601%2C265449001
304,II,s.,Bargani,Барганы,Cahul,209-212v,209,212,,,,,341,https://www.familysearch.org/ark:/61903/3:1:3QSQ-G9QM-KTWH?i=340&cc=1985804&wc=M6Z9-DNL%3A264175701%2C264722601%2C265449001
304,II,s.,Copăceni,Копэчень,Soroca,213-213v,213,213,,,,,348,https://www.familysearch.org/ark:/61903/3:1:3QS7-89QM-KTDM?i=347&cc=1985804&wc=M6Z9-DNL%3A264175701%2C264722601%2C265449001
304,,s.,Ghindeşti,Гиндешть,,213v-213v,213,213,,,,,,
304,,s.,Heciul Vechi,Хециул-Векь,,213v-213v,213,213,,,,,,
304,II,s.,Tomai,Томай,Iaşi,213-214,213,214,,,,,348,https://www.familysearch.org/ark:/61903/3:1:3QS7-89QM-KTDM?i=347&cc=1985804&wc=M6Z9-DNL%3A264175701%2C264722601%2C265449001
304,,s.,Văsieni,Вэсиень,,214,214,214,,,,,,
304,,s.,Hînceşti,Хынчешты,,215,215,215,,,,,,
304,,moşia,Bădiceni,Бэдичень,,215,215,215,,,,,,
304,,s.,Roşietici,Рошиетичь,,216,216,216,,,,,,
304,,s.,Tomai,Томай,,216,216,216,,,,,,
304,II,s.,Petricani,Петриканы,Chişinău,217-218,217,218,,,,,354,https://www.familysearch.org/ark:/61903/3:1:3QS7-99QM-KRH7?i=353&cc=1985804&wc=M6Z9-DNL%3A264175701%2C264722601%2C265449001
304,II,or.,Cahul,Кагул,Cahul,217-219,217,219,,,,,354,https://www.familysearch.org/ark:/61903/3:1:3QS7-99QM-KRH7?i=353&cc=1985804&wc=M6Z9-DNL%3A264175701%2C264722601%2C265449001
304,II,s.,Hojineşti,Хожинешты,Orhei,218-219,218,219,,,,,356,https://www.familysearch.org/ark:/61903/3:1:3QSQ-G9QM-KT3R?i=355&cc=1985804&wc=M6Z9-DNL%3A264175701%2C264722601%2C265449001
304,,s.,Năpadova,Наподова,,220,220,220,,,,,,
304,,s.,Trifeşti,Трифешты,,221,221,221,,,,,,
304,II,s.,Gigălboaia,Гигэлбоая,Cahul,221-221v,221,221,,,,,360,https://www.familysearch.org/ark:/61903/3:1:3QS7-99QM-KR6P?i=359&cc=1985804&wc=M6Z9-DNL%3A264175701%2C264722601%2C265449001
304,,s.,Dumeni,Думень,,221v-221v,221,221,,,,,,
304,II,or.,Ismail,Измаил,Hotin,222-227,222,227,,,,,362,https://www.familysearch.org/ark:/61903/3:1:3QS7-99QM-KR4Q?i=361&cc=1985804&wc=M6Z9-DNL%3A264175701%2C264722601%2C265449001
304,II,or.,Reni,Рени,Hotin,228-235,228,235,,,,,371,https://www.familysearch.org/ark:/61903/3:1:3QS7-89QM-KT73?i=370&cc=1985804&wc=M6Z9-DNL%3A264175701%2C264722601%2C265449001
305,I,or.,Chişinău,Кишинёв,,1-118,1,118,,,,,,
305,II,or.,Chişinău,Кишинёв,,119-249,119,249,,,,,,
305,III,or.,Chişinău,Кишинёв,,250-375,250,375,,,,,,
306,,or.,Chişinău,Кишинёв,,1-122,1,122,,,,,,
307,,s.,Danu,Дану,,1-2,1,2,2373291,400–402,3,exacte,,
307,,s.,Năpădeni,Напэдены,,2a-3,2,3,,,,,,
307,,s.,Fîntîna Albă,Фынтына Албэ,,4-5,4,5,,,,,,
307,,tîrgul,Sculeni,Скуляны,,6v-7,6,7,,,,,,
307,,s.,Pînzăreni,Пынзэрень,,8-9,8,9,,,,,,
307,,s.,Ghiliceni,Гилиčень,,10-11,10,11,,,,,,
307,,s.,Stîncăuţi (Şaptebani),Стынкэуць (Шаптебань),,12-13,12,13,,,,,,
307,,s.,Sîngerei,Сынджерей,,14-15,14,15,,,,,,
307,,s.,Cozeşti,Козешты,,16-18,16,18,2373291,397–399,3,exacte,,
307,,s.,Dănuţeni,Дэнуцень,,19-20,19,20,,,,,,
307,,s.,Costeşti,Костешть,,21-22,21,22,2373291,403–408,6,exacte,,
307,,s.,Iezăreni,Езэрены,,23-24,23,24,,,,,,
307,,s.,Zăbriceni,Забричени,,25-26,25,26,2373291,409–420,12,exacte,,
307,,s.,Brătuşeni,Брэтушены,,27-28,27,28,,,,,,
307,,s.,Pînzăreni,Пынзэрень,,29-30,29,30,,,,,,
307,,s.,Pîrjota,Пыржота,,31-32,31,32,,,,,,
307,,s.,Iabloana,Яблоана,,33-34,33,34,,,,,,
307,,s.,Ghiliceni,Гилиčень,,35-36,35,36,,,,,,
307,,s.,Heciul Nou,Хециул-Ноу,,37-40,37,40,,,,,,
308,,col.,Alexăndreni,Александрены,,1-30,1,30,,,,,,
309,,tîrgul,Cimişlia,Чимишлия,,1-5,1,5,,,,,,
310,,or,Akkerman,Аккерман,,1-89v,1,89,2373291,512–690,179,exacte,,
311,,or,Akkerman,Аккерман,,1-36,1,36,2373291,691–747,57,exacte,,
312,,or,Akkerman,Аккерман,,1-89v,1,89,2373291,748–928,181,exacte,,
313,,or.,Bender,Бендеры,,1-27,1,27,2373291,929–984,56,exacte,,
314,,or.,Bender,Бендеры,,1-105v,1,105,2373292,5–184,180,exacte,,
315,,or.,Bender,Бендеры,,1-90v,1,90,2373292,185–359,175,exacte,,
316,I,or.,Akkerman,Аккерман,,1-13,1,13,2373292,360–387,28,exacte,,
316,I,col.,"Ciişiia (Grădina, Gradino)",Чиишия (Грэдина),,14-15,14,15,,,,,21,https://www.familysearch.org/ark:/61903/3:1:S3HY-DRN9-HYJ?i=20&cc=1985804&wc=M6Z9-GM9%3A264175701%2C264722601%2C265504701
316,,suburb.,Păpuşoi,Пэпушой,,16-17,16,17,,,,,,
316,,suburb.,Şabo,Шабо,,18-19,18,19,,,,,,
316,I,s.,Ţăriceanca,Цэриченка,,20-21,20,21,,,,,,
316,I,s.,Uspenscoe,Успенское,,22-23,22,23,,,,,33,https://www.familysearch.org/ark:/61903/3:1:S3HY-DRN9-4YD?i=32&cc=1985804&wc=M6Z9-GM9%3A264175701%2C264722601%2C265504701
316,I,or.,Bălţi,Бельцы,,24-60,24,60,,,,,36,https://www.familysearch.org/ark:/61903/3:1:S3HY-DRN9-46G?i=35&cc=1985804&wc=M6Z9-GM9%3A264175701%2C264722601%2C265504701
316,I,or.,Bender,Бендеры,,61-92,61,92,2373292,453–477,25,exacte,99,https://www.familysearch.org/ark:/61903/3:1:S3HY-DRN9-Q3X?i=98&cc=1985804&wc=M6Z9-GM9%3A264175701%2C264722601%2C265504701
316,I,,Ismail,Измаил,,93-300,93,300,2373292 · 2373292,493–846 · 493–846,708,sur,145,https://www.familysearch.org/ark:/61903/3:1:S3HY-DRN9-Z1L?i=144&cc=1985804&wc=M6Z9-GM9%3A264175701%2C264722601%2C265504701
316,I,or.,Ismail,Измаил,,93-134,93,134,2373292 · 2373292,493–846 · 493–846,708,sur,145,https://www.familysearch.org/ark:/61903/3:1:S3HY-DRN9-Z1L?i=144&cc=1985804&wc=M6Z9-GM9%3A264175701%2C264722601%2C265504701
316,II,or.,Ismail,Измаил,,135-300,135,300,2373292,493–846,354,sur,208,https://www.familysearch.org/ark:/61903/3:1:S3HY-DRN9-43Y?i=207&cc=1985804&wc=M6Z9-GM9%3A264175701%2C264722601%2C265504701
316,II,or.,Odesa,Одесса,,135-147,135,147,,,,,208,https://www.familysearch.org/ark:/61903/3:1:S3HY-DRN9-43Y?i=207&cc=1985804&wc=M6Z9-GM9%3A264175701%2C264722601%2C265504701
316,II,tîrgurile,Mostovoi şi Cantacuzovca,Мостовой и Кантакузовка,,148-186,148,186,,,,,231,https://www.familysearch.org/ark:/61903/3:1:S3HY-DRN9-826?i=230&cc=1985804&wc=M6Z9-GM9%3A264175701%2C264722601%2C265504701
316,II,or.,Herson,Херсон,,187-211,187,211,,,,,300,https://www.familysearch.org/ark:/61903/3:1:S3HY-DRN9-ZWW?i=299&cc=1985804&wc=M6Z9-GM9%3A264175701%2C264722601%2C265504701
316,III,or.,Reni,Рени,,301-308,301,308,2373292,847–860,14,exacte,499,https://www.familysearch.org/ark:/61903/3:1:S3HY-DRN9-HP5?i=498&cc=1985804&wc=M6Z9-GM9%3A264175701%2C264722601%2C265504701
316,III,or.,Cahul,Кагул,,309-345,309,345,2373292,861–896,36,exacte,513,https://www.familysearch.org/ark:/61903/3:1:S3HY-DRN9-Z7F?i=512&cc=1985804&wc=M6Z9-GM9%3A264175701%2C264722601%2C265504701
316,III,tîrgul,Leova,Леово,,346-374,346,374,2373292,897–947,51,exacte,549,https://www.familysearch.org/ark:/61903/3:1:S3HY-DRN9-WNV?i=548&cc=1985804&wc=M6Z9-GM9%3A264175701%2C264722601%2C265504701
316,III,or.,Chilia,Килия,,375-425,375,425,,,,,,
316,III,or,Chişinău,Кишинёв,,422-425,422,425,,,,,,
316,III,,Chişinău,Кишинёв,,426-751,426,751,,,,,676,https://www.familysearch.org/ark:/61903/3:1:S3HY-DRN9-CXT?i=675&cc=1985804&wc=M6Z9-GM9%3A264175701%2C264722601%2C265504701
316,IV,or,Chişinău,Кишинёв,,426-581,426,581,,,,,676,https://www.familysearch.org/ark:/61903/3:1:S3HY-DRN9-CXT?i=675&cc=1985804&wc=M6Z9-GM9%3A264175701%2C264722601%2C265504701
316,V,or,Chişinău,Кишинёв,,582-751,582,751,,,,,962,https://www.familysearch.org/ark:/61903/3:1:3QS7-893Y-544T?i=961&cc=1985804&wc=M6Z9-GM9%3A264175701%2C264722601%2C265504701
316,,or.,Berdicev,Бердичев,,595,595,595,,,,,,
316,V,or.,Ismail,Измаил,,606-607,606,607,2373292,493–846,354,sur,,
316,V,or.,Ismail,Измаил,,651-652,651,652,2373292,493–846,354,sur,,
316,V,or.,Ismail,Измаил,,698-699,698,699,2373292,493–846,354,sur,,
316,V,or.,Ananiev,Ананьев,,708-709,708,709,,,,,,
316,V,or.,Ananiev,Ананьев,,725-726,725,726,,,,,1191,https://www.familysearch.org/ark:/61903/3:1:3QS7-993Y-57PN?i=1190&cc=1985804&wc=M6Z9-GM9%3A264175701%2C264722601%2C265504701
316,V,or,Herson,Херсон,,744-747,744,747,,,,,,
316,V,tîrgul,Hînceşti,Хынчешты,,748-751,748,751,,,,,,
316,VI,or.,Orhei,Орхей,,752-779,752,779,,,,,,
316,VI,tîrgul,Criuleni,Криулены,,780-783,780,783,,,,,,
316,VI,tîrgul,Teleneşti,Теленешть,,784-793,784,793,,,,,,
316,VI,or.,Soroca,Сорока,,795-803,795,803,,,,,1314,https://www.familysearch.org/ark:/61903/3:1:3QS7-993Y-58S3?i=1313&cc=1985804&wc=M6Z9-GM9%3A264175701%2C264722601%2C265504701
316,VI,or.,Hotin,Хотин,,802-803,802,803,,,,,1327,https://www.familysearch.org/ark:/61903/3:1:3QS7-L93Y-5ZLJ?i=1326&cc=1985804&wc=M6Z9-GM9%3A264175701%2C264722601%2C265504701
316,VI,tîrgul,Raşcov (Raşcu),Рашков (Раску),,804-871,804,871,,,,,1330,https://www.familysearch.org/ark:/61903/3:1:3QS7-993Y-58M7?i=1329&cc=1985804&wc=M6Z9-GM9%3A264175701%2C264722601%2C265504701
316,VI,tîrgul,"Otaci (Atachi, Ataci)",Атаки,,872-887,872,887,,,,,1467,https://www.familysearch.org/ark:/61903/3:1:3QS7-L93Y-5ZHS?i=1466&cc=1985804&wc=M6Z9-GM9%3A264175701%2C264722601%2C265504701
316,VI,col.,Dumbrăveni,Думбрэвены,,888-896,888,896,,,,,1497,https://www.familysearch.org/ark:/61903/3:1:3QS7-893Y-5CNV?i=1496&cc=1985804&wc=M6Z9-GM9%3A264175701%2C264722601%2C265504701
316,VI,col.,Zguriţa,Згурица,,897-900,897,900,,,,,1510,https://www.familysearch.org/ark:/61903/3:1:3QS7-893Y-5C75?i=1509&cc=1985804&wc=M6Z9-GM9%3A264175701%2C264722601%2C265504701
316,VI,col.,Vertuijeni,Вертюжень,,901-902,901,902,,,,,1516,https://www.familysearch.org/ark:/61903/3:1:3QS7-893Y-5CSR?i=1515&cc=1985804&wc=M6Z9-GM9%3A264175701%2C264722601%2C265504701
316,VI,col.,Liublin,Люблин,,903-904,903,904,,,,,1519,https://www.familysearch.org/ark:/61903/3:1:3QS7-893Y-5CWK?i=1518&cc=1985804&wc=M6Z9-GM9%3A264175701%2C264722601%2C265504701
316,VI,col.,Căpreşti,Кэпрешты,,905-906,905,906,,,,,1522,https://www.familysearch.org/ark:/61903/3:1:3QSQ-G93Y-5CND?i=1521&cc=1985804&wc=M6Z9-GM9%3A264175701%2C264722601%2C265504701
316,VII,or.,Hotin,Хотин,,907-946,907,946,,,,,,
316,VII,tîrgul,Briceni,Бричаны,,947-954,947,954,,,,,,
316,VII,tîrgul,Lipcani,Липканы,,955-960,955,960,,,,,,
316,VII,tîrgul,Noua Suliţă,Новосулица,,961-962,961,962,,,,,1629,https://www.familysearch.org/ark:/61903/3:1:3QS7-L93Y-5HGR?i=1628&cc=1985804&wc=M6Z9-GM9%3A264175701%2C264722601%2C265504701
316,VII,tîrgul,Sculeni,Скуляны,,963-1020,963,1020,,,,,1632,https://www.familysearch.org/ark:/61903/3:1:3QS7-L93Y-5HG7?i=1631&cc=1985804&wc=M6Z9-GM9%3A264175701%2C264722601%2C265504701
316,VII,tîrgul,Făleşti,Фалешты,,1021-1055,1021,1055,,,,,1727,https://www.familysearch.org/ark:/61903/3:1:3QS7-L93Y-5461?i=1726&cc=1985804&wc=M6Z9-GM9%3A264175701%2C264722601%2C265504701
316,VII,col.,Alexăndreni,Александрены,,1056-1063,1056,1063,,,,,1781,https://www.familysearch.org/ark:/61903/3:1:3QSQ-G93Y-5WB2?i=1780&cc=1985804&wc=M6Z9-GM9%3A264175701%2C264722601%2C265504701
316,VII,col.,Valea lui Vlad,Валя-луй-Влад,,1064-1065,1064,1065,,,,,1792,https://www.familysearch.org/ark:/61903/3:1:3QS7-893Y-5WKM?i=1791&cc=1985804&wc=M6Z9-GM9%3A264175701%2C264722601%2C265504701
317,,col.,Romanenco,Романенко,,1-58,1,58,,,,,,
317,,or.,Bender,Бендеры,,59-67,59,67,,,,,,
318,,tîrgul,Căuşeni,Каушаны,,1-26v,1,26,,,,,,
319,,or.,Bender,Бендеры,,1-24,1,24,,,,,,
320,,or.,Bălţi,Бельцы,,1-115,1,115,,,,,,
321,I,or.,Ismail,Измаил,,1-217,1,217,,,,,,
321,I,or.,Odesa,Одесса,,1-11,1,11,,,,,,
321,I,or.,Herson,Херсон,,12-43,12,43,,,,,,
321,I,or.,Chilia,Килия,,76-77,76,77,,,,,,
321,II,tîrgurile,Mostovoi şi Cantacuzino,Мостовой и Кантакузино,,94-133,94,133,,,,,,
321,II,or.,Ismail,Измаил,,94-217,94,217,,,,,,
322,,or.,Cahul,Кагул,,1-36,1,36,,,,,,
323,,or.,Chişinău,Кишинёв,,1-44,1,44,,,,,,
324,,or.,Chişinău,Кишинёв,,1-80,1,80,,,,,,
325,,tîrgul,Căuşeni,Каушаны,,1-27v,1,27,,,,,,
326,,tîrgul,Criuleni,Криулены,,1-27,1,27,,,,,,
327,,tîrgul,Teleneşti,Теленешть,,1-66v,1,66,2373295,146–277,132,exacte,,
328,,or.,Orhei,Орхей,,1-33,1,33,2373295,278–346,69,exacte,,
329,,or.,Orhei,Орхей,,1-102,1,102,2373295,347–552,206,exacte,,
330,,col.,Constantinovca,Константиновка,,1-9,1,9,,,,,,
330,,col.,Nicolaevca,Николаевка,,10-33v,10,33,2373295,553–619,67,exacte,,
330,,col.,Şipca,Шипка,,34-44,34,44,,,,,,
330,,col.,Romanenco,Романенко,,45-96,45,96,2373295,639–737,99,exacte,,
330,,col.,Liublin,Люблин,,97-125,97,125,,,,,,
330,,col.,Dumbrăveni,Думбрэвены,,126-146,126,146,2373295,786–824,39,exacte,,
330,,col.,Valea lui Vlad,Валя-луй-Влад,,147-153,147,153,,,,,,
330,,col.,Lomacineţ,Ломачинец,Hotin,154-165,154,165,2373295,835–853,19,exacte,,
330,,or.,Bender,Бендеры,,166v-171v,166,171,,,,,,
331,,col.,Vertiujeni,Вертюжень,,1-120v,1,120,,,,,,
332,,or.,Soroca,Сорока,,1-33,1,33,2373295,890–953,64,exacte,,
333,,col.,Liublin,Люблин,,1-22,1,22,,,,,,
334,,tîrgul,Noua Suliţă (Novoseliţa),Новоселица,,1-23v,1,23,,,,,,
335,,tîrgul,Briceni,Бричаны,,1-122,1,122,,,,,,
335,,tîrgul,Briceni,Бричаны,,123-244,123,244,,,,,,
336,I,tîrgul,Făleşti,Фалешты,,1-117,1,117,,,,,,
336,II,tîrgul,Făleşti,Фалешты,,118-232,118,232,,,,,,
337,,col.,Alexăndreni,Александрены,,1-36,1,36,,,,,,
338,,or.,Chilia,Килия,,1-4,1,4,,,,,,
338,,or.,Akkerman,Аккерман,,5-18,5,18,,,,,,
339,,tîrgul,Rezina,Резина,,1-10,1,10,,,,,,
340,,tîrgul,Sculeni,Скуляны,,1-42,1,42,,,,,,
341,,s.,Condrăteşti,Кондрэтешть,,1-2,1,2,2377252,67–69,3,exacte,,
341,,s.,Vulpeşti,Вулпешты,,3-6,3,6,2377252,73–74,2,exacte,,
341,,s.,Zgărdeşti,Згардешты,,7-9,7,9,,,,,,
341,,s.,Năpădeni,Напэдены,,10-11,10,11,,,,,,
341,,s.,Brătuşeni,Брэтушены,,12-15,12,15,,,,,,
341,,s.,Cucioaia,Кучоая,,16-17,16,17,,,,,,
341,,s.,Chişcăreni,Кишкарены,,18-20,18,20,,,,,,
341,,s.,Zăhăicani,Захайкани,,21-22,21,22,,,,,,
341,,s.,Pelinia,Пелиния,,23-24,23,24,,,,,,
341,,s.,Corpaci,Корпач,,25-28,25,28,2377252,99–105,7,exacte,,
341,,s.,Mihăileni,Михэйлень,,29-32,29,32,2377252,106–110,5,exacte,,
341,,s.,Valea Mare,Валя-Маре,,33-38,33,38,,,,,,
341,,s.,Fîntîna Albă,Фынтына Албэ,,39-40,39,40,,,,,,
341,,s.,Poporniţa,Попорница,,41-42,41,42,2377252,122–124,3,exacte,,
341,,s.,Cîrpiţi,Кырпицы,,43-48,43,48,,,,,,
341,,or.,Bălţi,Бельцы,,50-52,50,52,,,,,,
342,,s.,Antonovca,Антоновка,,1b-22v,1,22,,,,,,
342,,s.,Djalair-Arcizul II,Джалаир-Арчиз II,,22a-35v,22,35,,,,,,
342,,s.,Marianovca,Марьяновка,,37-49v,37,49,2377252,208–228,21,exacte,,
342,,s.,Nadejda,Надежда,,50-73,50,73,2377252,229–268,40,exacte,,
342,,s.,Negrova,Негрова,,74-79,74,79,,,,,,
342,,s.,Pavlovca,Павловка,,80-90v,80,90,,,,,,
342,II,s.,Purcari,Пуркары,,91-115v,91,115,2377252,297–341,45,exacte,,
342,II,s.,Răscăieţi,Раскаец,,116-152,116,152,,,,,,
342,II,s.,Stefanovca,Стефановка,,153-173v,153,173,,,,,,
342,II,s.,Frumuşica Veche (Ocniţa),Фрумушица Веке,,174-194,174,194,,,,,,
343,,col.,Briceni,Бричаны,,1-26,1,26,,,,,,
343,,col.,Fridenstal,Фриденсталь,,27-36,27,36,,,,,,
343,,col.,Cleastiţi,Кляштицы,,37-38,37,38,,,,,,
343,,col.,Arcizul Vechi,Арцизул Векь,,39-40,39,40,,,,,,
343,,col.,Chiriutnea,Кириутня,,41-42,41,42,,,,,,
343,,col.,Ferşampenoise II,Фершампенуаз II,,43-44,43,44,,,,,,
343,,col.,Paris,Париж,,45-46,45,46,,,,,,
343,,col.,Gnadental,Гнаденталь,,47-48,47,48,,,,,,
343,,col.,Culm,Кулм,,49-50,49,50,,,,,,
343,,col.,Leipţig,Лейпциг,,51-52,51,52,,,,,,
344,,or.,Akkerman,Аккерман,,1-102,1,102,2377252,515–663,149,exacte,,
345,,s.,Taraclia,Тараклия,,1-70,1,70,2377252,664–749,86,exacte,,
345,,s.,Baimaclia,Баймаклия,,71-100,71,100,2377252,750–797,48,exacte,,
345,,s.,Batîr,Батыр,,101-147,101,147,,,,,,
345,,s.,Troiţcoe,Троицкое,,149-194,149,194,,,,,,
345,,s.,Sălcuţa,Сэлкуца,,195-282v,195,282,,,,,,
346,I,s.,Delacău,Делакэу,,1-26,1,26,,,,,,
346,I,s.,Bogdanovca,Богдановка,,27-60,27,60,,,,,,
346,I,s.,Baccealia,Баччалия,,61-93v,61,93,,,,,,
346,I,s.,Borogani,Бороганы,,94-109,94,109,,,,,,
346,I,s.,Beştemac,Бештемак,,110-147,110,147,,,,,,
346,I,s.,Gura Bîcului,Гура-Быкулуй,,148-154,148,154,,,,,,
346,II,s.,Gura Galbenei,Гура-Галбеней,,155-241v,155,241,,,,,,
346,II,s.,Gangura,Гангура,,242-257,242,257,,,,,,
346,II,s.,Gradişte,Градиште,,258-322,258,322,,,,,,
346,III,s.,Dubăsarii Vechi,Дубоссары Старые,,323-375,323,375,,,,,,
346,III,s.,Geamăna,Жамэна,,376-445v,376,445,,,,,,
346,III,s.,Ivanovca,Ивановка,,446-461,446,461,,,,,,
346,III,s.,Iordanovca,Иордановка,,462-478v,462,478,,,,,,
346,IV,s.,Căinari,Каинары,,479-505,479,505,,,,,,
346,IV,s.,Coşcalia,Кошкалия,,506-538v,506,538,,,,,,
346,IV,s.,Corjova,Коржова,,359-550,359,550,,,,,,
346,IV,s.,Colbăraşi,Колбэрашь,,551-611,551,611,,,,,,
346,V,s.,Cărbuna,Кэрбуна,,612-658v,612,658,,,,,,
346,V,s.,Cobusca Veche,Кобуска Веке,,659-679,659,679,,,,,,
346,V,s.,Cobusca Nouă,Кобуска Ноуэ,,680-704,680,704,,,,,,
346,V,s.,Cobusca Mică,Кобуска Микэ,,705-710,705,710,,,,,,
347,,s.,Săiţi,Сэиць,,2-58v,2,58,,,,,,
347,,s.,Sadaclia,Садаклия,,59-110,59,110,,,,,,
347,II,s.,Sălcuţa,Сэлкуца,,111-201,111,201,,,,,,
347,II,s,Selemet,Селемет,,202-276,202,276,,,,,,
347,III,s.,Tănătari,Тэнэтарь,,277-312,277,312,,,,,,
347,III,s.,Taraclia,Тараклия,,313-383,313,383,,,,,,
347,III,s.,Tocuz,Токуз,,384-437,384,437,,,,,,
347,IV,s.,Troiţcoe,Троицкое,,438-484,438,484,,,,,,
347,IV,s.,Fîrlădeni,Фырлэдень,,485-525,485,525,,,,,,
347,IV,s.,Hagimus,Гаджимус,,526-555,526,555,,,,,,
347,V,tîrgul,Cimişlia,Чимишлия,,556-676,556,676,,,,,,
347,VI,s.,Ciucur-Mingir,Чучур-Мингир,,677-723,677,723,,,,,,
347,VI,s.,Cioara-Murza,Чоара-Мурза,,724-758,724,758,,,,,,
347,VI,s.,Cenac,Чинак,,759-809v,759,809,,,,,,
348,,s.,Abaclia,Абаклия,,1-72,1,72,,,,,,
348,,s.,Sadaclia,Садаклия,,73-124,73,124,,,,,,
348,,s.,Cioara-Murza,Чоара-Мурза,,125-157,125,157,,,,,,
349,I,s.,Abaclia,Абаклия,,3-67v,3,67,,,,,,
349,I,s.,Batîr,Батыр,,68-116,68,116,,,,,,
349,I,s.,Bulbuoaca,Булбуоака,,117-145v,117,145,,,,,,
349,I,s.,Baimaclia,Баймаклия,,146-176,146,176,,,,,,
349,I,s.,Varniţa,Варница,,177-211,177,211,,,,,,
349,I,s.,Hîrbovăţ,Хырбовэц,,212-277v,212,277,,,,,,
349,I,s.,Javgur,Жавгур,,279-321,279,321,,,,,,
349,III,s.,Zaim,Заим,,322-364v,322,364,,,,,,
349,III,s.,Chircăieşti,Кыркэешты,,365-423,365,423,,,,,,
349,III,s.,Calfa,Калфа,,424-445v,424,445,,,,,,
349,IV,s.,Căuşenii Vechi,Каушаны Старые,,447-492v,447,492,,,,,,
349,IV,tîrgul,Căuşeni,Каушаны,,494-562,494,562,,,,,,
349,IV,s.,Cîrnăţeni,Кырнэцень,,563-602v,563,602,,,,,,
349,V,s.,Chiţcani,Кицканы,,604-683v,604,683,,,,,,
349,V,s.,Copanca,Копанка,,685-739,685,739,,,,,,
349,VI,s.,Mihailovca,Михайловка,,740-780v,740,780,,,,,,
349,VI,s.,Opaci,Опач,,781-846v,781,846,,,,,,
350,I,s.,Manzîr (Grafinea),Манзырь (Графиня),Bender,1-58v,1,58,,,,,,
350,I,s.,Moleşti,Молешть,Bender,59-105,59,105,,,,,,
350,I,s.,Puhoi,Пугой,Bender,106-176,106,176,,,,,,
350,II,s.,Puhăceni,Пугэчены,Bender,178-199v,178,199,,,,,,
350,II,,Sagaidac (Slobozia Sagaidac),Сагайдак (Слобозия Сагайдак),Bender,0-269,0,269,,,,,,
350,II,s.,Roşcanii Vechi (Găleşti),Рошканий Векь (Галешти),Bender,270-278,270,278,,,,,,
350,II,s.,Speia,Спея,Bender,279-304v,279,304,,,,,,
350,II,s.,Sturzeni (Cărbuna),Стурзень (Кэрбуна),Bender,305-361v,305,361,,,,,,
350,III,s.,Satul Nou Troian,Сатул Ноу Троян,Bender,362-381v,362,381,,,,,,
350,III,s.,Sărata Galbenă de Sus,Сэрата Гэлбенэ де Сус,Cahul,383-445,383,445,,,,,,
350,III,s.,Sărata Galbenă de Jos,Сэрата Гэлбенэ де Жос,Cahul,447-498,447,498,,,,,,
350,III,s.,Sărata Galbenă,Сэрата Гэлбенэ,Cahul,500-501,500,501,,,,,,
350,III,s.,Sărăţica,Сэрэцика,Cahul,502-509,502,509,,,,,,
350,III,s.,Teliţa,Телица,Bender,510-520,510,520,,,,,,
350,III,s.,Todireşti,Тодирешты,Bender,521-533,521,533,,,,,,
350,IV,s.,Topala,Топала,Cahul,534-587v,534,587,,,,,,
350,,moşia,Floreşti,Флорешты,,589-592,589,592,,,,,,
350,,moşia,Fontonouca,Фонтоновка,,593-599,593,599,,,,,,
350,IV,s.,Ţînţăreni (Luţeni),Цынцэрень (Луцень),Bender,600-627,600,627,,,,,,
350,IV,s.,Ciufleşti,Чуфлешты,Bender,629-651v,629,651,,,,,,
350,IV,s.,Şerpeni,Шерпены,Bender,654-692v,654,692,,,,,,
350,IV,s.,Ialpugeni,Ялпужены,Cahul,693-713,693,713,,,,,,
351,I,or.,Bender,Бендеры,,1-179,1,179,,,,,,
351,II,or.,Bender,Бендеры,,180-357,180,357,,,,,,
352,I,or.,Bender,Бендеры,,1-161,1,161,,,,,,
352,I,s.,Drujeliubovca,Дружелюбовка,,123-131,123,131,,,,,,
352,,or.,"Ismail,…………………134-137",Измаил,,146-147,146,147,,,,,,
352,II,or.,Bender,Бендеры,,162-311,162,311,,,,,,
352,II,s.,Alexandrovca,Александровка,,160-163,160,163,,,,,,
352,II,s.,Ferdinandovca,Фердинандовка,,164-165,164,165,,,,,,
352,II,s.,Slobozia Duşca,Слобозия Душка,Orhei,184-185,184,185,,,,,,
352,II,or.,Odesa,Одесса,Orhei,205-206,205,206,,,,,,
352,II,s.,Velizarovca,Велизаровка,Orhei,247-250,247,250,,,,,,
352,II,s.,Velizarovca,Велизаровка,Orhei,263-274,263,274,,,,,,
352,II,s.,Perpletcova,Перплеткова,Orhei,278-285,278,285,,,,,,
352,,s.,Velizarovca,Велизаровка,,290-290a,290,290,,,,,,
353,,s.,Chircăieşti,Кыркэешты,,1-57,1,57,,,,,,
354,,or.,Bender,Бендеры,,1-84,1,84,2373971,5–108,104,exacte,,
355,,s.,Zaim,Заим,,1-52,1,52,2373971,109–211,103,exacte,,
356,,s.,Bogdanovca,Богдановка,,1-35,1,35,2373971,212–282,71,exacte,,
357,,s.,Tocuz,Токуз,,1-55,1,55,2373971,283–394,112,exacte,,
358,,s.,Copanca,Копанка,,1-53,1,53,2373971,395–500,106,exacte,,
359,,s.,Troiţcoe (Troiţca),Троицкое (Троица),,1-46,1,46,,,,,,
360,,s.,Ciufleşti,Чуфлешты,,1-23v,1,23,,,,,,
361,,s.,Baccealia,Баччалия,,1-34,1,34,,,,,,
361,,s.,Colbăraşi,Колбэрашь,,35-36,35,36,,,,,,
362,,s.,Roşcanii Vechi (Gălileşti),Рошканий Векь (Галилешти),,1-11,1,11,,,,,,
363,,s.,Puhoi,Пугой,,1-53,1,53,,,,,,
364,,s.,Teliţa,Телица,,1-11,1,11,,,,,,
365,,s.,Sadaclia,Садаклия,,1-54,1,54,2373971,862–970,109,exacte,,
366,,s.,Manzîr (Grafinea),Манзырь (Графиня),,1-59v,1,59,,,,,,
367,,s.,Ivanovca,Ивановка,,1-17,1,17,,,,,,
368,,s.,Gura Bîcului,Гура-Быкулуй,,1-10,1,10,,,,,,
369,,s.,Mihailovca,Михайловка,,1-45,1,45,2373972,154–236,83,exacte,,
370,,s.,Sălcuţa,Сэлкуца,,1-92,1,92,2373972,237–410,174,exacte,,
371,,s.,Varniţa,Варница,,1-34,1,34,,,,,,
372,,s.,Selemet,Селемет,,1-72,1,72,2373972,474–611,138,exacte,,
373,,s.,Ţînţăreni (Luţeni),Цынцэрень (Луцень),,1-27,1,27,,,,,,
374,,s.,Cenac,Чинак,,1-58,1,58,,,,,,
375,,s.,Javgur,Жавгур,,1-45,1,45,2373972,767–855,89,exacte,,
376,,s.,Hîrbovăţ,Хырбовэц,,1-77,1,77,,,,,,
377,,tîrgul,Cimişlia,Чимишлия,,1-145,1,145,,,,,,
378,,s.,Căinari,Каинары,,1-25,1,25,,,,,,
378,,s.,Satul Nou Troian,Сатул Ноу Троян,,26-45v,26,45,,,,,,
379,,s.,Speia,Спея,,1-20v,1,20,,,,,,
380,,s.,Opaci,Опач,,1-65v,1,65,,,,,,
381,,s.,Batîr,Батыр,,1-47,1,47,,,,,,
382,,s.,Coşcalia,Кошкалия,,1-32v,1,32,,,,,,
383,,s.,Cioara-Murza,Чоара-Мурза,,1-34,1,34,,,,,,
384,,s.,Bulboaca,Булбоака,,1-30v,1,30,,,,,,
385,,s.,Cobusca Veche,Кобуска Веке,,1-21,1,21,,,,,2,https://www.familysearch.org/ark:/61903/3:1:3QS7-99QM-JYSW?i=1&cc=1985804&wc=M6Z9-BZ9%3A264175701%2C264722601%2C265523701
386,,s.,Calfa,Калфа,,1-23,1,23,,,,,,
387,,s.,Săiţi,Сэиць,,1-56v,1,56,,,,,,
388,,s.,Abaclia,Абаклия,,1-64v,1,64,,,,,,
389,I,s.,Bălţaţi,Бэлцаць,,1-8,1,8,,,,,,
389,I,s.,Bardar,Бардар,,9-59,9,59,,,,,13,https://www.familysearch.org/ark:/61903/3:1:3QSQ-G9QM-KY24?i=12&cc=1985804&wc=M6ZS-9TL%3A264175701%2C264722601%2C265558101
389,I,s.,Bălăneşti,Бэлэнешть,,60-101,60,101,,,,,1096,https://www.familysearch.org/ark:/61903/3:1:3QS7-L9QM-V9M7-5?i=1095&cc=1985804&wc=M6ZS-9TL%3A264175701%2C264722601%2C265558101
389,II,s.,Băcioi,Бэчой,,102-200,102,200,,,,,175,https://www.familysearch.org/ark:/61903/3:1:3QSQ-G9QM-K9MJ-N?i=174&cc=1985804&wc=M6ZS-9TL%3A264175701%2C264722601%2C265558101
389,II,s.,Bărboieni,Бэрбоень,,201-214,201,214,,,,,,
389,II,s.,Bălăureşti,Бэлэурешть,,215-245,215,245,,,,,366,https://www.familysearch.org/ark:/61903/3:1:3QS7-L9QM-K1X4?i=365&cc=1985804&wc=M6ZS-9TL%3A264175701%2C264722601%2C265558101
389,II,s.,Bălăbăneşti,Бэлэбэнешть,,246-257,246,257,,,,,415,https://www.familysearch.org/ark:/61903/3:1:3QS7-89QM-K1BL?i=414&cc=1985804&wc=M6ZS-9TL%3A264175701%2C264722601%2C265558101
389,III,s.,Bolţun,Бэлцун,,258-289,258,289,,,,,,
389,III,s.,Bilieşti,Билиешты,,290-311,290,311,,,,,,
389,III,s.,Boghiceni,Богичень,,312-378v,312,378,,,,,,
389,,s.,Negrea Răzeşi,Негря Рэзешь,,379v-413,379,413,,,,,,
389,III,s.,Nemţeni,Немцень,,414-445,414,445,,,,,730,https://www.familysearch.org/ark:/61903/3:1:3QS7-99QM-KT1N?i=729&cc=1985804&wc=M6ZS-9TL%3A264175701%2C264722601%2C265558101
389,III,s.,Nisporeni,Ниспорены,,446-597,446,597,,,,,,
389,V,s.,Nimoreni,Нимореий,,598-635,598,635,,,,,,
389,V,s.,Novaci,Новаки,,636-658,636,658,,,,,,
389,,s.,Oneşti,Онешты,,658a-660,658,660,,,,,,
389,V,s.,Pănăşeşti,Пэнэшешть,,661-715,661,715,,,,,1192,https://www.familysearch.org/ark:/61903/3:1:3QS7-L9QM-V181?i=1191&cc=1985804&wc=M6ZS-9TL%3A264175701%2C264722601%2C265558101
389,V,s.,Paşcani,Пашканы,,716-742,716,742,,,,,,
389,V,s.,Petricani,Петриканы,,743-745,743,745,,,,,,
389,VI,s.,Pereni,Перень,,753-767,753,767,,,,,,
389,VI,s.,Petriceni,Петричены,,768-808,768,808,,,,,1382,https://www.familysearch.org/ark:/61903/3:1:3QS7-L9QM-VBB8?i=1381&cc=1985804&wc=M6ZS-9TL%3A264175701%2C264722601%2C265558101
389,VI,s.,Pîrjolteni,Пыржолтень,,809-839,809,839,,,,,1455,https://www.familysearch.org/ark:/61903/3:1:3QS7-99QM-VBY8?i=1454&cc=1985804&wc=M6ZS-9TL%3A264175701%2C264722601%2C265558101
389,VI,s.,Pojăreni,Пожарены,,840-871,840,871,,,,,,
389,VI,s.,Pulbereni (Logăneşti),Пулберены (Логэнешты),,872-888,872,888,,,,,,
389,VII,s.,Răzeni,Резены,,889-962,889,962,,,,,,
389,VII,s.,Rădeni,Рэдень,,963-981,963,981,,,,,,
389,VII,s.,Revaca,Ревака,,982-997,982,997,,,,,,
389,VII,s.,Recea,Речя,,998-1055,998,1055,,,,,1793,https://www.familysearch.org/ark:/61903/3:1:3QS7-99QM-V9MB-C?i=1792&cc=1985804&wc=M6ZS-9TL%3A264175701%2C264722601%2C265558101
389,VIII,s.,Roşcani,Рошкани,,1056-1087,1056,1087,,,,,,
389,VIII,s.,Ruseşti,Русешти,,1088-1180,1088,1180,,,,,,
389,VIII,s.,Ruseştii Noi,Русештий Ной,,1181-1184,1181,1184,,,,,,
389,VIII,s.,Ruseştii Vechi,Русештий Векь,,1185-1194,1185,1194,,,,,,
390,I,s.,Cărpineni,Кэрпинень,,1-143,1,143,,,,,,
390,I,s.,Cartişa,Картиша,,144-153,144,153,,,,,,
390,I,s.,Căţeleni,Кэцелень,,154-177,154,177,,,,,,
390,II,s.,Călimăneşti,Кэлимэнешты,,178-190,178,190,,,,,,
390,II,s.,Chetrosu,Кетросу,,192-202,192,202,,,,,,
390,II,s.,Căpriana,Кэприана,,203-251,203,251,,,,,,
390,II,s.,Ciobanca,Чобанка,,252-262,252,262,,,,,,
390,II,s.,Chirca,Кирка,,263-273,263,273,,,,,,
390,II,s.,Slobozia Chicera,Слобозия Кичера,,275-285,275,285,,,,,,
390,II,s.,Chărlani,Кэрлань,,286-287,286,287,,,,,,
390,II,s.,Văsieni,Вэсиень,,288-300,288,300,,,,,,
390,II,s.,Poşta Veche,Старая Почта,,301-354,301,354,,,,,,
390,III,s.,Cişladelarului (Cişla delaraiului),Чишла-делараюлуй,,355-365,355,365,,,,,,
390,III,s.,Condriţa,Кондрица,,366-374,366,374,,,,,,
390,III,s.,Corneşti,Корнешть,,375-386,375,386,,,,,,
390,III,s.,Costuleni,Костулены,,387-410,387,410,,,,,,
390,III,s.,Costeşti,Костешть,,411-488,411,488,,,,,,
390,III,s.,Cobăieşti,Кобэешты,,490-505,490,505,,,,,,
390,IV,s.,Cojuşna,Кожушна,,506-589,506,589,,,,,,
390,IV,s.,Cricova (Cricău),Крикова (Крикэу),,590-610,590,610,,,,,,
390,IV,s.,Cristeşti,Кристешты,,611-628,611,628,,,,,,
390,IV,s.,Cruzeşti,Крузешты,,629-646,629,646,,,,,,
390,IV,s.,Curluceni,Курлучень,,647-672v,647,672,,,,,,
391,,s.,Heciul Vechi,Хециул-Векь,,1-3,1,3,,,,,,
392,,s.,Lăpuşna,Лапушна,,1-44,1,44,,,,,,
393,I,s.,Lăpuşna,Лапушна,,1-51,1,51,,,,,,
393,I,s.,Logăneşti,Логэнешть,,53-109,53,109,,,,,,
393,II,s.,Lozova,Лозова,,110-228,110,228,,,,,,
393,II,s.,Malcoci,Малкоч,,229-261,229,261,,,,,,
393,III,s.,Mănoileşti,Мэноилешть,,262-313,262,313,,,,,,
393,III,s.,Măcăreşti,Мэкэрешть,,315-335,315,335,,,,,,
393,III,s.,Marinici,Маринич,,336-363,336,363,,,,,,
393,III,s.,Malo-Tohatin,Мало-Тохатин,,364-385,364,385,,,,,,
393,,s.,Mereşeni,Мерешень,,387,387,387,,,,,,
393,III,s.,Mirreşti,Миррешть,,388-400,388,400,,,,,,
393,IV,s.,Mereşeni,Мерешень,,402-426,402,426,,,,,,
393,IV,s.,Micleuşeni,Миклеушень,,427-489,427,489,,,,,,
393,IV,s.,Micăuţi,Микэуць,,490-523,490,523,,,,,,
393,V,s.,Mileşti,Милешть,,524-642,524,642,,,,,,
393,VI,s.,Mereni,Мерень,,643-756,643,756,,,,,,
393,VI,s.,Mlădineşti,Млэдинешть,,757-766,757,766,,,,,,
393,VI,s.,Modval (Găureni),Модвал (Гэурень),,767-773v,767,773,,,,,,
394,,tîrgul,Hînceşti,Хынчешты,,1-26,1,26,,,,,,
395,,s.,Sărata Galbenă de Sus,Сэрата Гэлбенэ де Сус,,1-60v,1,60,,,,,,
396,,s.,Borogani,Бороганы,,1-16,1,16,,,,,,
397,,s.,Caracui,Каракуй,,1-38v,1,38,,,,,,
398,,s.,Ialpugeni,Ялпужены,,1-20,1,20,,,,,,
398,,s.,Caracui,Каракуй,,21-22,21,22,,,,,,
399,,s.,Topal,Топал,,3-49v,3,49,,,,,,
400,,s.,Beştemac,Бештемак,,1-37,1,37,,,,,,
401,,s.,Sărata Galbenă de Sus,Сэрата Гэлбенэ де Сус,,1-51,1,51,,,,,,
401,,s.,Sărata Galbenă,Сэрата Гэлбенэ,,52-53,52,53,,,,,,
402,I,s.,Curătura,Куратура,,1-13v,1,13,,,,,,
402,I,s.,Cotelnici,Котельничи,,15-21,15,21,,,,,,
402,I,s.,Cogîlniceni,Когильничены,,22-45,22,45,,,,,,
402,I,s.,Chirianca,Кирианка,,46-59,46,59,,,,,,
402,I,s.,Coropceni,Коропчень,,60-93,60,93,,,,,,
402,I,s.,Cucuruzeni,Кукурузены,,94-147,94,147,,,,,,
402,II,s.,Cuizăuca,Куйзэука,,148-190,148,190,,,,,,
402,II,s.,Cornova,Корнова,,191-234v,191,234,,,,,,
402,II,s.,Curleni,Курлень,,235-268,235,268,,,,,,
402,III,s.,Călăraşi,Кэлэраши,,269-383,269,383,,,,,,
402,III,s.,Cruglic,Круглик,,384-419,384,419,,,,,,
402,IV,s.,Chiperceni,Кипирчены,,420-475,420,475,,,,,,
402,IV,s.,Chipeşca,Кипешка,,476-516,476,516,,,,,,
402,IV,s.,Cobîlca,Кобылка,,517-575,517,575,,,,,,
402,V,s.,Chiştelniţa,Киштельница,,576-683v,576,683,,,,,,
402,V,s.,Clişova,Клишова,,683-747v,683,747,,,,,,
403,,or.,Orhei,Орхей,,1-147,1,147,,,,,,
404,I,s.,Micleşti,Миклешть,,1-3,1,3,,,,,,
404,I,s.,Meşeni,Мешень,,4-17,4,17,,,,,,
404,I,s.,Mihuleni,Михулени,,18-33,18,33,,,,,,
404,I,s.,Morozeni,Морозень,,34-73v,34,73,,,,,,
404,I,s.,Mălăieşti,Мэлэешть,,74-97,74,97,,,,,,
404,I,s.,Mateuţi,Матеуцы,,98-119,98,119,,,,,,
404,I,s.,Mitoc,Миток,,120-138,120,138,,,,,,
404,II,s.,Molovata,Моловата,,139-208,139,208,,,,,,
404,II,s.,Mîrzeştii Noi,Мырзештий Ной,,209-223,209,223,,,,,,
404,II,s.,Mîrzeşti,Мырзешть,,224-248,224,248,,,,,,
404,II,s.,Meleşeni,Мелешень,,249-280,249,280,,,,,,
404,II,s.,Mîndra,Мындра,,281-298v,281,298,,,,,,
405,I,s.,Hirova,Хирова,,1-2,1,2,,,,,,
405,I,s.,Vărzăreşti,Вэрзэрешты,,3-49,3,49,,,,,,
405,I,s.,Vîprova,Выпрова,,50-85v,50,85,,,,,,
405,,moşia,Gavrilovca,Гавриловка,,86-87v,86,87,,,,,,
405,I,s.,Hîjdieni,Хыждень,,89-99,89,99,,,,,,
405,I,s.,Grbleşti,Грблешть,,100-115,100,115,,,,,,
405,I,s.,Horodişte,Городище,,116-136,116,136,,,,,,
405,I,s.,Hruşova,Хрушова,,137-155,137,155,,,,,,
405,I,s.,Găuzeni,Гэузень,,156-177v,156,177,,,,,,
405,II,s.,Holecani,Холекань,,178-229,178,229,,,,,,
405,II,s.,Glingeni,Глинджень,,230-248,230,248,,,,,,
405,II,s.,Hîrjauca,Хыржаука,,249-274,249,274,,,,,,
405,II,s.,Schitul Hogineşri,Скит Хогинешти,,275-288,275,288,,,,,,
405,II,s.,Hîrbovăţ,Хырбовэц,,313-338,313,338,,,,,,
405,III,s.,Gordineşti,Гординешть,,339-396,339,396,,,,,,
405,III,s.,Slobozia Horodişte,Слобозия Городиште,,397-422,397,422,,,,,,
405,III,s.,Găleşti,Гэлешть,,423-475,423,475,,,,,,
405,III,s.,Hogineşti,Хоргинешты,,476-509,476,509,,,,,,
405,IV,s.,Hirişeni,Хиришень,,510-551,510,551,,,,,,
405,IV,s.,Ghiduleni,Гидулень,,552-569,552,569,,,,,,
405,IV,s.,Slobozia-Hodorogea,Слобозия-Ходорожа,,570-588,570,588,,,,,,
405,IV,s.,Hîrtopul Mare,Хыртопул-Маре,,589-654,589,654,,,,,,
405,V,s.,Hîrtopul Mic,Хыртопул-Мик,,655-679,655,679,,,,,,
405,V,s.,Hirova,Хирова,,680-717,680,717,,,,,,
405,V,s.,Hulboaca,Хулбоака,,718-751,718,751,,,,,,
405,V,s.,Ghetlova,Гетлова,,752-761,752,761,,,,,,
406,I,tîrgul,Rezina,Резина,,1-14,1,14,,,,,,
406,I,s.,Slobozia Rîşcu,Слобозия Рышку,,15-27v,15,27,,,,,,
406,I,s.,Rîşcova,Рышкова,,28-61,28,61,,,,,,
406,I,s.,Schitul Răciula,Скит Рэчула,,62-73,62,73,,,,,,
406,I,s.,Răculeşti,Рэкулешти,,74-106,74,106,,,,,,
406,I,s.,Rădeni,Рэдень,,107-150,107,150,,,,,,
406,I,s.,Slobozia Răciula,Слобозия Рэчула,,151-172,151,172,,,,,,
406,II,s.,Răspopeni,Распопены,,173-229,173,229,,,,,,
406,II,s.,Săseni,Сэсень,,230-268,230,268,,,,,,
406,II,s.,Sămăşcanii de Sus,Сэмэшкань де Сус,,269-308,269,308,,,,,,
406,II,s.,Sămăşcanii de Jos,Сэмэшкань де Жос,,309-324,309,324,,,,,,
406,II,s.,Stohnaia,Стохная,,325-340,325,340,,,,,,
406,III,s.,Saharna,Сахарна,,341-362,341,362,,,,,,
406,III,s.,Sirota,Сирота,,363-374,363,374,,,,,,
406,III,s.,Selişte,Селиште,,375-404,375,404,,,,,,
406,III,s.,Steţcani,Стецкань,,405-429,405,429,,,,,,
406,III,s.,Solonceni,Солончены,,430-451,430,451,,,,,,
406,III,s.,Stodolna (Cobîlceanca),Стодольна (Кобылчанка),,452-473,452,473,,,,,,
406,III,s.,Sîrcova,Сыркова,,475-511,475,511,,,,,,
406,IV,s.,Stînca (Bezina),Стынка (Безина),,512-533,512,533,,,,,,
406,IV,s.,Sămănanca,Сэмэнанка,,534-554,534,554,,,,,,
406,IV,s.,Sărăteni,Сэрэтень,,555-626,555,626,,,,,,
406,IV,s.,Slobozia schitului Saharna,Слобозия скитул Сахарна,,627-635,627,635,,,,,,
406,V,s.,Susleni,Суслень,,636-708,636,708,,,,,,
406,V,s.,Suhuluceni,Сухулучень,,709-732,709,732,,,,,,
406,V,s.,Scorţeni,Скорцены,,733-810,733,810,,,,,,
407,I,tîrgul,Teleneşti,Теленешть,,1-48v,1,48,,,,,,
407,I,tîrgul,Tuzara,Тузара,,49-89v,49,89,,,,,,
407,I,s.,Tarasova,Тарасова,,90-106,90,106,,,,,,
407,I,s.,Tătăreşti,Тэтэрешты,,107-156,107,156,,,,,,
407,II,s.,Teleneştii Vechi,Теленештий Векь,,157-180v,157,180,,,,,,
407,II,s.,Tîrşiţei,Тыршицей,,181-204,181,204,,,,,,
407,II,s.,Teleşeu,Телешеу,,205-251,205,251,,,,,,
407,II,s.,Tîrzieni,Тырзиень,,252-265v,252,265,,,,,,
407,II,s.,Oxentea,Оксентя,,266-268v,266,268,,,,,,
408,I,s.,Lopatna,Лопатна,,1-8,1,8,,,,,,
408,I,s.,Lupa-Rece,Лупа-Рече,,9-32,9,32,,,,,,
408,I,s.,Lalova,Лалова,,33-63,33,63,,,,,,
408,I,s.,Lucaşeuca,Лукашеука,,64-81,64,81,,,,,,
408,I,s.,Leuşeni,Леушены,,82-115,82,115,,,,,,
408,I,s.,Lipcani,Липканы,,116-140,116,140,,,,,,
408,I,s.,Marcăuţeni,Маркэуцень,,141-163v,141,163,,,,,,
408,II,s.,Maşcauţi,Машкауцы,,164-242,164,242,,,,,,
408,II,s.,Mana,Мана,,243-257,243,257,,,,,,
408,II,s.,Mărtineşti,Мэртинешть,,258-275,258,275,,,,,,
408,II,s.,Mincenii de Sus,Минчений-де-Сус,,276-290,276,290,,,,,,
408,II,s.,Mincenii de Jos,Минчений-де-Жос,,291-306,291,306,,,,,,
408,II,s.,Mihălaşa,Михэлаша,,307-326,307,326,,,,,,
408,II,s.,Micleşti,Миклешть,,327-351v,327,351,,,,,,
409,,s.,Ohrincea,Охринча,,2-15,2,15,,,,,,
409,,s.,Oniţcani,Оницканы,,16-50,16,50,,,,,,
409,,s.,Ocniţa,Окница,,51-66,51,66,,,,,,
409,,s.,Oneşti,Онешты,,67-100,67,100,,,,,,
409,,s.,Onoşcani,Оношканы,,101-159,101,159,,,,,,
409,,s.,Ordăşei,Ордэшей,,160-188,160,188,,,,,,
410,,s.,Coşerniţa,Кошерница,,1-7,1,7,,,,,,
410,,s.,Buşăuca,Бушэука,,8-14,8,14,,,,,,
411,,s.,Ghermăneşti,Гермэнешть,,1-21,1,21,,,,,,
412,,s.,Holercani,Холеркань,,1-22,1,22,,,,,,
413,,tîrgul,Criuleni,Криулены,,1-24,1,24,,,,,,
414,,s.,Oniţccani,Оницканы,,1-11v,1,11,,,,,,
415,,s.,Butuceni (Morovaia),Бутучень (Мороваия),,1-6,1,6,,,,,,
416,,s.,Curătura,Куратура,,1,1,1,,,,,,
416,,s.,Trebujeni,Требужены,,2-17,2,17,,,,,,
417,,s.,Chiţcani,Кицканы,,1-20,1,20,,,,,,
418,,s.,Cişmea,Кишмя,,1-2,1,2,,,,,,
418,,s.,Cegoreni,Чегорень,,3-33v,3,33,,,,,,
418,,s.,Ţîgăneşti,Цыганешты,,34-84,34,84,,,,,,
418,,s.,Ţibirica,Цибирика,,85-128,85,128,,,,,,
418,,s.,Ţareuca,Царёвка,,129-178,129,178,,,,,,
418,II,s.,Ţînţăreni,Цынцэрень,,179-207,179,207,,,,,,
418,II,s.,Şoldăneşti,Шолданешты,,208-232,208,232,,,,,,
418,II,s.,Şipca,Шипка,,233-240v,233,240,,,,,,
418,II,s.,Ciocîlteni,Чокылтень,,241-306,241,306,,,,,,
418,III,s.,Cinişeuţi,Чинишеуць,,307-391,307,391,,,,,,
418,III,s.,Ciorna,Чорна,,392-408,392,408,,,,,,
418,III,s.,Cişmea,Кишмя,,409-422v,409,422,,,,,,
418,III,s.,Tîrzieni,Тырзиень,,423-426,423,426,,,,,,
418,III,s.,Trifeşti,Трифешты,,427-456,427,456,,,,,,
418,III,s.,Tabăra,Табэра,,457-467,457,467,,,,,,
418,IV,s.,Trebujeni,Требужены,,468-507,468,507,,,,,,
418,IV,s.,Ustia,Устия,,508-549,508,549,,,,,,
418,IV,s.,Furcenii de Jos,Фурчений де Жос,,550-571,550,571,,,,,,
418,IV,s.,Furcnii de Sus,Фурчний де Сус,,572-584,572,584,,,,,,
418,V,s.,Făureşti,Фэурешть,,585-603,585,603,,,,,,
418,V,s.,Fuzăuca,Фузэука,,604-635,604,635,,,,,,
418,V,s.,Frumoasa,Фрумоаса,,636-646,636,646,,,,,,
418,V,s.,Hirova,Хирова,,647-656,647,656,,,,,,
418,V,s.,Ţahnăuţi,Цахнэуци,,657-698,657,698,,,,,,
418,,s.,Şarcani,Шаркань,,699,699,699,,,,,,
419,I,s.,Dărcăuţi,Дэркэуць,,1-28,1,28,,,,,,
419,I,s.,Drojdieşti (Lunga),Дрождиешты (Лунга),,29-32,29,32,,,,,,
419,I,s.,Lunga (Drojdieşti),Лунга (Дрождешть),,33-48,33,48,,,,,,
419,I,s.,Domulgeni,Домулжены,,49-67,49,67,,,,,,
419,I,s.,Dubna,Дубна,,68-102,68,102,,,,,,
419,I,s.,Dîngenii de Jos,Дынжений-де-Жос,,104-143,104,143,,,,,,
419,I,s.,Drochia,Дрокия,,144-176,144,176,,,,,,
419,II,s.,Egorouca,Егоровка,,177-192,177,192,,,,,,
419,II,s.,Japca,Жапка,,193-229,193,229,,,,,,
419,II,s.,Zăluceni,Залучени,,230-244,230,244,,,,,,
419,II,s.,Zahorna,Загорна,,245-272,245,272,,,,,,
419,II,s.,Zastînca,Застынка,,273-286,273,286,,,,,,
419,II,s.,Zgura,Згура,,287-308,287,308,,,,,,
419,II,s.,Izvoare,Извоаре,,309-344,309,344,,,,,,
419,II,s.,Iorjniţa,Иоржница,,345-356,345,356,,,,,,
420,I,s.,Valea Ţarigradului,Валя-Цариградулуй,,1-43,1,43,,,,,,
420,I,s.,Vărvăreuca,Вэрвэреука,,44-69v,44,69,,,,,,
420,I,s.,Vadul Ţîrii de Sus,Вадул Цырий де Сус,,71-77,71,77,,,,,,
420,I,s.,Vărăncău,Вэрэнкэу,,78-112,78,112,,,,,,
420,I,s.,Vadul Ţîrii de Jos,Вадул Цырий де Жос,,113-128,113,128,,,,,,
420,,s.,Drăgăneşti,Драганешты,,128,128,128,,,,,,
420,I,s.,Văscăuţi,Вэскэуць,,131-162,131,162,,,,,,
420,II,s.,Verejeni,Вережень,,163-198,163,198,,,,,,
420,II,s.,Voloave,Волоаве,,199-215,199,215,,,,,,
420,II,s.,Voloviţa,Воловица,,216-233,216,233,,,,,,
420,II,s.,Visoca,Высока,,234-281,234,281,,,,,,
420,II,s.,Slobozia Vălcineţ,Слобозия-Вэлчинец,,282-301,282,301,,,,,,
420,II,s.,Vertiujeni,Вертюжень,,302-333,302,333,,,,,,
420,III,s.,Stoicani,Стойкань,,334-334v,334,334,,,,,,
420,III,s.,Vădeni,Вэдены,,335-365,335,365,,,,,,
420,III,s.,Odaia Vanţina,Одая-Ванцина,,366-375,366,375,,,,,,
420,III,s.,Vasilcău,Василкэу,,376-419,376,419,,,,,,
420,III,s.,Slobozia Vărăncău,Слобозия-Вэрэнкэу,,420-449,420,449,,,,,,
420,III,s.,Gîrbova (Hîrbova),Гырбова (Хырбова),,451-485,451,485,,,,,,
420,III,s.,Ghindeşti,Гиндешть,,487-508,487,508,,,,,,
420,IV,s.,Golovcinţi (Holoşniţa),Головчинц (Холошница),,509-531,509,531,,,,,,
420,IV,s.,Horodişte,Городище,,533-566,533,566,,,,,,
420,IV,s.,Horodişte-Ţaul,Городище-Цаул,,567-571,567,571,,,,,,
420,IV,s.,Ţaul (Gorodişce),Цауль (Городище),,573-632,573,632,,,,,,
420,IV,s.,Geinăuţi,Гейнэуць,,634-665,634,665,,,,,,
420,IV,s.,Harbuţcani,Харбуцкань,,666-679,666,679,,,,,,
420,IV,s.,Gvozdova,Гвоздова,,680-691,680,691,,,,,,
420,V,s.,Golieşti,Голиешть,,692-693,692,693,,,,,,
420,V,s.,Goleni,Голень,,694-728,694,728,,,,,,
420,V,s.,Golieşti,Голиешть,,729-732,729,732,,,,,,
420,V,s.,Hîrtop,Хыртоп,,734-751,734,751,,,,,,
420,V,s.,Golovcineţ (Holoşniţa),Головчинец (Холошница),,754-758,754,758,,,,,,
420,V,s.,Ghizdita,Гиздица,,760-812,760,812,,,,,,
420,V,s.,Gura Camencii,Гура-Каменчий,,814-824,814,824,,,,,,
420,V,s.,Gura Căinarului,Гура-Кэинарулуй,,826-862,826,862,,,,,,
421,I,tîrgul,Rşcov,Рышково,,1-24,1,24,,,,,,
421,I,s.,Pohoarna-Răzeşi,Погоарна-Рэзешь,,25-42,25,42,,,,,,
421,I,s.,Pol-Ciripcău (Soloneţ),Пол-Чирипкэу (Солонец),,43-52,43,52,,,,,,
421,I,s.,Outineşti,Аутинешты,,53-74,53,74,,,,,,
421,,moşia,Pîrliţa,Пырлица,,75-80,75,80,,,,,,
421,I,s.,Chetrosu,Кетросу,,81-132,81,132,,,,,,
421,I,s.,Paustova,Паустово,,133-149,133,149,,,,,,
421,II,s.,Ruseni,Русени,,150-214,150,214,,,,,,
421,II,s.,Rubleniţa,Рубленица,,215-243,215,243,,,,,,
421,II,s.,Răzălăi,Рэзэлэй,,244-259,244,259,,,,,,
421,II,s.,Rediul Mare,Редиул Маре,,260-285,260,285,,,,,,
421,II,s.,Răduleni,Рэдулень,,286-320,286,320,,,,,,
421,III,s.,Receşti,Речешть,,321-338,321,338,,,,,,
421,III,s.,Rudii de Sus,Рудий-де-Сус,,339-385,339,385,,,,,,
421,III,s.,Rudii de Jos,Рудий-де-Жос,,386-398,386,398,,,,,,
421,III,s.,Roşietici,Рошиетичь,,399-420,399,420,,,,,,
421,III,s.,Rogojeni,Рогожень,,421-430,421,430,,,,,,
421,III,s.,Rujniţa,Ружница,,431-453,431,453,,,,,,
421,III,s.,Racovăţ,Раковэц,,454-495,454,495,,,,,,
422,,s.,Salcia,Сальча,,2-14,2,14,,,,,,
422,,s.,Samoleuca,Самолеука,,16-30,16,30,,,,,,
422,,s.,Soloneţ,Солонец,,31-38,31,38,,,,,,
422,,s.,Scăieni,Скэены,,39-116,39,116,,,,,,
422,,s.,Stefănăuca,Стефэнэука,,117-128,117,128,,,,,,
422,,s.,Ştefăneşti,Штефэнешты,,129-165,129,165,,,,,,
422,,s.,Stîrceni,Стырчень,,166-177,166,177,,,,,,
422,,s.,Stoicani,Стойкань,,179-209,179,209,,,,,,
422,,s.,Sauca,Саука,,211-216,211,216,,,,,,
422,II,s.,Sauca,Саука,,217-247,217,247,,,,,,
422,II,s.,Sudarca,Сударка,,248-275,248,275,,,,,,
422,II,s.,Schineni,Скинены,,276-295,276,295,,,,,,
422,II,s.,Socola,Соколовка,,296-302,296,302,,,,,,
422,II,s.,Sănătăuca,Сэнэтэука,,303-340,303,340,,,,,,
422,II,s.,Sevirova,Севирова,,341-363,341,363,,,,,,
422,II,s.,"Tătăreuca Nouă (Larova,Cristeuţi)","Новая Татарауца (Ларова, Кристеуцы)",,364-403,364,403,,,,,,
422,II,s.,Trifăuţi,Трифэуць,,404-417v,404,417,,,,,,
422,III,s.,Trifăuţi,Трифэуць,,418-425,418,425,,,,,,
422,III,s.,Tîrnova,Тырново,,426-470,426,470,,,,,,
422,III,s.,Trifăneşti,Трифэнешты,,471-499,471,499,,,,,,
422,III,s.,Teleşeuca,Телешеука,,500-527,500,527,,,,,,
422,III,s.,Telemeuţi,Телемеуць,,528-557,528,557,,,,,,
422,III,s.,Tătăreuca Veche,Старая Татарауца,,558-585,558,585,,,,,,
422,III,s.,Unchiteşti,Унчитешты,,586-605,586,605,,,,,,
422,III,s.,Unguri,Унгуры,,606-648,606,648,,,,,,
423,I,s.,Lipcani,Липканы,,1-53,1,53,,,,,,
423,,s.,Bădiceni,Бэдичень,,54,54,54,,,,,,
423,I,s.,Mălcăuţi,Мэлкэуць,,54-71,54,71,,,,,,
423,I,s.,Mărculeşti,Мэркулешть,,72-95,72,95,,,,,,
423,,s.,Bădiceni,Бэдичень,,96,96,96,,,,,,
423,I,s.,Măcăreuca,Мэкэреука,,96-120,96,120,,,,,,
423,II,s.,Mîndîc,Мындык,,121-220,121,220,,,,,,
423,II,s.,Mereşeuca-Atachi,Мерешеука-Атаки,,221-230,221,230,,,,,,
423,II,s.,Mereşeuca (Lencăuţi),Мерешеука (Ленкауцы),,231-272,231,272,,,,,,
423,II,s.,Moşana,Мошана,,273-300,273,300,,,,,,
423,III,s.,Maramonovca,Марамоновка,,301-307,301,307,,,,,,
423,,s.,Sărata Galbenenă,Сэрата Гэлбеняна,,307,307,307,,,,,,
423,III,s.,Năpadova,Наподова,,308-354,308,354,,,,,,
423,III,s.,Nimereuca,Нимереука,,355-356,355,356,,,,,,
423,III,s.,Nicoreşti,Никорешты,,357-372,357,372,,,,,,
423,III,s.,Naslavcea,Наславча,,373-462,373,462,,,,,,
423,IV,s.,Nimereuca,Нимереука,,465-493,465,493,,,,,,
423,IV,s.,Năduşita (Gribova),Надушица (Грибова),,495-530,495,530,,,,,,
423,IV,s.,Namalova (Bursuc),Бурсук,,531-540,531,540,,,,,,
423,IV,s.,Ocolina,Околина,,541-570v,541,570,,,,,,
423,IV,s.,Oclanda,Окланда,,571-584,571,584,,,,,,
424,,s.,Dîngenii de Sus,Дынжений-де-Сус,,1v-10,1,10,,,,,,
424,,s.,Donduşeni,Дондюшаны,,11-26v,11,26,,,,,,
425,I,s.,Frăteştii de Sus,Фрэтештий де Сус,,1-9,1,9,,,,,,
425,I,s.,Frăteştii de Jos,Фрэтештий де Жос,,10-18,10,18,,,,,,
425,I,s.,Frasin,Фрасин,,19-48,19,48,,,,,,
425,I,s.,Frumuşica,Фрумушица,,49-80v,49,80,,,,,,
425,I,tîrgul,Floreşti,Флорешты,,81-139,81,139,,,,,,
425,I,s.,Hristici,Христичи,,140-183,140,183,,,,,,
425,I,s.,Slobozia Ţîpordei,Слобозия-Цыпордей,,184-195v,184,195,,,,,,
425,I,s.,Ţepilova,Цепилова,,196-201v,196,201,,,,,,
425,II,s.,Ţepilova,Цепилова,,202-213,202,213,,,,,,
425,II,s.,Ţipleşti,Циплешты,,214-232,214,232,,,,,,
425,II,s.,Ţîra de Jos,Цыра-де-Жос,,234-237,234,237,,,,,,
425,II,s.,Cupcui,Купкуй,,235-237,235,237,,,,,,
425,II,s.,Corneleuca,Корнелеука,,238-292v,238,292,,,,,,
425,II,s.,Cerşnovăţ,Черешновэц,,293-308,293,308,,,,,,
425,II,s.,Ciripcău,Чирипкэу,,309-334,309,334,,,,,,
425,II,s.,Cerlina,Черлина,,335-359,335,359,,,,,,
425,II,s.,Ciutuleşti,Чутулешты,,360-394,360,394,,,,,,
425,II,s.,Cerniţa,Черница,,395-400,395,400,,,,,,
425,III,s.,Cerniţa,Черница,,401-426,401,426,,,,,,
425,III,s.,Şuri,Шурь,,427-460,427,460,,,,,,
425,III,s.,Şalviri,Шалвиры,,461-499,461,499,,,,,,
425,III,s.,Şeptelici,Шептеличи,,500-513,500,513,,,,,,
425,III,s.,Şestaci,Шестачи,,514-553,514,553,,,,,,
425,III,s.,Şolcani,Шолканы,,554-574,554,574,,,,,,
425,III,s.,Iarova,Ярова,,575-597,575,597,,,,,,
426,I,s.,Cosăuţi,Косэуцы,,1-51,1,51,,,,,,
426,I,s.,Coşerniţa,Кошерница,,52-97,52,97,,,,,,
426,I,s.,Căinarii Noi,Кэинарий Ной,,98-112,98,112,,,,,,
426,I,s.,Cuşmitca de Sus,Кушмитка-де-Сус,,113-148,113,148,,,,,,
426,II,s.,Căimarii Vechi,Кэймарий Векь,,149-204,149,204,,,,,,
426,II,s.,Climăuţi,Климэуцы,,205-237,205,237,,,,,,
426,II,s.,Cuşmirca de Jos,Кушмирка-де-Жос,,238-275,238,275,,,,,,
426,III,s.,Corbu,Корбу,,276-326,276,326,,,,,,
426,,s.,Bădiceni,Бэдичень,,327,327,327,,,,,,
426,III,s.,Cureşniţa,Курешница,,327-364,327,364,,,,,,
426,III,s.,Cotiujenii Noi,Котюжений Ной,,365-385,365,385,,,,,,
427,,or.,Soroca,Сорока,,1-93,1,93,,,,,,
428,I,s.,Hăsnăşeni,Хэснэшень,,1-46,1,46,,,,,,
428,I,tîrgul,"Otaci (Ataci, Atachi)",Атаки,,47-133,47,133,,,,,,
428,II,s.,Arioneşti (Răvăneşti),Арионешты (Рэвэнешты),,134-197,134,197,,,,,,
428,II,s.,Anfisovca (Sofia),Анфисовка (София),,198-244,198,244,,,,,,
428,II,s.,Băhrineşti,Бэхринешть,,245-288,245,288,,,,,,
428,II,s.,Bodeşti,Бодешть,,289-313,289,313,,,,,,
428,III,s.,Băhani,Бэхань,,314-354,314,354,,,,,,
428,III,s.,Bălăieşti,Бэлэешть,,355-380,355,380,,,,,,
428,III,s.,Braicău,Брайкэу,,381-405,381,405,,,,,,
428,III,s.,Boroseni,Боросень,,406-415,406,415,,,,,,
428,III,s.,Bulboci,Булбочь,,416-453,416,453,,,,,,
428,IV,s.,Bădiceni,Бэдичень,,454-501,454,501,,,,,,
428,IV,s.,Borodniceni (Cenuşa),Бородничень (Ченуша),,502-515,502,515,,,,,,
428,IV,s.,Balinţi,Балинцы,,516-530,516,530,,,,,,
428,IV,s.,Briceni,Бричаны,,531-573,531,573,,,,,,
428,IV,s.,Bobuleşti,Бобулешть,,574-594,574,594,,,,,,
428,IV,s.,Bezeni,Безены,,596-608v,596,608,,,,,,
428,V,s.,Bujerovca,Бужеровка,,609-629,609,629,,,,,,
428,V,s.,Bîrnova de Jos,Бырнова-де-Жос,,631-721,631,721,,,,,,
429,I,s.,Voronoviţa,Вороновица,,1-44,1,44,,,,,,
429,I,s.,Văscăuţi,Вэскэуць,,45-86v,45,86,,,,,,
429,I,s.,Viişoara,Виишоара,,87-122v,87,122,,,,,,
429,I,s.,Varticăuţi,Вартикэуць,,123-162,123,162,,,,,,
429,II,s.,Voloşcova,Волошкова,,163-195,163,195,,,,,,
429,II,s.,Vasileuţi,Василеуць,,196-221,196,221,,,,,,
429,II,s.,Vorniceni,Ворничены,,222-233,222,233,,,,,,
429,II,s.,Vietreanca,Ветрянка,,234-274,234,274,,,,,,
429,II,s.,Vălcineţ,Вэлчинец,,275-315,275,315,,,,,,
429,III,s.,Văncicăuţi,Вэнчикэуць,,316-365,316,365,,,,,,
429,III,s.,Grimeşti,Гримешть,,366-387,366,387,,,,,,
429,III,s.,Grumăzeni,Грумэзень,,388-406,388,406,,,,,,
429,III,s.,Grozinţi,Грозинць,,407-481,407,481,,,,,,
429,IV,s.,Gvăzdăuţi,Гвэздэуць,,482-542v,482,542,,,,,,
429,IV,s.,Hlinaia de Sus,Глинная-де-Сус,,543-559v,543,559,,,,,,
429,IV,s.,Hlinaia de Jos,Глинная-де-Жос,,560-596v,560,596,,,,,,
429,IV,s.,Gordineşti,Гординешть,,597-628v,597,628,,,,,,
429,IV,s.,Grinăuţii de Sus,Гринэуций де Сус,,629-652v,629,652,,,,,,
429,V,s.,Hîjdău,Хыждэу,,653-668v,653,668,,,,,,
429,V,s.,Hincăuţi,Хинкэуць,,669-706,669,706,,,,,,
429,V,s.,Gruşoviţa,Грушовица,,707-769,707,769,,,,,,
429,V,s.,Gordeuţi,Гордэуць,,770-787,770,787,,,,,,
429,V,s.,Halahoreni,Халахорень,,788-798,788,798,,,,,,
429,V,s.,Grimeşti,Гримешть,,799-814v,799,814,,,,,,
430,,s.,Criva,Крива,,1-43,1,43,,,,,,
430,,s.,Cîşla Salii,Кышла Салий,,44-96,44,96,,,,,,
430,,s.,Comarova,Комарова,,97-170,97,170,,,,,,
431,I,tîrgul,Lipcani,Липканы,,1-34,1,34,,,,,,
431,I,s.,Medveja,Медвежа,,35-51,35,51,,,,,,
431,I,s.,Moldova,Молдова,,52-109,52,109,,,,,,
431,I,s.,Mălineşti,Мэлинешть,,110-146v,110,146,,,,,,
431,II,s.,Mihălăşeni,Михэлэшень,,147-179v,147,179,,,,,,
431,II,s.,Mihalcova,Михалкова,,180-232v,180,232,,,,,,
431,II,s.,Mihăileni,Михэйлень,,233-252v,233,252,,,,,,
431,II,s.,Moşineţi,Мошинець,,253-282,253,282,,,,,,
431,II,s.,Mîndîcăuţi,Мындыкэуць,,283-319v,283,319,,,,,,
431,III,s.,Mărcăuţi,Мэркэуць,,320-350,320,350,,,,,,
431,III,s.,Marşinţi,Маршинцы,,351-423,351,423,,,,,,
431,III,s.,Malinţi,Малинцы,,424-479v,424,479,,,,,,
432,,or.,Hotin,Хотин,,1-155,1,155,,,,,,
433,I,s.,Lencăuţi,Ленкэуць,,1-69,1,69,,,,,,
433,I,s.,Lomacinţi,Ломачинць,,70-151,70,151,,,,,,
433,II,s.,Larga,Ларга,,152-239,152,239,,,,,,
434,I,s.,Cormani,Кормань,,1-35v,1,35,,,,,,
434,I,s.,Coteleu,Котелеу,,36-87,36,87,,,,,,
434,I,s.,Corjeuţi,Коржеуць,,88-165,88,165,,,,,,
434,II,s.,Cruglic,Круглик,,166-212v,166,212,,,,,,
434,II,s.,Costiceni,Костичень,,213-254,213,254,,,,,,
434,II,s.,Caracuşeni,Каракушень,,255-314v,255,314,,,,,,
434,II,s.,Cîşla Negima,Кышла Негима,,135-344,135,344,,,,,,
434,III,s.,Cotiujeni,Котюжены,,345-413v,345,413,,,,,,
434,III,s.,Coşuleni,Кошулены,,414-433v,414,433,,,,,,
434,III,s.,Cîşla Zamjii,Кышла Замжий,,434-472v,434,472,,,,,,
434,III,s.,Capleuca,Каплеука,,473-504v,473,504,,,,,,
434,IV,s.,Crestineşti,Крестинешты,,505-542,505,542,,,,,,
434,IV,s.,Corestăuţi,Корестэуць,,543-573v,543,573,,,,,,
434,IV,s.,Clocuşna,Клокушна,,574-643,574,643,,,,,,
435,I,s.,Tîrnova,Тырново,,1-43v,1,43,,,,,,
435,I,s.,Tabani,Табань,,44-94v,44,94,,,,,,
435,I,s.,Tolmaceia (Bordiug),Толмачея (Бордюг),,95-121v,95,121,,,,,,
435,II,s.,Tolbureni,Толбурень,,122-157,122,157,,,,,,
435,II,s.,Trestieni,Трестиень,,158-166v,158,166,,,,,,
435,II,s.,Trinca,Тринка,,167-201v,167,201,,,,,,
435,II,s.,Trebisăuţi,Требисэуць,,202-240,202,240,,,,,,
435,III,s.,Tărăsăuţi,Тэрэсэуць,,241-364,241,364,,,,,,
435,III,s.,Forostna,Форостна,,365-392,365,392,,,,,,
435,IV,s.,Hădărăuţi,Хэдэрэуць,,393-441v,393,441,,,,,,
435,IV,s.,Grimăncăuţi,Гриманкэуць,,442-519,442,519,,,,,,
436,I,s.,Cepeleuţi,Чепелеуць,,1-48,1,48,,,,,,
436,I,s.,Cerlina Mare,Черлина Маре,,49-86v,49,86,,,,,,
436,I,s.,Cebrău,Чебрук,,87-98,87,98,,,,,,
436,I,s.,Cepănoasa,Чепэноаса,,99-134,99,134,,,,,,
436,II,s.,Şirăuţii de Sus,Ширэуций-де-Сус,,136-195,136,195,,,,,,
436,II,s.,Şilouţi,Шилоуцы,,196-251,196,251,,,,,,
436,II,s.,Şebutinţi,Шебутинцы,,252-287,252,287,,,,,,
436,III,s.,Şirăuţii de Sus (partea Vlădîcina),Ширэуций-де-Сус (партя Влэдычина),,288-323,288,323,,,,,,
436,III,s.,Vlădîcina,Владичина,,324-325,324,325,,,,,,
436,III,s.,Şendreni,Шендрены,,326-351,326,351,,,,,,
436,III,s.,Şişcăuţi,Шишкэуци,,325-376v,325,376,,,,,,
436,III,s.,Şerbinţi,Шербинцы,,377-412,377,412,,,,,,
436,IV,s.,Şirăuţii de Jos,Ширэуций-де-Жос,,413-462v,413,462,,,,,,
436,IV,s.,Slobozia Şirăuţi,Слобозия-Ширэуць,,463-479,463,479,,,,,,
436,IV,s.,Ianăuţi,Янэуцы,,480-566v,480,566,,,,,,
437,I,s.,Restev Ataci (Vîratova),Рестев Атачи (Вырстова),,1-67,1,67,,,,,,
437,I,s.,Bîrlădeni,Бырлэдень,,68-84,68,84,,,,,,
437,I,s.,Berestea,Берестя,,85-107,85,107,,,,,,
437,I,s.,Burlăneşti,Бурлэнешты,,108-129v,108,129,,,,,,
437,I,s.,Bogdăneşti,Богдэнешть,,130-167,130,167,,,,,,
437,II,s.,Bocicăuţi,Бочикэуць,,168-227,168,227,,,,,,
437,II,s.,Belousovca,Белоусовка,,228-253,228,253,,,,,,
437,II,s.,Buzoviţa,Бузовица,,254-298v,254,298,,,,,,
437,II,s.,Bîrnova,Бырнова,,299-343,299,343,,,,,,
437,III,s.,Bălcăuţii de Jos,Бэлкэуций-де-Жос,,344-364,344,364,,,,,,
437,III,s.,Bălcăuşii de Sus,Бэлкэуший-де-Сус,,365-397v,365,397,,,,,,
437,III,s.,Buzdugeni,Буздугень,,398-412,398,412,,,,,,
437,III,s.,Balamutovca,Баламутовка,,413-442v,413,442,,,,,,
437,III,s.,Bulboaca,Булбоака,,443-467,443,467,,,,,,
437,III,s.,Bălăsineşti,Бэлэсинешть,,468-511,468,511,,,,,,
437,IV,s.,Babin,Бабин,,512-558v,512,558,,,,,,
437,IV,tîrgul,Briceni,Бричаны,,559-612,559,612,,,,,,
437,IV,s.,Bilăuţi,Билэуць,,613-644,613,644,,,,,,
437,V,s.,Beleavinţi,Белявинцы,,645-678,645,678,,,,,,
437,V,s.,Berlinţi,Берлинцы,,679-721,679,721,,,,,,
437,V,s.,Bădragi,Бэдраджь,,722-727,722,727,,,,,,
437,V,s.,Bădragii Vechi,Бэдраджий-Векь,,728-747,728,747,,,,,,
437,V,s.,Bădragii Noi,Бэдраджий-Ной,,748-760v,748,760,,,,,,
438,I,s.,Durleşti,Дурлешты,,3-60,3,60,,,,,,
438,I,s.,Dolna,Дольна,,61-74,61,74,,,,,,
438,I,s.,Dulugeni,Дулугены,,75-76,75,76,,,,,,
438,I,s.,Dănceni,Дэнчень,,77-90,77,90,,,,,,
438,I,s.,Drăguşenii Vechi,Драгушений Векь,,91-112,91,112,,,,,,
438,I,s.,Drăguşenii Noi,Драгушений Ной,,113-130v,113,130,,,,,,
438,I,s.,Dahnovici,Дахновичи,,131-142,131,142,,,,,,
438,I,s.,Drăsliceni,Дрэсличены,,143-150,143,150,,,,,,
438,I,s.,Zîmbreni,Зымбрены,,151-163,151,163,,,,,,
438,I,s.,Zamciogi,Замчоги,,164-169,164,169,,,,,,
438,II,s.,Zberoaia,Зберойя,,170-179,170,179,,,,,,
438,II,s.,Cartişa,Картиша,,180-190,180,190,,,,,,
438,II,s.,Cojuşna,Кожушна,,191-228,191,228,,,,,,
438,,s.,Chicera,Кичера,,229v-234,229,234,,,,,,
438,II,s.,Curluceni,Курлучень,,235-248,235,248,,,,,,
438,,s.,Căpriana,Кэприана,,294-272,294,272,,,,,,
438,II,s.,Condriţa,Кондрица,,273-276,273,276,,,,,,
438,II,s.,Costeşti,Костешть,,277-306v,277,306,,,,,,
438,II,s.,Cruzeşti,Крузешты,,307-310v,307,310,,,,,,
438,II,s.,Poşta Veche,Старая Почта,,311-318,311,318,,,,,,
438,III,s.,Cărpineni,Кэрпинень,,319-345,319,345,,,,,,
438,III,s.,Cotul Morii,Котул Морий,,346-359,346,359,,,,,,
438,III,s.,Cîşla Delarului,Кышла Деларулуй,,360-365,360,365,,,,,,
438,III,s.,Călmăţui,Кэлмэцуй,,366-373,366,373,,,,,,
438,III,s.,Căţăleni,Кэцэлень,,374-379,374,379,,,,,,
438,III,s.,Costuleni,Костулены,,380-393,380,393,,,,,,
438,III,s.,Chirca,Кирка,,394-397,394,397,,,,,,
438,III,s.,Chetrosu,Кетросу,,398-401,398,401,,,,,,
438,III,s.,Cricova,Крикова,,402-411,402,411,,,,,,
438,III,s.,Slobozia Călimăneşti,Слобозия Кэлимэнешть,,412-418,412,418,,,,,,
438,III,s.,Cristeşti,Кристешты,,419-427,419,427,,,,,,
439,,s.,Albineţ,Альбинец,,1-42,1,42,,,,,,
439,,s.,Alexăndreni,Александрены,,43-108,43,108,,,,,,
439,,s.,Avrămeni,Аврэмень,,109-122,109,122,,,,,,
439,,s.,Aluniş,Алуниш,,123-162,123,162,,,,,,
440,I,s.,Sărata Veche,Сэрата Веке,,1-33,1,33,,,,,,
440,,s.,Sărata Nouă,Сэрата Ноуэ,,34-49,34,49,,,,,,
440,,s.,Stîncăuţi (Şapte-Bani),Стынкэуць (Шапте-Бань),,50-84,50,84,,,,,,
440,,s.,Sîngerei,Сынджерей,,85-175,85,175,,,,,,
440,II,s.,Stîngăceni,Стынгэчень,,176-213,176,213,,,,,,
440,,s.,Stolniceni,Стольничень,,214-239,214,239,,,,,,
440,,s.,Stîngineni,Стынджинень,,240-268,240,268,,,,,,
440,,s.,Sturzeni,Стурзень,,269-307,269,307,,,,,,
440,,s.,Singurenii Vechi,Сингурений Векь,,308-326,308,326,,,,,,
440,,s.,Stolniceni,Стольничень,,327-339,327,339,,,,,,
440,III,s.,Semeni,Семены,,340-349,340,349,,,,,,
440,,s.,Scumpia,Скумпия,,350-408,350,408,,,,,,
440,,s.,Sineşti,Синешты,,409-459,409,459,,,,,,
440,,s.,Terebna,Теребна,,460-505,460,505,,,,,,
440,IV,s.,Tomeştii Vechi,Томештий Вехь,,506-528,506,528,,,,,,
440,,s.,Todireşti,Тодирешты,,529-570,529,570,,,,,,
440,,s.,Tăura,Тэура,,571-588,571,588,,,,,,
440,,s.,Tomeşti-Răzeşi,Томешты-Рэзешь,,589-607,589,607,,,,,,
440,,s.,Taxobeni,Таксобень,,608-624,608,624,,,,,,
440,,s.,Tiurt,Тюрт,,625,625,625,,,,,,
441,I,s.,Dumbrăviţa,Думбравица,,1-53,1,53,,,,,,
441,,s.,Duruitoarea,Друитоаря,,54-72a,54,72,,,,,,
441,,s.,Danu,Дану,,73-89,73,89,,,,,,
441,,s.,Drujineni,Дружинены,,90-107,90,107,,,,,,
441,,s.,Dumeni,Думень,,108-121,108,121,,,,,,
441,,s.,Dănuţeni,Дэнуцень,,122-161a,122,161,,,,,,
441,II,s.,Duşmani,Душмань,,162-205,162,205,,,,,,
441,,s.,Eleneuca,Еленовка,,206-229,206,229,,,,,,
441,,s.,Iezăreni,Езэрены,,230-284,230,284,,,,,,
441,III,s.,Zăhăicani,Захайкани,,285-393,285,393,,,,,,
441,,s.,Zagarancea,Загаранча,,394-405,394,405,,,,,,
441,IV,s.,Zăbriceni,Забричени,,406-443,406,443,,,,,,
441,,s.,Zăzuleni,Зазулены,,444-461,444,461,,,,,,
441,,s.,Zgărdeşti,Згардешты,,462-498,462,498,,,,,,
441,,s.,Izvoare,Извоаре,,499-531,499,531,,,,,,
442,I,s.,Hăsnăşenii de Jos,Хэснэшений-де-Жос,,1-2,1,2,,,,,,
442,I,s.,Aluniş,Алуниш,,3-22,3,22,,,,,,
442,I,s.,Slobozia Bălţilor,Слобозия Бэлцилор,,23-46,23,46,,,,,,
442,I,s.,Balatina,Балатина,,47-102,47,102,,,,,,
442,I,s.,Bocani,Боканы,,103-147v,103,147,,,,,,
442,I,s.,Buteşti-Savro,Бутешти-Савро,,148-174,148,174,,,,,,
442,II,s.,Bumbăta,Бумбэта,,175-229,175,229,,,,,,
442,II,s.,Brătuşeni,Брэтушены,,230-298,230,298,,,,,,
442,II,s.,Bisericani,Бисериканы,,299-325,299,325,,,,,,
442,II,s.,Borosenii Noi,Боросений Ной,,326-328,326,328,,,,,,
443,I,s.,Mihăileni,Михэйлень,,1-3,1,3,,,,,,
443,I,s.,Măgura,Мэгура,,4-16,4,16,,,,,,
443,I,s.,Slobozia-Măgura,Слобозия-Мэгура,,17-58,17,58,,,,,,
443,I,s.,Micleuşeni,Миклеушень,,59-70,59,70,,,,,,
443,I,s.,Măgurele,Мэгуреле,,71-93,71,93,,,,,,
443,I,s.,Musteaţa,Мустяца,,94-123,94,123,,,,,,
443,I,s.,Mînzăteşti,Мынзэтешть,,124-158,124,158,,,,,,
443,II,s.,Năvîrneţ,Навырнец,,159-189,159,189,,,,,,
443,II,s.,Nicoreni,Никорены,,190-244,190,244,,,,,,
443,II,s.,Negureni,Негурень,,245-264,245,264,,,,,,
443,II,s.,Năpădeni,Напэдены,,265-329,265,329,,,,,,
443,III,s.,Obreja,Обря,,330-388,330,388,,,,,,
443,III,s.,Ochiul Alb,Окюл-Алб,,389-451,389,451,,,,,,
444,,s.,Sărata Veche,Сэрата Веке,,3-10,3,10,,,,,,
444,,s.,Limbenii Vechi,Лимбений Векь,,11-42,11,42,,,,,,
444,,s.,Limbenii Noi,Лимбений Ной,,43-66,43,66,,,,,,
444,,s.,Lucăceni,Лукэчень,,67-82,67,82,,,,,,
444,,s.,Mălăieşti,Мэлэешть,,83-112,83,112,,,,,,
444,,s.,Moşeni,Мошень,,113-130,113,130,,,,,,
444,,s.,Mărăndeni,Мэрэндень,,131-138,131,138,,,,,,
444,,s.,Mirceşti,Мирчешть,,139-185,139,185,,,,,,
444,II,s.,Mîndreşti,Мындрешть,,186-246,186,246,,,,,,
444,II,s.,Moreni,Морень,,247-253,247,253,,,,,,
444,II,s.,Mînzăteştii Vechi,Мынзэтештий Векь,,254-264,254,264,,,,,,
444,II,s.,Mănoileşti,Мэноилешть,,266-280,266,280,,,,,,
444,II,s.,Medeleni,Меделень,,281-295,281,295,,,,,,
444,II,s.,Mihăileni,Михэйлень,,297-349v,297,349,,,,,,
445,,tîrgul,Sculeni,Скуляны,,1-54,1,54,,,,,,
445,,s.,Sculenii Vechi,Скулений Векь,,55-78,55,78,,,,,,
445,,s.,Sărata Veche,Сэрата Веке,,79-84,79,84,,,,,,
446,,s.,Unţeşti,Унцешты,,1-23,1,23,,,,,,
446,,s.,Unteni,Унтень,,24-44,24,44,,,,,,
446,,s.,Ustia,Устия,,45-84,45,84,,,,,,
446,,s.,Unţeşti-Răzeşi,Унцешти-Резеши,,85-90,85,90,,,,,,
446,,s.,Ungheni,Унгень,,91-107,91,107,,,,,,
446,,tîrgul,Făleşti,Фалешты,,108-116,108,116,,,,,,
447,I,s.,Cuhneşti,Кухнешты,,1-51,1,51,,,,,,
447,I,s.,Cîrpiţi,Кырпицы,,52-78,52,78,,,,,,
447,I,s.,Cucioaia,Кучоая,,79-112,79,112,,,,,,
447,II,s.,Copăceanca,Копэчанка,,113-211,113,211,,,,,,
447,II,s.,Chetroşica Nouă,Кетрошица Ноуэ,,212-247,212,247,,,,,,
447,II,s.,Cozeşti,Козешты,,248-260,248,260,,,,,529,https://www.familysearch.org/ark:/61903/3:1:3QS7-89QM-JVJ8?i=528&cc=1985804&wc=M6ZS-ZPD%3A264175701%2C264722601%2C265731801
447,II,s.,Chetroşica Veche,Кетрошица Веке,,261-273,261,273,,,,,489,https://www.familysearch.org/ark:/61903/3:1:3QS7-89QM-J8LY?i=488&cc=1985804&wc=M6ZS-ZPD%3A264175701%2C264722601%2C265731801
447,II,s.,Chetriş,Кетриш,,274-301,274,301,,,,,,
447,III,s.,Chişcăreni,Кишкарены,,302-385,302,385,,,,,,
447,III,s.,Corlăteni (Stîmba),Корлэтень (Стымба),,386-432,386,432,,,,,727,https://www.familysearch.org/ark:/61903/3:1:3QS7-L9QM-JN5K?i=726&cc=1985804&wc=M6ZS-ZPD%3A264175701%2C264722601%2C265731801
447,III,s.,Cajba,Кажба,,433-444,433,444,,,,,814,https://www.familysearch.org/ark:/61903/3:1:3QSQ-G9QM-JN5T?i=813&cc=1985804&wc=M6ZS-ZPD%3A264175701%2C264722601%2C265731801
447,IV,s.,Cubani,Кубань,,445-518,445,518,,,,,,
447,IV,s.,Condrăteşti,Кондрэтешть,,519-566,519,566,,,,,,
447,IV,s.,Ciuciueţi,Чучуець,,467-584,467,584,,,,,874,https://www.familysearch.org/ark:/61903/3:1:3QS7-99QM-JJQ4?i=873&cc=1985804&wc=M6ZS-ZPD%3A264175701%2C264722601%2C265731801
447,IV,s.,Cuconeşti,Куконешты,,585-607,585,607,,,,,1092,https://www.familysearch.org/ark:/61903/3:1:3QS7-89QM-JNCX?i=1091&cc=1985804&wc=M6ZS-ZPD%3A264175701%2C264722601%2C265731801
447,IV,s.,Cupcini,Купчинь,,608-628,608,628,,,,,,
447,V,s.,Coşcodeni,Кошкодены,,629-656,629,656,,,,,1172,https://www.familysearch.org/ark:/61903/3:1:3QS7-99QM-JNQP?i=1171&cc=1985804&wc=M6ZS-ZPD%3A264175701%2C264722601%2C265731801
447,V,s.,Cîşladelniţa Macaresca (Căşla),Кышладелница Макареска (Кэшла),,657-678,657,678,,,,,,
447,V,s.,Costeşti,Костешть,,679-711,679,711,,,,,1258,https://www.familysearch.org/ark:/61903/3:1:3QSQ-G9QM-JVLD?i=1257&cc=1985804&wc=M6ZS-ZPD%3A264175701%2C264722601%2C265731801
447,V,s.,Corpaci,Корпач,,712-747,712,747,,,,,,
447,VI,s.,Corneşti,Корнешть,,748-820,748,820,,,,,,
447,VI,s.,Camenca,Каменка,,822-855,822,855,,,,,1523,https://www.familysearch.org/ark:/61903/3:1:3QS7-89QM-JJCC?i=1522&cc=1985804&wc=M6ZS-ZPD%3A264175701%2C264722601%2C265731801
447,VII,s.,Călineşti,Кэлинешты,,856-927,856,927,,,,,,
447,VII,s.,Cuzmeni,Кузмень,,928-938,928,938,,,,,,
447,VII,s.,Coşeno-Floceni,Кошено-Флочены,,939-950,939,950,,,,,,
447,VII,s.,Slobozia Chişcăreni,Слобозия Кишкэрень,,951-964,951,964,,,,,,
447,VII,s.,Coiceni,Койчены,,965-988v,965,988,,,,,1780,https://www.familysearch.org/ark:/61903/3:1:3QS7-L9QM-JGS2?i=1779&cc=1985804&wc=M6ZS-ZPD%3A264175701%2C264722601%2C265731801
448,I,col.,Burgugi,Бургуй,,1-26,1,26,,,,,,
448,I,col.,Goliţa (Caramarin),Голица (Карамарин),,27-72,27,72,,,,,,
448,I,col.,Hasan-Batîr,Хасан-Батыр,,73-123,73,123,,,,,,
448,II,s.,Glavan,Главан,,124-193,124,193,,,,,,
448,II,col.,Gnadental,Гнаденталь,,194-239,194,239,,,,,,
448,II,col.,Dimitreuca,Дмитреука,,241-307,241,307,,,,,,
448,III,col.,Delgiler,Дельгилер,,308-366,308,366,,,,,,
448,III,col.,Diulmeni,Дюльмень,,367-448v,367,448,,,,,,
448,IV,col.,Dievlet-Agaci,Девлет-Агач,,450-508,450,508,,,,,,
448,IV,col.,Zadunaevca,Задунаевка,,509-557,509,557,,,,,,
448,IV,col.,Ivanovca,Ивановка,,559-599,559,599,,,,,,
448,IV,col.,Iserlia,Изерлия,,600-636,600,636,,,,,,
448,V,col.,Culevcea,Кулевча,,637-681,637,681,,,,,,
448,V,col.,Cod-Chitai (Baba),Код-Читай (Баба),,682-728,682,728,,,,,,
448,V,col.,Cuporani,Купорань,,729-777,729,777,,,,,,
448,VI,col.,Cubei,Кубей,,778-862,778,862,,,,,,
448,VI,col.,Camcic,Камчик,,863-905,863,905,,,,,,
449,I,or.,Akkerman,Аккерман,,1-122,1,122,,,,,,
449,II,or.,Akkerman,Аккерман,,123-241,123,241,,,,,,
450,II,suburb.,Păpuşoi,Пэпушой,,3-160,3,160,,,,,,
450,III,suburb.,Păpuşoi,Пэпушой,,161-312,161,312,,,,,,
450,IV,suburb.,Păpuşoi,Пэпушой,,313-478,313,478,,,,,,
450,V,suburb.,Păpuşoi,Пэпушой,,479-642,479,642,,,,,,
450,VI,suburb.,Păpuşoi,Пэпушой,,643-733,643,733,,,,,,
451,I,s.,Tălmaza,Тэлмаза,,1-126v,1,126,,,,,,
451,II,s.,Ciobruciu (Cioburciu),Чобручи,,128-189,128,189,,,,,,
451,II,s.,Popovca,Поповка,,190-223,190,223,,,,,,
451,II,s.,Ermoclia,Ермоклия,,224-284,224,284,,,,,,
452,I,or.,Akkeman,Аккерман,,1-170,1,170,,,,,,
452,I,s.,Novapavlovca,Новопавловка,,79-80,79,80,,,,,,
452,II,or.,Akkeman,Аккерман,,171-341,171,341,,,,,,
452,III,or.,Akkeman,Аккерман,,342-513,342,513,,,,,,
452,III,or.,Ismail,Измаил,,382-391,382,391,,,,,,
452,IV,or.,Akkeman,Аккерман,,514-649,514,649,,,,,,
452,,suburb.,Păpuşoi,Пэпушой,,650-686,650,686,,,,,,
452,V,suburb.,Turlac,Турлак,,687-696,687,696,,,,,,
452,,suburb.,Şabo,Шабо,,679-734,679,734,,,,,,
452,V,s.,Alexandrovca,Александровка,,735-736,735,736,,,,,,
452,V,col.,Berezina,Березина,,737-738,737,738,,,,,,
452,V,col.,Bolgrad,Болград,,739-744,739,744,,,,,,
452,V,col.,Burgugi,Бургуй,,745-754,745,754,,,,,,
452,V,s.,Vedensc,Веденск,,755-756,755,756,,,,,,
452,V,s.,Voznesensc,Вознесенск,,757-758,757,758,,,,,,
452,V,col,Hasan-Batîr (Gasan),Хасан-Батыр (Гасан),,759-764,759,764,,,,,,
452,V,s.,Chebobcea,Кебабча,,765-766,765,766,,,,,,
452,V,col.,Glavan,Главан,,767-770,767,770,,,,,,
452,V,col.,Goliţa (Caramarin),Голица (Карамарин),,771-774,771,774,,,,,,
452,V,s.,Gura Roşie,Гура-Рошие,,775-778,775,778,,,,,,
452,V,col.,Devlet-Agaci,Девлет-Агач,,779-780,779,780,,,,,,
452,V,s.,Divizia,Дивизия,,781-791,781,791,,,,,,
452,V,col.,Dumitrăuca,Думитрэука,,792-795,792,795,,,,,,
452,V,col.,Zadunaevca,Задунаевка,,796-806,796,806,,,,,,
452,V,col.,Ivanovca,Ивановка,,807-811,807,811,,,,,,
452,V,col.,Calcevo,Калчево,,812-829,812,829,,,,,,
452,V,col.,Camcic,Камчик,,830-834,830,834,,,,,,
452,V,s.,Caterinovca,Екатериновка,,835-836,835,836,,,,,,
452,V,s.,Corcmaz (Crocmaz),Коркмаз (Крокмаз),,837-838,837,838,,,,,,
452,VI,col.,Cod-Chitai (Baba),Код-Читай (Баба),,839-848,839,848,,,,,,
452,VI,col.,Cubei,Кубей,,849-853,849,853,,,,,,
452,VI,col.,Culevcea,Кулевча,,854-883,854,883,,,,,,
452,VI,col.,Cuporani,Купорань,,884-885,884,885,,,,,,
452,VI,col.,Lichtental (Tretia Stepi),Лихтенталь (Третия Степи),,886-887,886,887,,,,,,
452,VI,s.,Mihailovca,Михайловка,,888-889,888,889,,,,,,
452,VI,col.,Delgiler,Дельгилер,,890-891,890,891,,,,,,
452,VI,col.,Traianul Nou,Траянул Ноу,,892-893,892,893,,,,,,
452,VI,s.,Olăneşti,Оланешты,,894-895,894,895,,,,,,
452,VI,s.,Pavlovca,Павловка,,896-897,896,897,,,,,,
452,VI,s.,Plahteevca (Curudere),Плахтеевка (Курудере),,898-903,898,903,,,,,,
452,VI,s.,Popovca,Поповка,,904-905,904,905,,,,,,
452,VI,s.,Purcari,Пуркары,,906-907,906,907,,,,,,
452,VI,col.,Sărata,Сэрата,,908-909,908,909,,,,,,
452,VI,s.,Semionovca,Семёновка,,910-913,910,913,,,,,,
452,VI,s.,Spascoe,Спасское,,914-915,914,915,,,,,,
452,VI,s.,Tălmaza,Тэлмаза,,916-922,916,922,,,,,,
452,VI,tîrgul,Tatarbunar,Татарбунары,,923-924,923,924,,,,,,
452,VI,col.,Tatar-Copceac,Татар-Копчак,,925-930,925,930,,,,,,
452,VI,s.,Taşlîc,Ташлык,,931-938,931,938,,,,,,
452,VI,col.,Tepliţ,Теплиц,,939-940,939,940,,,,,,
452,VI,s.,Tudorovca,Тудоровка,,941-942,941,942,,,,,,
452,VI,s.,Frumuşica,Фрумушица,,943-946,943,946,,,,,,
452,VI,col.,Fridenstal,Фриденсталь,,947-948,947,948,,,,,,
452,VI,col.,Ceadîr-Lunga,Чадыр-Лунга,,949-950,949,950,,,,,,
452,VI,,"Ciişia (Grădina, Gradino)",Чиишия (Грэдина),,51-954,51,954,,,,,,
452,VI,col.,Ciumlechioi,Чумлекиой,,955-956,955,956,,,,,,
452,VI,s.,Iaroslavca,Ярославка,,957-958,957,958,,,,,,
452,VI,or.,Chişinău,Кишинёв,,959-960,959,960,,,,,,
452,VI,or.,Ismail,Измаил,,961-962,961,962,,,,,,
452,VI,or.,Hotin,Хотин,,963-964,963,964,,,,,,
453,I,or.,Akkeman,Аккерман,,1-179,1,179,,,,,,
453,II,or.,Akkeman,Аккерман,,180-353,180,353,,,,,,
453,III,or.,Akkeman,Аккерман,,354-486,354,486,,,,,,
453,IV,or.,Akkeman,Аккерман,,487-589,487,589,,,,,,
453,V,or.,Akkeman,Аккерман,,590-699,590,699,,,,,,
454,,col.,Babel,Бабел,Cahul,1-2,1,2,2375389,641–642,2,exacte,,
454,,col.,Chiriutnea,Кириутня,Akkerman,3-5,3,5,,,,,,
454,,col.,Novopocrovca,Новопокровка,Akkerman,3-5,3,5,,,,,,
454,,col.,Traianul Vechi,Траянул Векь,,6,6,6,,,,,,
454,,col.,Burgugi,Бургуй,,6,6,6,,,,,,
454,,col.,Baurci,Баурчи,Akkerman,7-8,7,8,2375389,647–648,2,exacte,,
454,,col.,Tropoclo,Трополо,Akkerman,7-8,7,8,,,,,,
454,,col.,Maloiaroslaveţ I şi Maloiaroslaveţ II,Малоярославец I и Малоярославец II,Akkerman,9-12,9,12,,,,,,
454,,col.,Chirsova,Кирсова,Cahul,13-14,13,14,,,,,,
454,,col.,Beşghioz,Бешгиоз,Cahul,15-21,15,21,,,,,,
455,,col.,Lichtental (Tretia Stepi),Лихтенталь (Третия Степи),,3-40,3,40,,,,,,
455,,col.,Taianul Nou,Тяйнул Ноу,,41-97,41,97,,,,,,
455,,col.,Pandaclia,Пандаклия,,97a-167,97,167,,,,,,
455,,col.,Cubei,Кубей,,166-167,166,167,,,,,,
455,II,col.,Satalîc-Hagi (Alexandrovca),Саталык-Хаджи (Александровка),,168-216,168,216,,,,,,
455,,col,Beşalma,Бешалма,,211-214,211,214,,,,,,
455,,col.,Cazaiaclia,Казаяклия,,215-216,215,216,,,,,,
455,,col.,Sărata,Сэрата,,217-275,217,275,,,,,,
455,,col.,Selioglo,Селиогло,,276-342,276,342,,,,,,
455,,col.,Enichioi,Еникиой,,339-342,339,342,,,,,,
455,III,col.,Taraclia,Тараклия,,343-452,343,452,,,,,,
455,IV,col.,Tatar-Copceac,Татар-Копчак,,453-545,453,545,,,,,,
455,,col.,Ciumlechioi,Чумлекиой,,546-605,546,605,,,,,,
455,V,col.,"Ciişia (Grădina, Gradino)",Чиишия (Грэдина),,606-698v,606,698,,,,,,
455,,col.,Pocrouca Nouă,Покроука Ноуэ,,698,698,698,,,,,,
455,,col.,Şabo,Шабо,,699v-725,699,725,,,,,,
456,,col.,Brieni,Бриены,,1-62,1,62,,,,,,
457,,s.,Iaroslavca,Ярославка,,1-28,1,28,,,,,,
459,,col.,Ferşampenoise II,Фершампенуаз II,,1-28,1,28,,,,,,
460,,col.,Maloiaroslaveţ I,Малоярославец I,,1-46v,1,46,,,,,,
461,,col.,Berezina (Rătunda),Березина (Рэтунда),,1-72,1,72,,,,,,
462,,col.,Cleastiţi,Кляштицы,,1-72,1,72,,,,,,
463,,s.,Vedensc,Веденск,,1-27,1,27,,,,,,
464,,s.,Sergheevca,Сергеевка,,1-54,1,54,,,,,,
465,,col.,Culm,Кулм,,1-47,1,47,,,,,,
466,,col.,Tarutino (Ancicrac),Тарутино (Анчикрак),,1-65,1,65,,,,,,
467,,s.,Taşlîc,Ташлык,,1-125,1,125,,,,,4,https://www.familysearch.org/ark:/61903/3:1:3QS7-89Q9-9JJN?i=3&cc=1985804&wc=M6ZS-LNG%3A264175701%2C264722601%2C265829501
468,,s.,Voznesensc,Вознесенск,,1-20,1,20,,,,,,
469,,col.,Hofnungstal (Caradai),Гофнунгсталь (Карадай),,1-40,1,40,,,,,,
470,,col.,Borodino (Saca),Бородино (Сака),,1-63,1,63,,,,,,
470,,col.,Friendenstal,Фриденсталь,,1-45,1,45,,,,,,
471,,col.,Ferşampenoise I,Фершампенуаз I,,1-33,1,33,,,,,,
472,,col.,Arcizul Nou,Арцизул Ноу,,1-30,1,30,,,,,,
473,,or.,Akkerman,Аккерман,,1-110,1,110,,,,,,
474,,or.,Bender,Бендеры,,1-180,1,180,,,,,,
475,,s.,Corjova,Коржова,,1-16,1,16,,,,,,
476,I,col.,Comrat,Комрат,,1-165,1,165,2375393,6–185,180,sur,,
476,II,col.,Comrat,Комрат,,166-290,166,290,2375393,6–185,180,sur,,
477,,s.,Cobusca Nouă,Кобуска Ноуэ,,1-12,1,12,2375393,186–205,20,exacte,,
478,,s.,Sagaidac,Сагайдак,,1-72,1,72,2375393,206–323,118,exacte,,
479,,s.,Fîrlădeni,Фырлэдень,,1-36,1,36,,,,,,
479,,s.,Chircăieşti,Кыркэешты,,37-39,37,39,,,,,,
480,,s.,Bilachev (Delacău),Билачев (Делакэу),,1-20,1,20,,,,,,
481,,s.,Curugica (Fontonouca),Куруджика (Фонтонаука),,1-12,1,12,,,,,,
482,,tîrgul,Căuşeni,Каушаны,,1-85,1,85,,,,,,
483,,s.,Chiţcani,Кицканы,,1-80,1,80,,,,,,
484,,s.,Sturzeni,Стурзень,,1-56,1,56,,,,,,
485,,s.,Moleşti,Молешть,,1-50,1,50,2375393,820–922,103,exacte,,
486,,s.,Dubăsarii Vechi,Дубоссары Старые,,1-5,1,5,,,,,,
487,,s.,Dubăsarii Vechi,Дубоссары Старые,,1-48,1,48,,,,,,
488,,s.,Colbaraşi,Колбараш,,1-51,1,51,,,,,,
489,,s.,Geamăna,Жамэна,,1-65,1,65,,,,,,
490,,s.,Tănătari,Тэнэтарь,,1-33,1,33,,,,,,
490,,s.,Chircăieşti,Кыркэешты,,34-36,34,36,,,,,,
491,,s.,Curugica (Fontonouca),Куруджика (Фонтонаука),,1-11,1,11,,,,,,
492,,col.,Ceadîr-Lunga,Чадыр-Лунга,,1-97,1,97,,,,,,
492,,col.,Bolgrad,Болград,,84-97,84,97,,,,,,
493,,s.,Mihailovca,Михайловка,,1-8,1,8,,,,,,
493,,s.,Tănătari,Тэнэтарь,,9-11,9,11,,,,,,
494,,s.,Gura Galbenei,Гура-Галбеней,,1-4,1,4,,,,,,
495,,s.,Hagimus (Ozimţî),Гаджимус (Озимцы),,1-40,1,40,,,,,,
496,,s.,Iordanovca,Иордановка,,1-19,1,19,,,,,,
497,,moşia,Lambrăuca,Ламбрэука,,1-5,1,5,,,,,,
498,,col.,Valea Perjei,Валя-Пержей,,1-80,1,80,,,,,,
499,,col.,Beşalma,Бешалма,,1-67,1,67,,,,,,
499,,col.,Beşghioz (Cupcui),Бешгиоз (Купкуй),,66-67,66,67,,,,,,
499,,col.,Tomai,Томай,,66-67,66,67,,,,,,
500,,col.,Gaidar,Гайдар,,1-45,1,45,2375395,5–52,48,exacte,,
500,,col.,Congaz,Конгаз,,34-35,34,35,,,,,,
500,,col.,Tomai,Томай,,36-37,36,37,,,,,,
501,,col.,Romanovca,Романовца,,1-61,1,61,2375395,53–170,118,exacte,,
502,,col.,Ferapontouca,Ферапонтовка,,1-39,1,39,2375395,171–244,74,exacte,,
503,,col.,Cioc-Maidan (Carlîc),Чок-Майдан (Карлык),,1-84,1,84,,,,,,
504,,col.,Chirsova (Başchioi),Кирсова (Башкиой),,1-108,1,108,,,,,,
505,,col.,Baurci,Баурчи,Bnder,1-95,1,95,2375395,605–749,145,exacte,,
505,,col.,Noul Caragaci,Новый Каррагач,Ismail,90-93,90,93,,,,,,
505,,col.,Congaz,Конгаз,Bnder,94-95,94,95,,,,,,
506,,or.,Bălţi,Бельцы,,1-108,1,108,,,,,,
507,I,col.,Pocrouca Nouă,Покроука Ноуэ,,2-4v,2,4,,,,,,
507,I,col.,Chiriutnea,Кириутня,,2-4,2,4,,,,,,
507,I,col.,Comrat,Комрат,,5-170,5,170,,,,,,
507,II,col.,Comrat,Комрат,,171-276,171,276,,,,,,
507,II,col.,Chiriet-Lunga,Кириет-Лунга,,278-316,278,316,,,,,,
507,III,col.,Chirsova (Baschiov),Кирсова (Башкиов),,317-417,317,417,,,,,,
507,IV,col.,Cazaclia,Казаклия,,418-507,418,507,,,,,,
507,,col.,Bolgrad,Болград,,507,507,507,,,,,,
507,IV,col.,Congaz,Конгаз,,506-507,506,507,,,,,,
507,,col.,Babel,Бабел,,507,507,507,,,,,,
507,IV,col.,Tvardiţa,Твардица,,510-582v,510,582,,,,,,
507,V,col.,Tomai,Томай,,583-642,583,642,,,,,,
507,V,col.,Beşghioz (Cupcui),Бешгиоз (Купкуй),,640-641,640,641,,,,,,
507,V,col.,Ferapontouca,Ферапонтовка,,643-680,643,680,,,,,,
507,V,col.,Cioc-Maidan (Carlîc),Чок-Майдан (Карлык),,682-736,682,736,,,,,,
507,V,col.,Ciadîr-Lunga,Чадыр-Лунга,,737-817,737,817,,,,,,
508,I,col.,Avdarma,Авдарма,,1-43,1,43,,,,,,
508,I,col.,Baurci,Баурчи,,44-137,44,137,,,,,,
508,I,col.,Noul Caragaci,Новый Каррагач,,134-135,134,135,,,,,,
508,I,col.,Tropoclo,Трополо,,136-137,136,137,,,,,,
508,I,col.,Beşghioz (Cupcui),Бешгиоз (Купкуй),,138-183,138,183,,,,,,
508,II,col.,Başcalia,Башкалия,,184-210,184,210,,,,,,
508,II,col.,Beşalma,Бешалма,,211-271,211,271,,,,,,
508,II,col.,Valea Perjei,Валя-Пержей,,272-341,272,341,,,,,,
508,III,col.,Gaidar,Гайдар,,342-376,342,376,,,,,,
508,III,col.,Joltai,Жолтай,,377-413,377,413,,,,,,
508,III,col.,Dezghingea,Дезгинжа,,414-512,414,512,,,,,,
509,,s.,Budeşti,Будешты,,1-5v,1,5,,,,,,
509,,s.,Visterniceni,Вистерничены,,6-29v,6,29,,,,,,
509,,s.,Lozova,Лозова,,31-32,31,32,,,,,,
509,,s.,Şişcani,Шишканы,,33-34,33,34,,,,,,
509,,s.,Bălăureşti,Бэлэурешть,,35-40,35,40,,,,,,
509,,s.,Costeşti,Костешть,,41-43,41,43,,,,,,
509,,s.,Suruceni,Суручень,,44-47,44,47,,,,,,
509,,s.,Fundul Galbenei,Фундул Галбеней,,48-55,48,55,,,,,,
509,,s.,Carabetovca,Карабетовка,,48-55,48,55,,,,,,
509,,s.,Roşcani (Visterniceni),Рошкани (Вистерничени),,56-57,56,57,,,,,,
509,,s.,Cărpineni,Кэрпинень,,58-63,58,63,,,,,,
509,,s.,Valea Trăisteni,Валя-Трэйстени,,64-65,64,65,,,,,,
509,,s.,Bujor,Бужор,,66-87,66,87,,,,,,
509,,s.,Cărpineni,Кэрпинень,,88-89,88,89,,,,,,
509,,s.,Mereni,Мерень,,90-91,90,91,,,,,,
509,,s.,Nisporeni,Ниспорены,,92-96,92,96,,,,,,
509,,s.,Văsieni,Вэсиень,,97-98,97,98,,,,,,
509,,s.,Cojuşna,Кожушна,,99-105,99,105,,,,,,
509,,s.,Grozeşti,Грозешть,,106-107,106,107,,,,,,
509,,s.,Mileşti,Милешть,,108-111,108,111,,,,,,
509,,or.,Chişinău,Кишинёв,,112-115,112,115,,,,,,
509,,s.,Căpriana,Кэприана,,116-117,116,117,,,,,,
509,,s.,Ruseştii Noi,Русештий Ной,,118-122,118,122,,,,,,
509,,s.,Bobeica,Бобейка,,123-124,123,124,,,,,,
509,,or.,Chişinău,Кишинёв,,125-141,125,141,,,,,,
509,,s.,Ciuciuleni,Чучулень,,142-145,142,145,,,,,,
509,,s.,Truşeni,Трушены,,146-147,146,147,,,,,,
509,,s.,Criteşti,Критешты,,148-149,148,149,,,,,,
509,,s.,Costuleni,Костулены,,150-151,150,151,,,,,,
509,,s.,Recea,Речя,,152-153,152,153,,,,,,
509,,s.,Drăguşenii Noi (Conojeni),Драгушений Ной (Коножены),,154-155,154,155,,,,,,
509,,s.,Bărboieni,Бэрбоень,,156-159,156,159,,,,,,
509,,s.,Călimăneşti,Кэлимэнешты,,160-161,160,161,,,,,,
509,,s.,Poşta Veche,Старая Почта,,162-165,162,165,,,,,,
510,I,tîrgul,Căuşeni,Каушаны,,1-38,1,38,,,,,,
510,I,col.,Romanovca,Романовца,,39-97,39,97,,,,,,
510,I,tîrgul,Cimişlia,Чимишлия,,98-107,98,107,,,,,,
510,I,col.,Constantinovca,Константиновка,,108-127,108,127,,,,,,
510,I,col.,Ceucari,Чеукарь,,128-149,128,149,,,,,,
510,I,col.,Nicolaevca,Николаевка,,150-176,150,176,,,,,,
510,II,s.,Şipca,Шипка,,177-208,177,208,,,,,,
510,II,col.,Briceni,Бричаны,,209-233,209,233,,,,,,
510,II,col.,Vertiujeni,Вертюжень,,234-259,234,259,,,,,,
510,II,col.,Dumbrăveni,Думбрэвены,,260-322v,260,322,,,,,,
510,III,col.,Zguriţa,Згурица,,323-378,323,378,,,,,,
510,III,col.,Căpreşti,Кэпрешты,,379-402,379,402,,,,,,
510,III,col.,Liublin,Люблин,,403-422,403,422,,,,,,
511,I,s.,Sipoteni,Шипотены,,1-3,1,3,,,,,,
511,I,s.,Străşeni,Стрэшень,,4-24,4,24,,,,,,
511,I,s.,Selişte,Селиште,,25-31,25,31,,,,,,
511,I,s.,Temeleuţi,Темелеуць,,32-35,32,35,,,,,,
511,I,s.,Şişcani,Шишканы,,36-48,36,48,,,,,,
511,I,s.,Bălăşeşti,Бэлэшешть,,49-51,49,51,,,,,,
511,I,s.,Voroteţ,Воротец,,52-60,52,60,,,,,,
511,I,s.,Vadul Leca,Вадул Лека,,61-83,61,83,,,,,,
511,I,s.,Ghetlova,Гетлова,,84-87,84,87,,,,,,
511,I,s.,Slobozia Dobruşa,Слобозия Добруша,,88-90,88,90,,,,,,
511,I,s.,Işnovăţ,Ишноваць,,91-98,91,98,,,,,,
511,I,s.,Lalova,Лалова,,99-106,99,106,,,,,,
511,I,s.,Mărcăuţi,Мэркэуць,,107-110,107,110,,,,,,
511,I,s.,Păuleşti,Пэулешть,,111-116,111,116,,,,,,
511,I,s.,Pecişte,Пещера,,117-121,117,121,,,,,,
511,I,s.,Susleni,Суслень,,122-128,122,128,,,,,,
511,I,s.,Ţîgăneşti,Цыганешты,,129-147,129,147,,,,,,
511,I,tîrgul,"Otaci (Ataci, Atachi)",Атаки,,148-163,148,163,,,,,,
511,I,s.,Bîrnova de Jos,Бырнова-де-Жос,,164-169,164,169,,,,,,
511,I,s.,Vertiujeni,Вертюжень,,170-173,170,173,,,,,,
511,II,s.,Copăceni,Копэчень,,174-178,174,178,,,,,,
511,II,s.,Pepeni,Пепень,,179-183,179,183,,,,,,
511,II,s.,Prepeliţa,Препелица,,184-188,184,188,,,,,,
511,II,s.,Prajila,Пражила,,189-192,189,192,,,,,,
511,II,s.,Ţepilova,Цепилова,,193-197,193,197,,,,,,
511,II,s.,Bălcăuţi,Бэлкэуць,,198-201,198,201,,,,,,
511,II,s.,Văscăuţi,Вэскэуць,,202-208,202,208,,,,,,
511,II,s.,Vălcineţ,Вэлчинец,,209-212,209,212,,,,,,
511,II,s.,Văncicăuţi,Вэнчикэуць,,213-215,213,215,,,,,,
511,II,s.,Drepcăuţi,Дрепкэуць,,216-219,216,219,,,,,,
511,II,tîrgul,Edineţ,Единцы,,220-226,220,226,,,,,,
511,II,s.,Comarova,Комарова,,227-231,227,231,,,,,,
511,II,s.,Cruglic,Круглик,,232-244,232,244,,,,,,
511,II,s.,Mîndîcăuţi,Мындыкэуць,,245-248,245,248,,,,,,
511,II,s.,Mărcăuţi,Мэркэуць,,249-267,249,267,,,,,,
511,II,s.,Nagoreni,Нагорены,,268-272,268,272,,,,,,
511,II,s.,Ojevo,Ожево,,273-278,273,278,,,,,,
511,II,s.,Perebicăuţi,Перебыковцы,,279-282,279,282,,,,,,
511,II,s.,Pererîta,Перерыта,,283-288,283,288,,,,,,
511,II,s.,Rjavinţi,Ржавинць,,289-293,289,293,,,,,,
511,II,s.,Stălineşti,Стэлинешть,,294-297,294,297,,,,,,
511,II,s.,Tabani,Табань,,298-303,298,303,,,,,,
511,II,s.,Halahoreni,Халахорень,,304-306,304,306,,,,,,
511,,s.,Şirăuţii de Sus,Ширэуций-де-Сус,,307-308a,307,308,,,,,,
511,II,s.,Şebutinţi,Шебутинцы,,309-317,309,317,,,,,,
511,II,s.,Buciumeni,Бучумены,,318-326,318,326,,,,,,
511,II,s.,Pol-Brînzeni,Пол-Брынзены,,327-331,327,331,,,,,,
511,II,s.,Scumpia,Скумпия,,332-337,332,337,,,,,,
512,,s.,Bolţun,Бэлцун,,1-2,1,2,,,,,,
512,,s.,Visterniceni,Вистерничены,,3-11,3,11,,,,,,
512,,s.,Vălcineţ,Вэлчинец,,12-25,12,25,,,,,,
512,,s.,Dulugeni,Дулугены,,26-28,26,28,,,,,,
512,,s.,Zamciogi,Замчоги,,29-34,29,34,,,,,,
512,,s.,Căpriana,Кэприана,,35-122,35,122,,,,,,
512,,s.,Cartişa,Картиша,,123-125,123,125,,,,,,
512,,s.,Curluceni,Курлучень,,126-130,126,130,,,,,,
512,,s.,Lăpuşniţa,Лапушница,,131-142,131,142,,,,,,
518,,or.,Chişinău,Кишинёв,,1-188,1,188,,,,,,
519,,or.,Chişinău,Кишинёв,,1-29,1,29,,,,,,
520,,or.,Chişinău,Кишинёв,,1-57,1,57,,,,,,
521,,or.,Chişinău,Кишинёв,,1-102,1,102,,,,,,
522,,or.,Chişinău,Кишинёв,,1-68,1,68,,,,,,
524,I,or.,Chişinău,Кишинёв,,1-152,1,152,,,,,,
524,II,or.,Chişinău,Кишинёв,,153-301,153,301,,,,,,
527,I,or.,Chişinău,Кишинёв,,1-165,1,165,,,,,,
527,II,or.,Chişinău,Кишинёв,,166-340,166,340,,,,,,
527,III,or.,Chişinău,Кишинёв,,341-511,341,511,,,,,,
527,IV,or.,Chişinău,Кишинёв,,512-610,512,610,,,,,,
527,V,or.,Chişinău,Кишинёв,,611-724,611,724,,,,,,
528,I,regiunea,Volînsc,Волынск,,1,1,1,,,,,,
528,,or.,Chişinău,Кишинёв,,1,1,1,,,,,,
528,I,or.,Ismail,Измаил,,2-25,2,25,,,,,,
528,I,or.,Camenţ-Podolac,Каменц-Подольск,,26-27,26,27,,,,,,
528,I,or.,Chilia,Килия,,28-31,28,31,,,,,,
528,I,or.,Chişinău,Кишинёв,,32-144,32,144,,,,,,
528,II,or.,Chişinău,Кишинёв,,145-291,145,291,,,,,,
528,III,or.,Chişinău,Кишинёв,,292-447,292,447,,,,,,
528,III,tîrgul,Leova,Леово,,448-450,448,450,,,,,,
528,,or.,Movilău (Moghiliov),Могилёв,,451,451,451,,,,,,
528,,regiunea,Volănsc,Воленск,,452,452,452,,,,,,
528,,or.,Ismail,Измаил,,453,453,453,,,,,,
528,III,or.,Chişinău,Кишинёв,,451-453,451,453,,,,,,
529,I,or.,Chişinău,Кишинёв,,1-149,1,149,,,,,,
529,II,or.,Chişinău,Кишинёв,,150-300,150,300,,,,,,
529,III,or.,Chişinău,Кишинёв,,301-467,301,467,,,,,,
529,IV,or.,Chişinău,Кишинёв,,468-626,468,626,,,,,,
529,V,or.,Chişinău,Кишинёв,,627-808,627,808,,,,,,
529,V,s.,Stolniceni,Стольничень,,809-810,809,810,,,,,,
530,,or.,Ismail,Измаил,,1-2,1,2,,,,,,
530,,or.,Chilia,Килия,,3-4,3,4,,,,,,
530,,or.,Chişinău,Кишинёв,,5-16,5,16,,,,,,
530,,tîrgul,Leova,Леово,,17-18,17,18,,,,,,
530,,or.,Orhei,Орхей,,19-20,19,20,,,,,,
530,,tîrgul,Criuleni,Криулены,Orhei,21-22,21,22,,,,,,
530,,tîrgul,Raşcov,Рашков,Soroca,23-24,23,24,,,,,,
532,I,s.,Tomai,Томай,Bender,3-5,3,5,,,,,,
532,I,s.,Beşghioz,Бешгиоз,Bender,6-8,6,8,,,,,,
532,I,or.,Chişinău,Кишинёв,Bender,9-180,9,180,,,,,,
532,II,or.,Chişinău,Кишинёв,Bender,181-360,181,360,,,,,,
532,,col.,Comrat,Комрат,,216,216,216,,,,,,
532,II,or.,Chişinău,Кишинёв,Bender,361-541,361,541,,,,,,
532,IV,or.,Soroca,Сорока,Bender,542-559,542,559,,,,,,
532,IV,s.,Zîmbreni,Зымбрены,Chişinău,560-566,560,566,,,,,,
532,IV,or,Akkerman,Аккерман,Chişinău,567-576,567,576,,,,,,
532,,subur.,Şabo,Шабо,,577,577,577,,,,,,
532,IV,s.,Tălmaza,Тэлмаза,Akkerman,578-592,578,592,,,,,,
532,IV,s.,Ivanovca,Ивановка,Akkerman,593-595,593,595,,,,,,
532,IV,s.,Nicolaevca,Николаевка,Akkerman,596-598,596,598,,,,,,
532,IV,s.,Spascoe,Спасское,Akkerman,599-616,599,616,,,,,,
532,IV,s.,Divizia,Дивизия,Akkerman,617-628,617,628,,,,,,
532,IV,s.,Plahteevca,Плахтеевка,Akkerman,629-647,629,647,,,,,,
532,IV,s.,Uspenscoe,Успенское,Akkerman,648-656,648,656,,,,,,
532,IV,tîrgul,Tatarbunar,Татарбунары,Akkerman,657-737,657,737,,,,,,
532,V,s.,Gura Roşie,Гура-Рошие,Akkerman,738-746,738,746,,,,,,
532,V,or,Orhei,Орхей,Akkerman,747-748,747,748,,,,,,
532,V,s.,Ţăriceanca,Цэриченка,Akkerman,749-754,749,754,,,,,,
532,V,s.,Hanul Cîşlei (Hancîşla),Ханул-Кышлей (Ханкышла),Akkerman,755-757,755,757,,,,,,
532,V,s.,Palanca,Паланка,Akkerman,758-763,758,763,,,,,,
532,V,s.,Ciobruci,Чобручи,Akkerman,765-769,765,769,,,,,,
532,V,s.,Petropavlovca,Петропавловка,Akkerman,770-772,770,772,,,,,,
532,V,s.,Sergheevca,Сергеевка,Akkerman,773-778,773,778,,,,,,
532,V,s.,Voznesensc,Вознесенск,Akkerman,779-781,779,781,,,,,,
532,V,s.,Olăneşti,Оланешты,Akkerman,782-787,782,787,,,,,,
532,V,or.,Bender,Бендеры,Akkerman,788-909,788,909,,,,,,
532,VI,or.,Bender,Бендеры,Akkerman,910-966,910,966,,,,,,
532,VI,or.,Orhei,Орхей,Akkerman,967-994,967,994,,,,,,
532,VI,s.,Căzăneşti,Кэзэнешты,Orhei,995-1001,995,1001,,,,,,
532,VI,s.,Văsieni,Вэсиень,Orhei,1002-1011,1002,1011,,,,,,
532,VI,or.,Soroca,Сорока,Orhei,1012-1012v,1012,1012,,,,,,
532,VI,s.,Cremenciug,Кременчуг,Soroca,1013-1016,1013,1016,,,,,,
532,VI,s.,Calaraşovca,Каларашовка,Soroca,1017-1020,1017,1020,,,,,,
532,VI,s.,Unguri,Унгуры,Soroca,1021-1024,1021,1024,,,,,,
532,VI,s.,Nimereuca,Нимереука,Soroca,1025-1028,1025,1028,,,,,,
532,VI,s.,Cerlina,Черлина,Soroca,1029-1032,1029,1032,,,,,,
532,VI,s.,Sauca,Саука,Soroca,1033-1037,1033,1037,,,,,,
532,VI,s.,Tătăreuca Nuoă,Новая Татарауца,Soroca,1038-1041,1038,1041,,,,,,
532,VI,s.,Stoicani,Стойкань,Soroca,1042-1046,1042,1046,,,,,,
532,VI,s.,Teleşeuca,Телешеука,Soroca,1047-1047v,1047,1047,,,,,,
532,VI,s.,Voronoviţa,Вороновица,Hotin,1048-1050,1048,1050,,,,,,
532,VI,s.,Grimeşti,Гримешть,Hotin,1051-1058,1051,1058,,,,,,
532,VI,tîrgul,Sculeni,Скуляны,Iaşi,1059-1062,1059,1062,,,,,,
532,VI,tîrgul,Otaci (Atachi),Атаки,Soroca,1063-1064,1063,1064,,,,,,
532,VI,s.,Chiperceni,Кипирчены,Orhei,1065-1070,1065,1070,,,,,,
532,VI,s.,Todireşti,Тодирешты,Bender,1071-1072,1071,1072,,,,,,
532,VI,s.,Mihailovca,Михайловка,Bender,1073-1079,1073,1079,,,,,,
532,VI,s.,Sireţ,Сирец,Chişinău,1080-1081,1080,1081,,,,,,
533,I,or,Chişinău,Кишинёв,,1-136,1,136,,,,,,
533,II,or,Chişinău,Кишинёв,,137-294,137,294,,,,,,
533,III,or,Chişinău,Кишинёв,,295-461,295,461,,,,,,
533,IV,or,Chişinău,Кишинёв,,462-593,462,593,,,,,,
534,,s.,Bogzeşti,Богзешть,,1-6,1,6,,,,,,
534,,s.,Cruglic,Круглик,,7-13,7,13,,,,,,
534,,tîrgul,Criuleni,Криулены,,14-19,14,19,,,,,,
534,,s.,Glingeni,Глинджень,,20-21,20,21,,,,,,
534,,s.,Nicşani,Никшаны,,22-24,22,24,,,,,,
534,,s.,Pistruieni,Пиструены,,25-27,25,27,,,,,,
534,,s.,Paşcani,Пашканы,,28-31,28,31,,,,,,
534,,s.,Chiperceni,Кипирчены,,32-33,32,33,,,,,,
534,,s.,Cobîlca,Кобылка,,34-36,34,36,,,,,,
534,,s.,Chirianca,Кирианка,,37-40,37,40,,,,,,
534,,tîrgul,Tuzara,Тузара,,41-43,41,43,,,,,,
534,,s.,Izbeşte,Избеште,,44-49,44,49,,,,,,
534,,s.,Hogineşti,Хоргинешты,,50-52,50,52,,,,,,
534,,s.,Şipca,Шипка,,53-56,53,56,,,,,,
534,,s.,Isacova,Исакова,,57,57,57,,,,,,
534,,s.,Voinova,Войнова,,58-62,58,62,,,,,,
534,,s.,Hîrtopul Mare,Хыртопул-Маре,,63-65,63,65,,,,,,
534,,s.,Ghermăneşti,Гермэнешть,,66-68,66,68,,,,,,
534,,s.,Alcedar,Алчедар,,69-72,69,72,,,,,,
534,,s.,Dereneu,Дэренеу,,73-75,73,75,,,,,,
534,,s.,Slobozia Horodişte,Слобозия Городиште,,76-79,76,79,,,,,,
534,,s.,Ţibirica,Цибирика,,80-83,80,83,,,,,,
534,,s.,Zubreşti,Зубрешты,,84-91,84,91,,,,,,
535,,or.,Orhei,Орхей,,1-32,1,32,,,,,,
535,,or.,Chişinău,Кишинёв,,33-34,33,34,,,,,,
535,,or.,Ismail,Измаил,,35-36,35,36,,,,,,
535,,or.,Bender,Бендеры,,37-40,37,40,,,,,,
535,,or.,Cahul,Кагул,,37-40,37,40,,,,,,
535,,or.,Chişinău,Кишинёв,,41,41,41,,,,,,
535,,or.,Orhei,Орхей,,41-98,41,98,,,,,,
536,I,or.,Orhei,Орхей,,1-62,1,62,,,,,,
536,I,tîrgul,Căuşeni,Каушаны,,63-66,63,66,,,,,,
536,I,tîrgul,Leova,Леово,,67-68,67,68,,,,,,
536,I,tîrgul,Rezina,Резина,,69-98,69,98,,,,,,
536,,tîrgul,Otaci (Atachi),Атаки,,69v-69v,69,69,,,,,,
536,I,tîrgul,Tuzara,Тузара,,99-124,99,124,,,,,,
536,II,tîrgul,Teleneşti,Теленешть,,125-215,125,215,,,,,,
536,II,tîrgul,Criuleni,Криулены,,216-232,216,232,,,,,,
537,I,or.,Orhei,Орхей,,1-38,1,38,,,,,,
537,I,s.,Ordăşei,Ордэшей,,39-40,39,40,,,,,,
537,,s.,Oxentea,Оксентя,,41,41,41,,,,,,
537,I,s.,Bălăşeşti,Бэлэшешть,,42-43,42,43,,,,,,
537,,s.,Berezlogi,Березлоги,,44,44,44,,,,,,
537,I,s.,Bogzeşti,Богзешть,,45-48,45,48,,,,,,
537,I,s.,Bravicea,Бравича,,49-66,49,66,,,,,,
537,I,s.,Brăviceni,Брэвичены,,67-68,67,68,,,,,,
537,I,s.,Vadul-Leca,Вадул-Лека,,69-74,69,74,,,,,,
537,I,s.,Veregeni,Верегень,,75-80,75,80,,,,,,
537,I,s.,Voroteţ,Воротец,,81-82,81,82,,,,,,
537,I,s.,Furcenii de Sus,Фурчений де Сус,,83-84,83,84,,,,,,
537,I,s.,Hîrbovăţ,Хырбовэц,,85-86,85,86,,,,,,
537,I,s.,Ghermăneşti,Гермэнешть,,87-88,87,88,,,,,,
537,I,s.,Ghetlova,Гетлова,,89-90,89,90,,,,,,
537,I,s.,Hîrtopul Mare,Хыртопул-Маре,,91-92,91,92,,,,,,
537,I,s.,Hîrtopul Mic,Хыртопул-Мик,,93-94,93,94,,,,,,
537,I,s.,Hirova,Хирова,,95-96,95,96,,,,,,
537,I,s.,Hîrjauca,Хыржаука,,97-98,97,98,,,,,,
537,I,s.,Hirişeni,Хиришень,,99-100,99,100,,,,,,
537,I,s.,Hogineşti,Хоргинешты,,101-102,101,102,,,,,,
537,I,or.,Orhei,Орхей,,103-104,103,104,,,,,,
537,I,s.,Gordineşti,Гординешть,,105-110,105,110,,,,,,
537,I,s.,Găleşti,Гэлешть,,111-112,111,112,,,,,,
537,I,s.,Hulboaca,Хулбоака,,113-116,113,116,,,,,,
537,I,s.,Dereneu,Дэренеу,,117-118,117,118,,,,,,
537,I,s.,Dîşcova,Дышкова,,119-120,119,120,,,,,,
537,I,s.,Ignăţei,Игнэцей,,121-122,121,122,,,,,,
537,II,s.,Izbişte,Избиште,,123-123v,123,123,,,,,,
537,,,"s, Işnovăţ",с. Ишновэц,,124-125,124,125,,,,,,
537,II,s.,Zahoreni,Загорены,,126-127,126,127,,,,,,
537,II,s.,Cărpineni,Кэрпинень,,128-129,128,129,,,,,,
537,II,tîrgul,Căuşeni,Каушаны,,130-131,130,131,,,,,,
537,II,s.,Chhirianca,Кхирианка,,132-133,132,133,,,,,,
537,II,s.,Cornova,Корнова,,134-135,134,135,,,,,,
537,II,tîrgul,Criuleni,Криулены,,136-137,136,137,,,,,,
537,II,s.,Lalova,Лалова,,138-139,138,139,,,,,,
537,II,s.,Leuşeni,Леушены,,140-142,140,142,,,,,,
537,II,s.,Lipceni,Липчень,,143-144,143,144,,,,,,
537,II,s.,Maşcăuţi,Машкауцы,,145-146,145,146,,,,,,
537,II,s.,Mihălaşa,Михэлаша,,147-148,147,148,,,,,,
537,II,s.,Meleşeni,Мелешень,,149-150,149,150,,,,,,
537,II,s.,Molovata,Моловата,,151-154,151,154,,,,,,
537,II,s.,Onişcani,Онишканы,,155-158,155,158,,,,,,
537,II,s.,Oxentea,Оксентя,,159-160,159,160,,,,,,
537,II,s.,Pistruieni,Пиструены,,161-162,161,162,,,,,,
537,II,s.,Pohrebeni,Погребены,,163-164,163,164,,,,,,
537,II,s.,Peresecina,Пересечина,,165-178,165,178,,,,,,
537,II,s.,Pituşca,Питушка,,179-180,179,180,,,,,,
537,II,s.,Pripiceni-Răzeşi,Припичены-Рэзешь,,181-184,181,184,,,,,,
537,II,s.,Pripiceni,Припичены,,185-190,185,190,,,,,,
537,II,s.,Puţintei,Пуцинтей,,191-196,191,196,,,,,,
537,II,s.,Răduleşti,Рэдулешти,,197-198,197,198,,,,,,
537,II,s.,Rîşcova,Рышкова,,199-200,199,200,,,,,,
537,II,s.,Răspopeni,Распопены,,201-202,201,202,,,,,,
537,II,s.,Rădeni,Рэдень,,203-204,203,204,,,,,,
537,II,s.,Solonceni,Солончены,,205-206,205,206,,,,,,
537,,s.,Susleni,Суслень,,207,207,207,,,,,,
537,II,s.,Slobozia-Hodorogea,Слобозия-Ходорожа,,208-211,208,211,,,,,,
537,II,s.,Slobozia-Hogineşti,Слобозия-Хоӂинешть,,212-215,212,215,,,,,,
537,II,tîrgul,Tuzara,Тузара,,216-221,216,221,,,,,,
537,II,s.,Ustia,Устия,,222-223,222,223,,,,,,
537,II,s.,Furcenii de Sus,Фурчений де Сус,,224-225,224,225,,,,,,
537,II,s.,Fuzăuca,Фузэука,,226-228,226,228,,,,,,
537,II,s.,Ţînţăreni,Цынцэрень,,229-230,229,230,,,,,,
537,II,s.,Ţîgăneşti-Lingurari,Цыганешты-Лингурарь,,231-234,231,234,,,,,,
537,II,s.,Ţibirica,Цибирика,,235-236,235,236,,,,,,
537,II,s.,Cihoreni,Чихорень,,237-240,237,240,,,,,,
537,II,s.,Cinişeuţi,Чинишеуць,,241-244,241,244,,,,,,
537,II,s.,Ciocîlteni,Чокылтень,,245-246,245,246,,,,,,
538,,s.,Olişcani,Ольшканы,,1-18v,1,18,,,,,,
539,,col.,Chiriutnea,Кириутня,,1-18v,1,18,,,,,,
540,I,s.,Petropalovsca,Петропаловска,,1-13,1,13,,,,,,
540,I,s.,Ivanovca,Ивановка,,14-83,14,83,,,,,,
540,I,s.,Molovca (Vădeni),Моловка (Вэдень),,84-162,84,162,,,,,,
540,II,s.,Căplani,Каплань,,163-243,163,243,,,,,,
540,III,s.,Tălmaza,Тэлмаза,,244-368,244,368,,,,,,
540,III,s.,Ciobruci (Cioburciu),Чобручи,,369-439,369,439,,,,,,
540,IV,s.,Popovca,Поповка,,440-475,440,475,,,,,,
540,IV,s.,Ermoclia,Ермоклия,,476-536,476,536,,,,,,
540,IV,s.,Alexandrovca,Александровка,,537-618,537,618,,,,,,
540,V,s.,Nicolaevca,Николаевка,,619-669v,619,669,,,,,,
540,V,s.,Semionovca,Семёновка,,670-726,670,726,,,,,,
540,V,s.,Feşteliţa,Фештелица,,727-793v,727,793,,,,,,
540,VI,s.,Copceac,Копчак,,794-832,794,832,,,,,,
540,VI,s.,Frumuşica,Фрумушица,,833-871v,833,871,,,,,,
540,VII,s.,Olăneşti,Оланешты,,872-1000v,872,1000,,,,,,
540,VII,s.,Slobozis Hăneşti,Слобозия-Хэнешть,,1001-1063,1001,1063,,,,,,
540,VII,s.,Tudorova,Тудорова,,1064-1123,1064,1123,,,,,,
540,VIII,s.,Carahasani,Карахасаны,,1124-1002,1124,1002,,,,,,
540,VIII,s.,Corcmaz (Crocmaz),Коркмаз (Крокмаз),,1203-1271,1203,1271,,,,,,
540,IX,s.,Ţăriceanca,Цэриченка,,1272-1376,1272,1376,,,,,,
540,IX,s.,Răileanca,Рэйленка,,1377-1455,1377,1455,,,,,,
540,X,s.,Gura Roşie,Гура-Рошие,,1456-1517,1456,1517,,,,,,
540,X,s.,Hancîşla (Cîşla Hanului),Ханкышла (Кышла-Хануй),,1518-1566,1518,1566,,,,,,
540,X,s.,Palanca,Паланка,,1567-1589v,1567,1589,,,,,,
541,,col.,Mereşeuca (Tumanovca),Мерешеука (Тумановка),,1-44v,1,44,,,,,,
541,,col.,Mărculeşti,Мэркулешть,,45-83,45,83,,,,,,
541,,col.,Teleneştii Noi,Теленештий Ной,,84-119,84,119,,,,,,
541,,col.,Alexăndreni,Александрены,,120-156,120,156,,,,,,
542,I,or.,Soroca,Сорока,,1-154,1,154,,,,,,
542,II,or.,Soroca,Сорока,,155-304,155,304,,,,,,
542,II,or.,Soroca,Сорока,,305-385,305,385,,,,,,
542,IV,s.,Hăsnăşeni,Хэснэшень,,386-387,386,387,,,,,,
542,IV,s.,Bobuleşti,Бобулешть,,388-389,388,389,,,,,,
542,IV,s.,Bădiceni,Бэдичень,,390-395,390,395,,,,,,
542,IV,s.,Bîrnova de Jos,Бырнова-де-Жос,,396-401,396,401,,,,,,
542,IV,s.,Visoca,Высока,,402-403,402,403,,,,,,
542,IV,s.,Horodişte Ţaul,Городище Цаул,,404-405,404,405,,,,,,
542,IV,s.,Gura Căinarului,Гура-Кэинарулуй,,406-407,406,407,,,,,,
542,IV,s.,Gura Camencii,Гура-Каменчий,,408-409,408,409,,,,,,
542,IV,s.,Dementievca,Дементьевка,,410-418,410,418,,,,,,
542,IV,s.,Japca,Жапка,,419-420,419,420,,,,,,
542,IV,s.,Izvoare,Извоаре,,421-422,421,422,,,,,,
542,IV,s.,Calaraşovca,Каларашовка,,423-424,423,424,,,,,,
542,IV,s.,Climăuţi,Климэуцы,,425-426,425,426,,,,,,
542,IV,s.,Cobîlnea Veche (Cobîlea),Кобылня Веке (Кобыля),,427-428,427,428,,,,,,
542,IV,s.,Cotiujenii Mari,Котюжений Марь,,429-436,429,436,,,,,,
542,IV,s.,Cuhureştii de Sus,Кухурештий-де-Сус,,437-442,437,442,,,,,,
542,IV,s.,Corbu,Корбу,,443-448,443,448,,,,,,
542,IV,s.,Cremenciug,Кременчуг,,449-452,449,452,,,,,,
542,IV,s.,Măcăreuca (Macarovca),Макаровка,,453-454,453,454,,,,,,
542,IV,s.,Namalova (Bursuc),Бурсук,,455-456,455,456,,,,,,
542,IV,s.,Voroncăul Nou,Воронкэул Ноу,,457-458,457,458,,,,,,
542,IV,s.,Tătăreuca Nouă,Новая Татарауца,,459-460,459,460,,,,,,
542,IV,s.,Oclanda,Окланда,,461-462,461,462,,,,,,
542,IV,s.,Pepeni,Пепень,,463-464,463,464,,,,,,
542,IV,s.,Plopi,Плопь,,465-467,465,467,,,,,,
542,IV,s.,Prajila,Пражила,,468-469,468,469,,,,,,
542,IV,s.,Răduleni,Рэдулень,,470-473,470,473,,,,,,
542,IV,tîrgul,Raşcov,Рашков,,474-477,474,477,,,,,,
542,IV,s.,Rogojeni,Рогожень,,478-481,478,481,,,,,,
542,IV,s.,Redii de Sus,Редий де Сус,,482-485,482,485,,,,,,
542,IV,s.,Redii de Jos,Редий де Жос,,486-489,486,489,,,,,,
542,IV,s.,Ruseni,Русени,,490-493,490,493,,,,,,
542,IV,s.,Salcia,Сальча,,494-495,494,495,,,,,,
542,IV,s.,Samoileuca,Самойлеука,,496-497,496,497,,,,,,
542,IV,s.,Sănătăuca,Сэнэтэука,,498-499,498,499,,,,,,
542,IV,s.,Scăieni,Скэены,,500-503,500,503,,,,,,
542,IV,s.,Slobozia Ţîpordei,Слобозия-Цыпордей,,504-505,504,505,,,,,,
542,IV,s.,Stoicani,Стойкань,,506-513,506,513,,,,,,
542,IV,s.,Şureli (Şuri),Шурели (Шурь),,514-515,514,515,,,,,,
542,IV,s.,Temeleuţi,Темелеуць,,516-517,516,517,,,,,,
542,IV,s.,Trifăneşti,Трифэнешты,,518-519,518,519,,,,,,
542,IV,s.,Tîrnova,Тырново,,520-527,520,527,,,,,,
542,IV,s.,Ciutuleşti,Чутулешты,,528-529,528,529,,,,,,
542,IV,s.,Şurii Noi,Шурий Ной,,530-533,530,533,,,,,,
542,IV,s.,Hîrtopul Mare,Хыртопул-Маре,,534-535,534,535,,,,,,
542,IV,s.,Comarova,Комарова,Hotin,536-537,536,537,,,,,,
542,IV,s.,Călineşti,Кэлинешты,Iaşi,538-546,538,546,,,,,,
542,,suburb.,Păpuşui,Пэпушуй,,547-548,547,548,,,,,,
543,I,s.,Prepeliţa,Препелица,,1-38,1,38,,,,,,
543,I,s.,Prajila,Пражила,,39-94,39,94,,,,,,
543,I,s.,Pepeni,Пепень,,95-145,95,145,,,,,,
543,I,s.,Pohoarna-Serghie,Погоарна-Сергие,,146-162,146,162,,,,,,
543,II,s.,Poiana-Cunicii (Poiana),Поляна-Куникий,,163-218,163,218,,,,,,
543,II,s.,Popeşti,Попешты,,219-289,219,289,,,,,,
543,II,s.,Parcani,Парканы,,290-315,290,315,,,,,,
543,II,s.,Plopi,Плопь,,316-371,316,371,,,,,,
545,,s.,Cotiujenii Mari,Котюжений Марь,,1-97,1,97,,,,,,
545,,s.,Căpreşti,Кэпрешты,,99-113,99,113,,,,,,
545,,s.,Climăuţi,Климэуцы,,114-138,114,138,,,,,,
546,,s.,Cobîlnea Veche (Cobîlea Veche),Кобылня Веке (Кобыля Веке),,1-18,1,18,,,,,,
547,I,or.,Soroca,Сорока,,1-173,1,173,,,,,,
547,II,tîrgul,Raşcov,Рашков,,174-221,174,221,,,,,,
547,II,tîrgul,Otaci (Atachi),Атаки,,222-332,222,332,,,,,,
547,II,tîrgul,Otaci (Atachi),Атаки,,333-476,333,476,,,,,,
548,I,s.,Neporotova,Непоротова,,1-58,1,58,,,,,,
548,I,s.,Nesfoaia,Несфоая,,59-103,59,103,,,,,,
548,I,s.,Negrinţi,Негринць,,105-126,105,126,,,,,,
548,II,s.,Noua Suliţă,Новосулица,,127-201,127,201,,,,,,
548,II,tîrgul,Noua Suliţă,Новосулица,,202-233,202,233,,,,,,
548,II,s.,Nelipăuţi (Cosăuţi),Косэуць,,234-254,234,254,,,,,,
548,II,s.,Nagoreni,Нагорены,,255-275,255,275,,,,,,
548,III,s.,Nedibăuţi,Недибэуць,,276-334,276,334,,,,,,
548,III,s.,Ojeva,Ожева,,335-380v,335,380,,,,,,
548,III,s.,Ocniţa,Окница,,382-426v,382,426,,,,,,
548,IV,s.,Onut,Онут,,427-440v,427,440,,,,,,
548,IV,s.,Pol-Onut,Пол-Онут,,442-452,442,452,,,,,,
548,IV,s.,Poiana,Поляна,,453-477v,453,477,,,,,,
548,IV,s.,Polandea,Поланда,,478-495,478,495,,,,,,
548,IV,s.,Paşcăuţi,Пашкауцы,,496-547,496,547,,,,,,
548,V,s.,Perebicăuţi,Перебыковцы,,584-592,584,592,,,,,,
548,V,s.,Percăuţi,Перкауцы,,593-613,593,613,,,,,,
548,V,s.,Prihorodoc,Прихородок,,614-640,614,640,,,,,,
548,V,s.,Pererîta,Перерыта,,641-687,641,687,,,,,,
549,,s.,Dinăuţi,Дынэуць,,2-72,2,72,,,,,,
549,,s.,Darabani,Дарабань,,73-91v,73,91,,,,,,
549,,s.,Dăncăuţi,Дэнкэуць,,92-114v,92,114,,,,,,
549,,s.,Drepcăuţi,Дрепкэуць,,115-159,115,159,,,,,,
549,II,s.,Dolineni,Долинены,,160-214v,160,214,,,,,,
549,II,s.,Doljoc,Должок,,215-239,215,239,,,,,,
549,II,s.,Dumeni,Думень,,240-280,240,280,,,,,,
549,III,tîrgul,Edineţ,Единцы,,281-333,281,333,,,,,,
549,III,s.,Zalucea,Залучея,,334-343v,334,343,,,,,,
549,III,s.,Zarojeni,Зарожены,,344-402v,344,402,,,,,,
550,I,s.,Colicăuţi,Колыкэуць,,1-41,1,41,,,,,,
550,I,s.,Chelmeneţi,Кельменцы,,42-118,42,118,,,,,,
550,I,s.,Coteala,Котяла,,119-166v,119,166,,,,,,
550,II,s.,Cîşla Zelena,Кышла Зелена,,167-177v,167,177,,,,,,
550,II,s.,Clişcăuţi,Клишкэуцы,,178-318,178,318,,,,,,
550,III,s.,Culişăuca,Кулишэука,,319-351,319,351,,,,,,
550,III,s.,Colincăuţi,Колинкэуць,,352-458,352,458,,,,,,
550,III,s.,Cobîlceni,Кобылчены,,459-535,459,535,,,,,,
551,I,or.,Hotin,Хотин,,1-141,1,141,,,,,,
551,II,or.,Hotin,Хотин,,142-280,142,280,,,,,,
552,I,tîrgul,Briceni,Бричаны,,1-127,1,127,,,,,,
552,II,tîrgul,Briceni,Бричаны,,158-255,158,255,,,,,,
553,,tîrgul,Lipcani,Липканы,,1-95v,1,95,,,,,,
554,,s.,Costiceni,Костичень,,1-27v,1,27,,,,,,
556,,or.,Bălţi,Бельцы,,1-23,1,23,,,,,,
556,,s.,Pociumbăuţi,Почумбэуць,,24-25,24,25,,,,,,
556,,s.,Şcerbaca,Щербака,,26-33,26,33,,,,,,
556,,s.,Zăhăicani,Захайкани,,34-35,34,35,,,,,,
556,,s.,Circăreni,Чиркэрень,,36-42,36,42,,,,,,
556,,s.,Corneşti,Корнешть,,43-52,43,52,,,,,,
556,,moşia,Chirileni,Кирилены,,53-56,53,56,,,,,,
556,,s.,Bocani,Боканы,,57-61,57,61,,,,,,
556,,s.,Unţeşti,Унцешты,,62-64,62,64,,,,,,
556,,s.,Mîndreşti,Мындрешть,,65-68,65,68,,,,,,
556,,s.,Gălăşeni,Гэлэшень,,69-70,69,70,,,,,,
556,,s.,Sineşti,Синешты,,71-74,71,74,,,,,,
556,,s.,Cîşla delniţa Macaresca,Кышла делница Макареска,,75-79,75,79,,,,,,
556,,s.,Bisericani,Бисериканы,,80-84,80,84,,,,,,
556,,s.,Gherman,Герман,,85-90,85,90,,,,,,
556,,s.,Hărăşti,Хэрэшты,,91-92,91,92,,,,,,
556,,s.,Iabloana Veche,Яблоана-Векь,,93-94,93,94,,,,,,
556,,s.,Brătuşeni,Брэтушены,,95-96,95,96,,,,,,
556,,s.,Tomeşti Răzeşi,Томешты Рэзешь,,97-99,97,99,,,,,,
556,,s.,Tomeşti,Томешты,,100-101,100,101,,,,,,
556,,s.,Beşeni,Бешены,,102-104,102,104,,,,,,
556,,s.,Sturzeni,Стурзень,,105-106,105,106,,,,,,
556,,s.,Stîncăuţi,Стынкэуць,,107-108,107,108,,,,,,
556,,s.,Rudii de Jos,Рудий-де-Жос,,109-110,109,110,,,,,,
556,,s.,Iugani,Юганы,,111-112,111,112,,,,,,
556,,s.,Dumbrăviţa,Думбравица,,113-116,113,116,,,,,,
556,,s.,Buteşti Velicico,Бутешты Величико,,117-120,117,120,,,,,,
556,,,Buteşti Stavro (Brăneşti),Бутешты Ставро (Брэнешты),,21-122,21,122,,,,,,
556,,s.,Buteşti,Бутешты,,123-126,123,126,,,,,,
556,,s.,Flămînzeni,Флэмынзень,,127-130,127,130,,,,,,
556,,s.,Glodeni,Глодень,,131-132,131,132,,,,,,
556,,s.,Mihăileni,Михэйлень,,133-134,133,134,,,,,,
556,,s.,Floriţoaia,Флорицоая,,135-136,135,136,,,,,,
556,,s.,Ciulucani,Чулуканы,,137-138,137,138,,,,,,
556,,tîrgul,Rîşcanovca,Рышкановка,,139-140,139,140,,,,,,
556,,s.,Dumeni Răzeşi,Думень-Рэзешь,,141-142,141,142,,,,,,
556,,s.,Schinişori,Скинишоры,,143-146,143,146,,,,,,
556,,s.,Cocioaia,Кочоая,,147-156,147,156,,,,,,
556,,tîrgul,Făleşti,Фалешты,,157-162,157,162,,,,,,
556,,s.,Risipeni,Рисипень,,163-166,163,166,,,,,,
556,,s.,Vrăneşti,Врэнешты,,167-170,167,170,,,,,,
556,,s.,Şofrîncani Răzăşi (Moşani),Шофрынканы Рэзэшь (Мошаны),,171-174,171,174,,,,,,
556,,s.,Blescenăuţi,Блещенэуць,,175-176,175,176,,,,,,
556,,s.,Tomeşti Răzeşi,Томешты Рэзешь,,177-178,177,178,,,,,,
556,,s.,Nicoreni,Никорены,,179-180,179,180,,,,,,
556,,s.,Mălăieşti,Мэлэешть,,181-182,181,182,,,,,,
556,,s.,Cupcini,Купчинь,,183-184,183,184,,,,,,
556,,s.,Pelinia,Пелиния,,185-186,185,186,,,,,,
556,,s.,Floreşti,Флорешты,,187-188,187,188,,,,,,
556,,s.,Floceni,Флочень,,189-190,189,190,,,,,,
556,,s.,Ustia,Устия,,191-192,191,192,,,,,,
556,,s.,Buteşti Velicico,Бутешты Величико,,193-194,193,194,,,,,,
557,I,or.,Chişinău,Кишинёв,,1-171,1,171,,,,,,
557,II,or.,Chişinău,Кишинёв,,172-346,172,346,,,,,,
557,III,or.,Chişinău,Кишинёв,,347-467,347,467,,,,,,
557,IV,or.,Chişinău,Кишинёв,,468-561,468,561,,,,,,
557,IV,or.,Ismail,Измаил,,562-565,562,565,,,,,,
557,IV,or.,Chilia,Килия,,566-571,566,571,,,,,,
557,IV,col.,Bolgrad,Болград,,572-575,572,575,,,,,,
557,IV,s.,Sadaclia,Садаклия,,576-577,576,577,,,,,,
557,IV,s.,Străşeni,Стрэшень,,578-579,578,579,,,,,,
557,IV,s.,Chircani,Кырканы,,580-581,580,581,,,,,,
557,IV,s.,Cojuşna,Кожушна,,582-583,582,583,,,,,,
557,IV,or.,Bender,Бендеры,,584-585,584,585,,,,,,
558,,or.,Chişinău,Кишинёв,,1-38v,1,38,,,,,,
559,,or.,Chişinău,Кишинёв,,1-31,1,31,,,,,,
560,I,or.,Bender,Бендеры,,1-170,1,170,,,,,,
560,II,or.,Bender,Бендеры,,171-286,171,286,,,,,,
560,II,col.,Avdarma,Авдарма,,287-305,287,305,,,,,,
560,II,col.,Başcalia,Башкалия,,306-313,306,313,,,,,,
560,II,col.,Beşghioz,Бешгиоз,,314-320,314,320,,,,,,
560,II,s.,Borogani,Бороганы,,321-322,321,322,,,,,,
560,II,col.,Valea Pergei,Валя-Пержей,,323-327,323,327,,,,,,
560,II,col.,Gaidar,Гайдар,,328-335,328,335,,,,,,
560,II,s.,Hîrbovăţ,Хырбовэц,,336-343,336,343,,,,,,
560,III,tîrgul,Gura Galbenei,Гура-Галбеней,,344-345,344,345,,,,,,
560,III,col.,Desghingea,Дезгинжа,,346-367,346,367,,,,,,
560,III,s.,Javgur,Жавгур,,368-369,368,369,,,,,,
560,III,s.,Carabetovca,Карабетовка,,370-387,370,387,,,,,,
560,III,s.,Căuşeni,Каушаны,,388-389,388,389,,,,,,
560,III,col.,Chiriet-Lunga,Кириет-Лунга,,390-391,390,391,,,,,,
560,III,s.,Chirsova,Кирсова,,392-395,392,395,,,,,,
560,III,s.,Colbăraşi,Колбэрашь,,396-397,396,397,,,,,,
560,III,col.,Chiriutnea,Кириутня,,398-405,398,405,,,,,,
560,III,col.,Comrat,Комрат,,406-411,406,411,,,,,,
560,III,s.,Mihailovca,Михайловка,,412-413,412,413,,,,,,
560,III,s.,Sărăţica Nouă,Сэрэцика Ноуэ,,414-415,414,415,,,,,,
560,III,s.,Puhoi,Пугой,,416-419,416,419,,,,,,
560,III,s.,Sălcuţa,Сэлкуца,,420-423,420,423,,,,,,
560,III,s.,Tocuz,Токуз,,424-425,424,425,,,,,,
560,III,col.,Tomai,Томай,,426-445,426,445,,,,,,
560,III,col.,Ferapontievca,Ферапонтьевка,,446-447,446,447,,,,,,
560,III,s.,Hagimus,Гаджимус,,448-451,448,451,,,,,,
560,III,s.,Ciucur-Mingir,Чучур-Мингир,,452-455,452,455,,,,,,
560,III,s.,Cenac,Чинак,,456-463,456,463,,,,,,
560,III,tîrgul,Cimişlia,Чимишлия,,464-477,464,477,,,,,,
560,III,s.,Cioc-Maidan,Чок-Майдан,,478-505,478,505,,,,,,
560,III,s.,Mihailovca,Михайловка,,506-507,506,507,,,,,,
560,III,s.,Nicolaevca,Николаевка,,508-509,508,509,,,,,,
560,III,s.,Cerneavca,Черневка,,510-511,510,511,,,,,,
561,I,or.,Chişinău,Кишинёв,,1-170,1,170,,,,,,
561,II,or.,Chişinău,Кишинёв,,171-340,171,340,,,,,,
561,III,or.,Chişinău,Кишинёв,,341-511,341,511,,,,,,
561,IV,or.,Chişinău,Кишинёв,,512-682,512,682,,,,,,
561,V,or.,Chişinău,Кишинёв,,683-854,683,854,,,,,,
561,VI,or.,Chişinău,Кишинёв,,855-1026,855,1026,,,,,,
561,VI,or.,Chişinău,Кишинёв,,1027-1197,1027,1197,,,,,,
561,VIII,or.,Chişinău,Кишинёв,,1198-1223,1198,1223,,,,,,
561,VIII,or.,Akkerman,Аккерман,,1224-1227,1224,1227,,,,,,
561,,suburb.,Turlachi,Турлачи,,1228-1229,1228,1229,,,,,,
561,VIII,or.,Soroca,Сорока,,1230-1231,1230,1231,,,,,,
561,VIII,s.,Cobusca Nouă,Кобуска Ноуэ,,1232-1233,1232,1233,,,,,,
561,VIII,tîrgul,Petrovca,Петровка,,1234-1235,1234,1235,,,,,,
561,VIII,tîrgul,Hînceşti,Хынчешты,,1236-1237,1236,1237,,,,,,
561,VIII,s.,Cărpineni,Кэрпинень,,1238-1239,1238,1239,,,,,,
561,VIII,s.,Costuleni,Костулены,,1240-1243,1240,1243,,,,,,
561,VIII,s.,Mileşti,Милешть,,1244-1245,1244,1245,,,,,,
561,VIII,s.,Pojăreni,Пожарены,,1246-1248,1246,1248,,,,,,
561,VIII,s.,Recea,Речя,,1249-1250,1249,1250,,,,,,
561,VIII,s.,Sociteni,Сочитень,,1251-1252,1251,1252,,,,,,
561,VIII,s.,Suruceni,Суручень,,1253-1256,1253,1256,,,,,,
561,VIII,s.,Frăsineşti,Фрэсинешть,,1257-1258,1257,1258,,,,,,
561,VIII,s.,Ciuciuleni,Чучулень,,1259-1260,1259,1260,,,,,,
561,VIII,s.,Slobozia Dobruşa,Слобозия Добруша,,1261-1262,1261,1262,,,,,,
561,VIII,s.,Lipcani,Липканы,,1263-1264,1263,1264,,,,,,
561,VIII,s.,Rădeni,Рэдень,,1265-1266,1265,1266,,,,,,
561,VIII,s.,Răspopinţi,Распопинцы,,1267-1268,1267,1268,,,,,,
561,VIII,s.,Şirăuţii de Sus,Ширэуций-де-Сус,,1269-1270,1269,1270,,,,,,
561,VIII,tîrgul,Bogddanovca,Богдановка,,1271-1272,1271,1272,,,,,,
561,VIII,s.,Diordieşti,Диордиешты,,1273-1274,1273,1274,,,,,,
561,,suburb.,Mlînki,Млынки,,1275-1280,1275,1280,,,,,,
561,,or.,Chişinău,Кишинёв,,1281-1302,1281,1302,,,,,,
562,I,or.,Bender,Бендеры,,1-178,1,178,,,,,,
562,II,or.,Bender,Бендеры,,179-351,179,351,,,,,,
562,II,or.,Chişinău,Кишинёв,,352-353,352,353,,,,,,
562,II,or.,Hotin,Хотин,,354-355,354,355,,,,,,
562,II,s.,Valea Perjei,Валя-Пержей,,356-357,356,357,,,,,,
567,,tîrgul,Teleneşti,Теленешть,,1-28,1,28,,,,,,
568,,judeţul,Soroca,Сорока,,1-21,1,21,,,,,,
569,,judeţul,Orhei,Орхей,,1-18,1,18,,,,,,
570,,,Palat de stat a Basarabiei,Дворец государственный Бессарабии,,1-23,1,23,,,,,,
571,,tîrgul,Făleşti,Фалешты,,1-66,1,66,,,,,4,https://www.familysearch.org/ark:/61903/3:1:3QS7-L9QM-VSTM?i=3&cc=1985804&wc=M6Z3-7TL%3A264175701%2C264722601%2C266016001
572,I,or.,Bender,Бендеры,,1-153,1,153,,,,,,
572,II,or.,Bender,Бендеры,,154-303,154,303,,,,,,
572,III,or.,Bender,Бендеры,,304-454,304,454,,,,,,
572,IV,or.,Bender,Бендеры,,455-609,455,609,,,,,,
572,V,or.,Bender,Бендеры,,610-751,610,751,,,,,,
573,I,or.,Bender,Бендеры,,1-167,1,167,,,,,,
573,II,or.,Bender,Бендеры,,168-335,168,335,,,,,,
573,III,or.,Bender,Бендеры,,336-500,336,500,,,,,,
574,,,Palat de stat a Basarabiei,Дворец государственный Бессарабии,,1-151,1,151,,,,,,
575,,or.,Akkerman,Аккерман,,1-80,1,80,,,,,,
575,,suburb.,Camenîi Most,Каменный Мост,,81-88,81,88,,,,,,
575,,suburb.,Crivda,Крывда,,89-92,89,92,,,,,,
575,,suburb.,Păpuşoi,Пэпушой,,93-120,93,120,,,,,,
575,,suburb.,Şabo,Шабо,,121-122,121,122,,,,,,
576,,s.,Faraonea (Faraonovca),Фараонея (Фараоновка),,1-38,1,38,,,,,3,https://www.familysearch.org/ark:/61903/3:1:33SQ-G5YY-9N3W?i=2&cc=1985804&wc=M6C1-RZ9%3A264175701%2C264722601%2C265177501
576,,s.,Cair,Каир,,39-64,39,64,,,,,,
577,,s.,Bogdanovca,Богдановка,,2-20,2,20,,,,,,
577,,s.,Baccealia,Баччалия,,21-62,21,62,,,,,,
577,,s.,Gura Galbenei,Гура-Галбеней,,63-70,63,70,,,,,,
578,,s.,Gura Galbenei,Гура-Галбеней,,1-52v,1,52,,,,,,
578,,s.,Grădeşti,Грэдешть,,53-87,53,87,,,,,85,https://www.familysearch.org/ark:/61903/3:1:33SQ-G5YY-96CK?i=84&cc=1985804&wc=M6C1-R29%3A264175701%2C264722601%2C265178101
578,,s.,Gangura,Гангура,,88-132v,88,132,,,,,,
578,,s.,Gura Bîcului,Гура-Быкулуй,,133-148,133,148,,,,,,
578,,s.,Delacău,Делакэу,,149-169,149,169,,,,,,
578,,s.,Dubăsarii Vechi,Дубоссары Старые,,170,170,170,,,,,,
579,I,s.,Cărbuna,Кэрбуна,,1-36,1,36,,,,,,
579,I,s.,Coşcalia,Кошкалия,,37-83,37,83,,,,,,
579,I,s.,Cobusca Mica,Кобуска Микэ,,84-98,84,98,,,,,,
579,I,s.,Moleşti,Молешть,,99-124,99,124,,,,,153,https://www.familysearch.org/ark:/61903/3:1:33SQ-G5YY-98DH?i=152&cc=1985804&wc=M6C1-TM9%3A264175701%2C264722601%2C265179101
579,I,s.,Puhoi,Пугой,,125-159,125,159,,,,,,
579,II,s.,Puhăceni,Пугэчены,,160-176,160,176,,,,,,
579,II,s.,Roşcani,Рошкани,,177-188,177,188,,,,,279,https://www.familysearch.org/ark:/61903/3:1:33S7-95YY-9NJR?i=278&cc=1985804&wc=M6C1-TM9%3A264175701%2C264722601%2C265179101
579,II,s.,Corjova,Коржова,,189-211v,189,211,,,,,,
579,II,s.,Cobusca Veche,Кобуска Веке,,212-246,212,246,,,,,,
579,II,s.,Speia,Спея,,247-269,247,269,,,,,,
579,II,s.,Sagaidac,Сагайдак,,270-310,270,310,,,,,,
579,III,s.,Teliţa,Телица,,311-327,311,327,,,,,,
579,III,s.,Todireşti,Тодирешты,,328-344,328,344,,,,,,
579,,moşia,Floreşti,Флорешты,,345-346,345,346,,,,,,
579,III,s.,Ţînţăreni,Цынцэрень,,347-349,347,349,,,,,560,https://www.familysearch.org/ark:/61903/3:1:3QS7-L9QM-2XBY?i=559&cc=1985804&wc=M6C1-TM9%3A264175701%2C264722601%2C265179101
579,III,s.,Luţeni (Ţînţăreni),Луцень (Цынцарень),,350-373,350,373,,,,,,
579,III,s.,Ţînţăreni (Luţeni),Цынцэрень (Луцень),,374-377,374,377,,,,,605,https://www.familysearch.org/ark:/61903/3:1:3QS7-L9QM-2X8R?i=604&cc=1985804&wc=M6C1-TM9%3A264175701%2C264722601%2C265179101
579,III,s.,Şerpeni,Шерпены,,378-403v,378,403,,,,,,
580,,tîrgul,Căuşeni,Каушаны,,2-63,2,63,,,,,,
580,,s.,Zaim,Заим,,64-94,64,94,,,,,,
580,,s.,Opaci,Опач,,95-114,95,114,,,,,,
580,II,s.,Opaci,Опач,,115-129,115,129,,,,,,
580,II,s.,Săiţi,Сэиць,,130-158v,130,158,,,,,,
580,II,s.,Căuşenii Vechi,Каушаны Старые,,159-185,159,185,,,,,,
580,II,s.,Cîrnăţeni,Кырнэцень,,186-206v,186,206,,,,,,
580,II,s.,Copanca,Копанка,,207-238v,207,238,,,,,,
580,III,s.,Copanca,Копанка,,239-255,239,255,,,,,,
580,III,s.,Chircăieşti,Кыркэешты,,256-278v,256,278,,,,,,
580,III,s.,Chiţcani,Кицканы,,279-323v,279,323,,,,,,
580,III,s.,Hagimus,Гаджимус,,324-340v,324,340,,,,,,
580,III,s.,Tănătari,Тэнэтарь,,341-362v,341,362,,,,,,
580,IV,s.,Tănătari,Тэнэтарь,,363-371v,363,371,,,,,,
580,IV,s.,Fîrlădeni,Фырлэдень,,372-397,372,397,,,,,,
580,IV,s.,Hîrbovăţ,Хырбовэц,,398-435v,398,435,,,,,,
580,IV,s.,Varniţa,Варница,,436-461v,436,461,,,,,,
580,IV,s.,Calfa,Калфа,,462-476v,462,476,,,,,,
580,IV,s.,Bulboaca,Булбоака,,477-478v,477,478,,,,,,
580,V,s.,Bulboaca,Булбоака,,479-497v,479,497,,,,,,
580,V,tîrgul,Cimişlia,Чимишлия,,498-554v,498,554,,,,,,
580,V,s.,Sadaclia,Садаклия,,555-587v,555,587,,,,,,
580,VI,s.,Sadaclia,Садаклия,,588-597v,588,597,,,,,1007,https://www.familysearch.org/ark:/61903/3:1:3QS7-89QM-K9WV-5?i=1006&cc=1985804&wc=M6C1-RP8%3A264175701%2C264722601%2C265180201
580,VI,s.,Abaclia,Абаклия,,598-630v,598,630,,,,,,
580,VI,s.,Cioara Murza,Чоара-Мурза,,631-646v,631,646,,,,,,
580,VI,s.,Selemet,Селемет,,647-681,647,681,,,,,1118,https://www.familysearch.org/ark:/61903/3:1:3QSQ-G9QM-K974-2?i=1117&cc=1985804&wc=M6C1-RP8%3A264175701%2C264722601%2C265180201
580,VI,s.,Batîr,Батыр,,682-712v,682,712,,,,,,
580,VI,s.,Baimaclia,Баймаклия,,713-730,713,730,,,,,,
580,VI,s.,Sălcuţa,Сэлкуца,,731-739v,731,739,,,,,,
580,VII,s.,Sălcuţa,Сэлкуца,,740-767v,740,767,,,,,1311,https://www.familysearch.org/ark:/61903/3:1:3QSQ-G9QM-K9QX-5?i=1310&cc=1985804&wc=M6C1-RP8%3A264175701%2C264722601%2C265180201
580,VII,s.,Tocuz,Токуз,,758-800,758,800,,,,,,
580,VII,s.,Mihailovca,Михайловка,,801-824v,801,824,,,,,,
580,VII,s.,Taraclia,Тараклия,,825-856v,825,856,,,,,,
580,VII,s.,Troiţcoe,Троицкое,,857-883,857,883,,,,,,
581,,or.,Chişinău,Кишинёв,,1-146,1,146,,,,,,
583,,or.,Chişinău,Кишинёв,,1-119,1,119,,,,,,
584,,or.,Chişinău,Кишинёв,,1-191,1,191,,,,,,
585,,or.,Chişinău,Кишинёв,,1-180,1,180,,,,,,
586,,or.,Chişinău,Кишинёв,,1-34,1,34,,,,,,
587,,s.,Cociulia (Cocealia),Кочулия (Кочалия),,1-4,1,4,,,,,,
588,I,col.,Avdarma,Авдарма,,1-37,1,37,,,,,,
588,I,col.,Başcalia,Башкалия,,38-56,38,56,,,,,,
588,I,col.,Beşalma,Бешалма,,57-117,57,117,,,,,,
588,II,col.,Baurci,Баурчи,,118-173,118,173,,,,,,
588,II,col.,Beşghioz,Бешгиоз,,174-214,174,214,,,,,,
588,II,col.,Valea Perjei,Валя-Пержей,,215-276,215,276,,,,,,
588,III,col.,Gaidar,Гайдар,,277-310,277,310,,,,,,
588,III,col.,Dezghingea,Дезгинжа,,311-385,311,385,,,,,226,https://www.familysearch.org/ark:/61903/3:1:3QS7-89QM-NWYN?i=225&cc=1985804&wc=M6C1-Y38%3A264175701%2C264722601%2C265186701
588,III,col.,Joltai,Жолтай,,387-415,387,415,,,,,,
589,,s.,Camenca,Каменка,,1-12,1,12,,,,,,
589,,s.,Curătura,Куратура,,13-17,13,17,,,,,,
589,,s.,Cşerniţa,Черница,,18-27,18,27,,,,,,
589,,s.,Cruglic,Круглик,,28-36,28,36,,,,,,
589,,s.,Cobăleni,Кобэлень,,37-40,37,40,,,,,,
589,,s.,Cobîlca,Кобылка,,41-54,41,54,,,,,,
589,,s.,Chirianca,Кирианка,,55-60,55,60,,,,,,
590,,s.,Cărpineni,Кэрпинень,,1-2,1,2,,,,,,
590,,s.,Logăneşti,Логэнешть,,3-5,3,5,,,,,,
590,,tîrgul,Hănceşti,Хэнчешты,,6-10,6,10,,,,,,
590,,s.,Bolţun,Бэлцун,,11-13,11,13,,,,,,
590,,s.,Mereşeni,Мерешень,,14-16,14,16,,,,,,
590,,s.,Spărieţi,Спэриець,,17-19,17,19,,,,,,
590,,s.,Buţeni,Буцень,,20-22,20,22,,,,,,
590,,s.,Paşcani,Пашканы,,23-25,23,25,,,,,,
590,,s.,Iurceni,Юрчены,,26-28,26,28,,,,,,
590,,s.,Munceşti,Мунчешть,,29-31,29,31,,,,,,
590,,s.,Drăguşeni,Драгушены,,32-36,32,36,,,,,,
590,,s.,Pănăşeşti,Пэнэшешть,,37-39,37,39,,,,,,
590,,s.,Curluceni,Курлучень,,40-42,40,42,,,,,,
590,,s.,Truşeni,Трушены,,43-45,43,45,,,,,,
590,,s.,Cojuşna,Кожушна,,46-50,46,50,,,,,,
590,,s.,Vînători,Вынэторы,,51-53,51,53,,,,,,
590,,s.,Călmăţui,Кэлмэцуй,,54-56,54,56,,,,,,
590,,s.,Zahoreni,Загорены,,60-62,60,62,,,,,,
590,,s.,Cucuruzeni,Кукурузены,,63-65,63,65,,,,,,
590,,s.,Cuizăuca,Куйзэука,,66,66,66,,,,,,
591,,s.,Vorniceni,Ворничены,,2a-24,2,24,,,,,,
591,I,s.,Visterniceni,Вистерничены,,25-53v,25,53,,,,,,
591,I,s.,Vălcineţ,Вэлчинец,,54-56,54,56,,,,,,
591,I,s.,Vinin,Винин,,57-62,57,62,,,,,,
591,I,s.,Vadul lui Vodă,Вадул луй Водэ,,63-72,63,72,,,,,,
591,I,s.,Văsieni,Вэсиень,,73-87,73,87,,,,,,
591,I,s.,Vînători,Вынэторы,,88-103,88,103,,,,,,
591,I,s.,Vărzăreşti,Вэрзэрешты,,104-161,104,161,,,,,167,https://www.familysearch.org/ark:/61903/3:1:3QS7-99QM-N7FL?i=166&cc=1985804&wc=M6C1-YTL%3A264175701%2C264722601%2C265188501
591,I,s.,Schitul Vărzăreşti,Скит Вэрзэрешти,,162-165,162,165,,,,,,
591,II,s.,Valea Trăisteni (Valea-Trestieni),Валя-Трэйстени (Валя-Трестиени),,166-177,166,177,,,,,,
591,II,tîrgul,Hînceşti,Хынчешты,,178-262v,178,262,,,,,,
591,II,s.,Horodişte,Городище,,262-285,262,285,,,,,,
591,II,s.,Horeşti,Хорешты,,286-308,286,308,,,,,,
591,II,s.,Gureni,Гурень,,309-330,309,330,,,,,,
591,III,s.,Gîrla,Гырла,,331-353,331,353,,,,,,
591,III,s.,Grozişti,Грозишть,,354-373,354,373,,,,,,
591,III,s.,Bulboaca,Булбоака,,374-378,374,378,,,,,,
591,III,s.,Goiana,Гояна,,379-388,379,388,,,,,,
591,III,s.,Slobozia Horodca,Слобозия Городка,,389-392,389,392,,,,,,
591,III,s.,Horodca,Городка,,393-394,393,394,,,,,,
591,III,s.,Ghidighici,Гидигич,,395-426,395,426,,,,,,
592,,s.,Chiştelniţa,Киштельница,,1-15,1,15,,,,,,
592,,s.,Crăsnăşeni,Крэснэшены,,16-35v,16,35,,,,,,
592,,s.,Coropceni (Suhuluceni),Коропчень (Сухулучень),,36-59,36,59,,,,,,
592,,s.,Clişova,Клишова,,60-75,60,75,,,,,,
592,,s.,Chiţcani,Кицканы,,76-80v,76,80,,,,,,
593,,s.,Pănăşeşti,Пэнэшешть,,1a-16,1,16,,,,,,
593,,s.,Pojăreni,Пожарены,,17-34,17,34,,,,,,
593,,s.,Pîrjoleni,Пыржолень,,35-46v,35,46,,,,,,
593,,s.,Pereni,Перень,,47-54,47,54,,,,,,
593,,s.,Petriceni,Петричены,,55-64,55,64,,,,,,
593,,s.,Pulbereni,Пулберены,,65-74,65,74,,,,,,
593,,s.,Paşcani,Пашканы,,75-98,75,98,,,,,,
593,,s.,Revaca,Ревака,,99-102,99,102,,,,,,
593,,s.,Răzeni,Резены,,103-138,103,138,,,,,,
593,,s.,Ruseşti,Русешти,,139-166,139,166,,,,,,
593,,s.,Ruseştii Vechi,Русештий Векь,,167-169,167,169,,,,,,
593,II,s.,Roşcani,Рошкани,,170-181,170,181,,,,,,
593,II,s.,Recea,Речя,,182-205,182,205,,,,,,
593,II,s.,Rădeni,Рэдень,,206-221v,206,221,,,,,,
593,II,s.,Străşeni,Стрэшень,,222-269v,222,269,,,,,,
593,II,s.,Scoreni,Скорены,,270-287,270,287,,,,,,
593,II,s.,Sadova,Садова,,288-313,288,313,,,,,,
593,II,s.,Sîngera,Сынджера,,314-330,314,330,,,,,,
593,III,s.,Suruceni,Суручень,,331-351,331,351,,,,,,
593,III,s.,Sociteni,Сочитень,,352-359,352,359,,,,,,
593,III,s.,Sireţi,Сирець,,360-391,360,391,,,,,247,https://www.familysearch.org/ark:/61903/3:1:3QS7-89QM-VGKJ?i=246&cc=1985804&wc=M6C1-YTG%3A264175701%2C264722601%2C265191101
593,III,s.,Sipoteni,Шипотены,,392-426,392,426,,,,,308,https://www.familysearch.org/ark:/61903/3:1:3QS7-99QM-VG97?i=307&cc=1985804&wc=M6C1-YTG%3A264175701%2C264722601%2C265191101
593,III,s.,Stolniceni,Стольничень,,427-448,427,448,,,,,,
593,III,s.,Secăreni,Секэрены,,449-460,449,460,,,,,,
593,III,s.,Spărieţi,Спэриець,,461-466,461,466,,,,,,
593,III,s.,Soltăneşti,Солтэнешть,,467-472,467,472,,,,,,
593,III,s.,Selişte,Селиште,,473-481,473,481,,,,,,
594,,s.,Tătăreuca Nouă,Новая Татарауца,,2-22,2,22,,,,,7,https://www.familysearch.org/ark:/61903/3:1:3QSQ-G9QM-VLLJ?i=6&cc=1985804&wc=M6C1-YP8%3A264175701%2C264722601%2C265193201
594,,s.,Tătăreuca Veche,Старая Татарауца,,23-36,23,36,,,,,,
594,,s.,Teleşeuca,Телешеука,,37-54,37,54,,,,,,
594,,s.,Unguri,Унгуры,,55-78,55,78,,,,,,
594,,s.,Temeleuţi,Темелеуць,,79-103v,79,103,,,,,152,https://www.familysearch.org/ark:/61903/3:1:3QS7-L9QM-V57T?i=151&cc=1985804&wc=M6C1-YP8%3A264175701%2C264722601%2C265193201
594,,s.,Trifăuţi,Трифэуць,,104-122,104,122,,,,,,
594,,s.,Trifăneşti,Трифэнешты,,123-141,123,141,,,,,228,https://www.familysearch.org/ark:/61903/3:1:3QS7-L9QM-V592?i=227&cc=1985804&wc=M6C1-YP8%3A264175701%2C264722601%2C265193201
594,,s.,Tîrnova,Тырново,,142-171,142,171,,,,,,
594,II,s.,Unchiteşti,Унчитешты,,172-185,172,185,,,,,,
594,II,s.,Floreşti,Флорешты,,186-206v,186,206,,,,,,
594,II,s.,Frasin,Фрасин,,207-223v,207,223,,,,,,
594,II,s.,Frăteştii de Sus,Фрэтештий де Сус,,224-232,224,232,,,,,,
594,II,s.,Frăteştii de Jos,Фрэтештий де Жос,,233-239,233,239,,,,,,
594,II,s.,Frumuşica,Фрумушица,,240-260,240,260,,,,,486,https://www.familysearch.org/ark:/61903/3:1:3QS7-89QM-VG1D?i=485&cc=1985804&wc=M6C1-YP8%3A264175701%2C264722601%2C265193201
594,II,s.,Hristici,Христичи,,261-291v,261,291,,,,,,
594,,cătunul,Nicoreni,Никорены,,292-306,292,306,,,,,,
594,,moşia,Zgura,Згура,,307-314,307,314,,,,,,
594,,moşia,Limbeni,Лимбень,,315-323,315,323,,,,,,
595,,s.,Costiceni (Vancicăuţi),Костичень (Ванчикэуць),,2-12,2,12,,,,,,
595,,s.,Belousovca (Ghilişeuca),Белоусовка (Гилишеука),,13-35,13,35,,,,,,
595,,s.,Conovca,Коновка,,36-44,36,44,,,,,,
595,,s.,Medveja,Медвежа,,45-53,45,53,,,,,,
595,,s.,Măcăreuca,Мэкэреука,,54-73,54,73,,,,,,
595,,s.,Mămăliga,Мамалыга,,74-107,74,107,,,,,,
595,,s.,Ruhotin,Рухотин,,108-118,108,118,,,,,,
595,,s.,Teţcani,Тецканы,,119-135,119,135,,,,,,
595,,s.,Feteşti,Фетешты,,136-154,136,154,,,,,,
595,,s.,Hîjdău,Хыждэу,,155-172,155,172,,,,,,
596,I,s.,Cotiujeni,Котюжены,,1-35,1,35,,,,,3,https://www.familysearch.org/ark:/61903/3:1:3QS7-89QM-L394?i=2&cc=1985804&wc=M6C1-YPD%3A264175701%2C264722601%2C265194701
596,I,s.,Clişcăuţi,Клишкэуцы,,36-103,36,103,,,,,65,https://www.familysearch.org/ark:/61903/3:1:3QSQ-G9QM-LSPH?i=64&cc=1985804&wc=M6C1-YPD%3A264175701%2C264722601%2C265194701
596,I,s.,Coteala,Котяла,,104-138,104,138,,,,,,
596,I,s.,Nelipăuţi (Cosăuţi),Косэуць,,139-140,139,140,,,,,,
596,I,s.,Cosăuţi (Nelipăuţi),Косэуцы (Нелипэуцы),,141-156,141,156,,,,,,
596,II,s.,Corjeuţi,Коржеуць,,158-207,158,207,,,,,280,https://www.familysearch.org/ark:/61903/3:1:3QSQ-G9QM-GPC?i=279&cc=1985804&wc=M6C1-YPD%3A264175701%2C264722601%2C265194701
596,II,s.,Caracuşeni,Каракушень,,208-252,208,252,,,,,365,https://www.familysearch.org/ark:/61903/3:1:3QS7-L9QM-G4Q?i=364&cc=1985804&wc=M6C1-YPD%3A264175701%2C264722601%2C265194701
596,,s.,Crestineşti,Крестинешты,,283-274,283,274,,,,,,
596,II,s.,Corestăuţi,Корестэуць,,275-293,275,293,,,,,,
596,III,s.,Colicăuţi,Колыкэуць,,294-314,294,314,,,,,,
596,III,s.,Cobîlceni,Кобылчены,,315-365,315,365,,,,,547,https://www.familysearch.org/ark:/61903/3:1:3QS7-89QM-LQZD?i=546&cc=1985804&wc=M6C1-YPD%3A264175701%2C264722601%2C265194701
596,III,s.,Culişăuca,Кулишэука,,366-383,366,383,,,,,,
596,III,s.,Chelmineţ,Кельминец,,384-425,384,425,,,,,685,https://www.familysearch.org/ark:/61903/3:1:3QS7-L9QM-L3JS?i=684&cc=1985804&wc=M6C1-YPD%3A264175701%2C264722601%2C265194701
596,III,s.,Criva,Крива,,426-447,426,447,,,,,,
596,III,s.,Clocuşna,Клокушна,,448-472,448,472,,,,,,
596,III,s.,Comarova,Комарова,,473-511,473,511,,,,,,
596,III,s.,Cormani,Кормань,,512-534,512,534,,,,,,
597,,s.,Avrămeni,Аврэмень,,3-7,3,7,,,,,,
597,,s.,Aluniş,Алуниш,,8-10,8,10,,,,,,
597,,or.,Bălţi,Бельцы,,11-43,11,43,,,,,,
597,,s.,Slobozia Bălţilor,Слобозия Бэлцилор,,44-45,44,45,,,,,,
597,,s.,Băhrineşti,Бэхринешть,,46-51,46,51,,,,,,
597,,s.,Bujerovca,Бужеровка,,52-60,52,60,,,,,,
597,,s.,Buteşti Velicico,Бутешты Величико,,61-64,61,64,,,,,,
597,,s.,Buteşti Stavro,Бутешты Ставро,,65-75,65,75,,,,,,
597,,s.,Bădiceni,Бэдичень,,76-82,76,82,,,,,,
597,,s.,Boşca,Бошка,,83-86,83,86,,,,,,
597,,s.,Bogheni,Богень,,87-90,87,90,,,,,,
597,,s.,Bodeni,Бодены,,91-94,91,94,,,,,,
597,,s.,Bisericani,Бисериканы,,95-99,95,99,,,,,,
597,,s.,Băxani,Бэксань,,100-103v,100,103,,,,,,
597,,s.,Bulboci,Булбочь,,104-106,104,106,,,,,,
598,,s.,Bordiug,Бордюг,,1-14,1,14,,,,,,
598,,s.,Babin,Бабин,,15-48,15,48,,,,,,
598,,s.,Buzdugeni,Буздугень,,49-55,49,55,,,,,,
598,,s.,Burlăneşti,Бурлэнешты,,56-68v,56,68,,,,,103,https://www.familysearch.org/ark:/61903/3:1:3QS7-89QM-XN19?i=102&cc=1985804&wc=M6ZM-M38%3A264175701%2C264722601%2C265196801
599,,s.,Vadul Ţîrii,Вадул Цырий,Soroca,4-5,4,5,,,,,,
599,,s.,Dubna,Дубна,Soroca,6-7,6,7,,,,,,
599,,s.,Japca,Жапка,Iaşi,8-9,8,9,,,,,,
599,,s.,Japca,Жапка,Soroca,10-13,10,13,,,,,,
599,,s.,Zahorna,Загорна,Soroca,14-15,14,15,,,,,,
599,,s.,Căpreşti,Кэпрешты,Soroca,16-17,16,17,,,,,,
599,,s.,Cubolta,Куболта,Soroca,18-19,18,19,,,,,,
599,,s.,Cunicea,Куничя,Soroca,20-21,20,21,,,,,,
599,,s.,Receşti,Речешть,Soroca,22-24,22,24,,,,,,
599,,s.,Răduleni,Рэдулень,Soroca,25-26,25,26,,,,,,
599,,s.,Frăteştii de Jos,Фрэтештий де Жос,Soroca,27-28,27,28,,,,,,
599,,jud.,Soroca,Сорока,,29-30,29,30,,,,,,
599,,tîrgul,Otaci (Atachi),Атаки,Hotin,31-32,31,32,,,,,,
599,,tîrgul,Otaci Movilău (Atachi Moghiliov),Атаки Могилёв,Hotin,33-40,33,40,,,,,,
599,,s.,Calaraşovca,Каларашовка,Hotin,41-44,41,44,,,,,,
599,,s.,Codreni,Кодрены,Hotin,45-46,45,46,,,,,,
599,,s.,Naslavcea,Наславча,Hotin,47-50,47,50,,,,,,
599,,s.,Plopi,Плопь,Hotin,51-53,51,53,,,,,,
599,,s.,Rudii din deal (de Sus),Рудий-дин-дял (де Сус),Hotin,54-57,54,57,,,,,,
599,,s.,Ruseni,Русени,Hotin,58-59,58,59,,,,,,
599,,s.,Tătăreuca Veche,Старая Татарауца,Hotin,60-61,60,61,,,,,,
599,,s.,Ţaul (Gorodici),Цауль (Городичи),Hotin,62-63,62,63,,,,,,
599,,s.,Iaruga,Яруга,Hotin,64-65,64,65,,,,,,
599,,s.,Bădiceni,Бэдичень,Iaşi,66-67,66,67,,,,,,
599,,s.,Vasilcău,Василкэу,Iaşi,68-71,68,71,,,,,,
599,,s.,Gura Camencii,Гура-Каменчий,Iaşi,72-73,72,73,,,,,,
599,,s.,Ghindeşti,Гиндешть,Iaşi,74-75,74,75,,,,,,
599,,s.,Gura Căinarului,Гура-Кэинарулуй,Iaşi,76-77,76,77,,,,,,
599,,s.,Chetriş,Кетриш,Iaşi,78-80,78,80,,,,,,
599,,s.,Cobîlea Veche,Кобыля Веке,Iaşi,81-82,81,82,,,,,,
599,,s.,Cobîlea Nouă,Кобыля Ноуэ,Iaşi,83-84,83,84,,,,,,
599,,s.,Cotiujenii Mari,Котюжений Марь,Iaşi,85-86,85,86,,,,,,
599,,s.,Cosăuţi,Косэуцы,Iaşi,87-88,87,88,,,,,,
599,,s.,Coşerniţa,Кошерница,Iaşi,89-96,89,96,,,,,,
599,,s.,Cureşniţa,Курешница,Iaşi,97-98,97,98,,,,,,
599,,s.,Cuhureştii de Sus,Кухурештий-де-Сус,Iaşi,99-100,99,100,,,,,,
599,,s.,Cunicea,Куничя,Iaşi,101-103,101,103,,,,,,
599,,s.,Lunga Drojieşti,Лунга Дрождешть,Iaşi,104-107,104,107,,,,,,
599,,s.,Lunga,Лунга,Iaşi,108-109,108,109,,,,,,
599,,s.,Mărculeşti,Мэркулешть,Iaşi,110-111,110,111,,,,,,
599,,s.,Mîndîc,Мындык,Iaşi,112-113,112,113,,,,,,
599,,s.,Nimereuca,Нимереука,Iaşi,114-117,114,117,,,,,,
599,,moşia,Nicoreni,Никорены,,118-120,118,120,,,,,,
599,,s.,Pepeni,Пепень,Iaşi,121-122,121,122,,,,,,
599,,s.,Pohoarna,Погоарна,Iaşi,123-124,123,124,,,,,,
599,,s.,Prajila,Пражила,Iaşi,125-126,125,126,,,,,,
599,,s.,Prajila de Sus,Пражила-де-Сус,Iaşi,127-128,127,128,,,,,,
599,,s.,Putineşti,Путинешты,Iaşi,129-130,129,130,,,,,,
599,,s.,Racovăţ,Раковэц,Iaşi,131-135,131,135,,,,,,
599,,s.,Roşietici,Рошиетичь,Iaşi,136-137,136,137,,,,,,
599,,s.,Vadul-Raşcov,Вадул-Рашков,Iaşi,138-139,138,139,,,,,,
599,,s.,Soloneţ,Солонец,Iaşi,140-141,140,141,,,,,,
599,,s.,Sănătăuca,Сэнэтэука,Iaşi,142-143,142,143,,,,,,
599,,s.,Stîrceni,Стырчень,Iaşi,144-146,144,146,,,,,,
599,,s.,Floreşti,Флорешты,Iaşi,147-151,147,151,,,,,,
599,,s.,Frasin,Фрасин,Iaşi,152-155,152,155,,,,,,
599,,s.,Frăteşti,Фрэтешть,Iaşi,156-157,156,157,,,,,,
599,,s.,Frumuşica,Фрумушица,Iaşi,158-159,158,159,,,,,,
599,,s.,Ţîpleşti,Циплешты,Iaşi,160-161,160,161,,,,,,
599,,s.,Cerlina,Черлина,Iaşi,162-163,162,163,,,,,,
599,,s.,Ciripcău,Чирипкэу,Iaşi,164-165,164,165,,,,,,
599,,s.,Cerniţa,Черница,Iaşi,166-171,166,171,,,,,,
599,,s.,Şestaci,Шестачи,Iaşi,172-173,172,173,,,,,,
600,,s.,Arestovca,Арестовка,,1-9,1,9,,,,,,
600,,s.,Otaci,Отачь,,10-27,10,27,,,,,,
600,,s.,Anadol,Анадол,,28-34,28,34,,,,,,
600,,s.,Bocicăuţi,Бочикэуць,,35-71,35,71,,,,,,
600,,s.,Berstea,Берстя,,72-85,72,85,,,,,,
600,,s.,Beleuţi,Белеуцы,,86-112,86,112,,,,,,
600,,s.,Berlinţi,Берлинцы,,113-128,113,128,,,,,,
600,,s.,Bălcăuţii de Sus,Бэлкэуций-де-Сус,,129-154,129,154,,,,,,
600,,s.,Balasineşti,Баласинешты,,155-184,155,184,,,,,,
600,,s.,Buzdugeni,Буздугень,,185-187,185,187,,,,,,
601,,s.,Buzoviţa,Бузовица,,1-27,1,27,,,,,,
601,,s.,Bogdăneşti,Богдэнешть,,28-33,28,33,,,,,,
601,,s.,Balamutovca,Баламутовка,,34-45v,34,45,,,,,,
601,,s.,Bulboaca,Булбоака,,46-58,46,58,,,,,,
602,I,s.,Tărăsăuţi,Тэрэсэуць,,1-78,1,78,,,,,,
602,I,s.,Trinca,Тринка,,79-104,79,104,,,,,,
602,I,s.,Tabani,Табань,,105-133,105,133,,,,,,
602,I,s.,Tîrnova,Тырново,,134-167,134,167,,,,,,
602,II,s.,Trestieni,Трестиень,,169-179,169,179,,,,,,
602,II,s.,Trebisăuţi,Требисэуць,,180-196,180,196,,,,,,
602,II,s.,Tolbureni,Толбурень,,197-216,197,216,,,,,,
602,II,s.,Feteşti (Griţeni),Фетешты (Грицень),,217-230,217,230,,,,,,
602,II,s.,Forostina,Форостина,,231-255,231,255,,,,,,
602,II,s.,Halahoreni,Халахорень,,256-263,256,263,,,,,,
602,II,s.,Hădărăuţi,Хэдэрэуць,,264-285,264,285,,,,,,
602,II,s.,Ţaul,Цауль,,286-287,286,287,,,,,,
602,II,s.,Cepănoasa,Чепэноаса,,288-315,288,315,,,,,,
602,III,s.,Cerlina Mare,Черлина Маре,,316-337,316,337,,,,,,
602,III,s.,Cebrău,Чебрук,,338-365,338,365,,,,,,
602,III,s.,Cepeleuţi,Чепелеуць,,366-398,366,398,,,,,,
602,III,s.,Şirăuţi,Ширэуцы,,399-402,399,402,,,,,,
602,III,s.,Şirăuţii de Sus,Ширэуций-де-Сус,,403-454,403,454,,,,,,
602,III,s.,Şirăuţii de Jos,Ширэуций-де-Жос,,455-457,455,457,,,,,,
602,III,s.,Slobozia Şirăuţi,Слобозия-Ширэуць,,458-466,458,466,,,,,,
602,IV,s.,Şirăuţii de Jos,Ширэуций-де-Жос,,467-493,467,493,,,,,,
602,IV,s.,Şilouţi,Шилоуцы,,494-540,494,540,,,,,,
602,IV,s.,Şişcăuţi,Шишкэуци,,541-554,541,554,,,,,,
602,IV,s.,Şendreni,Шендрены,,555-574,555,574,,,,,,
602,V,s.,Şerbinţi,Шербинцы,,575-594,575,594,,,,,,
602,V,s.,Şebutinţi,Шебутинцы,,595-623,595,623,,,,,,
602,V,s.,Ianăuţi,Янэуцы,,624-664,624,664,,,,,,
603,,col.,Tepliţ,Теплиц,,1-47,1,47,,,,,,
604,,tîrgul,Lipcani,Липканы,,1-93,1,93,,,,,,
604,,s.,Larga,Ларга,,94-162,94,162,,,,,148,https://www.familysearch.org/ark:/61903/3:1:3QS7-99QM-NHDT?i=147&cc=1985804&wc=M6C1-Y29%3A264175701%2C264722601%2C265201401
604,II,s.,Larova (Slobozia),Ларова (Слобозия),,163-165,163,165,,,,,282,https://www.familysearch.org/ark:/61903/3:1:3QS7-99QM-N4YJ?i=281&cc=1985804&wc=M6C1-Y29%3A264175701%2C264722601%2C265201401
604,II,s.,Tătăreuca Mică (Larova),Малая Татарауца (Ларова),,166-167,166,167,,,,,287,https://www.familysearch.org/ark:/61903/3:1:3QS7-L9QM-N4TP?i=286&cc=1985804&wc=M6C1-Y29%3A264175701%2C264722601%2C265201401
604,II,s.,Lucăceni,Лукэчень,,168-173,168,173,,,,,290,https://www.familysearch.org/ark:/61903/3:1:3QS7-L9QM-N4RH?i=289&cc=1985804&wc=M6C1-Y29%3A264175701%2C264722601%2C265201401
604,II,s.,Lomancinţa,Ломанчинца,,174-229,174,229,,,,,,
604,II,s.,Mihălăşeni,Михэлэшень,,230-244,230,244,,,,,408,https://www.familysearch.org/ark:/61903/3:1:3QS7-89QM-N8QJ?i=407&cc=1985804&wc=M6C1-Y29%3A264175701%2C264722601%2C265201401
604,II,s.,Mărcăuţi,Мэркэуць,,245-274,245,274,,,,,436,https://www.familysearch.org/ark:/61903/3:1:3QS7-99QM-NZKM?i=435&cc=1985804&wc=M6C1-Y29%3A264175701%2C264722601%2C265201401
604,II,s.,Mihalovca,Михаловка,,275-303,275,303,,,,,,
604,II,s.,Mîndîcăuţi,Мындыкэуць,,304-321,304,321,,,,,549,https://www.familysearch.org/ark:/61903/3:1:3QSQ-G9QM-NZ81?i=548&cc=1985804&wc=M6C1-Y29%3A264175701%2C264722601%2C265201401
604,II,s.,Medveja,Медвежа,,322-332,322,332,,,,,,
604,III,s.,Moşineţ,Мошинец,,333-363,333,363,,,,,600,https://www.familysearch.org/ark:/61903/3:1:3QSQ-G9QM-NZ66?i=599&cc=1985804&wc=M6C1-Y29%3A264175701%2C264722601%2C265201401
604,III,s.,Mălineşti,Мэлинешть,,364-379,364,379,,,,,661,https://www.familysearch.org/ark:/61903/3:1:3QS7-89QM-NZCF?i=660&cc=1985804&wc=M6C1-Y29%3A264175701%2C264722601%2C265201401
604,III,s.,Marşineţi,Маршинец,,380-442,380,442,,,,,691,https://www.familysearch.org/ark:/61903/3:1:3QSQ-G9QM-NCBY?i=690&cc=1985804&wc=M6C1-Y29%3A264175701%2C264722601%2C265201401
604,III,s.,Malinţi,Малинцы,,443-491,443,491,,,,,807,https://www.familysearch.org/ark:/61903/3:1:3QS7-L9QM-NCHD?i=806&cc=1985804&wc=M6C1-Y29%3A264175701%2C264722601%2C265201401
604,III,s.,Moldova,Молдова,,492-519,492,519,,,,,,
605,I,s.,Bădragi,Бэдраджь,,1,1,1,,,,,,
605,,s.,Bălcăuţii de Jos,Бэлкэуций-де-Жос,,1a-22,1,22,,,,,,
605,I,s.,Bîrnova de Sus,Бырнова-де-Сус,,23-56,23,56,,,,,,
605,I,s.,Bording (Tolmaceia),Бординг (Толмачия),,57-58,57,58,,,,,94,https://www.familysearch.org/ark:/61903/3:1:3QS7-L9QM-VWDS?i=93&cc=1985804&wc=M6CB-FM9%3A264175701%2C264722601%2C264843001
605,I,tîrgul,Briceni,Бричаны,,59-165,59,165,,,,,98,https://www.familysearch.org/ark:/61903/3:1:3QS7-89QM-VWPV?i=97&cc=1985804&wc=M6CB-FM9%3A264175701%2C264722601%2C264843001
605,II,s.,Gvozdăuţi,Гвоздэуць,,166-171,166,171,,,,,,
605,II,s.,Hîjdău,Хыждэу,,172-184,172,184,,,,,,
605,II,s.,Gruşoviţa,Грушовица,,185-215,185,215,,,,,,
605,II,s.,Grumezeni,Грумезень,,216-225,216,225,,,,,,
605,II,s.,Grubna,Грубна,,226-238,226,238,,,,,,
605,II,s.,Grimăncăuţi,Гриманкэуць,,239-287,239,287,,,,,,
605,II,s.,Grimeşti,Гримешть,,288-325,288,325,,,,,545,https://www.familysearch.org/ark:/61903/3:1:3QS7-89QM-VQN3?i=544&cc=1985804&wc=M6CB-FM9%3A264175701%2C264722601%2C264843001
606,,s.,Odaia Chetrosu,Одая-Кетросу,,1-3,1,3,,,,,,
606,,s.,Chetriş,Кетриш,,4-9,4,9,,,,,,
607,,s.,Borosenii Vechi,Боросений Векь,,1-2,1,2,,,,,,
607,,s.,Burghelea Soci,Бургеля Сочь,,3-4,3,4,,,,,,
607,,s.,Bezeni,Безены,,5-6,5,6,,,,,,
607,,s.,Borodniceni (Cenuşa),Бородничень (Ченуша),,7-12,7,12,,,,,,
607,,s.,Bahmut,Бахмут,,13-15,13,15,,,,,,
607,,s.,Băneşti,Бэнешть,,16-17v,16,17,,,,,,
607,,s.,Bobuleşti,Бобулешть,,18-20,18,20,,,,,,
607,,s.,Bodeşti,Бодешть,,21-23,21,23,,,,,,
607,,s.,Văscăuţi,Вэскэуць,,24-32,24,32,,,,,,
608,,s.,Vulpeşti,Вулпешты,,1-3,1,3,,,,,,
608,,s.,Voloave (Volova),Волова,,4-7,4,7,,,,,,
608,,s.,Vădeni,Вэдены,,8-10,8,10,,,,,,
608,,s.,Vadul-Leca,Вадул-Лека,,11-12,11,12,,,,,,
608,,s.,Voroncăul Vechi,Воронкэул Векь,,13-14,13,14,,,,,,
608,,s.,Ghindeşti,Гиндешть,,15-20,15,20,,,,,,
608,,s.,Gherman,Герман,,21-22,21,22,,,,,,
608,,s.,Hăreşti,Хэрешты,,23-26,23,26,,,,,,
608,,s.,Glodeni,Глодень,,27-29,27,29,,,,,,
608,,s.,Ghizdita,Гиздица,,30-31,30,31,,,,,,
609,I,or.,Bălţi,Бельцы,,1-17,1,17,,,,,,
609,I,s.,Bolotino,Болотино,,18-29,18,29,,,,,,
609,I,s.,Biliceni,Биличены,,30-31,30,31,,,,,,
609,I,s.,Buciumeni,Бучумены,,32-38,32,38,,,,,,
609,I,s.,Bujerovca,Бужеровка,,39-43,39,43,,,,,,
609,I,s.,Bumbăta,Бумбэта,,44-47,44,47,,,,,,
609,I,s.,Bălăşeşti,Бэлэшешть,,48-53,48,53,,,,,,
609,I,s.,Borosenii Vechi,Боросений Векь,,54-57,54,57,,,,,,
609,I,s.,Slobozia Buteşti,Слобозия Бутешть,,58-61,58,61,,,,,,
609,I,s.,Văscăuţi,Вэскэуць,,62-67,62,67,,,,,,
609,I,s.,Vulpeşti,Вулпешты,,68-72,68,72,,,,,,
609,I,s.,Vrăneşti,Врэнешты,,73-76,73,76,,,,,,
609,I,s.,Vasilcău,Василкэу,,77-80,77,80,,,,,,
609,I,s.,Vadulş-Leca,Вадул-Лека,,81-94,81,94,,,,,,
609,I,s.,Glodeni,Глодень,,95-99,95,99,,,,,,
609,I,s.,Găuzeni,Гэузень,,100-103,100,103,,,,,,
609,I,s.,Gălăşeni,Гэлэшень,,104-107,104,107,,,,,,
609,I,s.,Găuzeni,Гэузень,,108-109,108,109,,,,,,
609,I,s.,Groseni,Гросень,,110-113,110,113,,,,,,
609,I,s.,Holoşniţa (Volcineşti),Холошница (Волчинешты),,114-120,114,120,,,,,,
609,I,s.,Gura Căinarului,Гура-Кэинарулуй,,121-126,121,126,,,,,,
609,I,s.,Dănuţeni,Дэнуцень,,127-128,127,128,,,,,,
609,II,s.,Drujineni,Дружинены,,129-134,129,134,,,,,,
609,II,s.,Zahorna,Загорна,,135-139,135,139,,,,,,
609,II,s.,Izvoare,Извоаре,,140-143,140,143,,,,,,
609,II,s.,Chirileni,Кирилены,,144-147,144,147,,,,,,
609,II,s.,Chetrosu,Кетросу,,148-151,148,151,,,,,,
609,II,s.,Cuhureştii de Jos,Кухурештий-де-Жос,,152-157,152,157,,,,,,
609,II,s.,Cuhneşti,Кухнешты,,158-164,158,164,,,,,,
609,II,s.,Cremenciug,Кременчуг,,165-174,165,174,,,,,,
609,II,s.,Coşeni,Кошены,,175-178,175,178,,,,,,
609,II,s.,Cucuieţi,Кукуецы,,179-182,179,182,,,,,,
609,II,s.,Cubolta,Куболта,,183-184,183,184,,,,,,
609,II,s.,Corneşti,Корнешть,,185-188,185,188,,,,,,
609,II,s.,Cuhneştii de Sus,Кухнештий-де-Сус,,189-192,189,192,,,,,,
609,II,s.,Cuşmirca,Кушмирка,,193-196,193,196,,,,,,
609,II,s.,Chişcăreni,Кишкарены,,197-202,197,202,,,,,,
609,II,s.,Cotiujenii Noi,Котюжений Ной,,203-206,203,206,,,,,,
609,II,s.,Cubolta,Куболта,,207-208,207,208,,,,,,
609,II,s.,Lucăceni,Лукэчень,,209-216,209,216,,,,,,
609,,moşia,Limbeni,Лимбень,,217-221,217,221,,,,,,
609,II,s.,Mălcăuţi,Мэлкэуць,,222-225,222,225,,,,,,
609,II,s.,Măgura,Мэгура,,226-229,226,229,,,,,,
609,II,s.,Medeleni,Меделень,,230-233,230,233,,,,,,
609,II,s.,Mirceşti,Мирчешть,,234-239,234,239,,,,,,
609,II,s.,Măcăreuca,Мэкэреука,,240-241,240,241,,,,,,
609,II,s.,Năvîrneţ,Навырнец,,242-251,242,251,,,,,,
609,II,s.,Năpadova,Наподова,,252-253,252,253,,,,,,
609,II,s.,Pîrjota,Пыржота,,254-258,254,258,,,,,,
609,III,s.,Putineşti,Путинешты,,259-264,259,264,,,,,,
609,III,s.,Prodăneşti,Проданешты,,265-266,265,266,,,,,,
609,III,s.,Pîrliţa,Пырлица,,267-270,267,270,,,,,,
609,III,s.,Prajila,Пражила,,271-272,271,272,,,,,,
609,III,s.,Pîrjota,Пыржота,,273-274,273,274,,,,,,
609,III,s.,Pohoarna,Погоарна,,275-279,275,279,,,,,,
609,III,s.,Parcani,Парканы,,280-287,280,287,,,,,,
609,III,s.,Pistruieni,Пиструены,,288-291,288,291,,,,,,
609,III,s.,Raşcov,Рашков,,292-295,292,295,,,,,,
609,III,tîrgul,Vadul Raşcov,Вадул Рашков,,296-299,296,299,,,,,,
609,III,s.,Rogojeni,Рогожень,,300-301,300,301,,,,,,
609,III,s.,Răduleni,Рэдулень,,302-314,302,314,,,,,,
609,III,s.,Stîncăuţi,Стынкэуць,,315-316,315,316,,,,,,
609,III,s.,Stîrceni,Стырчень,,317-322,317,322,,,,,,
609,III,s.,Scumpia,Скумпия,,323-328,323,328,,,,,,
609,III,tîrgul,Soroca,Сорока,,329-332,329,332,,,,,,
609,III,s.,Trifăneşti,Трифэнешты,,333-334,333,334,,,,,,
609,III,s.,Temeleuţi,Темелеуць,,335-340,335,340,,,,,,
609,III,s.,Tîrnova,Тырново,,341-342,341,342,,,,,,
609,III,s.,Tîrşiţei,Тыршицей,,343-344,343,344,,,,,,
609,III,tîrgul,Teleneşti,Теленешть,,345-352,345,352,,,,,,
609,III,s.,Unţeşti,Унцешты,,353-358,353,358,,,,,,
609,III,s.,Frăteşti,Фрэтешть,,359-360,359,360,,,,,,
609,III,s.,Floriţoaia,Флорицоая,,361-363,361,363,,,,,,
609,III,s.,Ţepilova,Цепилова,,364-367,364,367,,,,,,
609,,moşia,Ciuciueni,Чучуень,,368-369,368,369,,,,,,
609,III,s.,Ciuciulea,Чучулея,,370-375,370,375,,,,,,
609,III,s.,Ciutuleşti,Чутулешты,,376-377,376,377,,,,,,
609,III,s.,Şolcani,Шолканы,,378-381,378,381,,,,,,
609,III,s.,Iugani (Alexăndreni),Юганы (Алексэндрень),,383,383,383,,,,,,
610,I,s.,Mîndreşti,Мындрешть,,1-15,1,15,,,,,,
610,I,s.,Nimereuca,Нимереука,,16-18,16,18,,,,,,
610,I,s.,Năpădeni,Напэдены,,19-35,19,35,,,,,,
610,I,s.,Obreja,Обря,,36-38,36,38,,,,,,
610,I,s.,Ordăşei,Ордэшей,,39-45,39,45,,,,,,
610,I,s.,Pohoarna-Căueşti,Погоарна-Кэуешты,,46-51,46,51,,,,,,
610,I,s.,Prodăneşti,Проданешты,,52-55,52,55,,,,,,
610,I,s.,Pînzăreni,Пынзэрень,,56-58,56,58,,,,,,
610,I,s.,Prepeliţa,Препелица,,59-60,59,60,,,,,,
610,I,s.,Pîrliţa,Пырлица,,61-70,61,70,,,,,,
610,I,s.,Răspopeni,Распопены,,71-76,71,76,,,,,,
610,I,s.,Rubleniţa,Рубленица,,77-78,77,78,,,,,,
610,I,s.,Răduleni,Рэдулень,,79-85,79,85,,,,,,
610,I,s.,Receşti,Речешть,,86-94,86,94,,,,,,
610,I,s.,Recea,Речя,,95-97,95,97,,,,,,
610,I,s.,Rădoaia,Рэдоая,,98-102,98,102,,,,,,
610,I,s.,Salcia,Сальча,,103-106,103,106,,,,,,
610,I,tîrgul,Sculeni,Скуляны,,107-115,107,115,,,,,,
610,I,s.,Scumpia,Скумпия,,116-117,116,117,,,,,,
610,I,s.,Stînjeneni,Стынженень,,118-121,118,121,,,,,,
610,II,s.,Sănătăuca,Сэнэтэука,,122-127,122,127,,,,,,
610,II,s.,Sărata,Сэрата,,128-132,128,132,,,,,,
610,II,s.,Soloneţ,Солонец,,133-136,133,136,,,,,,
610,II,s.,Tomeşti-Răzeşti,Томешты-Рэзешты,,137-147,137,147,,,,,,
610,II,s.,Teleneştii Vechi,Теленештий Векь,,148-150,148,150,,,,,,
610,II,tîrgul,Teleneşti,Теленешть,,151-158,151,158,,,,,,
610,II,s.,Taxobeni,Таксобень,,159-160,159,160,,,,,,
610,II,s.,Unţeşti,Унцешты,,161-182,161,182,,,,,,
610,II,s.,Unteni,Унтень,,183-188,183,188,,,,,,
610,,moşia,Floceni,Флочень,,189-190,189,190,,,,,,
610,II,s.,Frumuşica,Фрумушица,,191-192,191,192,,,,,,
610,II,s.,Flămînzeni,Флэмынзень,,193-201,193,201,,,,,,
610,II,s.,Floriţoaia,Флорицоая,,202-204,202,204,,,,,,
610,II,s.,Hristici,Христичи,,205-210,205,210,,,,,,
610,II,s.,Hîrtop,Хыртоп,,211-214,211,214,,,,,,
610,II,s.,Ţipleşti,Циплешты,,215-218,215,218,,,,,,
610,II,s.,Şofrîncani,Шофрынканы,,219-224,219,224,,,,,,
610,II,s.,Ciulucani,Чулуканы,,225-228,225,228,,,,,,
610,II,s.,Cerlina,Черлина,,229-230,229,230,,,,,,
610,II,s.,Cetireni,Четиряны,,231-234,231,234,,,,,,
610,II,s.,Ciutuleşti,Чутулешты,,235-237,235,237,,,,,,
611,,s.,Cozeşti,Козешты,,1-3,1,3,,,,,,
611,,s.,Copîceanca,Копычанка,,4-5,4,5,,,,,,
612,,s.,Abaclia,Абаклия,,1-6,1,6,,,,,,
612,,s.,Opaci,Опач,,7-12,7,12,,,,,,
612,,s.,Batîr,Батыр,,13-15,13,15,,,,,,
612,,s.,Varniţa,Варница,,16-19,16,19,,,,,,
612,,s.,Hagimus,Гаджимус,,20-26,20,26,,,,,,
612,,s.,Hîrbovăţ,Хырбовэц,,27-30,27,30,,,,,,
612,,s.,Zaim,Заим,,31-32,31,32,,,,,,
612,,tîrgul,Căuşeni,Каушаны,,33-38,33,38,,,,,,
612,,s.,Căuşenii Noi,Каушаны Новые,,39-40,39,40,,,,,,
612,,s,Calfa,Калфа,,41-42,41,42,,,,,,
612,,s.,Chiţcani,Кицканы,,43-50,43,50,,,,,,
612,,s.,Chircăieşti,Кыркэешты,,51-54,51,54,,,,,,
612,,s.,Cîrnăţeni,Кырнэцень,,55-58,55,58,,,,,,
612,,s.,Copanca,Копанка,,59-66,59,66,,,,,,
612,,s.,Sălcuţa,Сэлкуца,,67-72,67,72,,,,,,
612,,s.,Săiţi,Сэиць,,73-82,73,82,,,,,,
612,,s.,Căuşenii Vechi,Каушаны Старые,,83-86,83,86,,,,,,
612,,s.,Tănătari,Тэнэтарь,,87-90,87,90,,,,,,
612,,s.,Taraclia,Тараклия,,91-104,91,104,,,,,,
612,,s.,Tocuz,Токуз,,105-106,105,106,,,,,,
612,,s.,Fîrlădeni,Фырлэдень,,107-110,107,110,,,,,,
612,,tîrgul,Cimişlia,Чимишлия,,111-118,111,118,,,,,,
613,,s.,Baccealia,Баччалия,,2-3,2,3,,,,,,
613,,s.,Gangura,Гангура,,4-5,4,5,,,,,,
613,,s.,Gradişte,Градиште,,6-9,6,9,,,,,,
613,,tîrgul,Gura Galbenei,Гура-Галбеней,,10-21,10,21,,,,,,
613,,s.,Gura Bîcului,Гура-Быкулуй,,22-23,22,23,,,,,,
613,,s.,Geamăna,Жамэна,,24-29,24,29,,,,,,
613,,s.,Coşcalia,Кошкалия,,30-31,30,31,,,,,,
613,,s.,Cobusca Mică,Кобуска Микэ,,32-35,32,35,,,,,,
613,,s.,Cobuca Veche,Кобука Веке,,36-39,36,39,,,,,,
613,,s.,Căinari,Каинары,,40-45,40,45,,,,,,
613,,s.,Cărbuna,Кэрбуна,,46-49,46,49,,,,,,
613,,s.,Curugica (Mambet),Куруджика (Мамбет),,50-53,50,53,,,,,,
613,,s.,Luţeni (Ţînţăreni),Луцень (Цынцарень),,54-55,54,55,,,,,,
613,,s.,Moleşti,Молешть,,56-60,56,60,,,,,,
613,,s.,Puhoi,Пугой,,61-63,61,63,,,,,,
613,,s.,Speia,Спея,,64-67,64,67,,,,,,
613,,s.,Sagaidac,Сагайдак,,68-69,68,69,,,,,,
613,,s.,Şerpeni,Шерпены,,70-71,70,71,,,,,,
613,,s.,Sadaclia cătunul Fîntîna,"Садаклия, хутор Фынтына",,72-73,72,73,,,,,,
613,,s.,Dubăsarii Vechi,Дубоссары Старые,,74-75,74,75,,,,,,
613,,cătunul,Floreşti,Флорешты,,76-77,76,77,,,,,,
613,,s.,Ciufleşti (Acui),Чуфлешты (Акуй),,78-79,78,79,,,,,,
613,,s.,Ţînţăreni (Luţeni),Цынцэрень (Луцень),,80-81,80,81,,,,,,
614,,or.,Reni,Рени,,1-10,1,10,,,,,,
615,,or.,Bălţi,Бельцы,,1-175,1,175,,,,,,
616,,or.,Ismail,Измаил,,1-81,1,81,,,,,,
616,,or.,Reni,Рени,,82-85,82,85,,,,,,
617,I,or.,Chişinău,Кишинёв,,1-153,1,153,,,,,,
617,II,or.,Chişinău,Кишинёв,,154-306,154,306,,,,,,
617,III,or.,Chişinău,Кишинёв,,307-470,307,470,,,,,,
618,I,or.,Chişinău,Кишинёв,,1-120,1,120,,,,,,
618,II,or.,Chişinău,Кишинёв,,121-242,121,242,,,,,,
619,,tîrgul,Rezina,Резина,,1-39,1,39,,,,,,
620,,tîrgul,Criuleni,Криулены,,1-30v,1,30,,,,,,
621,,col.,Vertiujeni,Вертюжень,,1-12,1,12,,,,,,
621,,,,,,13-39,13,39,,,,,,
621,,col.,Dumbrăveni,Думбрэвены,,40-76,40,76,,,,,,
621,,col.,Briceni,Бричаны,,77-95,77,95,,,,,,
621,,col.,Mereşeuca Nouă,Мерешеука Новая,,96-111v,96,111,,,,,,
621,,col.,Mărculeşti,Мэркулешть,,112-137,112,137,,,,,,
622,,col.,Vadul-lui-Vlad,Вадул-луй-Влад,,1-13,1,13,,,,,,
622,,col.,Alexăndreni,Александрены,,14-73,14,73,,,,,,
623,,or.,Bălţi,Бельцы,,6-10,6,10,,,,,,
623,,or.,Chişinău,Кишинёв,,11-81,11,81,,,,,,
623,,s.,Sagaidac,Сагайдак,,82-84,82,84,,,,,,
623,,s.,Cupcui,Купкуй,,85-93,85,93,,,,,,
623,,s.,Sărata Galbenă,Сэрата Гэлбенэ,,94,94,94,,,,,,
623,,s.,Băcşeni,Бэкшень,,95-97,95,97,,,,,,
623,,s.,Bilieşti,Билиешты,,98-104,98,104,,,,,,
623,,s.,Boldureşti,Болдурешть,,105-109,105,109,,,,,,
623,,s.,Brailău (Negreşti),Брэилэу (Негрешть),,110-112,110,112,,,,,,
623,,s.,Brătuleni,Брэтулены,,113-118,113,118,,,,,160,https://www.familysearch.org/ark:/61903/3:1:3QSQ-G9QM-N7MZ?i=159&cc=1985804&wc=M6ZM-HWL%3A264175701%2C264722601%2C265257201
623,,s.,Buţeni,Буцень,,119-124,119,124,,,,,,
623,,s.,Valea Trestieni,Валя-Трестиени,,125-134,125,134,,,,,,
623,,s.,Visterniceni,Вистерничены,,135-140,135,140,,,,,,
623,,s.,Vînători,Вынэторы,,141-144,141,144,,,,,,
623,,s.,Ghidighici,Гидигич,,145-149,145,149,,,,,,
623,,s.,Drimbăşeni,Дримбэшены,,150-155,150,155,,,,,,
623,,s.,Călimăneşti,Кэлимэнешты,,156-159,156,159,,,,,,
623,,s.,Chetrosu,Кетросу,,160-162,160,162,,,,,,
623,,s.,Măcăreşti,Мэкэрешть,,163-165,163,165,,,,,227,https://www.familysearch.org/ark:/61903/3:1:3QSQ-G9QM-NQKN?i=226&cc=1985804&wc=M6ZM-HWL%3A264175701%2C264722601%2C265257201
623,,s.,Mileşti,Милешть,,166-169,166,169,,,,,230,https://www.familysearch.org/ark:/61903/3:1:3QS7-89QM-NQXH?i=229&cc=1985804&wc=M6ZM-HWL%3A264175701%2C264722601%2C265257201
623,II,s.,Micăuţi,Микэуць,,170-175,170,175,,,,,235,https://www.familysearch.org/ark:/61903/3:1:3QS7-89QM-NQD5?i=234&cc=1985804&wc=M6ZM-HWL%3A264175701%2C264722601%2C265257201
623,,moşia,Novaci,Новаки,,176-184,176,184,,,,,,
623,II,s.,Pojăreni,Пожарены,,185-190,185,190,,,,,,
623,II,s.,Roşcani,Рошкани,,191-193,191,193,,,,,,
623,II,s.,Rădeni,Рэдень,,194-197,194,197,,,,,,
623,II,s.,Sipoteni,Шипотены,,198-200,198,200,,,,,,
623,II,s.,Sireţi,Сирець,,201-204,201,204,,,,,,
623,II,s.,Suruceni,Суручень,,205-213,205,213,,,,,,
623,II,s.,Fundul Galbenei,Фундул Галбеней,,214-219,214,219,,,,,,
623,II,s.,Hansca,Ханска,,220-229,220,229,,,,,,
623,II,s.,Ciuciuleni,Чучулень,,230-232,230,232,,,,,,
623,II,s.,Ialoveni,Яловень,,233-236,233,236,,,,,,
623,II,s.,Bălăşeşti,Бэлэшешть,,237-240,237,240,,,,,,
623,II,s.,Bravicea,Бравича,,241-243,241,243,,,,,,
623,II,s.,Vadul-Leca,Вадул-Лека,,244-251,244,251,,,,,,
623,II,s.,Văsieni,Вэсиень,,252-254,252,254,,,,,,
623,II,s.,Voroteţ,Воротец,,255-261,255,261,,,,,,
623,II,s.,Vîşcăuţi,Выщэуць,,262-264,262,264,,,,,,
623,II,s.,Gleşti,Глешть,,265-268,265,268,,,,,,
623,II,s.,Găuzeni,Гэузень,,269-272,269,272,,,,,,
623,II,s.,Ghermăneşti,Гермэнешть,,273-279,273,279,,,,,,
623,II,s.,Ghetlova,Гетлова,,280-282,280,282,,,,,,
623,II,s.,Gruşova,Грушова,,283-289,283,289,,,,,,
623,II,s.,Dîşcova,Дышкова,,290-296,290,296,,,,,,
623,II,s.,Echimăuţi,Екимоуцы,,297-301,297,301,,,,,,
623,II,s.,Isacova,Исакова,,302-311,302,311,,,,,,
623,II,s.,Işnovăţ,Ишноваць,,312-319,312,319,,,,,,
623,II,s.,Camenca,Каменка,,320-324,320,324,,,,,,
623,II,s.,Cornova,Корнова,,325-327,325,327,,,,,,
623,II,s.,Crăsnăşeni,Крэснэшены,,328-330,328,330,,,,,,
623,II,s.,Mana,Мана,,331-336,331,336,,,,,,
623,II,s.,Maşcăuţi,Машкауцы,,337-338,337,338,,,,,,
623,II,s.,Meşeni,Мешень,,339-342,339,342,,,,,,
623,III,s.,Morozeni,Морозень,,343-347,343,347,,,,,,
623,III,s.,Minceni,Минчень,,348-350,348,350,,,,,,
623,III,s.,Nişcani,Нишканы,,351-355,351,355,,,,,,
623,III,s.,Onişcani,Онишканы,,356-363,356,363,,,,,,
623,III,s.,Păhărniceni,Пэхэрничень,,364-367,364,367,,,,,,
623,III,s.,Paşcani,Пашканы,,368-370,368,370,,,,,,
623,,moşia,Răspopeni,Распопены,,371-373,371,373,,,,,,
623,III,s.,Sămăşcani,Сэмэшкань,,374-376,374,376,,,,,,
623,III,s.,Săseni,Сэсень,,377-383,377,383,,,,,,
623,III,s.,Slobozia Căliceni,Слобозия Кэличень,,384-385,384,385,,,,,,
623,III,s.,Tătăreşti,Тэтэрешты,,386-396,386,396,,,,,,
623,III,tîrgul,Teleneşti,Теленешть,,392-396,392,396,,,,,,
623,III,tîrgul,Tuzara,Тузара,,397-401,397,401,,,,,,
623,III,s.,Furceni,Фурчень,,402-405,402,405,,,,,,
623,III,s.,Cinişeuţi,Чинишеуць,,406-411,406,411,,,,,,
623,III,s.,Şoldăneşti,Шолданешты,,412-414,412,414,,,,,,
623,III,s.,Bălăşeşti,Бэлэшешть,,415-417,415,417,,,,,,
623,III,s.,Buciumeni,Бучумены,,418-420,418,420,,,,,,
623,III,s.,Bîrnova,Бырнова,,421-426,421,426,,,,,,
623,III,s.,Bîrnova de Jos,Бырнова-де-Жос,,427-432,427,432,,,,,,
623,III,s.,Vădeni,Вэдены,,433-438,433,438,,,,,,
623,III,s.,Văscăuţi,Вэскэуць,,439-444,439,444,,,,,,
623,III,s.,Vertiujeni şi Căpreşti,Вертюжень и Кэпрешть,,445-451,445,451,,,,,,
623,III,s.,Hîrtop,Хыртоп,,452-454,452,454,,,,,,
623,III,s.,Gura Căinarului,Гура-Кэинарулуй,,455-462,455,462,,,,,,
623,III,s.,Zahorna,Загорна,,463-475,463,475,,,,,,
623,III,s.,Zgura,Згура,,476-478,476,478,,,,,,
623,III,s.,Cucueţi,Кукуец,,479-483,479,483,,,,,,
623,III,s.,Cuhureştii de Jos,Кухурештий-де-Жос,,484-492,484,492,,,,,,
623,III,s.,Cuhureştii de Sus,Кухурештий-де-Сус,,493-495,493,495,,,,,,
623,III,s.,Cremenciug,Кременчуг,,496-504,496,504,,,,,,
623,III,s.,Mălcăuţi,Мэлкэуць,,505-507,505,507,,,,,,
623,IV,s.,Otaci Movilău,Атаки Могилёв,,508-609,508,609,,,,,,
623,,moşia,Nicoreni,Никорены,,610-612,610,612,,,,,,
623,IV,s.,Ocolina,Околина,,613-619,613,619,,,,,,
623,IV,s.,Pol-Cirpcău,Пол-Чирпкэу,,620-624,620,624,,,,,,
623,IV,s.,Plopi,Плопь,,625-628,625,628,,,,,,
623,IV,s.,Prajila,Пражила,,629-653,629,653,,,,,,
623,IV,s.,Putineşti,Путинешты,,654-662,654,662,,,,,,
623,IV,s.,Răduleni,Рэдулень,,663-665,663,665,,,,,,
623,IV,s.,Rediul Mare,Редиул Маре,,666-671,666,671,,,,,,
623,IV,s.,Rogojeni,Рогожень,,672-674,672,674,,,,,,
623,IV,s.,Rudii de Jos,Рудий-де-Жос,,676-680,676,680,,,,,,
623,V,s.,Schineni,Скинены,,681-684,681,684,,,,,,
623,V,s.,Stîrceni,Стырчень,,685-687,685,687,,,,,,
623,V,s.,Trifăneşti,Трифэнешты,,688-690,688,690,,,,,,
623,V,s.,Tîrnova,Тырново,,691-693,691,693,,,,,,
623,,moşia,Frăteştii de Jos,Фрэтештий де Жос,,694-696,694,696,,,,,,
623,V,s.,Frăteştii de Sus,Фрэтештий де Сус,,697-700,697,700,,,,,,
623,V,s.,Ţepilova,Цепилова,,701-703,701,703,,,,,,
623,V,s.,Cerniţa şi Soloneţ,Черница ши Солонец,,704-708,704,708,,,,,,
623,V,s.,Iarova,Ярова,,709-713,709,713,,,,,,
623,V,or.,Hotin,Хотин,,714-716,714,716,,,,,,
623,V,s.,Bălcăuţi,Бэлкэуць,,717-719,717,719,,,,,,
623,V,s.,Beleuţi,Белеуцы,,720-722,720,722,,,,,,
623,V,s.,Vasileuţi,Василеуць,,723-725,723,725,,,,,,
623,V,s.,Hincăuţi,Хинкэуць,,726-728,726,728,,,,,,
623,V,s.,Gruşoviţa,Грушовица,,729-736,729,736,,,,,,
623,V,s.,Lencăuţi,Ленкэуць,,737-739,737,739,,,,,,
623,V,tîrgul,Lipcani,Липканы,,740-741,740,741,,,,,,
623,V,s.,Negrinţi,Негринць,,742-744,742,744,,,,,,
623,V,tîrgul,Noua Suliţă,Новосулица,,745-746,745,746,,,,,,
623,V,s.,Ocniţa,Окница,,747-748,747,748,,,,,,
623,V,s.,Pererîta,Перерыта,,749-751,749,751,,,,,,
623,V,s.,Perebicăuţi,Перебыковцы,,752-754,752,754,,,,,,
623,V,s.,Halahoreni,Халахорень,,755-757,755,757,,,,,,
623,V,s.,Borosenii Vechi,Боросений Векь,,758-761,758,761,,,,,,
623,V,s.,Brătuşeni,Брэтушены,,762-766,762,766,,,,,,
623,V,s.,Floreşti (Buciumeni),Флорешты (Бучумень),,767-770,767,770,,,,,,
623,V,s.,Gherman,Герман,,771-774,771,774,,,,,,
623,V,s.,Drujineni,Дружинены,,775-780,775,780,,,,,,
623,V,s.,Corpaci,Корпач,,781-783,781,783,,,,,,
623,V,s.,Mirceşti,Мирчешть,,784-790,784,790,,,,,,
623,,moşia,Măgureni,Мэгурень,,791-792,791,792,,,,,,
623,V,s.,Năvîrneţ,Навырнец,,793-794,793,794,,,,,,
623,V,s.,Floriţoaia,Флорицоая,,795-799,795,799,,,,,,
623,V,s.,Ciuciueni,Чучуень,,800-803,800,803,,,,,,
624,I,col.,Burgugi,Бургуй,,5-49,5,49,,,,,10,https://www.familysearch.org/ark:/61903/3:1:3QS7-89QM-N3T8?i=9&cc=1985804&wc=M6Z9-HZ9%3A264175701%2C264722601%2C265421101
624,I,col.,Delgiler,Дельгилер,,50-106,50,106,,,,,79,https://www.familysearch.org/ark:/61903/3:1:3QS7-89QM-NWKM?i=78&cc=1985804&wc=M6Z9-HZ9%3A264175701%2C264722601%2C265421101
624,I,col.,Camcic,Камчик,,107-140,107,140,,,,,167,https://www.familysearch.org/ark:/61903/3:1:3QS7-89QM-NW7Z?i=166&cc=1985804&wc=M6Z9-HZ9%3A264175701%2C264722601%2C265421101
624,II,col.,Culevcea,Кулевча,,141-189,141,189,,,,,,
624,II,col.,Noul-Caragaci,Новый Каррагач,,190-219,190,219,,,,,293,https://www.familysearch.org/ark:/61903/3:1:3QS7-99QM-N76M?i=292&cc=1985804&wc=M6Z9-HZ9%3A264175701%2C264722601%2C265421101
624,II,col.,Tropoclo,Трополо,,220-255,220,255,,,,,335,https://www.familysearch.org/ark:/61903/3:1:3QS7-L9QM-N79C?i=334&cc=1985804&wc=M6Z9-HZ9%3A264175701%2C264722601%2C265421101
624,II,col.,Fschipolos,Фщиполос,,256-272,256,272,,,,,,
625,,s.,Alexandrovca,Александровка,Akkerman pentru anul 1850,2-62,2,62,,,,,5,https://www.familysearch.org/ark:/61903/3:1:3QS7-89QM-NQYM?i=4&cc=1985804&wc=M6Z9-429%3A264175701%2C264722601%2C265422001
625,,s.,Borisovca,Борисовка,Akkerman pentru anul 1850,63-106,63,106,,,,,,
625,,s.,Baccealia,Баччалия,Akkerman pentru anul 1850,107-138,107,138,,,,,179,https://www.familysearch.org/ark:/61903/3:1:3QS7-L9QM-NQCB?i=178&cc=1985804&wc=M6Z9-429%3A264175701%2C264722601%2C265422001
625,,s.,Vedensc,Веденск,Akkerman pentru anul 1850,139-160,139,160,,,,,,
625,II,s.,Vasilievca,Васильевка,Akkerman pentru anul 1850,161-180,161,180,,,,,256,https://www.familysearch.org/ark:/61903/3:1:3QS7-L9QM-NQ7J?i=255&cc=1985804&wc=M6Z9-429%3A264175701%2C264722601%2C265422001
625,II,s.,Voznesensc,Вознесенск,Akkerman pentru anul 1850,181-196,181,196,,,,,,
625,II,s.,Hancîşla,Ханкышла,Akkerman pentru anul 1850,197-238,197,238,,,,,,
625,II,s.,Slobozia Hăneşti,Слобозия Хэнешть,Akkerman pentru anul 1850,239-286,239,286,,,,,,
625,II,s.,Gălileşti,Гэлилешть,Akkerman pentru anul 1850,287-334,287,334,,,,,419,https://www.familysearch.org/ark:/61903/3:1:3QSQ-G9QM-NW27?i=418&cc=1985804&wc=M6Z9-429%3A264175701%2C264722601%2C265422001
625,III,s.,Gura Roşie,Гура-Рошие,Akkerman pentru anul 1850,335-382,335,382,,,,,489,https://www.familysearch.org/ark:/61903/3:1:3QSQ-G9QM-NW4P?i=488&cc=1985804&wc=M6Z9-429%3A264175701%2C264722601%2C265422001
625,III,s.,Gura Celighider (Satul Nou),Гура-Челигидер (Сатул-Ноу),Akkerman pentru anul 1850,383-420,383,420,,,,,,
625,III,s.,Hagi-Curda,Гаджи-Курда,Akkerman pentru anul 1850,421-457,421,457,,,,,615,https://www.familysearch.org/ark:/61903/3:1:3QS7-L9QM-N7D5?i=614&cc=1985804&wc=M6Z9-429%3A264175701%2C264722601%2C265422001
625,III,s.,Hasan-Aspaga,Хасан-Аспага,Akkerman pentru anul 1850,458-496,458,496,,,,,680,https://www.familysearch.org/ark:/61903/3:1:3QSQ-G9QM-J16W?i=679&cc=1985804&wc=M6Z9-429%3A264175701%2C264722601%2C265422001
625,IV,s.,Draculea,Дракуля,Akkerman pentru anul 1850,497-537,497,537,,,,,,
625,IV,s.,Dumitrovca,Думитровка,Akkerman pentru anul 1850,538-575,538,575,,,,,803,https://www.familysearch.org/ark:/61903/3:1:3QS7-L9QM-J9M2-X?i=802&cc=1985804&wc=M6Z9-429%3A264175701%2C264722601%2C265422001
625,IV,s.,Divizia,Дивизия,Akkerman pentru anul 1850,576-632,576,632,,,,,,
625,V,s.,Ermoclia,Ермоклия,Akkerman pentru anul 1850,633-689,633,689,,,,,947,https://www.familysearch.org/ark:/61903/3:1:3QS7-99QM-J993-W?i=946&cc=1985804&wc=M6Z9-429%3A264175701%2C264722601%2C265422001
625,V,s.,Jebrieni,Жебриены,Akkerman pentru anul 1850,690-724,690,724,,,,,1042,https://www.familysearch.org/ark:/61903/3:1:3QS7-99QM-J9M5-1?i=1041&cc=1985804&wc=M6Z9-429%3A264175701%2C264722601%2C265422001
626,,col.,Culm,Кулм,,1-48,1,48,,,,,,
627,,col.,Coţbah,Коцбах,,1-2,1,2,,,,,,
627,,col.,Molocnîi,Молокний,,3-5,3,5,,,,,,
628,,s.,Carahasani,Карахасаны,,1-43,1,43,,,,,,
629,,col.,Ploţc,Плоц,,1-15,1,15,,,,,,
630,,or.,Ismail,Измаил,,1-155v,1,155,,,,,,
631,I,s.,Răducani,Рэдукань,,1-14,1,14,,,,,,
631,I,s.,Recea,Речя,,15-43,15,43,,,,,,
631,I,s.,Sadîc,Садык,,44-58,44,58,,,,,,
631,I,s.,Sărata Galbenă,Сэрата Гэлбенэ,,59-147,59,147,,,,,37,https://www.familysearch.org/ark:/61903/3:1:3QS7-99Q9-33ZK?i=36&cc=1985804&wc=M6Z9-XZ9%3A264175701%2C264722601%2C265438901
631,II,s.,Sărăteni,Сэрэтень,,148-193,148,193,,,,,,
631,II,s.,Sărăţica,Сэрэцика,,194-262,194,262,,,,,296,https://www.familysearch.org/ark:/61903/3:1:3QSQ-G9Q9-39NR?i=295&cc=1985804&wc=M6Z9-XZ9%3A264175701%2C264722601%2C265438901
631,II,s.,Sărata-Răzeşi,Сэрата-Рэзешь,,263-291v,263,291,,,,,411,https://www.familysearch.org/ark:/61903/3:1:3QSQ-G9Q9-393W?i=410&cc=1985804&wc=M6Z9-XZ9%3A264175701%2C264722601%2C265438901
631,III,s.,Tomai,Томай,,292-330,292,330,,,,,458,https://www.familysearch.org/ark:/61903/3:1:3QS7-L9Q9-3K6?i=457&cc=1985804&wc=M6Z9-XZ9%3A264175701%2C264722601%2C265438901
631,III,s.,Tochile,Точиле,,331-338,331,338,,,,,519,https://www.familysearch.org/ark:/61903/3:1:3QS7-99Q9-3VN?i=518&cc=1985804&wc=M6Z9-XZ9%3A264175701%2C264722601%2C265438901
631,III,s.,Tigheci,Тигечи,,339-417,339,417,,,,,,
631,III,s.,Toceni,Точены,,418-470,418,470,,,,,649,https://www.familysearch.org/ark:/61903/3:1:3QS7-99Q9-3Q9Y?i=648&cc=1985804&wc=M6Z9-XZ9%3A264175701%2C264722601%2C265438901
631,IV,s.,Tătărăşeni,Тэтэрэшень,,471-505,471,505,,,,,,
631,IV,s.,Tartaul,Тартаул,,506-524v,506,524,,,,,795,https://www.familysearch.org/ark:/61903/3:1:3QS7-99Q9-33ZN?i=794&cc=1985804&wc=M6Z9-XZ9%3A264175701%2C264722601%2C265438901
631,IV,s.,Tatar Baurci,Татар Баурчи,,525-528,525,528,,,,,827,https://www.familysearch.org/ark:/61903/3:1:3QS7-L9Q9-3SR1?i=826&cc=1985804&wc=M6Z9-XZ9%3A264175701%2C264722601%2C265438901
631,IV,s.,Trifeşti,Трифешты,,530-559,530,559,,,,,831,https://www.familysearch.org/ark:/61903/3:1:3QS7-L9Q9-3SKH?i=830&cc=1985804&wc=M6Z9-XZ9%3A264175701%2C264722601%2C265438901
631,IV,s.,Bogdanovca,Богдановка,,560-574,560,574,,,,,,
631,IV,s.,Topal,Топал,,575-642v,575,642,,,,,895,https://www.familysearch.org/ark:/61903/3:1:3QS7-99Q9-3S5M?i=894&cc=1985804&wc=M6Z9-XZ9%3A264175701%2C264722601%2C265438901
632,,or.,Bălţi,Бельцы,,1-4,1,4,,,,,,
632,,s.,Bisericani,Бисериканы,,5-7,5,7,,,,,10,https://www.familysearch.org/ark:/61903/3:1:3QS7-99Q9-39BQ?i=9&cc=1985804&wc=M6Z9-NWG%3A264175701%2C264722601%2C265456601
632,,s.,Blescenăuţi,Блещенэуць,,8-9,8,9,,,,,13,https://www.familysearch.org/ark:/61903/3:1:3QSQ-G9Q9-3S3F?i=12&cc=1985804&wc=M6Z9-NWG%3A264175701%2C264722601%2C265456601
632,,s.,Vulpeşti,Вулпешты,,10-11,10,11,,,,,16,https://www.familysearch.org/ark:/61903/3:1:3QS7-99Q9-3S9J?i=15&cc=1985804&wc=M6Z9-NWG%3A264175701%2C264722601%2C265456601
632,,s.,Glodeni,Глодень,,12-14,12,14,,,,,19,https://www.familysearch.org/ark:/61903/3:1:3QS7-89Q9-39TL?i=18&cc=1985804&wc=M6Z9-NWG%3A264175701%2C264722601%2C265456601
632,,s.,Hînceşti,Хынчешты,,15-16,15,16,,,,,25,https://www.familysearch.org/ark:/61903/3:1:3QS7-99Q9-39BT?i=24&cc=1985804&wc=M6Z9-NWG%3A264175701%2C264722601%2C265456601
632,,s.,Chetriş,Кетриш,,17-18,17,18,,,,,28,https://www.familysearch.org/ark:/61903/3:1:3QS7-L9Q9-39VK?i=27&cc=1985804&wc=M6Z9-NWG%3A264175701%2C264722601%2C265456601
632,,s.,Corneşti,Корнешть,,19-20,19,20,,,,,31,https://www.familysearch.org/ark:/61903/3:1:3QS7-99Q9-39GY?i=30&cc=1985804&wc=M6Z9-NWG%3A264175701%2C264722601%2C265456601
632,,s.,Măgura,Мэгура,,21-22,21,22,,,,,33,https://www.familysearch.org/ark:/61903/3:1:3QS7-L9Q9-3923?i=32&cc=1985804&wc=M6Z9-NWG%3A264175701%2C264722601%2C265456601
632,,s.,Năpădeni,Напэдены,,23-24,23,24,,,,,36,https://www.familysearch.org/ark:/61903/3:1:3QS7-99Q9-3S9Q?i=35&cc=1985804&wc=M6Z9-NWG%3A264175701%2C264722601%2C265456601
632,,s.,Pociumbăuţi,Почумбэуць,,25-26,25,26,,,,,39,https://www.familysearch.org/ark:/61903/3:1:3QSQ-G9Q9-39YJ?i=38&cc=1985804&wc=M6Z9-NWG%3A264175701%2C264722601%2C265456601
632,,s.,Prajila deJos,Пражила-де-Жос,,27-28,27,28,,,,,42,https://www.familysearch.org/ark:/61903/3:1:3QS7-99Q9-39RJ?i=41&cc=1985804&wc=M6Z9-NWG%3A264175701%2C264722601%2C265456601
632,,s.,Rădoaia,Рэдоая,,29-30,29,30,,,,,45,https://www.familysearch.org/ark:/61903/3:1:3QS7-99Q9-39VH?i=44&cc=1985804&wc=M6Z9-NWG%3A264175701%2C264722601%2C265456601
632,,tîrgul,Sculeni,Скуляны,,31-37,31,37,,,,,48,https://www.familysearch.org/ark:/61903/3:1:3QS7-99Q9-395W?i=47&cc=1985804&wc=M6Z9-NWG%3A264175701%2C264722601%2C265456601
632,,tîrgul,Făleşti,Фалешты,,38-41,38,41,,,,,56,https://www.familysearch.org/ark:/61903/3:1:3QS7-L9Q9-398Z?i=55&cc=1985804&wc=M6Z9-NWG%3A264175701%2C264722601%2C265456601
632,,s.,Unţeşti,Унцешты,,42-43,42,43,,,,,90,https://www.familysearch.org/ark:/61903/3:1:3QS7-L9Q9-SN55?i=89&cc=1985804&wc=M6Z9-NWG%3A264175701%2C264722601%2C265456601
632,,căt.,Iabloane,Яблоане,,44-45,44,45,,,,,,
633,I,oraşul,Bender,Бендеры,,1-160,1,160,,,,,,
633,II,oraşul,Bender,Бендеры,,161-321,161,321,,,,,,
633,III,oraşul,Bender,Бендеры,,322-482,322,482,,,,,,
633,IV,oraşul,Bender,Бендеры,,483-648,483,648,,,,,,
633,V,oraşul,Bender,Бендеры,,649-804,649,804,,,,,,
633,VI,oraşul,Bender,Бендеры,,805-893,805,893,,,,,,
634,I,s.,Vîşcăuţi,Выщэуць,,1-23,1,23,,,,,,
634,I,s.,Slobozia Valea Popii,Слобозия-Валя-Попий,,24-31,24,31,,,,,,
634,I,s.,Văsieni,Вэсиень,,32-58,32,58,,,,,,
634,I,s.,Voroteţ,Воротец,,59-77,59,77,,,,,,
634,I,s.,Vadul-Leca,Вадул-Лека,,78-116,78,116,,,,,,
634,II,s.,Voinova,Войнова,,117-138,117,138,,,,,,
634,II,s.,Vatici,Ватичь,,139-154,139,154,,,,,,
634,II,s.,Verejeni,Вережень,,155-200,155,200,,,,,,
635,I,s.,Ulmu,Улму,,3-71,3,71,,,,,,
635,I,s.,Fundul Galbenei,Фундул Галбеней,,72-112,72,112,,,,,,
635,I,s.,Frăsineşti,Фрэсинешть,,113-126,113,126,,,,,,
635,I,s.,Fîrlădeni,Фырлэдень,,127-148,127,148,,,,,,
635,II,s.,Ţîpala,Цыпала,,149-194,149,194,,,,,,
635,II,s.,Ciopleni,Чоплень,,195-207,195,207,,,,,,
635,II,s.,Cimişeni,Чимишень,,208-234,208,234,,,,,,
635,II,s.,Cioreşti,Чорешть,,235-282,235,282,,,,,,
635,II,s.,Cigîrleni,Чигырлень,,283-307,283,307,,,,,,
635,III,s.,Ciunteşti,Чунтешты,,308-334,308,334,,,,,,
635,III,s.,Ciuciuleni,Чучулень,,335-474,335,474,,,,,,
635,IV,s.,Şendreni,Шендрены,,475-503,475,503,,,,,,
635,IV,s.,Şişcani,Шишканы,,504-564,504,564,,,,,,
635,V,s.,Iurceni,Юрчены,,565-614,565,614,,,,,,
635,V,s.,Ialoveni,Яловень,,615-691,615,691,,,,,,
636,I,s.,Raşcov (Raşcu),Рашков (Раску),,1-46v,1,46,,,,,,
636,I,s.,Revcăuţi,Ревкэуць,,47-69v,47,69,,,,,,
636,,s.,Rotunda,Ротунда,,69a-102,69,102,,,,,,
636,I,s.,Rjavinţi,Ржавинць,,104-152v,104,152,,,,,,
636,II,s.,Răchitna,Рэкитна,,153-201v,153,201,,,,,,
636,II,s.,Rucşin,Рукшин,,202-267,202,267,,,,,,
636,II,s.,Răspopinţi,Распопинцы,,268-324,268,324,,,,,,
636,III,s.,Rosoşani,Росошани,,325-366v,325,366,,,,,,
636,III,s.,Romîncăuţi,Роминкэуци,,367-462,367,462,,,,,,
636,III,s.,Rîngaci,Рынгачь,,463-497v,463,497,,,,,,
636,IV,s.,Stălineşti,Стэлинешть,,498-541v,498,541,,,,,,
636,IV,s.,Săncăuţi,Сэнкэуць,,542-580,542,580,,,,,,
636,IV,s.,Stroinţi (Stroieşti),Строинць (Строешть),,581-600,581,600,,,,,,
636,IV,s.,Şerbiceni,Шербичены,,601-643v,601,643,,,,,,
636,V,tîrgul,Secureni,Секурены,,644-768v,644,768,,,,,,
636,V,s.,Stăuceni,Стэучень,,769-808v,769,808,,,,,,
636,VI,s.,Sînger (Başcani),Сынджер (Баскань),,810-829v,810,829,,,,,,
636,VI,s.,Selişte,Селиште,,830-912,830,912,,,,,,
637,,s.,Borosenii Noi,Боросений Ной,,1-35,1,35,,,,,,
637,,s.,Bogdăneşti,Богдэнешть,,36-41,36,41,,,,,,
637,,s.,Baraboi,Барабой,,42-120,42,120,,,,,,
638,,s.,Vedensc,Веденск,,2-34,2,34,,,,,,
638,,s.,Voznesensc,Вознесенск,,35-53,35,53,,,,,,
638,,s.,Gura Celighider (Satul Nou),Гура-Челигидер (Сатул-Ноу),,54-102,54,102,,,,,,
638,II,s.,Divizia,Дивизия,,103-203,103,203,,,,,,
638,II,s.,Chebabcea,Кебабча,,204-282,204,282,,,,,,
638,III,s.,Pavlovca,Павловка,,283-331,283,331,,,,,,
638,III,s.,Plahteevca,Плахтеевка,,332-434,332,434,,,,,,
638,IV,s.,Sergheevca,Сергеевка,,435-483,435,483,,,,,,
638,IV,s.,Spascoe,Спасское,,484-505,484,505,,,,,,
638,IV,tîrgul,Tatarbunar,Татарбунары,,506-614,506,614,,,,,,
638,V,tîrgul,Tatarbunar,Татарбунары,,615-715,615,715,,,,,,
638,VI,s.,Taşlîc,Ташлык,,716-844,716,844,,,,,,
638,VII,s.,Uspenscoe,Успенское,,845-881,845,881,,,,,,
638,VII,s.,Iaroslavcea,Ярославчи,,882-909,882,909,,,,,,
639,,tîrgul,Tatarbunar,Татарбунары,,1-153,1,153,,,,,,
640,,colonia,Arcizul Vechi,Арцизул Векь,,1-44,1,44,,,,,,
641,,colonia,Maloiaroslaveţ II,Малоярославец II,,1-34,1,34,,,,,,
642,,satul,Pavlovca,Павловка,,1-46,1,46,,,,,,
643,,colonia,Paris,Париж,,1-68,1,68,,,,,,
644,,colonia,Caţbah,Кацбах,,1-28,1,28,,,,,,
645,,or.,Akkerman,Аккерман,,1-160,1,160,,,,,,
645,II,or.,Akkerman,Аккерман,,161-188,161,188,,,,,,
645,,suburbia,Păpuşoi,Пэпушой,,189-236,189,236,,,,,,
645,,suburbia,Turlac,Турлак,,237-250,237,250,,,,,,
645,,subur.,Şabo,Шабо,,251-268,251,268,,,,,,
645,II,tîrgul,Bairamcea,Байрамча,,269-289,269,289,,,,,,
645,II,col.,Bolgrad,Болград,,290-311,290,311,,,,,,
645,II,col.,Burgugi,Бургуй,,312-335,312,335,,,,,,
645,III,s.,Vedensc,Веденск,,336-337,336,337,,,,,,
645,III,s.,Voznesensc,Вознесенск,,338-339,338,339,,,,,,
645,III,col.,Hasan-Batîr,Хасан-Батыр,,340-349,340,349,,,,,,
645,III,col.,Goliţa,Голица,,350-356,350,356,,,,,,
645,III,col.,Glavan,Главан,,357-362,357,362,,,,,,
645,III,,Gura Celighider (Satul Nou),Гура-Челигидер (Сатул-Ноу),,63-364,63,364,,,,,,
645,III,s.,Divizia,Дивизия,,365-372,365,372,,,,,,
645,III,col.,Devlet Agaci,Девлет-Агач,,373-384,373,384,,,,,,
645,III,col.,Delgiler,Дельгилер,,385-398,385,398,,,,,,
645,III,col.,Diulmeni,Дюльмень,,399-400,399,400,,,,,,
645,III,col.,Zadunaevca,Задунаевка,,401-412,401,412,,,,,,
645,III,col.,Iserlia,Изерлия,,413-420,413,420,,,,,,
645,III,s.,Ivanovca,Ивановка,,421-422,421,422,,,,,,
645,III,s.,Ivanova,Иванова,,423-461,423,461,,,,,,
645,,col.,Camcic,Камчик,,462,462,462,,,,,,
645,III,s.,Chebabcea,Кебабча,,463-464,463,464,,,,,,
645,III,col.,Chirsova,Кирсова,,465-466,465,466,,,,,,
645,III,s.,Corcmaz (Crocmaz),Коркмаз (Крокмаз),,467-468,467,468,,,,,,
645,III,col.,Cubei,Кубей,,469-480,469,480,,,,,,
645,III,col.,Culevcea,Кулевча,,481-489,481,489,,,,,,
645,III,col.,Cuporani,Купорань,,490-491,490,491,,,,,,
645,III,col.,Lihtental,Лихтенталь,,492-493,492,493,,,,,,
645,III,col.,Maloiaroslaveţ I,Малоярославец I,,494-495,494,495,,,,,,
645,III,col.,Maloiaroslaveţ II,Малоярославец II,,496-497,496,497,,,,,,
645,III,s.,Nicolaeca,Николаевка,,498-502,498,502,,,,,,
645,IV,col.,Traianul Nou,Траянул Ноу,,503-507,503,507,,,,,,
645,IV,s.,Olăneşti,Оланешты,,508-517,508,517,,,,,,
645,IV,s.,Pavlovca,Павловка,,518-523,518,523,,,,,,
645,IV,s.,Palanca,Паланка,,524-529,524,529,,,,,,
645,IV,col.,Pandaclia,Пандаклия,,530-537,530,537,,,,,,
645,IV,s.,Petropavlovca,Петропавловка,,538-541,538,541,,,,,,
645,IV,s.,Plahteevca,Плахтеевка,,542-550,542,550,,,,,,
645,IV,col.,Sărata,Сэрата,,551-553,551,553,,,,,,
645,IV,col.,Satalîc Hagi,Саталык Хаджи,,554-555,554,555,,,,,,
645,IV,s.,Sergheevca,Сергеевка,,556-560,556,560,,,,,,
645,IV,s.,Spascoe,Спасское,,561-568,561,568,,,,,,
645,IV,s.,Tălmaza,Тэлмаза,,569-576,569,576,,,,,,
645,IV,col.,Valea Perjei,Валя-Пержей,,577-578,577,578,,,,,,
645,IV,tîrgul,Tatarbunar,Татарбунары,,579-588,579,588,,,,,,
645,IV,s.,Taşlîc,Ташлык,,589-598,589,598,,,,,,
645,IV,s.,Tudora,Тудора,,599-600,599,600,,,,,,
645,IV,s.,Uspenscoe,Успенское,,601-603,601,603,,,,,,
645,IV,s.,Frumuşica,Фрумушица,,604-607,604,607,,,,,,
645,IV,col.,Ciişia,Чиишия,,608-621,608,621,,,,,,
645,IV,col.,Ciumlechioi,Чумлекиой,,622-623,622,623,,,,,,
645,IV,s.,Ţăriceanca,Цэриченка,,624-625,624,625,,,,,,
645,IV,s.,Iaroslavca,Ярославка,,626-641,626,641,,,,,,
645,IV,col.,Beşalma,Бешалма,,642-643,642,643,,,,,,
645,IV,col.,Valea Perjei,Валя-Пержей,,644-645,644,645,,,,,,
645,IV,tîrgul,Căuşeni,Каушаны,,646-647,646,647,,,,,,
646,,oraşul,Bălţi,Бельцы,,1-164,1,164,,,,,,
647,,s.,Copanca,Копанка,,1-44v,1,44,,,,,,
647,,s.,Chiţcani,Кицканы,,45-124,45,124,,,,,,
647,,s.,Cîrnăţeni,Кырнэцень,,125-161,125,161,,,,,,
648,I,s.,Dahnovici,Дахновичи,,1-30,1,30,,,,,,
648,I,s.,Dănceni,Дэнчень,,31-79,31,79,,,,,,
648,I,s.,Dulugeni,Дулугены,,80-100,80,100,,,,,,
648,I,s.,Dolna,Дольна,,101-131,101,131,,,,,,
648,I,s.,Drăsliceni,Дрэсличены,,132-152,132,152,,,,,,
648,II,s.,Drăguşenii Vechi,Драгушений Векь,,153-221,153,221,,,,,,
648,II,s.,Drăguşenii Noi,Драгушений Ной,,222-275,222,275,,,,,,
648,III,s.,Durleşti,Дурлешты,,276-371,276,371,,,,,,
648,III,s.,Zamciogi,Замчоги,,372-395,372,395,,,,,,
648,III,s.,Zberoaia,Зберойя,,396-417,396,417,,,,,,
648,III,s.,Zîmbreni,Зымбрены,,418-470,418,470,,,,,,
649,I,s.,Sadova,Садова,,1-90,1,90,,,,,,
649,I,s.,Secăreni,Секэрены,,91-123,91,123,,,,,,
649,I,s.,Sociteni,Сочитень,,124-142,124,142,,,,,,
649,II,s.,Selişte,Селиште,,143-180,143,180,,,,,,
649,II,s.,Sipoteni,Шипотены,,181-276,181,276,,,,,,
649,III,s.,Sireţi,Сирець,,277-326,277,326,,,,,,
649,III,s.,Sîngera,Сынджера,,327-355,327,355,,,,,,
649,III,s.,Scoreni,Скорены,,356-411,356,411,,,,,,
649,III,s.,Soltăneşti,Солтэнешть,,412-424,412,424,,,,,,
649,IV,s.,Spărieţi,Спэриець,,425-451,425,451,,,,,,
649,IV,s.,Stolniceni,Стольничень,,452-479,452,479,,,,,,
649,IV,s.,Suruceni,Суручень,,480-550,480,550,,,,,,
649,V,s.,Străşeni,Стрэшень,,551-665v,551,665,,,,,,
649,V,s.,Temeleuţi,Темелеуць,,666-695,666,695,,,,,,
649,V,s.,Tîngeleşti,Тынжелешты,,696-701,696,701,,,,,,
649,VI,s.,Sireţi,Сирець,,703-789,703,789,,,,,,
649,VI,s.,Tuzara,Тузара,,790-811,790,811,,,,,,
651,I,oraşul,Chişinău,Кишинёв,,1-153,1,153,,,,,,
651,II,oraşul,Chişinău,Кишинёв,,154-310,154,310,,,,,,
652,I,oraşul,Chişinău,Кишинёв,,1-88,1,88,,,,,,
652,II,oraşul,Chişinău,Кишинёв,,89-174,89,174,,,,,,
652,III,oraşul,Chişinău,Кишинёв,,175-290,175,290,,,,,,
653,I,oraşul,Chişinău,Кишинёв,,1-102,1,102,,,,,,
653,II,oraşul,Chişinău,Кишинёв,,103-210,103,210,,,,,,
654,I,or.,Akkerman,Аккерман,,1-4,1,4,,,,,,
654,I,or.,Bălţi,Бельцы,,5-40,5,40,,,,,,
654,I,s.,Sagaidac,Сагайдак,,41-45,41,45,,,,,,
654,I,or.,Chişinău,Кишинёв,,49-95,49,95,,,,,,
654,I,s.,Buţeni,Буцень,,96-99,96,99,,,,,,
654,I,s.,Băcşeni,Бэкшень,,100-102,100,102,,,,,,
654,I,s.,Budăi,Будэй,,103-105,103,105,,,,,,
654,I,s.,Băcioi,Бэчой,,106-110,106,110,,,,,,
654,I,s.,Bilieşti,Билиешты,,111-122,111,122,,,,,,
654,I,s.,Boldureşti,Болдурешть,,123-127,123,127,,,,,,
654,I,s.,Valea Trestieni,Валя-Трестиени,,128-131,128,131,,,,,,
654,I,s.,Vînători,Вынэторы,,132-136,132,136,,,,,,
654,I,s.,Ghidighici,Гидигич,,137-143,137,143,,,,,,
654,I,s.,Hansca,Ханска,,144-154,144,154,,,,,,
654,I,s.,Drăguşeni,Драгушены,,155-159,155,159,,,,,,
654,I,s.,Drimbaşeni,Дримбашены,,160-162,160,162,,,,,,
654,I,s.,Dănceni,Дэнчень,,163-167,163,167,,,,,,
654,I,s.,Călimăneşti,Кэлимэнешты,,168-170,168,170,,,,,,
654,II,s.,Chetrosu,Кетросу,,171-173,171,173,,,,,,
654,II,s.,Mileşti,Милешть,,174-178,174,178,,,,,,
654,II,s.,Micăuţi,Микэуць,,179-185,179,185,,,,,,
654,II,s.,Pojareni,Пожарены,,186-194,186,194,,,,,,
654,II,s.,Petricani,Петриканы,,195-202,195,202,,,,,,
654,II,s.,Rădeni,Рэдень,,203-208,203,208,,,,,,
654,II,s.,Roşcani,Рошкани,,208-209,208,209,,,,,,
654,II,s.,Sireţi,Сирець,,210-212,210,212,,,,,,
654,II,s.,Străisteni,Стрэйстень,,213-217,213,217,,,,,,
654,II,s.,Soroceni,Сорочены,,218-225,218,225,,,,,,
654,II,s.,Trestieni,Трестиень,,226-230,226,230,,,,,,
654,II,s.,Frăsineni,Фрэсинень,,231-232,231,232,,,,,,
654,II,s.,Bălăşeşti,Бэлэшешть,,233-235,233,235,,,,,,
654,II,s.,Brăneşti,Брэнешты,,236-243,236,243,,,,,,
654,II,s.,Vîşcăuţi,Выщэуць,,244-246,244,246,,,,,,
654,II,s.,Văsieni,Вэсиень,,247-252,247,252,,,,,,
654,II,s.,Găuzeni,Гэузень,,253-255,253,255,,,,,,
654,II,s.,Ghermăneşti,Гермэнешть,,256-258,256,258,,,,,,
654,II,s.,Dîşcova,Дышкова,,259-265,259,265,,,,,,
654,II,s.,Slobozia Duşca,Слобозия Душка,,266-268,266,268,,,,,,
654,II,s.,Jeloboc,Желобок,,269-271,269,271,,,,,,
654,II,s.,Jevreni,Жеврены,,272-275,272,275,,,,,,
654,II,s.,Echimăuţi,Екимоуцы,,276-280,276,280,,,,,,
654,II,s.,Isacova,Исакова,,281-285,281,285,,,,,,
654,II,s.,Izbişte,Избиште,,286-288,286,288,,,,,,
654,II,s.,Cornova,Корнова,,289-291,289,291,,,,,,
654,II,s.,Camencea,Каменча,,292-297,292,297,,,,,,
654,II,s.,Cogîlniceni,Когильничены,,298-300,298,300,,,,,,
654,II,s.,Slobozia Căliceni,Слобозия Кэличень,,301-303,301,303,,,,,,
654,II,s.,Crăsnăşeni,Крэснэшены,,304-306,304,306,,,,,,
654,II,s.,Lupa-Recea,Лупа-Речя,,307-310,307,310,,,,,,
654,II,s.,Minceni,Минчень,,311-313,311,313,,,,,,
654,II,s.,Mana,Мана,,314-318,314,318,,,,,,
654,II,s.,Maşcăuţi,Машкауцы,,319-323,319,323,,,,,,
654,II,s.,Măcăreşti,Мэкэрешть,,324-327,324,327,,,,,,
654,II,s.,Morozeni,Морозень,,328-332,328,332,,,,,,
654,II,s.,Nişcani,Нишканы,,333-335,333,335,,,,,,
654,II,s.,Onişcani,Онишканы,,336-342,336,342,,,,,,
654,III,s.,Pogrebeni,Погребены,,343-350,343,350,,,,,,
654,III,s.,Pistruieni,Пиструены,,351-354,351,354,,,,,,
654,III,s.,Păhărniceni,Пэхэрничень,,355-358,355,358,,,,,,
654,,moşia,Răspopeni,Распопены,,359-362,359,362,,,,,,
654,III,s.,Sămăşcani,Сэмэшкань,,363-366,363,366,,,,,,
654,III,s.,Săseni,Сэсень,,367-382,367,382,,,,,,
654,III,tîrgul,Teleneşti,Теленешть,,383-387,383,387,,,,,,
654,III,s.,Tătăreşti,Тэтэрешты,,388-394,388,394,,,,,,
654,III,tîrgul,Tuzara,Тузара,,395-399,395,399,,,,,,
654,III,s.,Furceni,Фурчень,,400-405,400,405,,,,,,
654,III,s.,Cinişeuţi,Чинишеуць,,406-411,406,411,,,,,,
654,III,s.,Şoldăneşti,Шолданешты,,412-415,412,415,,,,,,
654,III,or.,Soroca,Сорока,,419-422,419,422,,,,,,
654,III,tîrgul,Otaci Movilău,Атаки Могилёв,,423-426,423,426,,,,,,
654,III,s.,Bălăşeşti,Бэлэшешть,,427-435,427,435,,,,,,
654,III,s.,Bujereuca,Бужерянка,,436-439,436,439,,,,,,
654,III,s.,Vădeni,Вэдены,,440-447,440,447,,,,,,
654,III,s.,Văscăuţi,Вэскэуць,,448-453,448,453,,,,,,
654,,s.s.,Vertiujeni şi Rogojeni,Вертюжены и Рогожены,,454-458,454,458,,,,,,
654,,s.,Căpreşti,Кэпрешты,,458v-460,458,460,,,,,,
654,III,s.,Gura Camencii,Гура-Каменчий,,461-466,461,466,,,,,,
654,III,s.,Gura Căinarului,Гура-Кэинарулуй,,467-473,467,473,,,,,,
654,III,s.,Egorovca,Егоровка,,474-477,474,477,,,,,,
654,III,s.,Zgura,Згура,,478-482,478,482,,,,,,
654,III,s.,Zahorna,Загорна,,483-501,483,501,,,,,,
654,III,s.,Cotiujenii Noi,Котюжений Ной,,502-507,502,507,,,,,,
654,III,s.,Corbu,Корбу,,508-510,508,510,,,,,,
654,IV,s.,Cremenciug,Кременчуг,,511-522,511,522,,,,,,
654,IV,s.,Cuhureşti,Кухурешты,,523-531,523,531,,,,,,
654,IV,s.,Mereşeuca,Мерешеука,,532-536,532,536,,,,,,
654,IV,s.,Mălcăuţi,Мэлкэуць,,537-539,537,539,,,,,,
654,IV,s.,Năpadova,Наподова,,540-546,540,546,,,,,,
654,,moşia,Nicoreni,Никорены,,547-550,547,550,,,,,,
654,IV,s.,Pohoarna,Погоарна,,551-555,551,555,,,,,,
654,IV,s.,Pol-Ţepilova (Selişte),Пол-Цепилова (Селиште),,556-559,556,559,,,,,,
654,IV,s.,Putineşti,Путинешты,,560-566,560,566,,,,,,
654,IV,s.,Prajila,Пражила,,567-593,567,593,,,,,,
654,IV,s.,Plopi,Плопь,,594-599,594,599,,,,,,
654,IV,s.,Pol-Ciripcău,Пол-Чирипкэу,,600-603,600,603,,,,,,
654,IV,s.,Rogojeni,Рогожень,,604-611,604,611,,,,,,
654,IV,s.,Răduleni,Рэдулень,,612-617,612,617,,,,,,
654,,moşia,Rudii de Jos,Рудий-де-Жос,,618-621,618,621,,,,,,
654,IV,s.,Rediul Mare,Редиул Маре,,622-627,622,627,,,,,,
654,IV,s.,Trifăneşti,Трифэнешты,,628-631,628,631,,,,,,
654,IV,s.,Tîrnova,Тырново,,632-635,632,635,,,,,,
654,IV,s.,Frăteştii de Sus,Фрэтештий де Сус,,636-639,636,639,,,,,,
654,IV,s.,Frăteştii de Jos,Фрэтештий де Жос,,640-643,640,643,,,,,,
654,IV,s.,Cerniţa şi Soloneţ,Черница ши Солонец,,644-647,644,647,,,,,,
654,IV,or.,Hotin,Хотин,,648-659,648,659,,,,,,
654,IV,s.,Bălcăuţii de Sus,Бэлкэуций-де-Сус,,660-662,660,662,,,,,,
654,IV,s.,Burlăneşti,Бурлэнешты,,663-665,663,665,,,,,,
654,IV,s.,Beleuţi,Белеуцы,,666-668,666,668,,,,,,
654,IV,s.,Voloşcova,Волошкова,,669-671,669,671,,,,,,
654,IV,s.,Hincăuţi,Хинкэуць,,672-674,672,674,,,,,,
654,IV,s.,Vasileuţi,Василеуць,,675-678,675,678,,,,,,
654,IV,s.,Lencăuţi,Ленкэуць,,679-685,679,685,,,,,,
654,V,s.,Lomacinţa,Ломачинца,,686-688,686,688,,,,,,
654,V,s.,Mihalcova,Михалкова,,689-692,689,692,,,,,,
654,V,s.,Negrinţi,Негринць,,693-696,693,696,,,,,,
654,V,s.,Moşineţi,Мошинець,,697-704,697,704,,,,,,
654,V,s.,Negrineţi,Негринець,,705-707,705,707,,,,,,
654,V,s.,Restev (Irstov),Рестев (Ирстов),,708-710,708,710,,,,,,
654,V,s.,Ocniţa,Окница,,711-713,711,713,,,,,,
654,V,tîrgul,Secureni,Секурены,,714-716,714,716,,,,,,
654,V,s.,Sînger (Başcani),Сынджер (Баскань),,717-723,717,723,,,,,,
654,V,s.,Cepeleuţi,Чепелеуць,,724-726,724,726,,,,,,
654,V,s.,Alexăndrenii de Prut,Александрений де Прут,,730-734,730,734,,,,,,
654,V,s.,Bursuceni,Бурсучень,,735-739,735,739,,,,,,
654,V,s.,Borosenii Vechi,Боросений Векь,,740-743,740,743,,,,,,
654,V,s.,Brătuşeni,Брэтушены,,744-754,744,754,,,,,,
654,V,s.,Balatina,Балатина,,755-759,755,759,,,,,,
654,V,s.,Beşeni,Бешены,,760-766,760,766,,,,,,
654,V,s.,Buciumeni,Бучумены,,767-772,767,772,,,,,,
654,V,s.,Vulpeşti şi Mănoileşti,Вулпешты ши Мэнойлешты,,773-778,773,778,,,,,,
654,V,s.,Volodeni,Володены,,779-782,779,782,,,,,,
654,V,s.,Ghiliceni,Гилиčень,,783-786,783,786,,,,,,
654,V,s.,Gălăşeni,Гэлэшень,,787-790,787,790,,,,,,
654,V,s.,Groseni,Гросень,,791-795,791,795,,,,,,
654,V,s.,Hîrceşti,Хырчешты,,796-805,796,805,,,,,,
654,V,s.,Glodeni,Глодень,,806-811,806,811,,,,,,
654,V,s.,Gherman,Герман,,812-813,812,813,,,,,,
654,V,s.,Drujineni,Дружинены,,814-823,814,823,,,,,,
654,V,s.,Dămăşcani,Дэмэшкань,,824-827,824,827,,,,,,
654,V,s.,Corneşti,Корнешть,,828-839,828,839,,,,,,
654,V,s.,Copîceanca (Rîşcani),Копычанка (Рышкань),,840-846,840,846,,,,,,
654,VI,s.,Chişcăreni,Кишкарены,,847-859,847,859,,,,,,
654,VI,s.,Cuhneşti,Кухнешты,,860-868,860,868,,,,,,
654,VI,s.,Călineşti,Кэлинешты,,869-870,869,870,,,,,,
654,VI,s.,Limbenii Noi,Лимбений Ной,,871-876,871,876,,,,,,
654,VI,s.,Lucăceni,Лукэчень,,877-878,877,878,,,,,,
654,VI,s.,Medeleni,Меделень,,879-884,879,884,,,,,,
654,,moşia,Mătăseni,Мэтэсень,,885-889,885,889,,,,,,
654,VI,s.,Mirceşti,Мирчешть,,890-898,890,898,,,,,,
654,VI,s.,Măgura,Мэгура,,899-903,899,903,,,,,,
654,VI,s.,Năvîrneţ,Навырнец,,904-907,904,907,,,,,,
654,VI,s.,Obreja,Обря,,908-913,908,913,,,,,,
654,VI,s.,Pînzăreni,Пынзэрень,,914-919,914,919,,,,,,
654,VI,s.,Pîrjota şi Işcalău,Пыржота и Искэлэу,,920-925,920,925,,,,,,
654,VI,s.,Pociumbeni,Почумбены,,926-931,926,931,,,,,,
654,VI,s.,Chetrosu,Кетросу,,932-935,932,935,,,,,,
654,VI,s.,Sîngerei,Сынджерей,,936-943,936,943,,,,,,
654,VI,s.,Stîncăuţi,Стынкэуць,,944-948,944,948,,,,,,
654,VI,s.,Unţeşti,Унцешты,,949-962,949,962,,,,,,
654,VI,s.,Funduri,Фундурь,,963-969,963,969,,,,,,
654,VI,s.,Floreşti,Флорешты,,970-980,970,980,,,,,,
654,VI,s.,Floriţoaia,Флорицоая,,981-984,981,984,,,,,,
654,VI,s.,Ciuciueni,Чучуень,,985-996,985,996,,,,,,
654,VI,s.,Ciuciulea,Чучулея,,997-1002,997,1002,,,,,,
654,VI,s.,Iabloana,Яблоана,,1003-1006,1003,1006,,,,,,
655,I,s.,Olişcani,Ольшканы,,1-65,1,65,,,,,,
655,I,s.,Piatra,Пятра,,66-105,66,105,,,,,,
655,I,s.,Păhărniceni,Пэхэрничень,,106-136,106,136,,,,,,
655,I,s.,Pereni,Перень,,137-163,137,163,,,,,,
655,II,s.,Pogrebeni,Погребены,,164-192,164,192,,,,,,
655,II,s.,Pivniţa,Пивница,,193-203v,193,203,,,,,,
655,II,s.,Paşcani,Пашканы,,204-213,204,213,,,,,,
655,II,s.,Pecişte,Пещера,,214-261,214,261,,,,,,
655,II,s.,Pistruieni,Пиструены,,262-281,262,281,,,,,,
655,II,s.,Păuleşti,Пэулешть,,282-327,282,327,,,,,,
655,III,s.,Poiana,Поляна,,328-341,328,341,,,,,,
655,III,s.,Parcani,Парканы,,342-359,342,359,,,,,,
655,III,s.,Palanca,Паланка,,360-393,360,393,,,,,,
655,III,s.,Păpăuţi,Пэпэуць,,394-423,394,423,,,,,,
655,III,s.,Pripiceni-Curchi,Припичены-Курки,,424-437,424,437,,,,,,
655,IV,s.,Peresecina,Пересечина,,438-569,438,569,,,,,,
655,IV,s.,Pripiceni-Răzeşi,Припичены-Рэзешь,,570-595,570,595,,,,,,
655,V,s.,Puţintei,Пуцинтей,,596-625,596,625,,,,,,
655,V,s.,Pituşca,Питушка,,626-680,626,680,,,,,,
655,V,s.,Pocşeşti,Покшешты,,681-692v,681,692,,,,,,
656,I,s.,Bravicea,Бравича,,1-35,1,35,,,,,,
656,I,s.,Dereneu,Дэренеу,,36-55,36,55,,,,,,
656,I,s.,Duma,Дума,,56-65,56,65,,,,,,
656,I,s.,Jevreni,Жеврены,,66-92,66,92,,,,,,
656,I,s.,Jeloboc,Желобок,,93-98,93,98,,,,,,
656,I,s.,Zăhăicani,Захайкани,,99-116,99,116,,,,,,
656,II,s.,Ivancea,Иванча,,117-153,117,153,,,,,,
656,II,s.,Izbeşte,Избеште,,154-197,154,197,,,,,,
656,II,s.,Ineşti,Инешты,,198-203,198,203,,,,,,
656,II,s.,Işnovăţ,Ишноваць,,204-210,204,210,,,,,,
656,II,s.,Jora de Jos,Жора-де-Жос,,211-220,211,220,,,,,,
657,I,s.,Indărăpnici,Индэрэпничи,,1-34,1,34,,,,,,
657,I,s.,Izvoare,Извоаре,,35-58,35,58,,,,,,
657,I,s.,Isacova,Исакова,,59-132,59,132,,,,,,
657,II,s.,Ignăţei,Игнэцей,,133-180,133,180,,,,,,
657,II,s.,Echimăuţi,Екимоуцы,,181-201v,181,201,,,,,,
658,I,s.,Cremenciug,Кременчуг,,1-56,1,56,,,,,,
658,I,s.,Cunicea,Куничя,,57-72,57,72,,,,,,
658,I,s.,Calaraşovca,Каларашовка,,73-111,73,111,,,,,,
658,II,s.,Cubolta,Куболта,,112-147,112,147,,,,,,
658,II,s.,Căpăceni,Кэпэчень,,148-191,148,191,,,,,,
658,II,s.,Slobozia Chetrosu,Слобозия Кетросу,,192-210,192,210,,,,,,
658,III,s.,Cuhureştii de Jos,Кухурештий-де-Жос,,211-254,211,254,,,,,,
658,III,s.,Crişcăuţi,Крищэуцы,,255-294,255,294,,,,,,
658,III,s.,Slobozia Coşeleuca,Слобозия Кошелеука,,295-300,295,300,,,,,,
658,III,s.,Casovca,Касовка,,301-318,301,318,,,,,,
658,III,s.,Cuhureştii de Sus,Кухурештий-де-Сус,,319-351,319,351,,,,,,
658,III,s.,Codreni,Кодрены,,352-375,352,375,,,,,,
659,I,s.,Belousovca,Белоусовка,,1-23v,1,23,,,,,,
659,I,s.,Hîjdău,Хыждэу,,24-48,24,48,,,,,,
659,I,s.,Conovca,Коновка,,49-70,49,70,,,,,,
659,I,s.,Costiceni,Костичень,,71-92,71,92,,,,,,
659,I,s.,Macarovca,Макаровка,,93-119,93,119,,,,,,
659,I,s.,Medveja,Медвежа,,120-141,120,141,,,,,,
659,II,s.,Mămăliga,Мамалыга,,142-183,142,183,,,,,,
659,II,s.,Ruhotin,Рухотин,,184-195,184,195,,,,,,
659,II,s.,Teţcani,Тецканы,,196-232,196,232,,,,,,
659,II,s.,Feteşti,Фетешты,,233-261,233,261,,,,,,
659,II,s.,Halahoreni,Халахорень,,262-274,262,274,,,,,,
660,I,s.,Buciumeni,Бучумены,,1-28,1,28,,,,,,
660,I,s.,Slobozia Buteşti,Слобозия Бутешть,,29-43,29,43,,,,,,
660,I,s.,Buteşti Velicico,Бутешты Величико,,44-76,44,76,,,,,,
660,I,s.,Biliceni,Биличены,,77-126,77,126,,,,,,
660,II,s.,Bleşinăuţi,Блешинэуць,,127-169,127,169,,,,,,
660,II,s.,Blindeşti,Блиндешть,,170-190,170,190,,,,,,
660,II,s.,Beşeni,Бешены,,191-219,191,219,,,,,,
660,II,s.,Bocşa,Бокша,,220-239,220,239,,,,,,
660,II,s.,Burghelea Soci,Бургеля Сочь,,240-264,240,264,,,,,,
660,II,s.,Bahmut,Бахмут,,265-287,265,287,,,,,,
660,II,s.,Bursuceni,Бурсучень,,287-300,287,300,,,,,,
660,III,s.,Bobleci,Боблечь,,301-320,301,320,,,,,,
660,III,s.,Bogheni,Богень,,321-348,321,348,,,,,,
660,III,s.,Brînzeni,Брынзены,,349-404,349,404,,,,,,
661,I,or.,Hotin,Хотин,,1-171,1,171,,,,,,
661,II,or.,Hotin,Хотин,,172-350,172,350,,,,,,
661,III,or.,Hotin,Хотин,,351-386,351,386,,,,,,
661,III,or.,Chişinău,Кишинёв,,387-390,387,390,,,,,,
661,III,s.,"Otaci (Ataci, Atachi)",Атаки,,391-394,391,394,,,,,,
661,III,s.,Buzoviţa,Бузовица,,395-396,395,396,,,,,,
661,III,s.,Balasineşti,Баласинешты,,397-398,397,398,,,,,,
661,III,s.,Balamutovca,Баламутовка,,399-400,399,400,,,,,,
661,III,s.,Bădrajii Vechi,Бэдражий-Векь,,401-408,401,408,,,,,,
661,III,s.,Bădraji,Бэдражь,,409-414,409,414,,,,,,
661,III,s.,Belousovca,Белоусовка,,415-428,415,428,,,,,,
661,,,mahalaua Briceni,предместье Бричень,,429-430,429,430,,,,,,
661,III,s.,Buzdugeni,Буздугень,,431-432,431,432,,,,,,
661,III,s.,Burlăneşti,Бурлэнешты,,433-434,433,434,,,,,,
661,III,s.,Vetreanca,Ветрянка,,435-436,435,436,,,,,,
661,III,s.,Văncicăuţi,Вэнчикэуць,,437-439,437,439,,,,,,
661,III,s.,Văscăuţi,Вэскэуць,,440-443,440,443,,,,,,
661,III,s.,Grimeşti,Гримешть,,444-445,444,445,,,,,,
661,III,s.,Hincăuţi,Хинкэуць,,446-447,446,447,,,,,,
661,III,s.,Gordineşti,Гординешть,,448-449,448,449,,,,,,
661,III,s.,Gvăzdăuţi,Гвэздэуць,,450-451,450,451,,,,,,
661,III,s.,Dolineni,Долинены,,452-453,452,453,,,,,,
661,III,tîrgul,Edineţ,Единцы,,454-455,454,455,,,,,,
661,III,s.,Caracuşeni,Каракушень,,456-457,456,457,,,,,,
661,III,s.,Cîşla Salii,Кышла Салий,,458-459,458,459,,,,,,
661,III,s.,Clocuşna,Клокушна,,460-465,460,465,,,,,,
661,III,s.,Colincăuţi,Колинкэуць,,466-467,466,467,,,,,,
661,III,s.,Costiceni (Pol-Văncicăuţi),Костичень (Пол-Ванчикэуць),,468-469,468,469,,,,,,
661,III,s.,Costiceni,Костичень,,470-473,470,473,,,,,,
661,III,s.,Coteleu,Котелеу,,474-480,474,480,,,,,,
661,IV,s.,Conovca,Коновка,,481-482,481,482,,,,,,
661,IV,s.,Corestăuţi,Корестэуць,,483-486,483,486,,,,,,
661,IV,s.,Cruglic,Круглик,,487-492,487,492,,,,,,
661,IV,s.,Criva,Крива,,493-494,493,494,,,,,,
661,IV,s.,Coşuleni,Кошулены,,495-496,495,496,,,,,,
661,IV,tîrgul,Lipcani,Липканы,,497-500,497,500,,,,,,
661,IV,s.,Lomacineţi,Ломачинець,,501-502,501,502,,,,,,
661,IV,s.,Lencăuţi,Ленкэуць,,503-504,503,504,,,,,,
661,IV,s.,Nagoreni,Нагорены,,505-506,505,506,,,,,,
661,IV,s.,Mărcăuţi,Мэркэуць,,507-508,507,508,,,,,,
661,IV,s.,Medveja,Медвежа,,509-510,509,510,,,,,,
661,IV,s.,Pol-Mîndîcăuţi,Пол-Мындыкэуць,,511-512,511,512,,,,,,
661,IV,s.,Mîndîcăuţi,Мындыкэуць,,513-514,513,514,,,,,,
661,IV,s.,Mărşineţi,Мэршинець,,515-518,515,518,,,,,,
661,IV,s.,Nagoreni,Нагорены,,519-522,519,522,,,,,,
661,IV,s.,Nelipăuţui,Нелипэуцуй,,523-524,523,524,,,,,,
661,IV,s.,Neporotova,Непоротова,,525-530,525,530,,,,,,
661,IV,tîrgul,Noua Suliţă,Новосулица,,531-532,531,532,,,,,,
661,IV,s.,Prihorodoc,Прихородок,,533-534,533,534,,,,,,
661,IV,s.,Poiana,Поляна,,535-536,535,536,,,,,,
661,IV,s.,Păşcăuţi,Пэшкэуць,,537-538,537,538,,,,,,
661,IV,s.,Restev (Irstov),Рестев (Ирстов),,539-540,539,540,,,,,,
661,IV,s.,Răchitna,Рэкитна,,541-544,541,544,,,,,,
661,IV,s.,Ruhotin,Рухотин,,545-546,545,546,,,,,,
661,IV,s.,Rotunda,Ротунда,,547-548,547,548,,,,,,
661,IV,s.,Selişte,Селиште,,549-550,549,550,,,,,,
661,IV,s.,Trestieni,Трестиень,,551-552,551,552,,,,,,
661,IV,s.,Tolbureni,Толбурень,,553-554,553,554,,,,,,
661,IV,s.,Tîrnova,Тырново,,555-556,555,556,,,,,,
661,IV,s.,Cepeleuţi,Чепелеуць,,557-558,557,558,,,,,,
661,IV,s.,Cebrău,Чебрук,,559-560,559,560,,,,,,
661,IV,s.,Şendreni,Шендрены,,561-564,561,564,,,,,,
661,IV,s.,Şebutinţi,Шебутинцы,,565-566,565,566,,,,,,
661,IV,or.,Hotin,Хотин,,567-574,567,574,,,,,,
661,IV,s.,Nelipăuţi,Нелипэуць,,575-576,575,576,,,,,,
661,IV,or.,Hotin,Хотин,,577-580,577,580,,,,,,
662,,s.,Boldureşti,Болдурешть,,3-6,3,6,,,,,,
662,,s.,Băcşeni,Бэкшень,,7-8,7,8,,,,,,
662,,s.,Brătuleni,Брэтулены,,9-11,9,11,,,,,,
662,,s.,Bălăneşti,Бэлэнешть,,12-14,12,14,,,,,,
662,,s.,Găureni,Гэурень,,15-16,15,16,,,,,,
662,,s.,Bolţun,Бэлцун,,17-19,17,19,,,,,,
662,,s.,Vărzăreşti,Вэрзэрешты,,20-24,20,24,,,,,,
662,,schitul,Vărzăreşti,Вэрзэрешты,,25-26,25,26,,,,,,
662,,s.,Vînători (Pănăşeşti),Вынэторы (Пэнэшешты),,27-29,27,29,,,,,,
662,,s.,Bîzdîga,Быздыга,,30-31,30,31,,,,,,
662,,s.,Cristeşti şi Mînzaci,Кристешты ши Мынзачь,,32-34,32,34,,,,,,
662,,s.,Mileşti,Милешть,,35-38,35,38,,,,,,
662,,s.,Nisporeni,Ниспорены,,39-43,39,43,,,,,,
662,,s.,Pănăşeşti şi Voloseni,Пэнэшешть и Волошень,,44-47,44,47,,,,,,
662,,s.,Selişte,Селиште,,48-51,48,51,,,,,,
662,,s.,Slonozia Soltăneşti,Слобозия-Солтэнешть,,52-53,52,53,,,,,,
662,,s.,Tînjeleşti,Тынжелешты,,54-55,54,55,,,,,,
662,,s.,Valea Trestieni,Валя-Трестиени,,56-58,56,58,,,,,,
662,,s.,Ciuteşti,Чутешты,,59-61,59,61,,,,,,
662,,s.,Slobozia Şendreni,Слобозия-Шендрень,,62-63,62,63,,,,,,
662,,s.,Iurceni,Юрчены,,64-66,64,66,,,,,,
662,,s.,Bardar,Бардар,,78-80,78,80,,,,,,
662,,s.,Budăi,Будэй,,81-83,81,83,,,,,,
662,,s.,Bălţaţi,Бэлцаць,,84-85,84,85,,,,,,
662,,s.,Băcioi,Бэчой,,86-91,86,91,,,,,,
662,,s.,Văsieni,Вэсиень,,92-95,92,95,,,,,,
662,,s.,Gîrlea,Гырля,,96-98,96,98,,,,,,
662,,s.,Găureni,Гэурень,,99-101,99,101,,,,,,
662,,s.,Ialoveni,Яловень,,102-106,102,106,,,,,,
662,,s.,Dănceni,Дэнчень,,107-110,107,110,,,,,,
662,,s.,Slobozia Dulegeni şi s. Ghiliceni,Слобозия Дулеждень ши с. Гилячень,,111-112,111,112,,,,,,
662,,s.,Zîmbreni,Зымбрены,,113-115,113,115,,,,,,
662,,s.,Costeşti,Костешть,,116-119,116,119,,,,,,
662,,s.,Mănoileşti,Мэноилешть,,120-122,120,122,,,,,,
662,,s.,Mileşti,Милешть,,123-125,123,125,,,,,,
662,,s.,Negreşti,Негрешть,,126-127,126,127,,,,,,
662,,s.,Nimoreni,Нимореий,,128-130,128,130,,,,,,
662,,s.,Pojăreni,Пожарены,,131-133,131,133,,,,,,
662,,s.,Răzeni,Резены,,134-137,134,137,,,,,,
662,,s.,Ruseşti,Русешти,,138-141,138,141,,,,,,
662,,moşia,Revaca,Ревака,,142-143,142,143,,,,,,
662,,s.,Suruceni,Суручень,,144-147,144,147,,,,,,
662,,s.,Sociteni,Сочитень,,148-149,148,149,,,,,,
662,,s.,Sîngera,Сынджера,,150-153,150,153,,,,,,
662,II,s.,Ulmu,Улму,,154-157,154,157,,,,,,
662,II,s.,Horodra,Годора,,158-159,158,159,,,,,,
662,II,s.,Hansca,Ханска,,160-162,160,162,,,,,,
662,II,s.,Horeşti,Хорешты,,163-165,163,165,,,,,,
662,II,s.,Modval,Модвал,,166-167,166,167,,,,,,
662,II,s.,Ţîpala,Цыпала,,168-170,168,170,,,,,,
662,II,s.,Cigîrleni,Чигырлень,,171-174,171,174,,,,,,
662,II,s.,Buciuşca,Бучушка,,181-183,181,183,,,,,,
662,II,s.,Buda,Буда,,184-185,184,185,,,,,,
662,II,s.,Bieşti,Биешты,,186-188,186,188,,,,,,
662,II,s.,Buiucani,Буюканы,,189-193,189,193,,,,,,
662,II,s.,Berezlogi,Березлоги,,194-196,194,196,,,,,,
662,II,s.,Voroteţ,Воротец,,197-199,197,199,,,,,,
662,II,s.,Vorniceni,Ворничены,,200-203,200,203,,,,,,
662,,schitul,Horodişte,Городище,,204-205,204,205,,,,,,
662,II,s.,Horodişte,Городище,,206-213,206,213,,,,,,
662,II,s.,Grobova (Stodolna),Гробова (Стодольна),,214-215,214,215,,,,,,
662,II,s.,Dolna,Дольна,,216-218,216,218,,,,,,
662,II,s.,Durleşti,Дурлешты,,219-223,219,223,,,,,,
662,II,s.,Izvoare,Извоаре,,224-225,224,225,,,,,,
662,II,s.,Curluceni,Курлучень,,226-228,226,228,,,,,,
662,,schitul,Condriţa,Кондрица,,229-230,229,230,,,,,,
662,II,s.,Cojuşna,Кожушна,,231-235,231,235,,,,,,
662,II,s.,Slobozia Cartişa,Слобозия Картиша,,236-237,236,237,,,,,,
662,II,s.,Căpriana,Кэприана,,238-241,238,241,,,,,,
662,II,s.,Chiperceni,Кипирчены,,242-245,242,245,,,,,,
662,II,s.,Chicera,Кичера,,246-247,246,247,,,,,,
662,II,s.,Lalova,Лалова,,248-250,248,250,,,,,,
662,II,s.,Lozova,Лозова,,251-255,251,255,,,,,,
662,II,s.,Micleuşeni,Миклеушень,,256-258,256,258,,,,,,
662,II,s.,Malcoci,Малкоч,,259-261,259,261,,,,,,
662,II,s.,Munceşti,Мунчешть,,262-264,262,264,,,,,,
662,II,s.,Oneşti,Онешты,,265-266,265,266,,,,,,
662,II,s.,Pîrjolteni,Пыржолтень,,267-269,267,269,,,,,,
662,II,s.,Sadova,Садова,,270-273,270,273,,,,,,
662,II,s.,Scoreni,Скорены,,274-276,274,276,,,,,,
662,II,s.,Străşeni,Стрэшень,,277-281,277,281,,,,,,
662,II,s.,Truşeni,Трушены,,282-286,282,286,,,,,,
662,II,s.,Cioreşti,Чорешть,,287-289,287,289,,,,,,
662,II,s.,Bălăureşti,Бэлэурешть,,302-304,302,304,,,,,,
662,II,s.,Bulăieşti,Булэешты,,305-307,305,307,,,,,,
662,III,s.,Vîşcăuţi,Выщэуць,,308-310,308,310,,,,,,
662,III,s.,Jora de Jos,Жора-де-Жос,,311-313,311,313,,,,,,
662,III,s.,Jora de Mijloc,Жора-де-Мижлок,,314-316,314,316,,,,,,
662,III,s.,Jora de Sus,Жора-де-Сус,,317-319,317,319,,,,,,
662,III,s.,Cîşla delai Tîrnova şi s. Cîşla delai Călmăţui,Кышла деляй Тырнова ши с. Кышла деляй Кэлмэцуй,,320-321,320,321,,,,,,
662,III,s.,Cîşla Furmuzachi,Кышла Фурмузаки,,322-323,322,323,,,,,,
662,III,s.,Cotul Morii,Котул Морий,,324-326,324,326,,,,,,
662,III,s.,Călmăţui,Кэлмэцуй,,327-329,327,329,,,,,,
662,III,s.,Cobîleni,Кобылень,,330-331,330,331,,,,,,
662,III,s.,Lopatna,Лопатна,,332-333,332,333,,,,,,
662,III,s.,Pohrebeni,Погребены,,334-336,334,336,,,,,,
662,III,s.,Slobozia-Mîrzeşti,Слобозия-Мырзешть,,337-338,337,338,,,,,,
662,III,s.,Stodolna,Стодольна,,339-341,339,341,,,,,,
662,III,s.,Susleni,Суслень,,342-344,342,344,,,,,,
662,III,s.,Slobozia Hîşdieni,Слобозия Хыждень,,345-346,345,346,,,,,,
662,III,s.,Slobozia Hodorogea,Слобозия Ходорогя,,347-348,347,348,,,,,,
662,III,s.,Cihoreni,Чихорень,,349-351,349,351,,,,,,
662,III,s.,Şercani,Шеркани,,352-354,352,354,,,,,,
662,III,s.,Bărboieni,Бэрбоень,,365-366,365,366,,,,,,
662,III,s.,Bujor,Бужор,,367-372,367,372,,,,,,
662,III,s.,Grozeşti,Грозешть,,373-374,373,374,,,,,,
662,III,s.,Zberoaia,Зберойя,,375-377,375,377,,,,,,
662,III,s.,Căţeleni,Кэцелень,,378-379,378,379,,,,,,
662,III,s.,Costuleni,Костулены,,380-382,380,382,,,,,,
662,III,s.,Cărpineni cu moşiile Terlichici şi Dancu,Кэрпинень ку мошииле Терликичь ши Данку,,383-387,383,387,,,,,,
662,III,s.,Leuşeni,Леушены,,388-389,388,389,,,,,,
662,III,s.,Măcăreşti,Мэкэрешть,,390-392,390,392,,,,,,
662,III,s.,Marinici,Маринич,,393-394,393,394,,,,,,
662,III,s.,Nemţeni cu moşia Mereşti,Немцень (Мерешть),,395-397,395,397,,,,,,
662,III,s.,Isăicani,Исэйкань,,398-399,398,399,,,,,,
662,III,s.,Puiceşti,Пуйчешты,,400-402,400,402,,,,,,
662,III,s.,Topor şi moşia Lefterachi,Топор ши мошия Лефтераки,,403-404,403,404,,,,,,
662,III,s.,Frăsineşti,Фрэсинешть,,405-406,405,406,,,,,,
662,III,s.,Şişcani,Шишканы,,407-411,407,411,,,,,,
663,,oraşul,Chişinău,Кишинёв,,1-33,1,33,,,,,,
664,,oraşul,Chişinău,Кишинёв,,1-180,1,180,,,,,,
665,,oraşul,Chişinău,Кишинёв,,1-152,1,152,,,,,,
666,,oraşul,Chişinău,Кишинёв,,1-56,1,56,,,,,,
668,,s.,Fundul Galbenei,Фундул Галбеней,,1-2,1,2,,,,,,
668,,s.,Micăuţi,Микэуць,,3-9,3,9,,,,,,
669,,s.,Horeşti,Хорешты,,1v-2,1,2,,,,,,
669,,s.,Cricova,Крикова,Chişinău pentru anul 1850,3-5,3,5,,,,,,
669,,s.,Logăneşti,Логэнешть,Chişinău pentru anul 1850,6-9,6,9,,,,,,
669,,s.,Zîmbreni,Зымбрены,,10,10,10,,,,,,
670,,s.,Micăuţi,Микэуць,,1-2,1,2,,,,,,
670,,s.,Zamciogi,Замчоги,,3-6,3,6,,,,,,
670,,s.,Rădeni,Рэдень,,7-10,7,10,,,,,,
670,,s.,Bilieşti,Билиешты,,11-13,11,13,,,,,,
670,,s.,Recea,Речя,,14,14,14,,,,,,
671,,or.,Chişinău,Кишинёв,,1-4,1,4,,,,,,
672,,or.,Chişinău,Кишинёв,,1-52,1,52,,,,,,
673,I,or.,Chişinău,Кишинёв,,1-174,1,174,,,,,,
673,II,or.,Chişinău,Кишинёв,,175-383,175,383,,,,,,
674,I,or.,Chişinău,Кишинёв,,1-153,1,153,,,,,,
674,II,or.,Chişinău,Кишинёв,,154-307,154,307,,,,,,
675,I,s.,Vălcineţ,Вэлчинец,,1-99,1,99,,,,,,
675,I,s.,Vînători,Вынэторы,,100-125,100,125,,,,,,
675,II,s.,Vorniceni,Ворничены,,126-181,126,181,,,,,,
675,II,s.,Valea Trestieni,Валя-Трестиени,,182-199,182,199,,,,,,
675,II,s.,Văsieni,Вэсиень,,200-259,200,259,,,,,,
675,III,s.,Vărzăreşti,Вэрзэрешты,,260-373,260,373,,,,,,
675,III,s.,Volcăneşti,Волканешты,,374-376,374,376,,,,,,
675,III,s.,Vinini,Винини,,377-380,377,380,,,,,,
675,III,s.,Vadul-lui-Vodă,Вадул-луй-Водэ,,381-395,381,395,,,,,,
675,III,s.,Hansa,Ханса,,396-415,396,415,,,,,,
675,IV,s.,Găureni,Гэурень,,416-489v,416,489,,,,,,
675,IV,tîrgul,Hînceşti,Хынчешты,,490-588,490,588,,,,,,
675,V,s.,Heleşteni,Хелештень,,589-598,589,598,,,,,,
675,V,s.,Gărlea,Гэрля,,599-633,599,633,,,,,,
675,V,s.,Ghidighici,Гидигич,,634-679,634,679,,,,,,
675,V,s.,Horeşti,Хорешты,,680-745,680,745,,,,,,
675,V,s.,Goian,Гоян,,746-753,746,753,,,,,,
675,VI,s.,Horodişte,Городище,,754-818,754,818,,,,,,
675,VI,s.,Horodca,Городка,,819-854,819,854,,,,,,
675,VI,s.,Grozeşti,Грозешть,,855-891,855,891,,,,,,
675,VI,s.,Hulboaca,Хулбоака,,892-901,892,901,,,,,,
676,,or.,Chişinău,Кишинёв,,1-130,1,130,,,,,,
677,,or.,Chişinău,Кишинёв,,1-43,1,43,,,,,,
678,,or.,Chişinău,Кишинёв,,1-21,1,21,,,,,2,https://www.familysearch.org/ark:/61903/3:1:3QS7-99QM-2WT6?i=1&cc=1985804&wc=M6Z3-SZS%3A264175701%2C264722601%2C265935101
679,,s.,Brăila,Брэила,,1-13,1,13,,,,,,
680,,or.,Chişinău,Кишинёв,,1-58,1,58,,,,,,
681,,or.,Chişinău,Кишинёв,,1-16,1,16,,,,,,
682,,or.,Chişinău,Кишинёв,,1-14,1,14,,,,,,
683,,or.,Chişinău,Кишинёв,,1-23,1,23,,,,,,
684,,or.,Chişinău,Кишинёв,,1-16,1,16,,,,,,
685,,satul,Lucăceni,Лукэчень,,1-29,1,29,,,,,,
686,,or.,Chişinău,Кишинёв,,None,,,,,,,,
687,I,s.,Nisporeni,Ниспорены,,1-144,1,144,,,,,,
687,II,s.,Nisporeni,Ниспорены,,145-288,145,288,,,,,,
688,I,s.,Nisporeni,Ниспорены,Chişinău pentru anul 1874,1-114,1,114,,,,,,
688,II,s.,Nisporeni,Ниспорены,Chişinău pentru anul 1874,115-228,115,228,,,,,,
689,,col.,Arcizul Vechi,Арцизул Векь,,1-4,1,4,,,,,,
689,,col.,Arcizul Nou,Арцизул Ноу,,5-6,5,6,,,,,,
689,,col.,Brieni,Бриены,,7-8,7,8,,,,,,
689,,col.,Berezina (Rătunda),Березина (Рэтунда),,9-10,9,10,,,,,,
689,,col.,Leipţig,Лейпциг,,11-12,11,12,,,,,,
689,,col.,Borodino (Saca),Бородино (Сака),,13-20,13,20,,,,,,
689,,col.,Gnadental,Гнаденталь,,21-26,21,26,,,,,,
689,,col.,Hofnungstal (Caradai),Гофнунгсталь (Карадай),,27-39,27,39,,,,,,
689,,col.,Culm,Кулм,,40-41,40,41,,,,,,
689,,col.,Cleastiţi,Кляштицы,,42-47,42,47,,,,,,
689,,col.,Culm,Кулм,,48-49,48,49,,,,,,
689,,col.,Lihtental,Лихтенталь,,50-51,50,51,,,,,,
689,,col.,Gnadental,Гнаденталь,,52-53,52,53,,,,,,
689,,col.,Sărata,Сэрата,,54-57,54,57,,,,,,
689,,col.,Lihtental,Лихтенталь,,58-59,58,59,,,,,,
689,,col.,Leipţig,Лейпциг,,60-65,60,65,,,,,,
689,,col.,Maloiaroslaveţ I,Малоярославец I,,66-79,66,79,,,,,,
689,,col.,Maloiaroslaveţ II,Малоярославец II,,80-103,80,103,,,,,,
689,,col.,Tarutino,Тарутино,,104-105,104,105,,,,,,
689,,col.,Paris,Париж,,106-107,106,107,,,,,,
689,,col.,Gnadental,Гнаденталь,,108-109,108,109,,,,,,
689,,col.,Tarutino,Тарутино,,110-113,110,113,,,,,,
689,,col.,Gnadental,Гнаденталь,,114-117,114,117,,,,,,
689,,col.,Fridenstal,Фриденсталь,,118-125,118,125,,,,,,
689,,col.,Ferşampenoise,Фершампенуаз,,126-127,126,127,,,,,,
689,,s.,Selemet,Селемет,Bender,128-129,128,129,,,,,,
689,,col.,Bolgrad,Болград,Cahul,130-131,130,131,,,,,,
689,,col.,Liudvigstal,Людвигсталь,Cahul,132-135,132,135,,,,,,
689,II,col.,Minhen,Минхен,Cahul,136-137,136,137,,,,,,
689,II,col.,Bergdorf,Бергдорф,Tiraspol,138-139,138,139,,,,,,
689,II,col.,Novofreidental,Новофрейденталь,Orhei,140-141,140,141,,,,,,
689,II,col.,Bergdorf,Бергдорф,Tiraspol,142-153,142,153,,,,,,
689,II,col.,Hofnungstal (Caradai),Гофнунгсталь (Карадай),Tiraspol,154-155,154,155,,,,,,
689,II,col.,Glicstal,Гликсталь,Tiraspol,156-159,156,159,,,,,,
689,II,col.,Hofnungstal (Caradai),Гофнунгсталь (Карадай),Tiraspol,160-167,160,167,,,,,,
689,II,col.,Glicstal,Гликсталь,Tiraspol,168-171,168,171,,,,,,
689,II,col,Castel,Кастел,Tiraspol,172-175,172,175,,,,,,
689,II,col.,Neudorf,Нейдорф,Tiraspol,176-189,176,189,,,,,,
689,II,col.,Alexandergilfmor,Александергильфмор,Odesa,190-203,190,203,,,,,,
689,II,col.,Baden,Баден,Odesa,204-209,204,209,,,,,,
689,II,col.,Libentalul Mare,Либенталь Маре,Odesa,210-211,210,211,,,,,,
689,II,col.,Vaterlo,Ватерло,Odesa,212-213,212,213,,,,,,
689,II,col.,Vorms,Вормс,Odesa,214-227,214,227,,,,,,
689,II,col.,Iosefstal,Иозефсталь,Odesa,228-233,228,233,,,,,,
689,III,col.,Groslibental,Гросслибенталь,Odesa,234-271,234,271,,,,,,
689,III,col.,Zelţ,Зельц,Odesa,272-275,272,275,,,,,,
689,III,col.,Iosefstal,Иозефсталь,Odesa,276-279,276,279,,,,,,
689,III,col.,Clein Libental,Кляйн-Либенталь,Odesa,280-283,280,283,,,,,,
689,III,col.,Novofreidental,Новофрейденталь,Odesa,284-285,284,285,,,,,,
689,III,col.,Nelburg,Нельбург,Odesa,286-289,286,289,,,,,,
689,III,col.,Neiburg,Нейбург,Odesa,290-295,290,295,,,,,,
689,III,col.,Peterstal,Петерсталь,Odesa,296-313,296,313,,,,,,
689,III,col.,Bergdorf,Бергдорф,Odesa,314-315,314,315,,,,,,
689,III,col.,Spaider,Шпайдер,Odesa,316-319,316,319,,,,,,
689,III,col.,Rorbah,Рорбах,Odesa,320-335,320,335,,,,,,
689,III,col.,Franţfeld,Францфельд,Odesa,336-345,336,345,,,,,,
689,III,col.,Friedental,Фриденталь,Orhei,346-355,346,355,,,,,,
689,III,col.,Peterstal,Петерсталь,Orhei,356-357,356,357,,,,,,
689,III,col.,Ştrasburg,Штрасбург,Odesa,358-359,358,359,,,,,,
689,III,col.,Veinau,Вейнау,Odesa,360-361,360,361,,,,,,
690,,s.,Puhoi,Пугой,,1-5,1,5,,,,,,
690,,s.,Săiţi,Сэиць,,6-11,6,11,,,,,,
690,,s.,Speia,Спея,,12-15,12,15,,,,,,
690,,s.,Sadaclia,Садаклия,,16-42,16,42,,,,,,
690,,s.,Sălcuţa,Сэлкуца,,43-45,43,45,,,,,,
691,,s.,Gangura,Гангура,,1a-2,1,2,,,,,,
691,,s.,Grădeşti,Грэдешть,,3-6,3,6,,,,,,
691,,tîrgul,Gure Galbenei,Гуре-Галбеней,,7-16,7,16,,,,,,
691,,s.,Gura Bîcului,Гура-Быкулуй,,17-18,17,18,,,,,,
691,,s.,Geamăna,Жамэна,,19-23,19,23,,,,,,
691,,s.,Coşcalia,Кошкалия,,24-25,24,25,,,,,,
691,,s.,Cobusca Mică,Кобуска Микэ,,26-27,26,27,,,,,,
691,,s.,Cobusca Veche,Кобуска Веке,,28-31,28,31,,,,,,
691,,s.,Căinari,Каинары,,32-33,32,33,,,,,,
691,,s.,Cărbuna,Кэрбуна,,34-35v,34,35,,,,,,
691,,s.,Luţeni,Луцень,,36-37,36,37,,,,,,
691,,s.,Moleşti,Молешть,,38-40,38,40,,,,,,
691,,s.,Puhoi,Пугой,,41-42,41,42,,,,,,
691,,or.,Chişinău,Кишинёв,,43,43,43,,,,,,
691,,s.,Speia,Спея,,43v-46,43,46,,,,,,
691,,s.,Sagaidac,Сагайдак,,47-49,47,49,,,,,,
691,,s.,Şerpeni,Шерпены,,50-51,50,51,,,,,,
692,,or.,Bender,Бендеры,,1-13,1,13,,,,,,
692,,tîrgul,Căuşeni,Каушаны,,14-18,14,18,,,,,,
692,,or,Bender,Бендеры,,19-27,19,27,,,,,17,https://www.familysearch.org/ark:/61903/3:1:33SQ-G5YG-QVC?i=16&cc=1985804&wc=M6Z9-JNL%3A264175701%2C264722601%2C265444001
693,,oraşul,Bender,Бендеры,,1-25v,1,25,,,,,,
694,,s.,Gradişte,Градиште,,1-64,1,64,,,,,,
695,,s.,Baimaclia,Баймаклия,,1-31,1,31,,,,,,
696,,or.,Chişinău,Кишинёв,,1-94v,1,94,,,,,,
696,,s.,Taraclia,Тараклия,,1-71,1,71,,,,,,
697,,s.,Ciucur Mingir,Чучур-Мингир,,1-50,1,50,,,,,,
698,,s.,Todireşti,Тодирешты,,1-10,1,10,,,,,,
699,,s.,Sagaidac,Сагайдак,,1-7,1,7,,,,,,
700,,s.,Cobusca Mică,Кобуска Микэ,,1-9,1,9,,,,,,
701,,col.,Tvardiţa,Твардица,,1-67,1,67,,,,,,
701,,s.,Chiriutnea,Кириутня,,68-69,68,69,,,,,,
702,,s.,Puhoi,Пугой,,1-2,1,2,,,,,,
702,,moşia,Floreşti,Флорешты,,3v-6,3,6,,,,,,
702,,s.,Brătuleni,Брэтулены,,7-12,7,12,,,,,,
702,,s.,Ciuciuleni,Чучулень,,13-18,13,18,,,,,,
703,,col.,Başcalia,Башкалия,,1-33,1,33,,,,,,
703,,col.,Beşghioz,Бешгиоз,,34-36,34,36,,,,,,
704,,s.,Şerpeni,Шерпены,,1-40,1,40,,,,,,
705,,s.,Cîrnăţeni,Кырнэцень,,1-41,1,41,,,,,,
706,,col.,Avdarma,Авдарма,,1-63,1,63,,,,,,
707,,col.,Tomai,Томай,,1-80,1,80,,,,,,
708,,s.,Cărbuna,Кэрбуна,,1-58,1,58,,,,,,
709,,s.,Speia,Спея,,1-4,1,4,,,,,,
710,,s.,Gangura,Гангура,,1-15,1,15,,,,,,
712,,s.,Ustia,Устия,,1-18v,1,18,,,,,,
712,,s.,Fuzăuca,Фузэука,,19-34,19,34,,,,,,
712,,s.,Furceni,Фурчень,,35-37,35,37,,,,,,
712,,tîrgul,Teleneşti,Теленешть,,38-44,38,44,,,,,,
713,,tîrgul,Criuleni,Криулены,,1-15,1,15,,,,,,
714,,s.,Jevreni,Жеврены,,1-7,1,7,,,,,,
715,,s.,Păhărniceni,Пэхэрничень,,1-3,1,3,,,,,,
715,,s.,Piatra,Пятра,,4-6,4,6,,,,,,
715,,s.,Suslenii de Sus,Суслений де Сус,,7-9,7,9,,,,,,
716,,s.,Pojăreni,Пожарены,,1-3v,1,3,,,,,,
716,,s.,Pivniţa,Пивница,,4-5,4,5,,,,,,
716,,s.,Pituşca,Питушка,,6-14v,6,14,,,,,,
716,,s.,Pănăşeşti,Пэнэшешть,,15-16v,15,16,,,,,,
716,,s.,Pocşeşti,Покшешты,,17-18v,17,18,,,,,,
716,,s.,Pecişte,Пещера,,19-21v,19,21,,,,,,
716,,s.,Pripiceni,Припичены,,22-31v,22,31,,,,,,
716,,s.,Pocşani,Покшаны,,32-33,32,33,,,,,,
716,,s.,Puţintei,Пуцинтей,,34-47v,34,47,,,,,,
716,,s.,Păpăuţi,Пэпэуць,,48-49,48,49,,,,,,
716,,s.,Recea,Речя,,50-62v,50,62,,,,,,
716,,s.,Rădeni,Рэдень,,63-83v,63,83,,,,,,
716,,s.,Roşcani,Рошкани,,84-85v,84,85,,,,,,
716,,s.,Ruseşti,Русешти,,86-93v,86,93,,,,,,
717,,s.,Bălăşeşti,Бэлэшешть,,1-6,1,6,,,,,,
718,,s.,Butuceni,Бутучень,,1-6,1,6,,,,,,
719,,s.,Furceni,Фурчень,,1-19,1,19,,,,,,
719,,s.,Făureşti,Фэурешть,,20-29,20,29,,,,,,
719,,,Făureşti Frumuşica,,,30-35,30,35,,,,,,
719,,mănăstirea,Frumuşica,Фрумушица,,30-35,30,35,,,,,,
719,,s.,Hîrtopul Mare,Хыртопул-Маре,,36-66,36,66,,,,,,
719,,s.,Hîrtopul Mic,Хыртопул-Мик,,67-79,67,79,,,,,,
719,,s.,Hirova,Хирова,,80-99v,80,99,,,,,,
719,,s.,Hirişeni,Хиришень,,100-103,100,103,,,,,,
720,,s.,Hirişeni,Хиришень,,1-11,1,11,,,,,,
720,,s.,Hirova,Хирова,,12-16,12,16,,,,,,
720,,s.,Ţigăneşti,Цыганешты,,17-32,17,32,,,,,,
720,,s.,Ţareuca,Царёвка,,33-58,33,58,,,,,,
720,,s.,Ţahnăuţi,Цахнэуци,,59-78v,59,78,,,,,,
720,,s.,Ţibirica,Цибирика,,79-100,79,100,,,,,,
720,,s.,Ţînţăreni,Цынцэрень,,101-113,101,113,,,,,,
720,,s.,Ciorna,Чорна,,114-121,114,121,,,,,,
720,,s.,Cinişeuţi,Чинишеуць,,122-133,122,133,,,,,,
721,,s.,Budeşti,Будешты,,1-3,1,3,,,,,,
721,,tîrgul,Criuleni,Криулены,,4-7,4,7,,,,,,
721,,s.,Ohrincea,Охринча,,8-10,8,10,,,,,,
721,,s.,Bălăşeşti,Бэлэшешть,,11-13,11,13,,,,,,
721,,s.,Ivancea,Иванча,,14-16,14,16,,,,,,
721,,s.,Hruşova,Хрушова,,17-19,17,19,,,,,,
721,,s.,Hîrtopul Mare,Хыртопул-Маре,,20-23,20,23,,,,,,
721,,s.,Goian,Гоян,,24-26,24,26,,,,,,
722,,s.,Ghetlova,Гетлова,,6-7,6,7,,,,,,
722,,s.,Bălăneşti,Бэлэнешть,,8-13,8,13,,,,,,
722,,s.,Camencea,Каменча,,14-17,14,17,,,,,,
722,,s.,Crăsnăşeni,Крэснэшены,,18-20,18,20,,,,,,
722,,s.,Minceni,Минчень,,21-23,21,23,,,,,,
723,,s.,Jevreni,Жеврены,,1-9,1,9,,,,,,
724,,s.,Sămănanca,Сэмэнанка,,1-16,1,16,,,,,,
725,,s.,Solonceni,Солончены,,1-14,1,14,,,,,,
725,,schitul,Saharna,Сахарна,,15-21,15,21,,,,,,
725,,s.,Saharna,Сахарна,,22-50,22,50,,,,,,
725,,s.,Stodolna,Стодольна,,51-67,51,67,,,,,,
725,,s.,Stohnaia,Стохная,,68-80v,68,80,,,,,,
725,,s.,Sămăşcanii de Sus,Сэмэшкань де Сус,,81-105,81,105,,,,,,
725,,s.,Sămăşcanii de Jos,Сэмэшкань де Жос,,106-118,106,118,,,,,,
726,,s.,Trebujeni,Требужены,,1-15,1,15,,,,,6,https://www.familysearch.org/ark:/61903/3:1:3QSQ-G9QM-JZR?i=5&cc=1985804&wc=M6Z9-4PD%3A264175701%2C264722601%2C265425501
727,,tîrgul,Tuzara,Тузара,,1-16,1,16,,,,,,
728,,s.,Pistruieni,Пиструены,,1-2,1,2,,,,,,
729,,s.,Găuzeni,Гэузень,,1-6,1,6,,,,,,
729,,s.,Crăsnăşeni,Крэснэшены,,7-11,7,11,,,,,,
729,,s.,Vîşcăuţi,Выщэуць,,12-15,12,15,,,,,,
730,,s.,Bozeşti,Бозешть,,1-24,1,24,,,,,,
730,,s.,Bieşti,Биешты,,25-27,25,27,,,,,,
730,,s.,Buşeuca,Бушеука,,28-29,28,29,,,,,,
731,,s.,Bravicea,Бравича,,1-12,1,12,,,,,,
732,,or.,Chişinău,Кишинёв,,1-46,1,46,,,,,,
734,,tîrgul,Criuleni,Криулены,,1-34,1,34,,,,,,
734,,s.,Coreşniţa,Корешница,,35-51,35,51,,,,,,
734,,s.,Camencea,Каменча,,52-75,52,75,,,,,,
734,,s.,Crăsnăşeni,Крэснэшены,,76-121,76,121,,,,,,
734,,s.,Cobîleni,Кобылень,,122-131,122,131,,,,,,
734,,s.,Căzăneşti,Кэзэнешты,,132-167,132,167,,,,,,
734,,s.,Chiţcani,Кицканы,,168-173,168,173,,,,,,
735,,s.,Negureni,Негурень,,1-27,1,27,,,,,,
736,,s.,Alcedar,Алчедар,,1-8,1,8,,,,,,
736,,s.,Brăviceni,Брэвичены,,9-70,9,70,,,,,,
736,,s.,Băneşti,Бэнешть,,71-82,71,82,,,,,,
737,,s.,Brăneşti,Брэнешты,,1-10,1,10,,,,,,
737,,s.,Bălăşeşti,Бэлэшешть,,11-17,11,17,,,,,,
737,,s.,Vadul-Leca,Вадул-Лека,,18-42,18,42,,,,,,
737,,s.,Voroteţ,Воротец,,43-54,43,54,,,,,,
737,,s.,Vîşcăuţi,Выщэуць,,55-58,55,58,,,,,,
737,,s.,Văsieni,Вэсиень,,59-65,59,65,,,,,,
737,,s.,Ghetlova,Гетлова,,66-70,66,70,,,,,,
737,,s.,Găuzeni,Гэузень,,71-74,71,74,,,,,,
737,,s.,Ghermăneşti,Гермэнешть,,75-78,75,78,,,,,,
737,,s.,Dîşcova,Дышкова,,79-86,79,86,,,,,,
737,,s.,Slobozia Dobruşa,Слобозия Добруша,,87-91,87,91,,,,,,
737,,s.,Jeloboc,Желобок,,92-95,92,95,,,,,,
737,,s.,Jevreni,Жеврены,,96-100,96,100,,,,,,
737,,s.,Zahorna,Загорна,,101-104,101,104,,,,,,
737,,s.,Işnovăţ,Ишноваць,,105-113,105,113,,,,,,
737,,s.,Izbişte,Избиште,,114-119,114,119,,,,,,
737,,s.,Echimăuţi,Екимоуцы,,120-125,120,125,,,,,,
737,,s.,Crăsnăşeni,Крэснэшены,,126-129,126,129,,,,,,
737,,s.,Cogîlniceni,Когильничены,,130-133,130,133,,,,,,
737,,s.,Cornova,Корнова,,134-137,134,137,,,,,,
737,,s.,Camencea,Каменча,,138-144,138,144,,,,,,
737,,s.,Curleni,Курлень,,145-150,145,150,,,,,,
737,,s.,Lalova,Лалова,,151-157,151,157,,,,,,
737,,s.,Lupa-Rece,Лупа-Рече,,158-164,158,164,,,,,,
737,,s.,Morozeni,Морозень,,165-171,165,171,,,,,,
737,,s.,Mărcăuţi,Мэркэуць,,172-179,172,179,,,,,,
737,II,s.,Maşcăuţi,Машкауцы,,180-188,180,188,,,,,,
737,II,s.,Mana,Мана,,189-194,189,194,,,,,,
737,II,s.,Măcăreşti,Мэкэрешть,,185-199,185,199,,,,,,
737,II,s.,Minceni,Минчень,,200-203,200,203,,,,,,
737,II,s.,Nişcani,Нишканы,,204-207,204,207,,,,,,
737,II,s.,Onişcani,Онишканы,,208-216,208,216,,,,,,
737,II,s.,Pecişte,Пещера,,217-222,217,222,,,,,,
737,II,s.,Păhărniceni,Пэхэрничень,,223-228,223,228,,,,,,
737,II,s.,Pistruieni,Пиструены,,229-234,229,234,,,,,,
737,II,s.,Păuleşti,Пэулешть,,235-241,235,241,,,,,,
737,II,s.,Pohrebeni,Погребены,,242-250,242,250,,,,,,
737,II,s.,Săseni,Сэсень,,251-270,251,270,,,,,,
737,II,s.,Răspopeni,Распопены,,271-275,271,275,,,,,,
737,II,s.,Slobozia Căliceni,Слобозия Кэличень,,276-279,276,279,,,,,,
737,II,s.,Slobozia Duşca,Слобозия Душка,,280-285,280,285,,,,,,
737,II,s.,Suslenii de Jos,Суслений де Жос,,286-292,286,292,,,,,,
737,II,s.,Sămăşcani,Сэмэшкань,,293-297,293,297,,,,,,
737,II,tîrgul,Tuzara,Тузара,,298-303,298,303,,,,,,
737,II,s.,Tătăreşti,Тэтэрешты,,304-309,304,309,,,,,,
737,II,tîrgul,Teleneşti,Теленешть,,310-315,310,315,,,,,,
737,II,s.,Furceni,Фурчень,,316-322,316,322,,,,,,
737,II,s.,Cinişeuţi,Чинишеуць,,323-329,323,329,,,,,,
737,II,s.,Şoldăneşti,Шолданешты,,330-334,330,334,,,,,,
737,II,s.,Ţigăneşti,Цыганешты,,335-352,335,352,,,,,,
738,,s.,Slobozia Duşca,Слобозия Душка,,1-16,1,16,,,,,,
739,,s.,Bieşti,Биешты,,1-33,1,33,,,,,,
741,,col.,Tabac,Табак,,2-65,2,65,,,,,,
741,,col.,Tatar-Copceac,Татар-Копчак,,66-130,66,130,,,,,,
741,II,col.,Taraclia,Тараклия,,131-217,131,217,,,,,,
741,,col.,Traianul Nou,Траянул Ноу,,218-287,218,287,,,,,,
741,III,col.,Ciişia,Чиишия,,288-349,288,349,,,,,,
741,,col.,Cubei,Кубей,,350-419,350,419,,,,,,
742,,,Tatar-Copceac,Татар-Копчак,,66-130,66,130,,,,,88,https://www.familysearch.org/ark:/61903/3:1:3QSQ-G9QM-VZVW?i=87&cc=1985804&wc=M6Z9-H29%3A264175701%2C264722601%2C265425701
743,I,col.,Erder-Burno,Ердер-Бурну,,2-39,2,39,,,,,,
743,I,col.,Duluchioi,Дулукиой,,40-85,40,85,,,,,,
743,I,col.,Bolgrad,Болград,,86-162,86,162,,,,,,
743,II,col.,Bolgrad,Болград,,163-344,163,344,,,,,,
743,III,col.,Bolgrad,Болград,,345-505,345,505,,,,,,
743,IV,col.,Bolgrad,Болград,,506-628,506,628,,,,,,
743,IV,col.,Frecăţei,Фрецэцей,,629-677,629,677,,,,,,
744,,col.,Dezghingea,Дезгинжа,,1-124,1,124,,,,,,
745,I,s.,Hăsnăşeni,Хэснэшень,,1-2,1,2,,,,,,
745,I,s.,Băhrineşti,Бэхринешть,,3-4,3,4,,,,,,
745,I,s.,Bădiceni,Бэдичень,,5-8,5,8,,,,,,
745,I,s.,Bodeşti,Бодешть,,9-10,9,10,,,,,,
745,I,s.,Bobuleşti,Бобулешть,,11-12,11,12,,,,,,
745,I,s.,Bălăşeşti,Бэлэшешть,,13-14,13,14,,,,,,
745,I,s.,Vădeni,Вэдены,,15-16,15,16,,,,,,
745,I,s.,Vertiujeni,Вертюжень,,17-20,17,20,,,,,,
745,I,s.,Vadul Ţîra de Jos,Вадул Цыра де Жос,,21-22,21,22,,,,,,
745,I,s.,Voloave,Волоаве,,23-24,23,24,,,,,,
745,I,s.,Voroncău,Воронкэу,,25-26,25,26,,,,,,
745,I,s.,Bujereuca,Бужерянка,,27-30,27,30,,,,,,
745,,,cătunele Vanţîna şi Pîrliţa,хутора Ванцина и Пырлица,,31-34,31,34,,,,,,
745,I,s.,Voloviţa,Воловица,,35-38,35,38,,,,,,
745,I,s.,Văscăuţi,Вэскэуць,,39-42,39,42,,,,,,
745,I,s.,Ghindeşti,Гиндешть,,43-46,43,46,,,,,,
745,I,s.,Gvozdova,Гвоздова,,47-48,47,48,,,,,,
745,I,s.,Hîrtop,Хыртоп,,49-50,49,50,,,,,,
745,I,s.,Ghizdita,Гиздица,,51-54,51,54,,,,,,
745,I,s.,Golovcinţi (Holoşniţa),Головчинц (Холошница),,55-57,55,57,,,,,,
745,I,s.,Golieşti,Голиешть,,58-59,58,59,,,,,,
745,I,s.,Drăgăneşti,Драганешты,,60-61,60,61,,,,,,
745,I,s.,Dărcăuţi,Дэркэуць,,62-64,62,64,,,,,,
745,I,s.,Drochia,Дрокия,,65-66,65,66,,,,,,
745,I,s.,Japca,Жапка,,67-70,67,70,,,,,,
745,I,s.,Zastînca,Застынка,,71-72,71,72,,,,,,
745,I,s.,Zgura,Згура,,73-75,73,75,,,,,,
745,I,s.,Zahoreni,Загорены,,76-80,76,80,,,,,,
745,I,s.,Izvoare,Извоаре,,81-83,81,83,,,,,,
745,I,s.,Cuhureştii de Sus,Кухурештий-де-Сус,,84-85,84,85,,,,,,
745,I,s.,Cureşniţa,Курешница,,86-88,86,88,,,,,,
745,I,s.,Cosăuţi,Косэуцы,,89-91,89,91,,,,,,
745,I,s.,Copăceni,Копэчень,,92-93,92,93,,,,,,
745,I,s.,Căinarii Noi,Кэинарий Ной,,94-97,94,97,,,,,,
745,I,s.,Căinarii Vechi,Кэинарий Векь,,98-100,98,100,,,,,,
745,I,s.,Gura Căinarului,Гура-Кэинарулуй,,101-102,101,102,,,,,,
745,I,s.,Chetrosu,Кетросу,,103-105,103,105,,,,,,
745,I,s.,Cunicea-Lipoveni,Куничя-Липовень,,106-110,106,110,,,,,,
745,I,s.,Cobîlnea Veche,Кобылня Веке,,111-114,111,114,,,,,,
745,I,s.,Cobîlnea Nouă,Кобылня Ноуэ,,115-120,115,120,,,,,,
745,I,s.,Cotiujenii Mici,Котюжений Мичь,,121-124,121,124,,,,,,
745,I,s.,Cotiujenii Mari,Котюжений Марь,,125-126,125,126,,,,,,
745,I,s.,Lunga,Лунга,,127-128,127,128,,,,,,
745,I,s.,Mărculeşti,Мэркулешть,,129-130,129,130,,,,,,
745,I,s.,Mălcăuţi,Мэлкэуць,,131-132,131,132,,,,,,
745,I,s.,Mîndîc,Мындык,,133-134,133,134,,,,,,
745,I,s.,Nicoreni,Никорены,,135-137,135,137,,,,,,
745,I,s.,Năpadova,Наподова,,138-139,138,139,,,,,,
745,I,s.,Ocolina,Околина,,140-141,140,141,,,,,,
745,I,s.,Plopi,Плопь,,142-144,142,144,,,,,,
745,I,s.,Prodăneşti,Проданешты,,145-146,145,146,,,,,,
745,I,s.,Prepeliţa,Препелица,,147-148,147,148,,,,,,
745,I,s.,Pohoarna-Serghie,Погоарна-Сергие,,149-150,149,150,,,,,,
745,II,s.,Pohoarna-Rezeşti,Погоарна-Резешты,,151-152,151,152,,,,,,
745,II,s.,Prajila,Пражила,,153-157,153,157,,,,,,
745,II,s.,Pepeni,Пепень,,158-161,158,161,,,,,,
745,II,s.,Putineşti,Путинешты,,162-166,162,166,,,,,,
745,II,s.,Răduleni,Рэдулень,,167-170,167,170,,,,,,
745,II,s.,Roşietici,Рошиетичь,,171-176,171,176,,,,,,
745,II,s.,Racovăţ,Раковэц,,177-180,177,180,,,,,,
745,II,s.,Receşti,Речешть,,181-184,181,184,,,,,,
745,II,s.,Stoicani,Стойкань,,185-186,185,186,,,,,,
745,II,s.,Stărceni,Стэрчень,,187-188,187,188,,,,,,
745,II,s.,Salcia,Сальча,,189-190,189,190,,,,,,
745,II,s.,Schineni,Скинены,,191-192,191,192,,,,,,
745,II,s.,Sănătăuca,Сэнэтэука,,193-194,193,194,,,,,,
745,II,s.,Ştefăneşti,Штефэнешты,,195-197,195,197,,,,,,
745,II,s.,Slobozia Ţîpordei,Слобозия-Цыпордей,,198-199,198,199,,,,,,
745,II,s.,Slobozia Chetrosu,Слобозия Кетросу,,200-203,200,203,,,,,,
745,II,s.,Slobozia Coşeleuca,Слобозия Кошелеука,,204-205,204,205,,,,,,
745,II,s.,Slobotca Scăieni,Слободка Скэень,,206-207,206,207,,,,,,
745,II,s.,Sevirova,Севирова,,208-211,208,211,,,,,,
745,II,s.,Temeleuţi,Темелеуць,,212-215,212,215,,,,,,
745,II,s.,Tîrnova,Тырново,,216-217,216,217,,,,,,
745,II,s.,Floreşti,Флорешты,,218-219,218,219,,,,,,
745,II,s.,Frasin,Фрасин,,220-221,220,221,,,,,,
745,II,s.,Frăteşti,Фрэтешть,,222-223,222,223,,,,,,
745,II,s.,Hristici,Христичи,,224-225,224,225,,,,,,
745,II,s.,Gorodici (Ţaul),Городичи (Цаул),,226-228,226,228,,,,,,
745,II,s.,Ţepilova,Цепилова,,229-230,229,230,,,,,,
745,II,s.,Ţipleşti,Циплешты,,231-234,231,234,,,,,,
745,II,s.,Ciutuleşti,Чутулешты,,235-239,235,239,,,,,,
745,II,s.,Cerlina,Черлина,,240-241,240,241,,,,,,
745,II,s.,Şolcani,Шолканы,,242-243,242,243,,,,,,
745,II,s.,Şeptilici,Шептиличи,,244-245,244,245,,,,,,
745,II,s.,Şestaci,Шестачи,,246-248,246,248,,,,,,
745,II,s.,Corbu,Корбу,,249-249v,249,249,,,,,,
745,,s.,Cernoleuca,Чернолевка,,250v-251v,250,251,,,,,,
745,,s.,Moşeni,Мошень,,251v-251v,251,251,,,,,,
745,,s.,Rediul Mare,Редиул Маре,,251v-252v,251,252,,,,,,
745,,s.,Lipnic,Липник,,252v-254,252,254,,,,,,
745,,tîrgul,"Otaci (Ataci, Atachi)",Атаки,,255v-257v,255,257,,,,,,
745,,s.,Bîrnova,Бырнова,,257v-260v,257,260,,,,,,
745,,s.,Naslavcea,Наславча,,260v-261,260,261,,,,,,
745,,s.,Paustova,Паустово,,261v-262,261,262,,,,,,
745,,s.,Verejeni,Вережень,,262v-262v,262,262,,,,,,
745,,s.,Codreni,Кодрены,,262v-264v,262,264,,,,,,
745,,s.,Merşeuca,Мершеука,,264v-265v,264,265,,,,,,
745,,s.,Braicău,Брайкэу,,265v-266v,265,266,,,,,,
745,,s.,Codreni,Кодрены,,266v-267v,266,267,,,,,,
745,,s.,Sudarca,Сударка,,268v-269,268,269,,,,,,
745,,s.,Tătăreuca Nouă,Новая Татарауца,,268v-269,268,269,,,,,,
745,,s.,Iarova,Ярова,,269v-270,269,270,,,,,,
745,,s.,Arioneşti,Арионешты,,269v-270v,269,270,,,,,,
745,,s.,Unguri,Унгуры,,270v-271,270,271,,,,,,
745,,s.,Boroseni,Боросень,,270v-272,270,272,,,,,,
745,,s.,Horodişte,Городище,,271v-272,271,272,,,,,,
745,,s.,Balinţi,Балинцы,,271v-272,271,272,,,,,,
745,,s.,Visoca,Высока,,272v-274,272,274,,,,,,
745,,s.,Tătăreuca Veche,Старая Татарауца,,273v-274,273,274,,,,,,
745,,s.,Teleşeuca,Телешеука,,273v-275,273,275,,,,,,
745,,s.,Redii de Jos,Редий де Жос,,274v-275,274,275,,,,,,
745,,s.,Samoleuca,Самолеука,,274v-275,274,275,,,,,,
745,,s.,Cremenciug,Кременчуг,,275v-276,275,276,,,,,,
745,,s.,Sudarca,Сударка,,275v-280,275,280,,,,,,
745,,s.,Tătăreuca Nouă,Новая Татарауца,,279v-281,279,281,,,,,,
745,,s.,Arioneşti,Арионешты,,280v-281,280,281,,,,,,
745,,s.,Horodişte,Городище,,280v-281,280,281,,,,,,
745,,s.,Balinţi,Балинцы,,281v-282,281,282,,,,,,
745,,s.,Visoca,Высока,,281v-282,281,282,,,,,,
745,,s.,Teleşeuca,Телешеука,,282v-283,282,283,,,,,,
745,,s.,Redii din Deal (de Sus),Редий дин Дял (де Сус),,282v-284,282,284,,,,,,
745,,s.,Oclanda,Окланда,,283v-284v,283,284,,,,,,
745,,tîrgul,"Ataci (Ataci, Atachi)",Атаки,,285v-286,285,286,,,,,,
745,,s.,Bîrnova,Бырнова,,285v-287,285,287,,,,,,
745,,s.,Naslavcea,Наславча,,286v-287,286,287,,,,,,
745,,s.,Paustova,Паустово,,286v-288,286,288,,,,,,
745,,s.,Codreni,Кодрены,,287v-288,287,288,,,,,,
745,,s.,Mereşeuca,Мерешеука,,287v-290,287,290,,,,,,
745,,s.,Briceni,Бричаны,,289v-290,289,290,,,,,,
745,,s.,Braicău,Брайкэу,,289v-290,289,290,,,,,,
745,,s.,Naslavcea,Наславча,,289v-291,289,291,,,,,,
745,,s.,Rujniţa,Ружница,,292v-293,292,293,,,,,,
745,,s.,Cernoleuca,Чернолевка,,293v-294,293,294,,,,,,
745,,s.,Climăuţi,Климэуцы,,293v-294,293,294,,,,,,
745,,s.,Moşeni,Мошень,,293v-295,293,295,,,,,,
745,,s.,Dănjenii de Sus,Дэнжений де Сус,,294v-295,294,295,,,,,,
745,,s.,Grinăuţi,Гринэуць,,295v-296,295,296,,,,,,
745,,s.,Lipnic,Липник,,296v-297,296,297,,,,,,
746,,tîrgul,Otaci Movilău,Атаки Могилёв,,1-4,1,4,,,,,,
746,,s.,Mălcăuţi,Мэлкэуць,,5-9,5,9,,,,,,
746,,s.,Cuhureştii de Sus,Кухурештий-де-Сус,,10-19,10,19,,,,,,
746,,s.,Cremenciug,Кременчуг,,20-24,20,24,,,,,,
746,,s.,Ocolina,Околина,,25-34,25,34,,,,,,
746,,s.,Parcani,Парканы,,35-45,35,45,,,,,,
746,,moşia,(sat.) Schineni,Скинены,,46-50,46,50,,,,,,
746,,s.,Răduleni,Рэдулень,,51-55,51,55,,,,,,
746,,s.,Trifăneşti,Трифэнешты,,56-62,56,62,,,,,,
746,,s.s.,Cerlina şi Solonceni,Черлина и Солончены,,63-74,63,74,,,,,,
747,,s.,Prodăneşti,Проданешты,,1-5,1,5,,,,,,
747,,s.,Plopi,Плопь,,6-11,6,11,,,,,,
747,,s.,Răduleni,Рэдулень,,12-13,12,13,,,,,,
747,,s.,Ţepilova,Цепилова,,14-19,14,19,,,,,,
747,,s.,Ciripcău,Чирипкэу,,20-21,20,21,,,,,,
748,,or.,Bălţi,Бельцы,,1-5,1,5,,,,,,
748,,s.,Ciuciueni,Чучуень,,6-10,6,10,,,,,,
748,,s.,Jeloboc,Желобок,,11-12,11,12,,,,,,
748,,s.,Merşeuca,Мершеука,,13-16,13,16,,,,,,
748,,s.,Căinarii Noi,Кэинарий Ной,,17,17,17,,,,,,
749,I,s.,Dînjenii de Sus,Дынженьий-де-Сус,,1-6,1,6,,,,,,
749,I,s.,Dînjenii de Jos,Дынженьий-де-Жос,,7-29,7,29,,,,,,
749,I,s.,Donduşeni,Дондюшаны,,30-58,30,58,,,,,,
749,I,s.,Domulgeni,Домулжены,,59-77,59,77,,,,,,
749,I,s.,Drăgăneşti,Драганешты,,78-125,78,125,,,,,,
749,II,s.,Drochia şi cătunul Şurile,Дрокия и хутор Шуриле,,126-150,126,150,,,,,,
749,II,s.,Dărcăuţi,Дэркэуць,,151-178,151,178,,,,,,
749,II,s.,Dubna,Дубна,,179-215,179,215,,,,,,
749,II,s.,Drojineşti (Lunga),Држинешты (Лунга),,216-237,216,237,,,,,,
749,II,s.,Egorouca,Егоровка,,238-246,238,246,,,,,,
749,II,s.,Japca,Жапка,,274-276,274,276,,,,,,
749,III,s.,Zahorna,Загорна,,277-291,277,291,,,,,,
749,III,s.,Zastînca,Застынка,,293-308,293,308,,,,,,
749,III,s.,Zăluceni,Залучени,,309-326,309,326,,,,,,
749,III,s.,Zgura,Згура,,327-345,327,345,,,,,,
749,III,s.,Iorjniţa,Иоржница,,346-354,346,354,,,,,,
749,III,s.,Izvoare,Извоаре,,355-385,355,385,,,,,,
750,,s.,Vărzăreuca,Вэрзэреука,,1-11,1,11,,,,,,
750,,s.,Visoca,Высока,,12-16,12,16,,,,,,
750,,s.,Zahorna,Загорна,,17-35,17,35,,,,,,
750,,s.,Receşti,Речешть,,36-50,36,50,,,,,,
750,,s.,Stîrceni,Стырчень,,51-58,51,58,,,,,,
751,,tîrgul,Raşcov,Рашков,,1-68,1,68,,,,,,
752,I,tîrgul,"Ataci (Otaci, Atachi)","Атаки (Отачь, Атачь)",,1-120,1,120,,,,,,
752,II,tîrgul,"Ataci (Otaci, Atachi)","Атаки (Отачь, Атачь)",,121-246,121,246,,,,,,
753,,col.,Briceva,Бричева,,1-13,1,13,,,,,,
753,,col.,Zguriţa,Згурица,,14-27,14,27,,,,,,
753,,s.,Căpreşti,Кэпрешты,,28-36,28,36,,,,,,
753,,col.,Mărculeşti,Мэркулешть,,37-57,37,57,,,,,,
753,,col.,Mereşeuca,Мерешеука,,58-75,58,75,,,,,,
754,,colonia,Mereşeuca,Мерешеука,,1-18,1,18,,,,,,
755,,,Dumbrăvni,,,1-29,1,29,,,,,,
755,,,coloniaDumbrăvni,колония Думбравень,,1-29,1,29,,,,,,
756,,or.,Soroca,Сорока,,1-117,1,117,,,,,,
756,,col.,Vertiujeni,Вертюжень,,118-134,118,134,,,,,,
757,I,tîrgul,"Ataci (Otaci, Atachi)","Атаки (Отачь, Атачь)",,1-114,1,114,,,,,,
757,II,tîrgul,"Ataci (Otaci, Atachi)","Атаки (Отачь, Атачь)",,115-230,115,230,,,,,,
758,,colonia,Liublin,Люблин,,1-16,1,16,,,,,,
758,,,Herson dar cu viza de reşedinţă în oraşul Soroca,"Херсон, но с отметкой о проживании в городе Сорока",,1-4,1,4,,,,,,
760,,or.,"Herson, dar cu viza de reşedinţă în oraşul Soroca",Херсон,,1-4,1,4,,,,,,
760,,or.,Odesa şi gubernia Kiev cu traiul în oraşul Soroca,Одесса и Киевская губерния с проживанием в городе Сороки,,5,5,5,,,,,,
761,,oraşul,Akkerman,Аккерман,,1-23,1,23,,,,,,
762,I,oraşul,Akkerman,Аккерман,,1-150,1,150,,,,,,
762,II,oraşul,Akkerman,Аккерман,,151-302,151,302,,,,,,
762,III,oraşul,Akkerman,Аккерман,,303-452,303,452,,,,,,
762,IV,oraşul,Akkerman,Аккерман,,453-603,453,603,,,,,,
762,V,oraşul,Akkerman,Аккерман,,604-754,604,754,,,,,,
762,VI,oraşul,Akkerman,Аккерман,,755-905,755,905,,,,,,
762,VII,oraşul,Akkerman,Аккерман,,906-1056,906,1056,,,,,,
762,VIII,oraşul,Akkerman,Аккерман,,1057-1196,1057,1196,,,,,,
763,,colonia,Caţbah,Кацбах,,1-27,1,27,,,,,,
764,,oraşul,Akkerman,Аккерман,,1-174,1,174,,,,,,
765,,satul,Uspenscoe,Успенское,,1-35,1,35,,,,,,
766,I,s.,Alexandrovca,Александровка,,1-80,1,80,,,,,326,https://www.familysearch.org/ark:/61903/3:1:3QSQ-G9QM-2KJL?i=325&cc=1985804&wc=M6ZS-1Z9%3A264175701%2C264722601%2C265938601
766,I,s.,Frumuşica,Фрумушица,,81-127,81,127,,,,,442,https://www.familysearch.org/ark:/61903/3:1:3QS7-89QM-2GNJ?i=441&cc=1985804&wc=M6ZS-1Z9%3A264175701%2C264722601%2C265938601
766,I,s.,Nicolaevca,Николаевка,,128-180,128,180,,,,,513,https://www.familysearch.org/ark:/61903/3:1:3QS7-L9QM-2LX5?i=512&cc=1985804&wc=M6ZS-1Z9%3A264175701%2C264722601%2C265938601
766,II,s.,Copceac,Копчак,,181-221,181,221,,,,,43,https://www.familysearch.org/ark:/61903/3:1:33SQ-G5YB-9W4B?i=42&cc=1985804&wc=M6ZS-1Z9%3A264175701%2C264722601%2C265938601
766,II,s.,Semionovca,Семёновка,,222-279,222,279,,,,,107,https://www.familysearch.org/ark:/61903/3:1:33SQ-G5YB-978P?i=106&cc=1985804&wc=M6ZS-1Z9%3A264175701%2C264722601%2C265938601
766,II,s.,Feşteliţa,Фештелица,,280-346,280,346,,,,,,
769,,satul,Chebabcea,Кебабча,,1-87,1,87,,,,,,
770,,colonia,Leipţig,Лейпциг,,1-54,1,54,,,,,,
773,I,suburb.,Turlac,Турлак,,1-117,1,117,,,,,,
773,II,suburb.,Turlac,Турлак,,118-235,118,235,,,,,,
774,I,or.,Ismail,Измаил,,1-109,1,109,,,,,,
774,I,or.,Reni,Рени,,110-143,110,143,,,,,,
774,,ţinutul,Ismail,Измаил,,143a-146,143,146,,,,,,
774,I,s.,Broasca,Броаска,,144-149,144,149,,,,,,
774,I,s.,Sofiana,Софьяна,,150-153,150,153,,,,,,
774,I,s.,Cuhurlui (Covurlui),Кухурлуй (Ковурлуй),,154-158,154,158,,,,,,
774,II,s.,Cîşliţa,Кышлица,,159-164,159,164,,,,,,
774,II,s.,Hagi-Curdî,Гаджи-Курды,,165-169,165,169,,,,,,
774,II,s.,Ceamaşir,Чамашир,,170-173,170,173,,,,,,
774,II,s.,Muravievca,Муравьевка,,174-176,174,176,,,,,,
774,,s.,Hasan-Aspaga,Хасан-Аспага,,176v-183,176,183,,,,,,
774,II,s.,Manta,Манта,,184-186,184,186,,,,,,
774,II,s.,Chircani,Кырканы,,187-190,187,190,,,,,,
774,II,s.,Vadul lui Isac,Вадул луй Исак,,191-194,191,194,,,,,,
774,II,s.,Frumoasa,Фрумоаса,,195-199,195,199,,,,,,
774,,s.,Roşu,Рошу,,200,200,200,,,,,,
774,,s.,Pelinei Bulgari,Пелиней Булгарь,,200v-200v,200,200,,,,,,
774,II,s.,Pelinei Moldoveni,Пелиней Молдовень,,201-203,201,203,,,,,,
774,,s.,Burlaci (Burlăceni),Бурлачены,,204,204,204,,,,,,
774,,s.,Musait,Мусаит,,204v-204v,204,204,,,,,,
774,II,s.,Carbaul,Карбаул,,205-206,205,206,,,,,,
774,,s.,Hagichioi,Гаджикиой,,206v-206v,206,206,,,,,,
774,II,s.,Albota,Альбота,,207-208,207,208,,,,,,
774,,s.,Chioselia Mare,Киоселия Маре,,208v-208v,208,208,,,,,,
774,II,s.,Ciucur-Miş,Чучур-Миш,,209-210v,209,210,,,,,,
774,,s.,Cazaclia,Казаклия,,211v-211v,211,211,,,,,,
774,,s.,Baurci Moldoveni,Баурчи-Молдовень,,211v-212v,211,212,,,,,,
774,II,s.,Zîrneşti,Зырнешты,,213-213v,213,213,,,,,,
774,,s.,Paicu,Пайку,,214,214,214,,,,,,
774,,s.,Larga,Ларга,,214v-217,214,217,,,,,,
774,,s.,Badicul,Бадикул,,217v-217v,217,217,,,,,,
774,,s.,Tatar-Baurci,Татар-Баурчи,,218,218,218,,,,,,
774,,s.,Coştangalia Mare,Коштангалия Маре,,218v-218v,218,218,,,,,,
774,II,s.,Chioselia Mică,Киоселия Микэ,,219-219v,219,219,,,,,,
774,II,s.,Borceag,Борчаг,,220-221,220,221,,,,,,
774,,s.,Greceni,Гречень,,221v-221v,221,221,,,,,,
774,II,s.,Enichioi,Еникиой,,222-224v,222,224,,,,,,
774,II,s.,Cîietu,Кыету,,225-225v,225,225,,,,,,
774,,s.,Măcreşti,Мэкрешть,,226,226,226,,,,,,
774,II,s.,Tartaul de Larga,Тартаул де Ларга,,226-227v,226,227,,,,,,
774,,s.,Ciobalaccia de Larga,Чобалакчия де Ларга,,227v-228,227,228,,,,,,
774,,s.,Constantinovca (Cîşla Sturzii),Константиновка,,228v-229,228,229,,,,,,
774,II,s.,Goteşti,Готешть,,230-232v,230,232,,,,,,
774,,s.,Cotangalia Bejenari,Котангалия Беженарь,,233,233,233,,,,,,
774,,s.,Aluat,Алуат,,233v-233v,233,233,,,,,,
774,,s.,Andruşul,Андрушул,,234,234,234,,,,,,
774,II,s.,Broasca,Броаска,,240-240v,240,240,,,,,,
774,II,s.,Covurlui,Ковурлуй,,241-241v,241,241,,,,,,
774,,s.,Sofiana,Софьяна,,242,242,242,,,,,,
774,,s.,Cîşliţa,Кышлица,,242v-243,242,243,,,,,,
774,,s.,Hagi-Curda,Гаджи-Курда,,243v-244,243,244,,,,,,
774,,s.,Ceamaşir,Чамашир,,244v-244v,244,244,,,,,,
774,,s.,Muraşoca,Мурашока,,245,245,245,,,,,,
774,,s.,Hasan-Aspaga,Хасан-Аспага,,245v-246v,245,246,,,,,,
774,,or,Reni,Рени,,260,260,260,,,,,,
774,,s.,Hasan Aspaga,Хасан-Аспага,,260,260,260,,,,,,
774,,s.,Vadul lui Isac,Вадул луй Исак,,260v-260v,260,260,,,,,,
774,,s.,Chircani,Кырканы,,260v-260v,260,260,,,,,,
774,,s.,Frumoasa,Фрумоаса,,260v-260v,260,260,,,,,,
774,,s.,Larga,Ларга,,261,261,261,,,,,,
774,,s.,Baurci Moldoveni,Баурчи-Молдовень,,261,261,261,,,,,,
774,II,or.,Ismail,Измаил,Ismail,262-283v,262,283,,,,,,
774,II,or.,Reni,Рени,Ismail,284-289v,284,289,,,,,,
774,II,s.,Broasca,Броаска,Ismail,290-290v,290,290,,,,,,
774,II,s.,Cuhurlui (Covurlui),Кухурлуй (Ковурлуй),Ismail,291-291v,291,291,,,,,,
774,II,,Ismail şi Reni şi din ţinutul Ismail,Измаил и Рени и из Измаильского уезда,Ismail,300-301,300,301,,,,,,
774,,s.,Sofisna,Софисна,,292,292,292,,,,,,
774,,s.,Cîşliţa,Кышлица,,292v-293,292,293,,,,,,
774,,s.,Hagi-Curda,Гаджи-Курда,,293v-294,293,294,,,,,,
774,,s.,Ceamaşir,Чамашир,,294v-294v,294,294,,,,,,
774,,s.,Chircani,Кырканы,,294v-294v,294,294,,,,,,
774,,s.,Muravieva,Муравьёва,,295,295,295,,,,,,
774,,s.,Hasan-Aspaga,Хасан-Аспага,,295v-296,295,296,,,,,,
774,,s.,Vadul lui Isac,Вадул луй Исак,,296v-296v,296,296,,,,,,
774,,s.,Manta,Манта,,296v-296v,296,296,,,,,,
774,,s.,Frumoasa,Фрумоаса,,297,297,297,,,,,,
774,,s.,Pelinei Bulgari,Пелиней Булгарь,,297,297,297,,,,,,
774,,s.,Pelinei Moldoveni,Пелиней Молдовень,,297,297,297,,,,,,
774,,s.,Greceni,Гречень,,297v-297v,297,297,,,,,,
774,,s.,Musait,Мусаит,,297v-297v,297,297,,,,,,
774,,s.,Ciumai,Чумай,,297v-297v,297,297,,,,,,
774,,s.,Carbaul,Карбаул,,298,298,298,,,,,,
774,,s.,Hagichioi,Гаджикиой,,298,298,298,,,,,,
774,,s.,Albota,Альбота,,298,298,298,,,,,,
774,,s.,Coştangalia Mare,Коштангалия Маре,,299v-299v,299,299,,,,,,
774,,s.,Cîietu,Кыету,,299v-299v,299,299,,,,,,
774,,s.,Enichioi,Еникиой,,299v-299v,299,299,,,,,,
774,,s.,Tartaul,Тартаул,,299v-299v,299,299,,,,,,
774,II,or.,Ismail,Измаил,Ismail,302-314v,302,314,,,,,,
774,III,or.,Ismail,Измаил,Ismail,315-346v,315,346,,,,,,
774,III,or.,Reni,Рени,Ismail,347-357,347,357,,,,,,
774,III,s.,Broasca,Броаска,Ismail,358-358v,358,358,,,,,,
774,III,s.,Sofiana,Софьяна,Ismail,359-360,359,360,,,,,,
774,III,s.,Cuhurlui (Covurlui),Кухурлуй (Ковурлуй),Ismail,360-362,360,362,,,,,,
774,III,s.,Cîşliţa,Кышлица,Ismail,362-364,362,364,,,,,,
774,,s.,Hagi Curda,Хаджи Курда,,364v-366,364,366,,,,,,
774,,s.,Ceamaşir,Чамашир,,366v-367v,366,367,,,,,,
774,III,s.,Muravievca,Муравьевка,Ismail,368-368v,368,368,,,,,,
774,III,s.,Hasan Aspaga,Хасан-Аспага,Ismail,369-371v,369,371,,,,,,
774,III,s.,Manta,Манта,Ismail,372-373v,372,373,,,,,,
774,III,s.,Chircani,Кырканы,Ismail,374-376v,374,376,,,,,,
774,III,s.,Vadul lui Isac,Вадул луй Исак,Ismail,378-380v,378,380,,,,,,
774,III,s.,Frumoasa,Фрумоаса,Ismail,381-384v,381,384,,,,,,
774,,s.,Roşu,Рошу,,385,385,385,,,,,,
774,,s.,Pelinei Bulgari,Пелиней Булгарь,,385v-385v,385,385,,,,,,
774,III,s.,Pelinei Moldoveni,Пелиней Молдовень,Ismail,386-388,386,388,,,,,,
774,,s.,Burlaci (Burlăceni),Бурлачены,,388v-388v,388,388,,,,,,
774,,s.,Musait,Мусаит,,389,389,389,,,,,,
774,,s.,Carbaul,Карбаул,,389v-390v,389,390,,,,,,
774,,s.,Hagichioi,Гаджикиой,,391,391,391,,,,,,
774,,s.,Albota,Альбота,,391v-392v,391,392,,,,,,
774,,s.,Chioselia Mare,Киоселия Маре,,393,393,393,,,,,,
774,,s.,Ciucur-Miş,Чучур-Миш,,393v-395v,393,395,,,,,,
774,,s.,Baimaclia Mică,Баймаклия Мика,,395v-395v,395,395,,,,,,
774,,s.,Cazaiclia,Казаклия,,395v-396,395,396,,,,,,
774,,s.,Baurci,Баурчи,,396v-397,396,397,,,,,,
774,,s.,Zîrneşti,Зырнешты,,397v-398,397,398,,,,,,
774,,s.,Paicu,Пайку,,398v-398v,398,398,,,,,,
774,III,s.,Larga,Ларга,Ismail,399-400v,399,400,,,,,,
774,,s.,Badicul,Бадикул,,401,401,401,,,,,,
774,,s.,Tatar-Baurci,Татар-Баурчи,,401v-401v,401,401,,,,,,
774,,s.,Coştangalia,Коштангалия,,402,402,402,,,,,,
774,,s.,Chioselia Mică,Киоселия Микэ,,402,402,402,,,,,,
774,,s.,Burlaci (Burlăceni),Бурлачены,,402v-403v,402,403,,,,,,
774,,s.,Greceni,Гречень,,403v-403v,403,403,,,,,,
774,III,s.,Enichioi,Еникиой,Ismail,404-405v,404,405,,,,,,
774,,s.,Cîietu,Кыету,,406,406,406,,,,,,
774,,s.,Măcăreşti,Мэкэрешть,,406v-406v,406,406,,,,,,
774,,s.,Tartaul,Тартаул,,406v-407,406,407,,,,,,
774,,s.,Ciobalaccia,Чобалакчия,,407v-408,407,408,,,,,,
774,,s.,Constantinovca,Константиновка,,408v-408v,408,408,,,,,,
774,,s.,Goteşti,Готешть,,408v-410,408,410,,,,,,
774,,s.,Ţîganca,Цыганка,,410v-411v,410,411,,,,,,
774,,s.,Coştangalia,Коштангалия,,411v-411v,411,411,,,,,,
774,III,or.,Ismail,Измаил,Ismail,414-416,414,416,,,,,,
774,,or.,Reni,Рени,,416v-416v,416,416,,,,,,
774,,s.,Ceamaşir,Чамашир,,416v-416v,416,416,,,,,,
774,,s.,Hagichioi,Гаджикиой,,416v-416v,416,416,,,,,,
774,,s.,Baurci-Moldoveni,Баурчи-Молдовень,,417,417,417,,,,,,
774,,s.,Larga,Ларга,,417,417,417,,,,,,
774,,s.,Măcreşti,Мэкрешть,,417v-417v,417,417,,,,,,
774,III,or.,Reni,Рени,Ismail,418-419v,418,419,,,,,,
774,,s.,Manta,Манта,,420,420,420,,,,,,
774,III,s.,Vadul lui Isac,Вадул луй Исак,Ismail,420-420v,420,420,,,,,,
774,,s.,Burlaci (Burlăceni),Бурлачены,,420v-420v,420,420,,,,,,
774,,s.,Carbaul,Карбаул,,421,421,421,,,,,,
774,,s.,Baurci Moldoveni,Баурчи-Молдовень,,421,421,421,,,,,,
774,,s.,Zîrneşti,Зырнешты,,421v-421v,421,421,,,,,,
774,,s.,Tatar-Baurci,Татар-Баурчи,,421v-421v,421,421,,,,,,
774,,s.,Coştangalia Mare,Коштангалия Маре,,423,423,423,,,,,,
774,,s.,Enichioi,Еникиой,,423v-423v,423,423,,,,,,
774,,s.,Căietu,Кэету,,424,424,424,,,,,,
774,,s.,Măcreşti,Мэкрешть,,424,424,424,,,,,,
774,,s.,Tartaul,Тартаул,,424v-424v,424,424,,,,,,
774,III,s.,Constantinovca,Константиновка,Ismail,425-426v,425,426,,,,,,
774,,s.,Goteşti,Готешть,,427,427,427,,,,,,
774,,s.,Andruşul,Андрушул,,427v-427v,427,427,,,,,,
774,,s.,Aluat,Алуат,,427v-427v,427,427,,,,,,
774,III,or.,Ismail,Измаил,Ismail,429-433v,429,433,,,,,,
774,III,or.,Reni,Рени,Ismail,433-436v,433,436,,,,,,
774,,cătunul,Musa-Murza,Муса-Мурза,,437-438,437,438,,,,,,
774,,s.,Pelinei Bulgari,Пелиней Булгарь,,438,438,438,,,,,,
774,,s.,Chircani,Кырканы,,438,438,438,,,,,,
774,,s.,Carbaul,Карбаул,,438v-438v,438,438,,,,,,
774,,s.,Aluat,Алуат,,438v-439,438,439,,,,,,
774,,cătunul,Burda,Бурда,,439-439v,439,439,,,,,,
774,,cătunul,Carataulac,Каратаулак,,439v-440,439,440,,,,,,
774,III,s.,Cunduc,Кундук,Ismail,440-440v,440,440,,,,,,
774,III,s.,Chioselia Mare,Киоселия Маре,Ismail,440-441,440,441,,,,,,
774,,s.,Ciucur-Miş,Чучур-Миш,,441,441,441,,,,,,
774,III,s.,Baimaclia Mică,Баймаклия Мика,Ismail,441-441v,441,441,,,,,,
774,,s.,Tartaul,Тартаул,,441v-441v,441,441,,,,,,
774,,s.,Luceşti,Лучешты,,442,442,442,,,,,,
774,III,s.,Andruşul,Андрушул,Ismail,442-442v,442,442,,,,,,
774,,s.,Zîrneşti,Зырнешты,,442v-443,442,443,,,,,,
774,,s.,Badicul,Бадикул,,443,443,443,,,,,,
774,,s.,Tatar-Baurci,Татар-Баурчи,,443v-443v,443,443,,,,,,
774,,s.,Coştangalia Mare,Коштангалия Маре,,443v-444,443,444,,,,,,
774,,s.,Chioselia Mică,Киоселия Микэ,,444,444,444,,,,,,
774,,s.,Ciobalaccia,Чобалакчия,,444,444,444,,,,,,
774,,s.,Tartaul,Тартаул,,444v-444v,444,444,,,,,,
774,,s.,Frumoasa,Фрумоаса,,444v-444v,444,444,,,,,,
774,,s.,Cîietu,Кыету,,444v-444v,444,444,,,,,,
776,,cetatea,Ismail,Измаил,,1-2,1,2,,,,,,
776,,or.,Ismail,Измаил,,3-5,3,5,,,,,,
776,,s.,Cîşliţa,Кышлица,,6-10,6,10,,,,,,
776,,s.,Hasan-Aspaga,Хасан-Аспага,,11-13,11,13,,,,,,
776,,s.,Ceamaşir,Чамашир,,14-16,14,16,,,,,,
776,,s.,Hasan Curdî,Хасан-Курды,,17-19,17,19,,,,,,
776,,s.,Vilcov,Вильков,,20-22,20,22,,,,,,
776,,or.,Chilia,Килия,,23-31,23,31,,,,,,
776,,or.,Reni,Рени,,32-40,32,40,,,,,,
776,,or.,Tucicov,Тучиков,,41-54,41,54,,,,,,
776,,suburb.,Broasca,Броаска,,56-58,56,58,,,,,,
776,,suburb.,Sofiana,Софьяна,,59-61,59,61,,,,,,
777,I,or.,Reni,Рени,,1-99,1,99,,,,,,
777,II,or.,Reni,Рени,,10-196,10,196,,,,,,
778,,or.,Tucicov,Тучиков,,1-20,1,20,,,,,,
778,,suburb.,Cugurlui (Cuhurlui),Кугурлуй (Кухурлуй),,21-22,21,22,,,,,,
779,I,s.,Pogăneşti,Погэнешты,,1-36,1,36,,,,,,
779,I,s.,Pleşeni,Плешены,,37-45,37,45,,,,,,
779,,cătunul,Roşu,Рошу,,46-50,46,50,,,,,,
779,I,s.,Sărata Galbenă,Сэрата Гэлбенэ,,51-93,51,93,,,,,,
779,I,s.,Sărăţica,Сэрэцика,,94-131,94,131,,,,,,
779,I,s.,Sărata Răzeşi,Сэрата Рэзешь,,132-145,132,145,,,,,,
779,I,s.,Sadîc,Садык,,146-156,146,156,,,,,,
779,II,s.,Tatar Baurci,Татар Баурчи,,157-164,157,164,,,,,,
779,II,s.,Tartaul,Тартаул,,165-180,165,180,,,,,,
779,II,s.,Toceni,Точены,,181-187,181,187,,,,,,
779,II,s.,Tochile,Точиле,,188-193,188,193,,,,,,
779,II,s.,Tomai,Томай,,194-210,194,210,,,,,,
779,II,s.,Tigheci,Тигечи,,211-266,211,266,,,,,,
779,II,s.,Topal,Топал,,267-299,267,299,,,,,,
779,III,s.,Frumoasa,Фрумоаса,,300-354,300,354,,,,,,
779,III,s.,Ţîganca,Цыганка,,355-367,355,367,,,,,,
779,III,s.,Ciobalaccia,Чобалакчия,,368-384,368,384,,,,,,
779,III,s.,Ciucur-Miş,Чучур-Миш,,386-390,386,390,,,,,,
779,III,s.,Ceadîr,Чадыр,,391-412,391,412,,,,,,
779,III,s.,Şamalia,Шамалия,,413-423,413,423,,,,,,
779,III,s.,Ialpugeni,Ялпужены,,424-451,424,451,,,,,,
779,III,,Noua Suliţă de Sus,Новосулица-де-Сус,,468-469,468,469,,,,,,
779,III,,Noua Suliţă de Jos,Новосулица-де-Жос,,470-473,470,473,,,,,,
779,IV,,Lista persoanelor străine care locuiesc în satele ţinutului Hotin,"Список иностранных лиц, проживающих в сёлах Хотинского уезда",,668-671,668,671,,,,,,
780,,or.,Hotin,Хотин,,12-68,12,68,,,,,,
780,,s.,Anadol,Анадол,,69-69v,69,69,,,,,,
780,,s.,Onut,Онут,,70-70v,70,70,,,,,,
780,,s.,Arestovca,Арестовка,,71-72,71,72,,,,,,
780,,s.,Arioneşti,Арионешты,,73-75,73,75,,,,,,
780,,tîrgul,"Otaci (Ataci, Atachi)",Атаки,,76-106,76,106,,,,,,
780,,s.,Babin,Бабин,,107-109,107,109,,,,,,
780,,s.,Bădragi,Бэдраджь,,110-111v,110,111,,,,,,
780,,s.,Balamutovca,Баламутовка,,112-113v,112,113,,,,,,
780,,s.,Balasineşti,Баласинешты,,114-116v,114,116,,,,,,
780,,s.,Balinţi,Балинцы,,117,117,117,,,,,,
780,,s.,Bălcăuţi,Бэлкэуць,,118-121v,118,121,,,,,,
780,,s.,Bîrlădeni,Бырлэдень,,122-122v,122,122,,,,,,
780,,s.,Berlinţi,Берлинцы,,123-124,123,124,,,,,,
780,,s.,Belousovca,Белоусовка,,125-126v,125,126,,,,,,
780,,s.,Beleuţi,Белеуцы,,127-128,127,128,,,,,,
780,,s.,Berestea,Берестя,,129-130,129,130,,,,,,
780,,s.,Bichir,Бикир,,131-131v,131,131,,,,,,
780,,s.,Bîrnova,Бырнова,,132-133v,132,133,,,,,,
780,,s.,Bîrnova de Sus,Бырнова-де-Сус,,134-136v,134,136,,,,,,
780,,s.,Blescenăuţi,Блещенэуць,,137-138v,137,138,,,,,,
780,,s.,Bogdăneşti,Богдэнешть,,139,139,139,,,,,,
780,,s.,Buzdugeni,Буздугень,,140,140,140,,,,,,
780,,s.,Bulboaca,Булбоака,,141-141v,141,141,,,,,,
780,,moşia,Boroseni,Боросень,,142,142,142,,,,,,
780,,s.,Bocicăuţi,Бочикэуць,,143-145,143,145,,,,,,
780,,s.,Brătuşeni,Брэтушены,,146-148,146,148,,,,,,
780,,s.,Brînzeni,Брынзены,,149-151,149,151,,,,,,
780,,tîrgul,Briceni,Бричаны,,152-177,152,177,,,,,,
780,II,s.,Briceni,Бричаны,,178-179v,178,179,,,,,,
780,,s.,Braicău,Брайкэу,,180-180v,180,180,,,,,,
780,,s.,Buzoviţa,Бузовица,,181-183v,181,183,,,,,,
780,,s.,Bordiug,Бордюг,,184-185v,184,185,,,,,,
780,,s.,Burlăneşti,Бурлэнешты,,186-187v,186,187,,,,,,
780,,s.,Văncicăuţi,Вэнчикэуць,,188-190v,188,190,,,,,,
780,,s.,Văratic,Вэратик,,191-192v,191,192,,,,,,
780,,s.,Varticăuţi,Вартикэуць,,193-194v,193,194,,,,,,
780,,s.,Vasileuţi,Василеуць,,195-198,195,198,,,,,,
780,,s.,Văscăuţi,Вэскэуць,,199-202,199,202,,,,,,
780,,s.,Verejeni,Вережень,,203-204,203,204,,,,,,
780,,s.,Vetreanca,Ветрянка,,205-206v,205,206,,,,,,
780,,s.,Viişoara,Виишоара,,207-208,207,208,,,,,,
780,,s.,Volodeni,Володены,,209-210,209,210,,,,,,
780,,s.,Voloşcova,Волошкова,,211-21v,211,21,,,,,,
780,,s.,Vălcineţ,Вэлчинец,,213-216,213,216,,,,,,
780,,s.,Voronoviţa,Вороновица,,217-218,217,218,,,,,,
780,,s.,Visoca,Высока,,219-220v,219,220,,,,,,
780,,s.,Gvăzdăuţi,Гвэздэуць,,221-223,221,223,,,,,,
780,,s.,Hîjdău,Хыждэу,,224-225v,224,225,,,,,,
780,,s.,Beleavinţi,Белявинцы,,226-227v,226,227,,,,,,
780,,s.,Hincăuţi,Хинкэуць,,228-229,228,229,,,,,,
780,,s.,Gheorghiuţă,Георгицэ,,230-231,230,231,,,,,,
780,,s.,Gîrbova,Гырбова,,232-233,232,233,,,,,,
780,,s.,Hlinaia,Глинная,,234-236v,234,236,,,,,,
780,,s.,Hlinaia de Sus,Глинная-де-Сус,,237-238,237,238,,,,,,
780,,s.,Horodişte,Городище,,239-242v,239,242,,,,,,
780,,s.,Gordineşti,Гординешть,,243-244v,243,244,,,,,,
780,,s.,Gorodici (Ţaul),Городичи (Цаул),,245-246v,245,246,,,,,,
780,,moşia,Slobozia Gremeşti,Слобозия Гремешть,,247,247,247,,,,,,
780,,s.,Grimăncăuţi,Гриманкэуць,,248-250v,248,250,,,,,,
780,,s.,Grinăuţii de Sus,Гринэуций де Сус,,251-251v,251,251,,,,,,
780,,s.,Grinăuţii de Jos,Гринэуций де Жос,,252-253v,252,253,,,,,,
780,,s.,Grozniţa,Грозница,,254-257,254,257,,,,,,
780,,s.,Grubna,Грубна,,258-258v,258,258,,,,,,
780,,s.,Gruşoviţa,Грушовица,,259-261v,259,261,,,,,,
780,,s.,Dăncăuţi,Дэнкэуць,,262-263,262,263,,,,,,
780,,s.,Darabani,Дарабань,,264-264v,264,264,,,,,,
780,,s.,Dîngenii de Sus,Дынжений-де-Сус,,265,265,265,,,,,,
780,,s.,Dîngenii de Jos,Дынжений-де-Жос,,266-266v,266,266,,,,,,
780,,s.,Dinăuţi,Дынэуць,,267-269v,267,269,,,,,,
780,,s.,Doljoc,Должок,,270-271,270,271,,,,,,
780,,s.,Dolineni,Долинены,,272-274v,272,274,,,,,,
780,,s.,Donduşeni,Дондюшаны,,275-276v,275,276,,,,,,
780,,s.,Drepcăuţi,Дрепкэуць,,277-278v,277,278,,,,,,
780,,s.,Edineţ,Единцы,,279-281,279,281,,,,,,
780,,s.,Zarojeni,Зарожены,,282-285,282,285,,,,,,
780,,s.,Zăbriceni,Забричени,,286-286v,286,286,,,,,,
780,,s.,Zăluceni,Залучени,,287-287v,287,287,,,,,,
780,,s.,Calaraşovca,Каларашовка,,288,288,288,,,,,,
780,,s.,Capleuca,Каплеука,,289-290v,289,290,,,,,,
780,,s.,Caracuşeni,Каракушень,,291-294,291,294,,,,,,
780,,s.,Calaraşovca,Каларашовка,,295-296,295,296,,,,,,
780,,s.,Carlichău,Карликэу,,297-299,297,299,,,,,,
780,,s.,Corpaci,Корпач,,300-301v,300,301,,,,,,
780,,s.,Chelmineţ,Кельминец,,302-305,302,305,,,,,,
780,,s.,Crestineşti,Крестинешты,,306-307v,306,307,,,,,,
780,,s.,Cîşla Zamjii,Кышла Замжий,,308-309v,308,309,,,,,,
780,,s.,Cîşla Zelena,Кышла Зелена,,310-310v,310,310,,,,,,
780,,s.,Cîşla Neghima,Кышла Негима,,311-312v,311,312,,,,,,
780,,s.,Cîşla Salii,Кышла Салий,,313-314v,313,314,,,,,,
780,,s.,Cimăuţi,Чимэуць,,315-316v,315,316,,,,,,
780,,s.,Clişcăuţi,Клишкэуцы,,317-322v,317,322,,,,,,
780,,s.,Clocuşna,Клокушна,,323-325v,323,325,,,,,,
780,,s.,Cobîlceni,Кобылчены,,326-329,326,329,,,,,,
780,,s.,Codreni,Кодрены,,330-331v,330,331,,,,,,
780,,s.,Colincăuţi,Колинкэуць,,332-338,332,338,,,,,,
780,,s.,Comarova,Комарова,,339-343,339,343,,,,,,
780,III,s.,Corbu,Корбу,,344-345v,344,345,,,,,,
780,,s.,Corestăuţi,Корестэуць,,346-347v,346,347,,,,,,
780,,s.,Corjeuţi,Коржеуць,,348-352,348,352,,,,,,
780,,s.,Corman,Корман,,353-354v,353,354,,,,,,
780,,s.,Costeşti,Костешть,,355-356,355,356,,,,,,
780,,s.,Costiceni,Костичень,,357-360v,357,360,,,,,,
780,,s.,Coteala,Котяла,,361-362v,361,362,,,,,,
780,,s.,Cotiujeni,Котюжены,,363-366,363,366,,,,,,
780,,s.,Coteleu,Котелеу,,367-368v,367,368,,,,,,
780,,s.,Coşuleni,Кошулены,,369-370,369,370,,,,,,
780,,s.,Criva,Крива,,371-372v,371,372,,,,,,
780,,s.,Cruglic,Круглик,,373-374v,373,374,,,,,,
780,,s.,Cuconeşti,Куконешты,,375-376,375,376,,,,,,
780,,s.,Colicăuţi,Колыкэуць,,377-378v,377,378,,,,,,
780,,s.,Culişăuca,Кулишэука,,379-380v,379,380,,,,,,
780,,s.,Cupcini,Купчинь,,381-383,381,383,,,,,,
780,,s.,Chiurt,Кюрт,,384-384v,384,384,,,,,,
780,,s.,Larga,Ларга,,385-389v,385,389,,,,,,
780,,s.,Lencăuţi,Ленкэуць,,390-392,390,392,,,,,,
780,,s.,Merşeuca (Lencăuţii de Jos),Мершеука (Ленкауций де Жос),,393-394v,393,394,,,,,,
780,,s.,Lipnic,Липник,,395-396v,395,396,,,,,,
780,,tîrgul,Lipcani,Липканы,,397-411,397,411,,,,,,
780,,s.,Lipceni,Липчень,,412-413v,412,413,,,,,,
780,,s.,Lomacinţi,Ломачинць,,414-417v,414,417,,,,,,
780,,s.,Măcăreuca,Мэкэреука,,418-418v,418,418,,,,,,
780,,s.,Mălineşti,Мэлинешть,,419-420,419,420,,,,,,
780,,s.,Malinţi,Малинцы,,421-423v,421,423,,,,,,
780,,s.,Mămăliga,Мамалыга,,424-426,424,426,,,,,,
780,,s.,Mărcăuţi,Мэркэуць,,427-429v,427,429,,,,,,
780,,s.,Medveja,Медвежа,,430-430v,430,430,,,,,,
780,,s.,Mîndîcăuţi,Мындыкэуць,,431-432,431,432,,,,,,
780,,s.,Mihălăşeni,Михэлэшень,,433-434,433,434,,,,,,
780,,s.,Marşinţi,Маршинцы,,435-439,435,439,,,,,,
780,,s.,Mihalovca,Михаловка,,440-442,440,442,,,,,,
780,,s.,Molodova,Молодова,,443-445v,443,445,,,,,,
780,,s.,Moşana,Мошана,,446,446,446,,,,,,
780,,s.,Moşineţ,Мошинец,,447-448v,447,448,,,,,,
780,,s.,Nagoreni,Нагорены,,449-450,449,450,,,,,,
780,,s.,Naslavcea,Наславча,,451-454,451,454,,,,,,
780,,s.,Negrinţi,Негринць,,455-457,455,457,,,,,,
780,,s.,Nedibăuţi,Недибэуць,,458-460v,458,460,,,,,,
780,,s.,Nelipăuţi,Нелипэуць,,461-462,461,462,,,,,,
780,,s.,Neporotova,Непоротова,,463-465v,463,465,,,,,,
780,,s.,Nesfoaia,Несфоая,,466-467v,466,467,,,,,,
780,,s.,Noua Suliţă de Sus,Новосулица-де-Сус,,468-469v,468,469,,,,,,
780,,s.,Noua Suliţă de Jos,Новосулица-де-Жос,,470-473,470,473,,,,,,
780,,s.,Ojeva,Ожева,,474-475v,474,475,,,,,,
780,,s.,Ocniţa,Окница,,476-478v,476,478,,,,,,
780,,s.,Paladea,Паладя,,479-479v,479,479,,,,,,
780,,s.,Parcova,Парково,,480-482v,480,482,,,,,,
780,,s.,Percăuţi,Перкауцы,,483-484v,483,484,,,,,,
780,,s.,Păscăuţi,Пэскэуць,,485-486v,485,486,,,,,,
780,,s.,Paustova,Паустово,,487-487v,487,487,,,,,,
780,,s.,Perebicăuţi,Перебыковцы,,488-492,488,492,,,,,,
780,,s.,Pererîta,Перерыта,,493-494v,493,494,,,,,,
780,,s.,Chetroşica,Кетрошица,,495-495v,495,495,,,,,,
780,,s.,Porciuleanca,Порчуленка,,496-497,496,497,,,,,,
780,,s.,Pociumbăuţi,Почумбэуць,,498-498v,498,498,,,,,,
780,,s.,Pociumbeni,Почумбены,,499-500,499,500,,,,,,
780,,s.,Poiana,Поляна,,501-502,501,502,,,,,,
780,,s.,Prihorodoc,Прихородок,,503-504v,503,504,,,,,,
780,,s.,Raşcu,Раску,,505-508,505,508,,,,,,
780,,s.,Revcăuţi,Ревкэуць,,509-509v,509,509,,,,,,
780,,s.,Rediul Mare,Редиул Маре,,510-511,510,511,,,,,,
780,,s.,Restev (Irstov),Рестев (Ирстов),,512-514v,512,514,,,,,,
780,,s.,Rotunda,Ротунда,,515-516,515,516,,,,,,
780,IV,s.,Rjavinţi,Ржавинць,,517-521v,517,521,,,,,,
780,,s.,Răchitna,Рэкитна,,522-523v,522,523,,,,,,
780,,s.,Romanovca,Романовца,,524-527,524,527,,,,,,
780,,s.,Rosoşani,Росошани,,528-529v,528,529,,,,,,
780,,s.,Rudii din Deal (de Sus),Рудий-дин-Дял (де Сус),,530-531,530,531,,,,,,
780,,s.,Rudii din Vale (de Jos),Рудий дин Вале (де Жос),,532,532,532,,,,,,
780,,s.,Rujniţa,Ружница,,533-534,533,534,,,,,,
780,,s.,Rucşin,Рукшин,,535-538v,535,538,,,,,,
780,,s.,Ruhotin,Рухотин,,541-542,541,542,,,,,,
780,,s.,Rîngaci,Рынгачь,,543-544v,543,544,,,,,,
780,,s.,Sauca,Саука,,545-546,545,546,,,,,,
780,,s.,Samoileuca,Самойлеука,,547-547v,547,547,,,,,,
780,,s.,Săncăuţi,Сэнкэуць,,548-549v,548,549,,,,,,
780,,s.,Secureni,Секурены,,550-553,550,553,,,,,,
780,,s.,Selişte,Селиште,,554-557v,554,557,,,,,,
780,,s.,Şerbiceni,Шербичены,,558-560v,558,560,,,,,,
780,,s.,Slobozia Pererîta,Слобозия Перерыта,,561-561v,561,561,,,,,,
780,,s.,Slobozia Trestieni,Слобозия Трестень,,562,562,562,,,,,,
780,,s.,Slobozia-Şirăuţi Larga,Слобозия-Ширэуць Ларга,,563,563,563,,,,,,
780,,s.,Stălineşti,Стэлинешть,,564-565v,564,565,,,,,,
780,,s.,Stăuceni,Стэучень,,566-567v,566,567,,,,,,
780,,s.,Stîngăceni,Стынгэчень,,568-569v,568,569,,,,,,
780,,s.,Stroienţi,Строенць,,570-571,570,571,,,,,,
780,,s.,Sudarca,Сударка,,572-573,572,573,,,,,,
780,,s.,Sînger,Сынджер,,574-575,574,575,,,,,,
780,,s.,Tabani,Табань,,574-577v,574,577,,,,,,
780,,s.,Tărăsăuţi,Тэрэсэуць,,578-584v,578,584,,,,,,
780,,s.,Tătăreuca Nouă,Новая Татарауца,,585-586v,585,586,,,,,,
780,,s.,Tătăreuca Veche,Старая Татарауца,,587,587,587,,,,,,
780,,s.,Teleşeuca,Телешеука,,588-589,588,589,,,,,,
780,,s.,Terebna,Теребна,,590-591v,590,591,,,,,,
780,,s.,Tulbureni,Тулбурень,,592-593,592,593,,,,,,
780,,s.,Trebisăuţi,Требисэуць,,594-595v,594,595,,,,,,
780,,s.,Trinca,Тринка,,596-597v,596,597,,,,,,
780,,s.,Trestieni (Plopi),Трестиень (Плопь),,598-599v,598,599,,,,,,
780,,s.,Tîrnova,Тырново,,600-602v,600,602,,,,,,
780,,s.,Slobozia Teţcani,Слобозия Тецкань,,603,603,603,,,,,,
780,,s.,Unguri,Унгуры,,604-605v,604,605,,,,,,
780,,s.,Feteşti,Фетешты,,606-608,606,608,,,,,,
780,,s.,Fîntîna Albă,Фынтына Албэ,,609-610,609,610,,,,,,
780,,s.,Forostina,Форостина,,611-612v,611,612,,,,,,
780,,s.,Hădărăuţi,Хэдэрэуць,,613-614v,613,614,,,,,,
780,,s.,Cebrău,Чебрук,,615-616v,615,616,,,,,,
780,,s.,Cepeleuţi,Чепелеуць,,617-618v,617,618,,,,,,
780,,s.,Cepănoasa,Чепэноаса,,619-620,619,620,,,,,,
780,,s.,Cerlina Mare,Черлина Маре,,621-622v,621,622,,,,,,
780,,s.,Cernoleuca,Чернолевка,,623-625v,623,625,,,,,,
780,,s.,Şendreni,Шендрены,,626-627,626,627,,,,,,
780,,s.,Şerbaca,Щербака,,628,628,628,,,,,,
780,,s.,Şerbinţi,Шербинцы,,629-630,629,630,,,,,,
780,,s.,Şilouţi,Шилоуцы,,631-634,631,634,,,,,,
780,,s.,Şirăuţii de Sus,Ширэуций-де-Сус,,635-639v,635,639,,,,,,
780,,s.,Şirăuţii de Jos,Ширэуций-де-Жос,,640-642v,640,642,,,,,,
780,,s.,Şişcăuţi,Шишкэуци,,643-644,643,644,,,,,,
780,,s.,Şebutinţi,Шебутинцы,,645-647v,645,647,,,,,,
780,,s.,Ianăuţi,Янэуцы,,648-650v,648,650,,,,,,
780,,s.,Iarova,Ярова,,651-652,651,652,,,,,,
781,,or.,Hotin,Хотин,,1-29,1,29,,,,,,
782,,or.,Ruseni,Русени,,1-12,1,12,,,,,,
782,,s.,Rediul Mare,Редиул Маре,,13-15,13,15,,,,,,
782,,s.,Rjavinţi,Ржавинць,,16-18,16,18,,,,,,
782,,s.,Restev (Irstov),Рестев (Ирстов),,19-20,19,20,,,,,,
782,,s.,Rosoşani,Росошани,,21-22,21,22,,,,,,
782,,s.,Rîşcu,Рышку,,23-25,23,25,,,,,,
782,,s.,Rotunda,Ротунда,,26-27,26,27,,,,,,
782,,s.,Revcăuţi,Ревкэуць,,28-30,28,30,,,,,,
782,,s.,Secureni,Секурены,,32-38,32,38,,,,,,
782,,s.,Săncăuţi,Сэнкэуць,,39-41,39,41,,,,,,
782,,s.,Samoileuca,Самойлеука,,42-43,42,43,,,,,,
782,,s.,Tătăreuca Veche,Старая Татарауца,,44-50,44,50,,,,,,
782,,s.,Tătăreuca Nouă,Новая Татарауца,,51-55,51,55,,,,,,
782,,s.,Trinca,Тринка,,57-59,57,59,,,,,,
782,,s.,Tabani,Табань,,60-62,60,62,,,,,,
782,,s.,Terebna,Теребна,,63-65,63,65,,,,,,
782,,s.,Tulbureni,Тулбурень,,66-68,66,68,,,,,,
782,,s.,Tărăsăuţi,Тэрэсэуць,,69-71,69,71,,,,,,
782,,s.,Teleşeuca,Телешеука,,72-74,72,74,,,,,,
782,,s.,Fîntîna Albă,Фынтына Албэ,,75-79,75,79,,,,,,
782,,s.,Feteşti,Фетешты,,80-82,80,82,,,,,,
782,,s.,Ţaul,Цауль,,83-84,83,84,,,,,,
782,,s.,Cepănoasa,Чепэноаса,,85-87,85,87,,,,,,
782,,s.,Cerlina Mare,Черлина Маре,,88-93,88,93,,,,,,
782,,s.,Cebrău,Чебрук,,94-96,94,96,,,,,,
782,,s.,Cepeleuţi,Чепелеуць,,97-98,97,98,,,,,,
782,,s.,Şirăuţii de Sus,Ширэуций-де-Сус,,99-107,99,107,,,,,,
782,,s.,Şirăuţii de Jos,Ширэуций-де-Жос,,108-111,108,111,,,,,,
782,,s.,Şebutiniţi,Шебутиницы,,112-115,112,115,,,,,,
782,,s.,Şendreni,Шендрены,,116-118,116,118,,,,,,
782,,s.,Şerbinţi,Шербинцы,,119-122,119,122,,,,,,
782,,s.,Ianăuţi,Янэуцы,,124-126,124,126,,,,,,
783,,s.,Dumeni,Думень,,1-12,1,12,,,,,,
783,,s.,Dolineni,Долинены,,13-17,13,17,,,,,,
783,,s.,Zăbriceni,Забричени,,18-20,18,20,,,,,,
783,,s.,Caracuşi,Каракуши,,21-30,21,30,,,,,,
783,,s.,Cîşla Salii,Кышла Салий,,31-33,31,33,,,,,,
783,,s.,Cîşla Negima,Кышла Негима,,34-35,34,35,,,,,,
783,,s.,Climăuţi,Климэуцы,,36-37,36,37,,,,,,
783,,s.,Capleuca,Каплеука,,38-45,38,45,,,,,,
783,,s.,Comarova,Комарова,,46-47,46,47,,,,,,
783,,s.,Carpaci,Карпач,,48-50,48,50,,,,,,
783,,s.,Chelmenţi,Кельменцы,,51-52,51,52,,,,,,
783,,s.,Corestăuţi,Корестэуць,,53-54,53,54,,,,,,
783,,s.,Costeşti,Костешть,,55-60,55,60,,,,,,
783,,s.,Costiceni,Костичень,,61-64,61,64,,,,,,
784,,or.,Hotin,Хотин,,1-24,1,24,,,,,,
784,,tîrgul,Briceni,Бричаны,,25-26,25,26,,,,,,
785,,or.,Hotin,Хотин,,1-4,1,4,,,,,,
785,,s.,Buzoviţa,Бузовица,,5-6,5,6,,,,,,
785,,s.,Hilovăţ (Beleavinţi),Хиловэц (Белявинць),,7-7v,7,7,,,,,,
785,,s.,Gruşoviţa,Грушовица,,8-9,8,9,,,,,,
785,,s.,Zarojeni,Зарожены,,10-11,10,11,,,,,16,https://www.familysearch.org/ark:/61903/3:1:3QS7-L9QM-K25F?i=15&cc=1985804&wc=M6Z9-X29%3A264175701%2C264722601%2C265448001
785,,s.,Negrinţi,Негринць,,12v-13,12,13,,,,,,
785,,s.,Ocniţa,Окница,,14-15,14,15,,,,,21,https://www.familysearch.org/ark:/61903/3:1:3QS7-99QM-K2GM?i=20&cc=1985804&wc=M6Z9-X29%3A264175701%2C264722601%2C265448001
785,,s.,Răchitna,Рэкитна,,16-17,16,17,,,,,23,https://www.familysearch.org/ark:/61903/3:1:3QS7-99QM-K2KL?i=22&cc=1985804&wc=M6Z9-X29%3A264175701%2C264722601%2C265448001
785,,s.,Rîşcu,Рышку,,18-19,18,19,,,,,25,https://www.familysearch.org/ark:/61903/3:1:3QSQ-G9QM-KLMV?i=24&cc=1985804&wc=M6Z9-X29%3A264175701%2C264722601%2C265448001
785,,s.,Rjavinţi,Ржавинць,,20-21,20,21,,,,,27,https://www.familysearch.org/ark:/61903/3:1:3QS7-L9QM-K2GB?i=26&cc=1985804&wc=M6Z9-X29%3A264175701%2C264722601%2C265448001
785,,s.,Stalineşti,Сталинешть,,22-23,22,23,,,,,30,https://www.familysearch.org/ark:/61903/3:1:3QS7-89QM-KLZ7?i=29&cc=1985804&wc=M6Z9-X29%3A264175701%2C264722601%2C265448001
785,,s.,Tulbureni,Тулбурень,,24-25,24,25,,,,,33,https://www.familysearch.org/ark:/61903/3:1:3QS7-L9QM-K2V8?i=32&cc=1985804&wc=M6Z9-X29%3A264175701%2C264722601%2C265448001
785,,s.,Tîrnova,Тырново,,26-29,26,29,,,,,36,https://www.familysearch.org/ark:/61903/3:1:3QS7-L9QM-K2NF?i=35&cc=1985804&wc=M6Z9-X29%3A264175701%2C264722601%2C265448001
785,,s.,Şirăuţii de Sus,Ширэуций-де-Сус,,30-31,30,31,,,,,40,https://www.familysearch.org/ark:/61903/3:1:3QSQ-G9QM-KLQY?i=39&cc=1985804&wc=M6Z9-X29%3A264175701%2C264722601%2C265448001
786,,or.,Hotin,Хотин,,1-100,1,100,,,,,6,https://www.familysearch.org/ark:/61903/3:1:3QSQ-G9QM-KLML?i=5&cc=1985804&wc=M6Z9-D66%3A264175701%2C264722601%2C265449801
787,I,or.,Hotin,Хотин,,1-128,1,128,,,,,,
787,II,or.,Hotin,Хотин,,129-255,129,255,,,,,,
789,,col.,Mărculeşti,Мэркулешть,,1-22,1,22,,,,,,
790,,or.,Hotin,Хотин,,1-16,1,16,,,,,2,https://www.familysearch.org/ark:/61903/3:1:3QS7-89QM-FGMC?i=1&cc=1985804&wc=M6Z9-D6X%3A264175701%2C264722601%2C265450301
790,,s.,Bîrlădeni,Бырлэдень,,17-19,17,19,,,,,23,https://www.familysearch.org/ark:/61903/3:1:3QSQ-G9QM-FGWK?i=22&cc=1985804&wc=M6Z9-D6X%3A264175701%2C264722601%2C265450301
790,,tîrgul,Briceni,Бричаны,,20-23,20,23,,,,,28,https://www.familysearch.org/ark:/61903/3:1:3QS7-L9QM-FGQ4?i=27&cc=1985804&wc=M6Z9-D6X%3A264175701%2C264722601%2C265450301
790,,s.,Buzoviţa,Бузовица,,24-25,24,25,,,,,34,https://www.familysearch.org/ark:/61903/3:1:3QSQ-G9QM-FG3D?i=33&cc=1985804&wc=M6Z9-D6X%3A264175701%2C264722601%2C265450301
790,,s.,Gordineşti,Гординешть,,26-27,26,27,,,,,36,https://www.familysearch.org/ark:/61903/3:1:3QS7-99QM-FLY4?i=35&cc=1985804&wc=M6Z9-D6X%3A264175701%2C264722601%2C265450301
790,,s.,Comarova,Комарова,,28-29,28,29,,,,,39,https://www.familysearch.org/ark:/61903/3:1:3QSQ-G9QM-FGQ3?i=38&cc=1985804&wc=M6Z9-D6X%3A264175701%2C264722601%2C265450301
790,,s.,Lomacinţi,Ломачинць,,30-31,30,31,,,,,42,https://www.familysearch.org/ark:/61903/3:1:3QS7-L9QM-FLB1?i=41&cc=1985804&wc=M6Z9-D6X%3A264175701%2C264722601%2C265450301
790,,s.,Mihalcova,Михалкова,,32-33,32,33,,,,,44,https://www.familysearch.org/ark:/61903/3:1:3QS7-99QM-FL1X?i=43&cc=1985804&wc=M6Z9-D6X%3A264175701%2C264722601%2C265450301
790,,s.,Ojeva,Ожева,,34-36,34,36,,,,,47,https://www.familysearch.org/ark:/61903/3:1:3QS7-89QM-FLY7?i=46&cc=1985804&wc=M6Z9-D6X%3A264175701%2C264722601%2C265450301
790,,s.,Perebicăuţi,Перебыковцы,,37-38,37,38,,,,,50,https://www.familysearch.org/ark:/61903/3:1:3QS7-89QM-FLRB?i=49&cc=1985804&wc=M6Z9-D6X%3A264175701%2C264722601%2C265450301
790,,s.,Prihorodoc,Прихородок,,39-40,39,40,,,,,53,https://www.familysearch.org/ark:/61903/3:1:3QSQ-G9QM-FGSY?i=52&cc=1985804&wc=M6Z9-D6X%3A264175701%2C264722601%2C265450301
790,,s.,Rjavinţi,Ржавинць,,41,41,41,,,,,,
790,,s.,Rotunda,Ротунда,,42-43,42,43,,,,,57,https://www.familysearch.org/ark:/61903/3:1:3QSQ-G9QM-FG7G?i=56&cc=1985804&wc=M6Z9-D6X%3A264175701%2C264722601%2C265450301
790,,s.,Rucşin,Рукшин,,44-46,44,46,,,,,59,https://www.familysearch.org/ark:/61903/3:1:3QS7-L9QM-FGQQ?i=58&cc=1985804&wc=M6Z9-D6X%3A264175701%2C264722601%2C265450301
790,,s.,Selişte,Селиште,,47-48,47,48,,,,,63,https://www.familysearch.org/ark:/61903/3:1:3QSQ-G9QM-FGWH?i=62&cc=1985804&wc=M6Z9-D6X%3A264175701%2C264722601%2C265450301
790,,s.,Stăuceni,Стэучень,,49-52,49,52,,,,,65,https://www.familysearch.org/ark:/61903/3:1:3QSQ-G9QM-FGQV?i=64&cc=1985804&wc=M6Z9-D6X%3A264175701%2C264722601%2C265450301
790,,s.,Tîrnova,Тырново,,53-54,53,54,,,,,70,https://www.familysearch.org/ark:/61903/3:1:3QSQ-G9QM-FG3H?i=69&cc=1985804&wc=M6Z9-D6X%3A264175701%2C264722601%2C265450301
790,,s.,Şebutinţi,Шебутинцы,,55-56,55,56,,,,,73,https://www.familysearch.org/ark:/61903/3:1:3QS7-89QM-FLRZ?i=72&cc=1985804&wc=M6Z9-D6X%3A264175701%2C264722601%2C265450301
790,,s.,Şendreni,Шендрены,,57-58,57,58,,,,,75,https://www.familysearch.org/ark:/61903/3:1:3QS7-99QM-FLRF?i=74&cc=1985804&wc=M6Z9-D6X%3A264175701%2C264722601%2C265450301
791,,satul,Percăuţi,Перкауцы,,1-24v,1,24,,,,,,
792,,s.,Alcedar,Алчедар,,1-20v,1,20,,,,,,
792,,s.,Zubreşti,Зубрешты,,21-92,21,92,,,,,,
792,,s.,Oxentea,Оксентя,,93-115,93,115,,,,,,
793,,s.,Belousovca,Белоусовка,,1-31,1,31,,,,,,
793,,s.,Teţcani,Тецканы,,32-73,32,73,,,,,,
793,,s.,Feteşti,Фетешты,,74-105,74,105,,,,,,
793,,s.,Halahoreni,Халахорень,,106-121,106,121,,,,,,
794,I,s.,Stoicani,Стойкань,,1-12,1,12,,,,,,
794,I,s.,Slobozia Ţîpordei,Слобозия-Цыпордей,,13-23,13,23,,,,,,
794,I,s.,Slobozia Cuşelăuca,Слобозия Кушелэука,,24-26,24,26,,,,,,
794,I,s.,Soloneţ (Pol-Ciripcău),Солонец (Пол-Чирипкэу),,27-28,27,28,,,,,,
794,I,s.,Sevirova,Севирова,,29-33,29,33,,,,,,
794,I,s.,Sînger,Сынджер,,34-45,34,45,,,,,,
794,I,s.,Stîrceni,Стырчень,,46-52,46,52,,,,,,
794,I,s.,Sculeni,Скуляны,,53-54,53,54,,,,,,
794,,tîrgul,Făleşti,Фалешты,,55,55,55,,,,,,
794,I,s.,Scăieni,Скэены,,56-58,56,58,,,,,,
794,I,s.,Salcia,Сальча,,59-61,59,61,,,,,,
794,I,s.,Scumpia,Скумпия,,62-64v,62,64,,,,,,
794,I,tîrgul,Soroca,Сорока,,65-76,65,76,,,,,,
794,I,s.,Sineşti,Синешты,,77-98,77,98,,,,,,
794,I,s.,Strîmba,Стрымба,,99-102,99,102,,,,,,
794,II,s.,Stolniceni,Стольничень,,103-105,103,105,,,,,,
794,II,s.,Todireşti,Тодирешты,,106-108,106,108,,,,,,
794,II,s.,Tîrnova,Тырново,,109-110,109,110,,,,,,
794,II,s.,Tîrşiţei,Тыршицей,,111-119,111,119,,,,,,
794,II,s.,Temeleuţi,Темелеуць,,120-122,120,122,,,,,,
794,II,s.,Tomeşti,Томешты,,123-125,123,125,,,,,,
794,II,s.,Tomeştii Vechi,Томештий Вехь,,126-127,126,127,,,,,,
794,II,s.,Tomeşti Răzeşi,Томешты Рэзешь,,128-134,128,134,,,,,,
794,II,s.,Tomeştii Vechi,Томештий Вехь,,135-137,135,137,,,,,,
794,II,s.,Teşcureni,Тешкурень,,138-140,138,140,,,,,,
794,II,s.,Trifăneşti,Трифэнешты,,141-142v,141,142,,,,,,
794,II,tîrgul,Teleneşti,Теленешть,,143-154v,143,154,,,,,,
794,II,s.,Unţeşti,Унцешты,,155-165,155,165,,,,,,
794,,s.,Frumuşica,Фрумушица,,165a-167,165,167,,,,,,
794,II,s.,Floreşti,Флорешты,,168-177,168,177,,,,,,
794,II,s.,Frasin,Фрасин,,178-179,178,179,,,,,,
794,II,tîrgul,Făleşti,Фалешты,,180-205v,180,205,,,,,,
795,,or.,Leova,Леово,,1-88,1,88,,,,,,
796,,or.,Bălţi,Бельцы,,1-105,1,105,,,,,,
796,II,or.,Bălţi,Бельцы,,106-218,106,218,,,,,,
797,,s.,Chetrosu,Кетросу,,1-4,1,4,,,,,,
797,,s.,Hăsnăşeni,Хэснэшень,,5-7,5,7,,,,,,
798,,tîrgul,Făleşti,Фалешты,,1-4,1,4,,,,,,
798,,s.,Hristici,Христичи,,6-8,6,8,,,,,,
798,,s.,Ţepilova,Цепилова,,9-14,9,14,,,,,,
798,,s.,Ţîpleşti,Циплешты,,15-16v,15,16,,,,,,
798,,s.,Ciripcău,Чирипкэу,,17-18,17,18,,,,,,
798,,s.,Ciuciuieni,Чучуиень,,19-20,19,20,,,,,,
798,,s.,Cerniţa,Черница,,21-23,21,23,,,,,,
798,,s.,Ciutuleşti,Чутулешты,,24-27,24,27,,,,,,
798,,s.,Cerlina,Черлина,,28-37,28,37,,,,,,
798,,s.,Odaia Ciuciuieni,Одая-Чучуень,,39-40,39,40,,,,,,
798,,s.,Şeptelici,Шептеличи,,41-44,41,44,,,,,,
798,,s.,Şestaci,Шестачи,,45-66,45,66,,,,,,
798,,s.,Şolcani,Шолканы,,67-70,67,70,,,,,,
799,,s.,Şoltoaia,Шолтоая,,1-5v,1,5,,,,,,
799,,s.,Şofrăncani,Шофрэнканы,,6-7,6,7,,,,,,
800,,s.,Bulboci,Булбочь,,1-4,1,4,,,,,,
800,,s.,Gura Căinarului,Гура-Кэинарулуй,,5-6,5,6,,,,,,
801,,s.,Prajila de Jos,Пражила-де-Жос,,1-3,1,3,,,,,,
801,,s.,Parcani,Парканы,,4-9,4,9,,,,,,
801,,s.,Pîrjota,Пыржота,,10-11,10,11,,,,,,
801,,s.,Prajila,Пражила,,12-16,12,16,,,,,,
801,,s.,Recea,Речя,,17-22,17,22,,,,,,
801,,s.,Racovăţ,Раковэц,,23-25,23,25,,,,,,
801,,s.,Răzălăi,Рэзэлэй,,26-29v,26,29,,,,,,
801,,s.,Rădoaia,Рэдоая,,30-32,30,32,,,,,,
801,,s.,Răduleni,Рэдулень,,33-39,33,39,,,,,,
801,,s.,Roşietici,Рошиетичь,,40-43v,40,43,,,,,,
802,,s.,Măgura,Мэгура,,1-6,1,6,,,,,,
802,,s.,Măgurele,Мэгуреле,,7-15,7,15,,,,,,
802,,s.,Măcăreuca,Мэкэреука,,16-17v,16,17,,,,,,
802,,s.,Mîndîc,Мындык,,18-23,18,23,,,,,,
802,,s.,Mănoileşti,Мэноилешть,,24-30,24,30,,,,,,
802,,s.,Mîndreşti,Мындрешть,,31-33,31,33,,,,,,
802,,s.,Mînzăteşti,Мынзэтешть,,34-41,34,41,,,,,,
802,,s.,Mălăieşti,Мэлэешть,,42-47v,42,47,,,,,,
802,,s.,Nimeruca,Нимерука,,48-55,48,55,,,,,,
802,,cătunul,Nicoreni,Никорены,,56-63,56,63,,,,,,
802,,s.,Namalova (Bursuc),Бурсук,,64-67,64,67,,,,,,
802,,s.,Năvîrneţ,Навырнец,,68-74,68,74,,,,,,
802,,s.,Năpădeni,Напэдены,,75-79,75,79,,,,,,
802,,s.,Negureni,Негурень,,80-82,80,82,,,,,,
802,,s.,Ocolina,Околина,,83-84,83,84,,,,,,
802,,s.,Ordăşei,Ордэшей,,85-87,85,87,,,,,,
802,,s.,Oclanda,Окланда,,88-90,88,90,,,,,,
802,,s.,Putineşti,Путинешты,,91-96,91,96,,,,,,
802,,s.,Pîrliţa,Пырлица,,97-99,97,99,,,,,,
802,,s.,Pohoarna Serghie,Погоарна Сергие,,100-103,100,103,,,,,,
802,,s.,Pelinia,Пелиния,,104-107,104,107,,,,,,
802,,s.,Petruşeni,Петрушены,,108-111,108,111,,,,,,
802,,s.,Pînzăreni,Пынзэрень,,112-118v,112,118,,,,,,
803,,s.,Cureşniţa,Курешница,,1-8,1,8,,,,,,
803,,s.,Coşerniţa,Кошерница,,9-10,9,10,,,,,,
803,,s.,Corlăteni (Strîmba),Корлэтень (Стрымба),,11-15,11,15,,,,,,
803,,s.,Cotova,Котова,,16-21,16,21,,,,,,
803,,s.,Cotiujenii Mari,Котюжений Марь,,22-46,22,46,,,,,,
803,,s.,Corneşti,Корнешть,,47-52,47,52,,,,,,
803,,s.,Cîrpiţi,Кырпицы,,53-54,53,54,,,,,,
803,,s.,Cobani,Кобань,,55-57,55,57,,,,,,
803,,s.,Copăceni,Копэчень,,58-60,58,60,,,,,,
803,,s.,Copîceanca (Rîşcani),Копычанка (Рышкань),,61-63,61,63,,,,,,
803,,s.,Cucioaia,Кучоая,,64-69,64,69,,,,,,
803,,s.,Cuzmeni,Кузмень,,70-73,70,73,,,,,,
803,,s.,Cobîlca Nouă,Кобылка Новая,,74-77,74,77,,,,,,
803,,s.,Cuhurştii de Jos,Кухурештий де Жос,,78-79,78,79,,,,,,
803,,s.,Coşcodeni,Кошкодены,,80-82,80,82,,,,,,
803,,s.,Cuşmirca,Кушмирка,,83-90,83,90,,,,,,
804,,or.,Bălţi,Бельцы,,1-39,1,39,,,,,,
805,I,s.,Hăsnăşeni,Хэснэшень,,1-3v,1,3,,,,,,
805,I,s.,Balatina,Балатина,,4-10,4,10,,,,,,
805,I,s.,Bogheni,Богень,,11-19,11,19,,,,,,
805,I,s.,Buteşti Velicico,Бутешты Величико,,20-28,20,28,,,,,,
805,I,s.,Ruteşti Stavro,Рутешть Ставро,,29-41,29,41,,,,,,
805,I,s.,Bădiceni,Бэдичень,,42-51v,42,51,,,,,,
805,I,s.,Bulboci Alboti,Булбочь Албоцы,,52-55,52,55,,,,,,
805,I,s.,Bisericani,Бисериканы,,56-66,56,66,,,,,,
805,I,s.,Bujerovca,Бужеровка,,67-68,67,68,,,,,,
805,I,s.,Buteşti,Бутешты,,69-74,69,74,,,,,,
805,I,s.,Biliceni,Биличены,,75-78v,75,78,,,,,,
805,I,s.,Băxani,Бэксань,,79-90,79,90,,,,,,
805,I,s.,Bocşa,Бокша,,91-97,91,97,,,,,,
805,I,s.,Vasilcău,Василкэу,,98-101,98,101,,,,,,
805,I,s.,Vadul Ţîrii de Jos,Вадул Цырий де Жос,,102-108v,102,108,,,,,,
805,II,s.,Vrăneşti,Врэнешты,,109-115,109,115,,,,,,
805,II,s.,Vasileuţi,Василеуць,,116-119,116,119,,,,,,
805,II,s.,Gvozdova,Гвоздова,,120-122,120,122,,,,,,
805,II,tîrgul,Vadul-Raşcov,Вадул-Рашков,,123-128,123,128,,,,,,
805,II,s.,Vădeni,Вэдены,,129-132v,129,132,,,,,,
805,II,s.,Voloviţa,Воловица,,133-136v,133,136,,,,,,
805,II,s.,Voloave,Волоаве,,137-141,137,141,,,,,,
805,II,s.,Valea Rusului,Валя-Русулуй,,142-145,142,145,,,,,,
805,II,s.,Verejeni,Вережень,,146-156v,146,156,,,,,,
805,II,s.,Glodeni,Глодень,,157-160,157,160,,,,,,
805,II,s.,Hăreşti,Хэрешты,,161-171,161,171,,,,,,
805,II,s.,Hărceşti,Хэрчешты,,172-181,172,181,,,,,,
805,II,s.,Gălăşeni,Гэлэшень,,182-185,182,185,,,,,,
805,II,s.,Glingeni,Глинджень,,186-187,186,187,,,,,,
805,II,s.,Holoşniţa,Холошница,,188-194,188,194,,,,,,
805,II,s.,Heciul Vechi,Хециул-Векь,,195-197,195,197,,,,,,
805,II,s.,Heciul Nou,Хециул-Ноу,,198-206,198,206,,,,,,
805,II,s.,Gherman,Герман,,207-212,207,212,,,,,,
806,,s.,Blescenăuţi,Блещенэуць,,1-3,1,3,,,,,,
806,,s.s.,Vulpeşti şi Mănoileşti,Вулпешты ши Мэнойлешты,,4-7,4,7,,,,,,
806,,moşia,Măgura,Мэгура,,8-14,8,14,,,,,,
806,,s.,Mirceşti,Мирчешть,,15-25,15,25,,,,,,
806,,s.,Obreja,Обря,,26-31,26,31,,,,,,
806,,s.,Pînzăreni,Пынзэрень,,32-47,32,47,,,,,,
806,,s.s.,"Pîrjota, Bahmut, Işcaleu","Пыржота, Бахмут, Ишкалеу",,48-52,48,52,,,,,,
806,,s.,Sîngerei,Сынджерей,,53-72,53,72,,,,,,
806,,s.,Funduri şi Pol-Limbeni,Фундурь и Пол-Лимбень,,73-83,73,83,,,,,,
806,,s.,Ciuciuieni,Чучуиень,,84-86,84,86,,,,,,
806,,s.,Iabloana,Яблоана,,87-88,87,88,,,,,,
807,,s.,Buciumeni,Бучумены,,1-14,1,14,,,,,,
807,,s.,Glodeni,Глодень,,15-30,15,30,,,,,,
807,,s.,Stîncăuţi,Стынкэуць,,31-34,31,34,,,,,,
808,,s.,Balatina,Балатина,,1-3,1,3,,,,,,
808,,s.,Borosenii Vechi,Боросений Векь,,4-7,4,7,,,,,,
809,,col.,Alexăndreni,Александрены,,1-14,1,14,,,,,,
809,,or.,Bălţi,Бельцы,,15-16,15,16,,,,,,
809,,s.,Balatina,Балатина,,17-19,17,19,,,,,,
809,,s.,Buteşti Velicico,Бутешты Величико,,20-21,20,21,,,,,,
809,,s.,Duruitoarea,Друитоаря,,22-23,22,23,,,,,,
809,,s.,Năvîrneţ,Навырнец,,24-25,24,25,,,,,,
809,,tîrgul,Sculeni,Скуляны,,26-28,26,28,,,,,,
809,,tîrgul,Făleşti,Фалешты,,29-40,29,40,,,,,,
810,,or.,Bălţi,Бельцы,,1-121,1,121,,,,,,
811,,or.,Bălţi,Бельцы,,1-36,1,36,,,,,,
812,,col.,Valea lui Vlad,Валя-луй-Влад,,1-18,1,18,,,,,,
813,,col.,Valea lui Vlad,Валя-луй-Влад,,1-8,1,8,,,,,,
813,,s.,Heciul Nou,Хециул-Ноу,,9-10,9,10,,,,,,
813,,s.,Zăhăicani,Захайкани,,11-12,11,12,,,,,,
813,,s.,Risipeni,Рисипень,,13-14,13,14,,,,,,
813,,s.,Ciolacovca,Чолаковка,,15-16,15,16,,,,,,
814,,s.,Tiurt,Тюрт,,None,,,,,,,,
814,,s.,Tescureni,Тешкурень,,None,,,,,,,,
814,,s.,Unţeşti,Унцешты,,None,,,,,,,,
814,,tîrgul,Făleşti,Фалешты,,None,,,,,,,,
815,I,tîrgul,Făleşti,Фалешты,,1-69v,1,69,,,,,,
815,I,s.,Flămînzeni,Флэмынзень,,70-104v,70,104,,,,,,
815,I,s.,Fîntîna Nouă,Фынтына Ноуэ,,107-142,107,142,,,,,,
815,I,s.,Fîntîna Albă,Фынтына Албэ,,143-176,143,176,,,,,,
815,II,s.,Floriţoaia,Флорицоая,,177-188,177,188,,,,,,
815,II,s.,Floreşti,Флорешты,,189-211,189,211,,,,,,
815,II,s.,Funduri,Фундурь,,212-250,212,250,,,,,,
815,II,s.,Floceni,Флочень,,251-257,251,257,,,,,,
815,II,s.,Hincăuţi,Хинкэуць,,258-268,258,268,,,,,,
815,II,s.,Hiliuţi,Хилюць,,269-320,269,320,,,,,,
815,II,s.,Ţîpleteşti,Циплетешты,,321-336,321,336,,,,,,
815,III,s.,Ciuciulea,Чучулея,,337-391,337,391,,,,,,
815,III,s.,Cioropcani,Чоропкань,,392-410,392,410,,,,,,
815,III,s.,Ciolacovca,Чолаковка,,412-487,412,487,,,,,,
815,IV,s.,Ciuciuieni,Чучуиень,,489-521,489,521,,,,,,
815,IV,s.,Cetireni,Четиряны,,523-578,523,578,,,,,,
815,IV,s.,Ciulucani,Чулуканы,,579-608,579,608,,,,,,
815,IV,s.,Şofrîncani Ciolacu (Şofrîcanii Noi),Шофрынканы Чолаку (Шофрыканий Ной),,610-630,610,630,,,,,,
815,V,s.,Şoltoaia,Шолтоая,,610-630,610,630,,,,,,
815,V,s.,Şofrîncani Radovici,Шофрынканы Радович,,631-639,631,639,,,,,,
815,V,s.,Şofrîncani,Шофрынканы,,640-650,640,650,,,,,,
815,V,s.,Şofrîcani Ciolacu (Şofrîcanii Noi),Шофрыканы Чолаку (Шофрыканий Ной),,651-672,651,672,,,,,,
815,V,s.,Şerbaca,Щербака,,673-684,673,684,,,,,,
815,V,s.,Iabloana,Яблоана,,685-701,685,701,,,,,,
815,,s.,Tiurta,Тюрта,,701a-707,701,707,,,,,,
815,V,s.,Teşcureni,Тешкурень,,708-729,708,729,,,,,,
816,,tîrgul,Făleşti,Фалешты,,1-124,1,124,,,,,,
818,I,s.,Aluniş,Алуниш,,1-4,1,4,,,,,,
818,I,s.,Blescenăuţi,Блещенэуць,,5-8,5,8,,,,,,
818,I,or.,Bălţi,Бельцы,,9-104,9,104,,,,,,
818,I,s.,Slobozia Bălţilor,Слобозия Бэлцилор,,105-108,105,108,,,,,,
818,I,or.,Bălţi,Бельцы,,109-152,109,152,,,,,,
818,I,s.,Beşeni,Бешены,,153-157,153,157,,,,,,
818,I,s.,Borosenii Noi,Боросений Ной,,158-160,158,160,,,,,,
818,II,s.,Borosenii Vechi,Боросений Векь,,162-165,162,165,,,,,,
818,II,s.,Brătuşeni,Брэтушены,,166-169,166,169,,,,,,
818,,moşia,Pol-Brînzeni,Пол-Брынзены,,170-173,170,173,,,,,,
818,II,s.,Briceni,Бричаны,,174-176,174,176,,,,,,
818,II,s.,Bursuceni,Бурсучень,,177-183,177,183,,,,,,
818,II,s.,Buciumeni,Бучумены,,184-192,184,192,,,,,,
818,II,s.,Vulpeşti,Вулпешты,,193-196,193,196,,,,,,
818,II,s.,Văratic,Вэратик,,197-200,197,200,,,,,,
818,II,s.,Valea Mare,Валя-Маре,,201-203,201,203,,,,,,
818,II,s.,Hîrceşti,Хырчешты,,204-217,204,217,,,,,,
818,II,s.,Găleşti,Гэлешть,,218-226,218,226,,,,,,
818,II,s.,Horodişte,Городище,,227-237,227,237,,,,,,
818,II,s.,Groseni,Гросень,,238-241,238,241,,,,,,
818,II,s.,Danu,Дану,,242-245,242,245,,,,,,
818,II,s.,Dămăşcani,Дэмэшкань,,246-249,246,249,,,,,,
818,II,s.,Dumbrăviţa,Думбравица,,250-253,250,253,,,,,,
818,II,s.,Zgărdeşti,Згардешты,,254-258,254,258,,,,,,
818,II,s.,Izvoare,Извоаре,,259-262,259,262,,,,,,
818,II,s.,Corpaci,Корпач,,263-266,263,266,,,,,,
818,II,s.,Cozeşti,Козешты,,267-272,267,272,,,,,,
818,II,s.,Copăceni,Копэчень,,273-275,273,275,,,,,,
818,II,s.,Costeşti,Костешть,,276-280,276,280,,,,,,
818,II,s.,Corneşti,Корнешть,,281-288,281,288,,,,,,
818,II,s.,Coşeni,Кошены,,289-294,289,294,,,,,,
818,II,s.,Cucioaia,Кучоая,,295-298,295,298,,,,,,
818,II,s.,Leordoaia,Леордоая,,299-302,299,302,,,,,,
818,II,s.,Leonardovca,Леонардовка,,303-306,303,306,,,,,,
818,II,s.,Măgura,Мэгура,,307-309,307,309,,,,,,
818,II,s.,Mirceşti,Мирчешть,,310-313,310,313,,,,,,
818,II,s.,Năpădeni,Напэдены,,314-325,314,325,,,,,,
818,III,s.,Obreja,Обря,,326-329,326,329,,,,,,
818,III,s.,Pociumbeni,Почумбены,,330-333,330,333,,,,,,
818,III,s.,Dămăşcani,Дэмэшкань,,334-337,334,337,,,,,,
818,III,s.,Recea,Речя,,338-349,338,349,,,,,,
818,III,s.,Rădeni,Рэдень,,350-361,350,361,,,,,,
818,III,s.,Stînjineni,Стынжинень,,362-371,362,371,,,,,,
818,III,tîrgul,Sculeni,Скуляны,,372-392,372,392,,,,,,
818,III,s.,Sineşti,Синешты,,393-395,393,395,,,,,,
818,III,s.,Scumpia,Скумпия,,396-404,396,404,,,,,,
818,III,s.,Tacsobeni,Таксобень,,405-406,405,406,,,,,,
818,III,s.,Unteni,Унтень,,407-410,407,410,,,,,,
818,III,tîrgul,Făleşti,Фалешты,,411-419,411,419,,,,,,
818,III,s.,Funduri,Фундурь,,420-424,420,424,,,,,,
818,III,s.,Floreşti,Флорешты,,425-428,425,428,,,,,,
818,III,s.,Frumuşica,Фрумушица,,429-434,429,434,,,,,,
818,III,s.,Ciuciulea,Чучулея,,435-438,435,438,,,,,,
818,III,s.,Ciuciuieni,Чучуиень,,439-442,439,442,,,,,,
818,III,s.,Şestaci,Шестачи,,443-448,443,448,,,,,,
818,III,s.,Şofrîncani,Шофрынканы,,449-453,449,453,,,,,,
818,III,s.,Iugani,Юганы,,454-457,454,457,,,,,,
818,III,s.,Pol-Iabloana,Пол-Яблоана,,458-461,458,461,,,,,,
818,III,s.,Pereni (Brînzeni),Перень (Брынзень),,462-465,462,465,,,,,,
819,,or.,Bălţi,Бельцы,,1-65,1,65,,,,,,
819,,tîrgul,Sculeni,Скуляны,,66-111,66,111,,,,,,
820,I,s.,Valea Rusului,Валя-Русулуй,,1-26,1,26,,,,,,
820,I,s.,Vulpeşti,Вулпешты,,27-48,27,48,,,,,,
820,I,s.,Vrăneşti,Врэнешты,,49-73,49,73,,,,,,
820,I,s.,Valea Mare,Валя-Маре,,74-80,74,80,,,,,,
820,I,s.,Volodeni,Володены,,81-100,81,100,,,,,,
820,I,s.,Văratic,Вэратик,,101-149,101,149,,,,,,
820,II,s.,Vasileuţi Spiridon,Василеуць Спиридон,,150-163,150,163,,,,,,
820,II,s.,Vasileuţi Mitropolie,Василеуць Митрополие,,164-178,164,178,,,,,,
820,II,s.,Heciul Nou,Хециул-Ноу,,179-263,179,263,,,,,,
820,II,s.,Heciul Vechi,Хециул-Векь,,264-284,264,284,,,,,,
820,II,s.,Horodişte,Городище,,285-300,285,300,,,,,,
820,III,s.,Gălăşeni,Гэлэшень,,301-354,301,354,,,,,,
820,III,s.,Hăreşti,Хэрешты,,355-381,355,381,,,,,,
820,III,s.,Glingeni,Глинджень,,382-461,382,461,,,,,,
820,,s.,Heciul Vechi,Хециул-Векь,,462,462,462,,,,,,
820,III,s.,Hînceşti,Хынчешты,,463-498,463,498,,,,,,
820,III,s.,Groseni,Гросень,,499-513,499,513,,,,,,
820,III,s.,Glodeni,Глодень,,515-570,515,570,,,,,,
820,III,s.,Ghiliceni,Гилиčень,,571-603,571,603,,,,,,
820,V,s.,Gherman,Герман,,604-625,604,625,,,,,,
820,V,s.,Slobozia Galat (Călugăr),Слобозия Галаць (Кэлугэр),,626-644,626,644,,,,,,
820,V,s.,Hîrceşti,Хырчешты,,645-695,645,695,,,,,,
821,I,s.,Petruşeni,Петрушены,,1-49,1,49,,,,,,
821,I,s.,Parcova,Парково,,50-111,50,111,,,,,,
821,I,s.,Poporniţa,Попорница,,112-126,112,126,,,,,,
821,I,s.,Pociumbeni,Почумбены,,127-150,127,150,,,,,,
821,II,s.,Prajila de Jos,Пражила-де-Жос,,151-169,151,169,,,,,,
821,II,s.,Pelinia,Пелиния,,170-236,170,236,,,,,,
821,II,s.,Pîrjota,Пыржота,,237-266,237,266,,,,,,
821,II,s.,Chetrosu,Кетросу,,267-294v,267,294,,,,,,
821,II,s.,Pîntăreni,Пынтэрены,,295-329,295,329,,,,,,
821,III,s.,Proscureni,Проскурены,,330-354,330,354,,,,,,
821,III,s.,Porciuleanca,Порчуленка,,355-380,355,380,,,,,,
821,III,s.,Pociumbăuţi,Почумбэуць,,381-405,381,405,,,,,,
821,III,s.,Bichir Pocimbăuţi,Бикир-Почимбэуць,,406-414,406,414,,,,,,
821,III,s.,Pîrliţa,Пырлица,,415-490,415,490,,,,,,
821,IV,s.,Petreşti,Петрешты,,491-539,491,539,,,,,,
821,IV,s.,Rădoaia,Рэдоая,,540-575,540,575,,,,,,
821,IV,s.,Răcăria,Рэкэрия,,576-607,576,607,,,,,,
821,IV,s.,Risipeni,Рисипень,,608-631,608,631,,,,,,
821,IV,s.,Rădeni,Рэдень,,632-680,632,680,,,,,,
821,IV,s.,Recea,Речя,,681-732,681,732,,,,,,
823,,s.,Coşcalia,Кошкалия,,1-4,1,4,,,,,,
823,,s.,Cobusca Veche,Кобуска Веке,,5-8v,5,8,,,,,,
823,,s.,Cobusca Nouă,Кобуска Ноуэ,,9-12,9,12,,,,,,
823,,s.,Cobusca Mică,Кобуска Микэ,,13-19,13,19,,,,,,
823,,s.,Cobusca Nouă,Кобуска Ноуэ,,20-23,20,23,,,,,,
823,,s.,Cărbuna,Кэрбуна,,24-26,24,26,,,,,,
823,,s.,Puhoi,Пугой,,27-32,27,32,,,,,,
824,,satul,Gura Galbenei,Гура-Галбеней,,1-84,1,84,,,,,,
825,,or.,Hotin,Хотин,,1-120,1,120,,,,,3,https://www.familysearch.org/ark:/61903/3:1:3QS7-99QM-2X1C?i=2&cc=1985804&wc=M6ZM-429%3A264175701%2C264722601%2C265260601
826,I,s.,Troiţcoe,Троицкое,,1-2,1,2,,,,,,
826,I,or.,Chişinău,Кишинёв,,3-150,3,150,,,,,,
826,II,or.,Chişinău,Кишинёв,,151-288,151,288,,,,,,
826,,s.,Bardar,Бардар,,289,289,289,,,,,,
826,II,s.,Bălăueşti,Бэлэуешть,,290-293,290,293,,,,,,
826,II,s.,Bălăneşti,Бэлэнешть,,294-295,294,295,,,,,,
826,II,s.,Boldureşti,Болдурешть,,296-298,296,298,,,,,,
826,II,s.,Bubuieci,Бубуечи,,299-301,299,301,,,,,,
826,II,s.,Budeşti,Будешты,,302-303,302,303,,,,,,
826,II,s.,Băcşeni,Бэкшень,,304-306,304,306,,,,,,
826,II,s.,Vărzăreşti,Вэрзэрешты,,307-310,307,310,,,,,,
826,II,s.,Vadul lui Vodă,Вадул луй Водэ,,311-312,311,312,,,,,,
826,II,s.,Văsieni,Вэсиень,,313-314,313,314,,,,,,
826,II,tîrgul,Hînceşti,Хынчешты,,315-322,315,322,,,,,,
826,,s.,Costeşti,Костешть,,323,323,323,,,,,,
826,II,s.,Gîrlea,Гырля,,324-325,324,325,,,,,,
826,II,s.,Horodişte,Городище,,326-327,326,327,,,,,,
826,II,s.,Găureni,Гэурень,,328-351,328,351,,,,,,
826,II,s.,Dahnovici,Дахновичи,,352-353,352,353,,,,,,
826,II,s.,Drăguşenii Vechi,Драгушений Векь,,354-355,354,355,,,,,,
826,II,s.,Durleşti,Дурлешты,,356-357,356,357,,,,,,
826,II,s.,Slobozia Chicera,Слобозия Кичера,,358-363,358,363,,,,,,
826,II,s.,Costeşti,Костешть,,364-365,364,365,,,,,,
826,II,s.,Căpriana,Кэприана,,366-367,366,367,,,,,,
826,II,s.,Costuleni,Костулены,,368-370,368,370,,,,,,
826,II,s.,Cojuşna,Кожушна,,371-372,371,372,,,,,,
826,II,s.,Lăpuşna,Лапушна,,373-374,373,374,,,,,,
826,II,s.,Logăneşti,Логэнешть,,375-376,375,376,,,,,,
826,II,s.,Mereni,Мерень,,377-378,377,378,,,,,,
826,II,s.,Nisporeni,Ниспорены,,379-380,379,380,,,,,,
826,II,s.,Mereşeni,Мерешень,,381-384,381,384,,,,,,
826,II,s.,Micleuşeni,Миклеушень,,385-394,385,394,,,,,,
826,II,s.,Novaci,Новаки,,395-396,395,396,,,,,,
826,II,s.,Pulbereni,Пулберены,,397-406,397,406,,,,,,
826,II,s.,Paşcani,Пашканы,,407-408,407,408,,,,,,
826,II,s.,Pănăşeşti (Voloseni),Пэнэшешть (Волошень),,409-410,409,410,,,,,,
826,II,s.,Peticeni,Петичены,,411-426,411,426,,,,,,
826,II,s.,Recea,Речя,,427-428,427,428,,,,,,
826,II,s.,Sipoteni,Шипотены,,429-430,429,430,,,,,,
826,II,s.,Străşeni,Стрэшень,,431-432,431,432,,,,,,
826,II,s.,Temeleuţi,Темелеуць,,433-438,433,438,,,,,,
826,II,s.,Truşeni,Трушены,,439-440,439,440,,,,,,
826,II,s.,Malo-Tohatin,Мало-Тохатин,,441-442,441,442,,,,,,
826,II,s.,Fundul Galbenei,Фундул Галбеней,,443-444,443,444,,,,,,
826,II,s.,Fîrlădeni,Фырлэдень,,445-446,445,446,,,,,,
826,II,s.,Ţîpala,Цыпала,,447-448,447,448,,,,,,
826,II,s.,Ciopleni,Чоплень,,449-450,449,450,,,,,,
826,II,s.,Cimişeni,Чимишень,,451-452,451,452,,,,,,
826,II,s.,Iurceni,Юрчены,,453-454,453,454,,,,,,
826,II,s.,Ialoveni,Яловень,,455-456,455,456,,,,,,
826,II,or.,Orhei,Орхей,,457-458,457,458,,,,,,
827,,or.,"Chişinău,filele,…………………………1-",Кишинёв,,1-36v,1,36,,,,,,
827,,colonia,"Chiriet-Lunga,filele,…………………………1-",Кириет-Лунга,,1-36v,1,36,,,,,,
829,,s.,"Ustia,filele,…………………………1-",Устия,,1-36v,1,36,,,,,,
830,,col.,Alexăndreni,Александрены,,1-63,1,63,,,,,,
830,,col.,Valea lui Vlad,Валя-луй-Влад,,64-92,64,92,,,,,,
830,,col.,Lomacineţi,Ломачинець,,93-99v,93,99,,,,,,
831,I,or.,Chişinău,Кишинёв,,1-88,1,88,,,,,,
831,,judeţul,Orhei,Орхей,,89-115,89,115,,,,,,
831,II,judeţul,Orhei,Орхей,,116-236,116,236,,,,,,
831,III,judeţul,Orhei,Орхей,,237-416,237,416,,,,,,
832,,col.,Bolgrad,Болград,,1-2,1,2,,,,,,
832,,col.,Comrat,Комрат,,3-5,3,5,,,,,,
832,,col.,Cazaclia,Казаклия,,6-8,6,8,,,,,,
832,,col.,Tomai,Томай,,9-11,9,11,,,,,,
832,,col.,Taraclia,Тараклия,,12-14,12,14,,,,,,
833,,s.,Nădejdea,Надежда,,2-7,2,7,,,,,,
833,,s.,Răscăieţi,Раскаец,,8-9,8,9,,,,,,
834,,judeţul,Akkerman,Аккерман,,1-6,1,6,,,,,,
834,,judeţul,Bender,Бендеры,,7-10,7,10,,,,,,
834,,judeţul,Leova,Леово,,11-12,11,12,,,,,,
834,,or.,Ismail,Измаил,,13-17,13,17,,,,,,
834,,judeţul,Chişinău,Кишинёв,,18-24v,18,24,,,,,,
834,,judeţul,Orhei,Орхей,,25-63v,25,63,,,,,,
834,,col.,Bolgrad,Болград,,64,64,64,,,,,,
834,,judeţul,Leova,Леово,,78-89,78,89,,,,,,
834,,judeţul,Hotin,Хотин,,90-116,90,116,,,,,,
834,,judeţul,Iaşi,Яссы,,117-170,117,170,,,,,,
835,I,or.,Chişinău,Кишинёв,,1-142,1,142,,,,,,
835,II,or.,Chişinău,Кишинёв,,143-281,143,281,,,,,,
836,,tîrgul,Rezina,Резина,,1-19,1,19,,,,,,
837,,s.,Copăceni,Копэчень,,1-4,1,4,,,,,,
837,,s.,Prepeliţa,Препелица,,5-9,5,9,,,,,,
837,,s.,Pepeni,Пепень,,10-14,10,14,,,,,,
837,,s.,Brătuşeni,Брэтушены,,15-23,15,23,,,,,,
837,,s.,Beşeni,Бешены,,24-29,24,29,,,,,,
837,,s.,Balatina,Балатина,,30-33,30,33,,,,,,
837,,s.s.,Vulpeşti şi Mănoileşti,Вулпешты ши Мэнойлешты,,34-38,34,38,,,,,,
837,,s.,Gherman,Герман,,39-42,39,42,,,,,,
837,,s.,Gălăşeni,Гэлэшень,,43-45,43,45,,,,,,
837,,s.,Ghliceni,Глиčень,,46-48,46,48,,,,,,
837,,s.,Chşcăreni,Кшкэрень,,49-60,49,60,,,,,,
837,,s.,Copîceanca (Rîşcani),Копычанка (Рышкань),,61-64,61,64,,,,,,
837,,s.,Călineşti,Кэлинешты,,65-68,65,68,,,,,,
837,,s.,Cuhneşti,Кухнешты,,68a-74,68,74,,,,,,
837,,s.,Lucăceni,Лукэчень,,75-77,75,77,,,,,,
837,,s.,Limbenii Noi,Лимбений Ной,,78-82,78,82,,,,,,
837,,s.,Măgura,Мэгура,,83-85,83,85,,,,,,
837,,s.,Mirceşti,Мирчешть,,86-92,86,92,,,,,,
837,,s.,Năvîrneţ,Навырнец,,93-95,93,95,,,,,,
837,,s.,Pociumbeni,Почумбены,,96-100,96,100,,,,,,
837,,s.,Chetrosu,Кетросу,,101-105,101,105,,,,,,
837,,s.,Pîrjota şi Işcălău,Пыржота и Искэлэу,,106-110,106,110,,,,,,
837,,s.,Stîncăuţi,Стынкэуць,,111-114,111,114,,,,,,
837,,s.,Scumpia,Скумпия,,115-119,115,119,,,,,,
837,,s.,Unţeşti Carastachi,Унцешты Карастаки,,120-128,120,128,,,,,,
837,,s.,Floriţoaia,Флорицоая,,129-131,129,131,,,,,,
837,,s.,Pol-Brînzeni,Пол-Брынзены,,132-133,132,133,,,,,,
837,,s.,Volodeni,Володены,,134-135,134,135,,,,,,
838,,s.,Puhăceni,Пугэчены,,1-23,1,23,,,,,,
